<?xml version="1.0" encoding="utf-8"?>
<!-- Generated by PRONEXUS WORKS --><link:linkbase xmlns:link="http://www.xbrl.org/2003/linkbase" xmlns:xsi="http://www.w3.org/2001/XMLSchema-instance" xmlns:xbrli="http://www.xbrl.org/2003/instance" xmlns:xlink="http://www.w3.org/1999/xlink">  <link:labelLink xlink:type="extended" xlink:role="http://www.xbrl.org/2003/role/link">    <link:loc xlink:type="locator" xlink:href="tse-qcedjpfr-81670-2025-11-30-01-2026-01-14.xsd#tse-qcedjpfr-81670_SupermarketReportableSegmentsMember" xlink:label="SupermarketReportableSegmentsMember" />    <link:loc xlink:type="locator" xlink:href="tse-qcedjpfr-81670-2025-11-30-01-2026-01-14.xsd#tse-qcedjpfr-81670_OtherNetIOA" xlink:label="OtherNetIOA" />    <link:label xlink:type="resource" xlink:label="label_OtherNetIOA" xml:lang="ja" xlink:role="http://www.xbrl.org/2003/role/label" id="label_OtherNetIOA">その他（純額）</link:label>    <link:labelArc xlink:type="arc" xlink:arcrole="http://www.xbrl.org/2003/arcrole/concept-label" xlink:from="OtherNetIOA" xlink:to="label_OtherNetIOA" />    <link:label xlink:type="resource" xlink:label="label_OtherNetIOA_2" xml:lang="ja" xlink:role="http://www.xbrl.org/2003/role/verboseLabel" id="label_OtherNetIOA_2">その他（純額）、投資その他の資産</link:label>    <link:labelArc xlink:type="arc" xlink:arcrole="http://www.xbrl.org/2003/arcrole/concept-label" xlink:from="OtherNetIOA" xlink:to="label_OtherNetIOA_2" />    <link:label xlink:type="resource" xlink:label="label_SupermarketReportableSegmentsMember" xml:lang="ja" xlink:role="http://www.xbrl.org/2003/role/label" id="label_SupermarketReportableSegmentsMember">スーパーマーケット事業</link:label>    <link:labelArc xlink:type="arc" xlink:arcrole="http://www.xbrl.org/2003/arcrole/concept-label" xlink:from="SupermarketReportableSegmentsMember" xlink:to="label_SupermarketReportableSegmentsMember" />    <link:label xlink:type="resource" xlink:label="label_SupermarketReportableSegmentsMember_2" xml:lang="ja" xlink:role="http://www.xbrl.org/2003/role/verboseLabel" id="label_SupermarketReportableSegmentsMember_2">スーパーマーケット事業、報告セグメント [メンバー]</link:label>    <link:labelArc xlink:type="arc" xlink:arcrole="http://www.xbrl.org/2003/arcrole/concept-label" xlink:from="SupermarketReportableSegmentsMember" xlink:to="label_SupermarketReportableSegmentsMember_2" />  </link:labelLink></link:linkbase>