<?xml version="1.0" encoding="utf-8"?>
<manifest xmlns="http://disclosure.edinet-fsa.go.jp/2013/manifest">
  <tocComposition>
    <title xml:lang="ja">決算短信添付資料</title>
    <title xml:lang="en">Earnings digest attached document</title>
    <item ref="anedjpfr" extrole="http://www.xbrl.tdnet.info/jp/tse/tdnet/role/RoleAttachedDocument" in="presentation" />
  </tocComposition>
  <list>
    <instance id="anedjpfr" type="Attachment" preferredFilename="tse-anedjpfr-97200-2025-11-30-01-2026-01-13.xbrl">
      <ixbrl>0500000-anbs02-tse-anedjpfr-97200-2025-11-30-01-2026-01-13-ixbrl.htm</ixbrl>
      <ixbrl>0501000-anpl02-tse-anedjpfr-97200-2025-11-30-01-2026-01-13-ixbrl.htm</ixbrl>
      <ixbrl>0503000-anss02-tse-anedjpfr-97200-2025-11-30-01-2026-01-13-ixbrl.htm</ixbrl>
      <ixbrl>0504000-ancf02-tse-anedjpfr-97200-2025-11-30-01-2026-01-13-ixbrl.htm</ixbrl>
      <ixbrl>0600000-ansg02-tse-anedjpfr-97200-2025-11-30-01-2026-01-13-ixbrl.htm</ixbrl>
    </instance>
  </list>
</manifest>