﻿<?xml version="1.0" encoding="utf-8"?>
<!-- XBRL Document Created with WizLabo Platform -->
<link:linkbase xmlns:xlink="http://www.w3.org/1999/xlink" xmlns:xsi="http://www.w3.org/2001/XMLSchema-instance" xmlns:link="http://www.xbrl.org/2003/linkbase">
  <link:labelLink xlink:type="extended" xlink:role="http://www.xbrl.org/2003/role/link">
    <link:label xml:lang="en" xlink:type="resource" xlink:label="jppfs_cor_IncreaseDecreaseInContractLiabilitiesOpeCF_label" xlink:role="http://www.xbrl.org/2003/role/verboseLabel">Increase (decrease) in contract liabilities-OpeCF</link:label>
    <link:label xml:lang="en" xlink:type="resource" xlink:label="tse-anedjpfr-97200_HotelReportableSegmentsMember_label" xlink:role="http://www.xbrl.org/2003/role/label">Hotel</link:label>
    <link:label xml:lang="en" xlink:type="resource" xlink:label="tse-anedjpfr-97200_HotelReportableSegmentsMember_label_1" xlink:role="http://www.xbrl.org/2003/role/verboseLabel">Hotel, Reportable segments[member]</link:label>
    <link:label xml:lang="en" xlink:type="resource" xlink:label="tse-anedjpfr-97200_InterestSubsidiesReceivedOpeCF_label" xlink:role="http://www.xbrl.org/2003/role/label">Interest subsidies received</link:label>
    <link:label xml:lang="en" xlink:type="resource" xlink:label="tse-anedjpfr-97200_InterestSubsidiesReceivedOpeCF_label_1" xlink:role="http://www.xbrl.org/2003/role/verboseLabel">Interest subsidies received-OpeCF</link:label>
    <link:label xml:lang="en" xlink:type="resource" xlink:label="tse-anedjpfr-97200_InterestSubsidyNOI_label" xlink:role="http://www.xbrl.org/2003/role/label">Interest subsidy</link:label>
    <link:label xml:lang="en" xlink:type="resource" xlink:label="tse-anedjpfr-97200_InterestSubsidyNOI_label_1" xlink:role="http://www.xbrl.org/2003/role/verboseLabel">Interest subsidy-NOI</link:label>
    <link:label xml:lang="en" xlink:type="resource" xlink:label="tse-anedjpfr-97200_InterestSubsidyOpeCF_label" xlink:role="http://www.xbrl.org/2003/role/label">Interest subsidy</link:label>
    <link:label xml:lang="en" xlink:type="resource" xlink:label="tse-anedjpfr-97200_InterestSubsidyOpeCF_label_1" xlink:role="http://www.xbrl.org/2003/role/verboseLabel">Interest subsidy-OpeCF</link:label>
    <link:label xml:lang="en" xlink:type="resource" xlink:label="tse-anedjpfr-97200_LeaseAndGuaranteeDepositsIOA_label" xlink:role="http://www.xbrl.org/2003/role/label">Lease and guarantee deposits</link:label>
    <link:label xml:lang="en" xlink:type="resource" xlink:label="tse-anedjpfr-97200_LeaseAndGuaranteeDepositsIOA_label_1" xlink:role="http://www.xbrl.org/2003/role/verboseLabel">Lease and guarantee deposits-IOA</link:label>
    <link:label xml:lang="en" xlink:type="resource" xlink:label="tse-anedjpfr-97200_ProceedwFromCancellationOfInsuranseFundsOpeCF_label" xlink:role="http://www.xbrl.org/2003/role/label">Proceedw From Cancellation Of Insuranse Funds</link:label>
    <link:label xml:lang="en" xlink:type="resource" xlink:label="tse-anedjpfr-97200_ProceedwFromCancellationOfInsuranseFundsOpeCF_label_1" xlink:role="http://www.xbrl.org/2003/role/verboseLabel">Proceedw From Cancellation Of Insuranse Funds-OpeCF</link:label>
    <link:label xml:lang="en" xlink:type="resource" xlink:label="tse-anedjpfr-97200_RealEstateLeasingBusinessReportableSegmentsMember_label" xlink:role="http://www.xbrl.org/2003/role/label">Real estate leasing business</link:label>
    <link:label xml:lang="en" xlink:type="resource" xlink:label="tse-anedjpfr-97200_RealEstateLeasingBusinessReportableSegmentsMember_label_1" xlink:role="http://www.xbrl.org/2003/role/verboseLabel">Real estate leasing business, Reportable segments[member]</link:label>
    <link:loc xlink:type="locator" xlink:href="http://disclosure.edinet-fsa.go.jp/taxonomy/jppfs/2024-11-01/jppfs_cor_2024-11-01.xsd#jppfs_cor_IncreaseDecreaseInContractLiabilitiesOpeCF" xlink:label="jppfs_cor_IncreaseDecreaseInContractLiabilitiesOpeCF" />
    <link:loc xlink:type="locator" xlink:href="http://disclosure.edinet-fsa.go.jp/taxonomy/jppfs/2024-11-01/label/jppfs_2024-11-01_lab-en.xml#label_IncreaseDecreaseInContractLiabilitiesOpeCF_2" xlink:label="label_IncreaseDecreaseInContractLiabilitiesOpeCF_2" />
    <link:loc xlink:type="locator" xlink:href="tse-anedjpfr-97200-2025-11-30-01-2026-01-13.xsd#tse-anedjpfr-97200_HotelReportableSegmentsMember" xlink:label="tse-anedjpfr-97200_HotelReportableSegmentsMember" />
    <link:loc xlink:type="locator" xlink:href="tse-anedjpfr-97200-2025-11-30-01-2026-01-13.xsd#tse-anedjpfr-97200_InterestSubsidiesReceivedOpeCF" xlink:label="tse-anedjpfr-97200_InterestSubsidiesReceivedOpeCF" />
    <link:loc xlink:type="locator" xlink:href="tse-anedjpfr-97200-2025-11-30-01-2026-01-13.xsd#tse-anedjpfr-97200_InterestSubsidyNOI" xlink:label="tse-anedjpfr-97200_InterestSubsidyNOI" />
    <link:loc xlink:type="locator" xlink:href="tse-anedjpfr-97200-2025-11-30-01-2026-01-13.xsd#tse-anedjpfr-97200_InterestSubsidyOpeCF" xlink:label="tse-anedjpfr-97200_InterestSubsidyOpeCF" />
    <link:loc xlink:type="locator" xlink:href="tse-anedjpfr-97200-2025-11-30-01-2026-01-13.xsd#tse-anedjpfr-97200_LeaseAndGuaranteeDepositsIOA" xlink:label="tse-anedjpfr-97200_LeaseAndGuaranteeDepositsIOA" />
    <link:loc xlink:type="locator" xlink:href="tse-anedjpfr-97200-2025-11-30-01-2026-01-13.xsd#tse-anedjpfr-97200_ProceedwFromCancellationOfInsuranseFundsOpeCF" xlink:label="tse-anedjpfr-97200_ProceedwFromCancellationOfInsuranseFundsOpeCF" />
    <link:loc xlink:type="locator" xlink:href="tse-anedjpfr-97200-2025-11-30-01-2026-01-13.xsd#tse-anedjpfr-97200_RealEstateLeasingBusinessReportableSegmentsMember" xlink:label="tse-anedjpfr-97200_RealEstateLeasingBusinessReportableSegmentsMember" />
    <link:labelArc xlink:type="arc" xlink:from="jppfs_cor_IncreaseDecreaseInContractLiabilitiesOpeCF" xlink:to="label_IncreaseDecreaseInContractLiabilitiesOpeCF_2" xlink:arcrole="http://www.xbrl.org/2003/arcrole/concept-label" use="prohibited" priority="1" order="1" />
    <link:labelArc xlink:type="arc" xlink:from="jppfs_cor_IncreaseDecreaseInContractLiabilitiesOpeCF" xlink:to="jppfs_cor_IncreaseDecreaseInContractLiabilitiesOpeCF_label" xlink:arcrole="http://www.xbrl.org/2003/arcrole/concept-label" order="1" />
    <link:labelArc xlink:type="arc" xlink:from="tse-anedjpfr-97200_HotelReportableSegmentsMember" xlink:to="tse-anedjpfr-97200_HotelReportableSegmentsMember_label" xlink:arcrole="http://www.xbrl.org/2003/arcrole/concept-label" order="1" />
    <link:labelArc xlink:type="arc" xlink:from="tse-anedjpfr-97200_HotelReportableSegmentsMember" xlink:to="tse-anedjpfr-97200_HotelReportableSegmentsMember_label_1" xlink:arcrole="http://www.xbrl.org/2003/arcrole/concept-label" order="1" />
    <link:labelArc xlink:type="arc" xlink:from="tse-anedjpfr-97200_InterestSubsidiesReceivedOpeCF" xlink:to="tse-anedjpfr-97200_InterestSubsidiesReceivedOpeCF_label" xlink:arcrole="http://www.xbrl.org/2003/arcrole/concept-label" order="1" />
    <link:labelArc xlink:type="arc" xlink:from="tse-anedjpfr-97200_InterestSubsidiesReceivedOpeCF" xlink:to="tse-anedjpfr-97200_InterestSubsidiesReceivedOpeCF_label_1" xlink:arcrole="http://www.xbrl.org/2003/arcrole/concept-label" order="1" />
    <link:labelArc xlink:type="arc" xlink:from="tse-anedjpfr-97200_InterestSubsidyNOI" xlink:to="tse-anedjpfr-97200_InterestSubsidyNOI_label" xlink:arcrole="http://www.xbrl.org/2003/arcrole/concept-label" order="1" />
    <link:labelArc xlink:type="arc" xlink:from="tse-anedjpfr-97200_InterestSubsidyNOI" xlink:to="tse-anedjpfr-97200_InterestSubsidyNOI_label_1" xlink:arcrole="http://www.xbrl.org/2003/arcrole/concept-label" order="1" />
    <link:labelArc xlink:type="arc" xlink:from="tse-anedjpfr-97200_InterestSubsidyOpeCF" xlink:to="tse-anedjpfr-97200_InterestSubsidyOpeCF_label" xlink:arcrole="http://www.xbrl.org/2003/arcrole/concept-label" order="1" />
    <link:labelArc xlink:type="arc" xlink:from="tse-anedjpfr-97200_InterestSubsidyOpeCF" xlink:to="tse-anedjpfr-97200_InterestSubsidyOpeCF_label_1" xlink:arcrole="http://www.xbrl.org/2003/arcrole/concept-label" order="1" />
    <link:labelArc xlink:type="arc" xlink:from="tse-anedjpfr-97200_LeaseAndGuaranteeDepositsIOA" xlink:to="tse-anedjpfr-97200_LeaseAndGuaranteeDepositsIOA_label" xlink:arcrole="http://www.xbrl.org/2003/arcrole/concept-label" order="1" />
    <link:labelArc xlink:type="arc" xlink:from="tse-anedjpfr-97200_LeaseAndGuaranteeDepositsIOA" xlink:to="tse-anedjpfr-97200_LeaseAndGuaranteeDepositsIOA_label_1" xlink:arcrole="http://www.xbrl.org/2003/arcrole/concept-label" order="1" />
    <link:labelArc xlink:type="arc" xlink:from="tse-anedjpfr-97200_ProceedwFromCancellationOfInsuranseFundsOpeCF" xlink:to="tse-anedjpfr-97200_ProceedwFromCancellationOfInsuranseFundsOpeCF_label" xlink:arcrole="http://www.xbrl.org/2003/arcrole/concept-label" order="1" />
    <link:labelArc xlink:type="arc" xlink:from="tse-anedjpfr-97200_ProceedwFromCancellationOfInsuranseFundsOpeCF" xlink:to="tse-anedjpfr-97200_ProceedwFromCancellationOfInsuranseFundsOpeCF_label_1" xlink:arcrole="http://www.xbrl.org/2003/arcrole/concept-label" order="1" />
    <link:labelArc xlink:type="arc" xlink:from="tse-anedjpfr-97200_RealEstateLeasingBusinessReportableSegmentsMember" xlink:to="tse-anedjpfr-97200_RealEstateLeasingBusinessReportableSegmentsMember_label" xlink:arcrole="http://www.xbrl.org/2003/arcrole/concept-label" order="1" />
    <link:labelArc xlink:type="arc" xlink:from="tse-anedjpfr-97200_RealEstateLeasingBusinessReportableSegmentsMember" xlink:to="tse-anedjpfr-97200_RealEstateLeasingBusinessReportableSegmentsMember_label_1" xlink:arcrole="http://www.xbrl.org/2003/arcrole/concept-label" order="1" />
  </link:labelLink>
</link:linkbase>