<?xml version="1.0" encoding="utf-8"?>
<!-- Generated by PRONEXUS WORKS --><link:linkbase xmlns:link="http://www.xbrl.org/2003/linkbase" xmlns:xsi="http://www.w3.org/2001/XMLSchema-instance" xmlns:xbrli="http://www.xbrl.org/2003/instance" xmlns:xlink="http://www.w3.org/1999/xlink">  <link:labelLink xlink:type="extended" xlink:role="http://www.xbrl.org/2003/role/link">    <link:loc xlink:type="locator" xlink:href="tse-qnedjpfr-41990-2025-11-30-01-2026-01-13.xsd#tse-qnedjpfr-41990_PointReturnIncomeNOI" xlink:label="PointReturnIncomeNOI" />    <link:loc xlink:type="locator" xlink:href="tse-qnedjpfr-41990-2025-11-30-01-2026-01-13.xsd#tse-qnedjpfr-41990_OperatingRightsIA" xlink:label="OperatingRightsIA" />    <link:label xlink:type="resource" xlink:label="label_OperatingRightsIA" xml:lang="ja" xlink:role="http://www.xbrl.org/2003/role/label" id="label_OperatingRightsIA">運営権</link:label>    <link:labelArc xlink:type="arc" xlink:arcrole="http://www.xbrl.org/2003/arcrole/concept-label" xlink:from="OperatingRightsIA" xlink:to="label_OperatingRightsIA" />    <link:label xlink:type="resource" xlink:label="label_OperatingRightsIA_2" xml:lang="ja" xlink:role="http://www.xbrl.org/2003/role/verboseLabel" id="label_OperatingRightsIA_2">運営権、無形固定資産</link:label>    <link:labelArc xlink:type="arc" xlink:arcrole="http://www.xbrl.org/2003/arcrole/concept-label" xlink:from="OperatingRightsIA" xlink:to="label_OperatingRightsIA_2" />    <link:label xlink:type="resource" xlink:label="label_PointReturnIncomeNOI" xml:lang="ja" xlink:role="http://www.xbrl.org/2003/role/label" id="label_PointReturnIncomeNOI">ポイント還元収入</link:label>    <link:labelArc xlink:type="arc" xlink:arcrole="http://www.xbrl.org/2003/arcrole/concept-label" xlink:from="PointReturnIncomeNOI" xlink:to="label_PointReturnIncomeNOI" />    <link:label xlink:type="resource" xlink:label="label_PointReturnIncomeNOI_2" xml:lang="ja" xlink:role="http://www.xbrl.org/2003/role/verboseLabel" id="label_PointReturnIncomeNOI_2">ポイント還元収入、営業外収益</link:label>    <link:labelArc xlink:type="arc" xlink:arcrole="http://www.xbrl.org/2003/arcrole/concept-label" xlink:from="PointReturnIncomeNOI" xlink:to="label_PointReturnIncomeNOI_2" />  </link:labelLink></link:linkbase>