﻿<?xml version="1.0" encoding="utf-8"?>
<!-- XBRL Document Created with WizLabo Platform -->
<link:linkbase xmlns:xlink="http://www.w3.org/1999/xlink" xmlns:xsi="http://www.w3.org/2001/XMLSchema-instance" xmlns:link="http://www.xbrl.org/2003/linkbase">
  <link:labelLink xlink:type="extended" xlink:role="http://www.xbrl.org/2003/role/link">
    <link:label xml:lang="en" xlink:type="resource" xlink:label="tse-qcedjpfr-36970_OtherProximateServicesReportableSegmentMember_label" xlink:role="http://www.xbrl.org/2003/role/label">Other Proximate Services</link:label>
    <link:label xml:lang="en" xlink:type="resource" xlink:label="tse-qcedjpfr-36970_OtherProximateServicesReportableSegmentMember_label_1" xlink:role="http://www.xbrl.org/2003/role/verboseLabel">Other Proximate Services, Reportable segment [member]</link:label>
    <link:label xml:lang="en" xlink:type="resource" xlink:label="tse-qcedjpfr-36970_SoftwareDevelopmentRelatedServicesReportableSegmentMember_label" xlink:role="http://www.xbrl.org/2003/role/label">Software Development Related Services</link:label>
    <link:label xml:lang="en" xlink:type="resource" xlink:label="tse-qcedjpfr-36970_SoftwareDevelopmentRelatedServicesReportableSegmentMember_label_1" xlink:role="http://www.xbrl.org/2003/role/verboseLabel">Software Development Related Services, Reportable segment [member]</link:label>
    <link:label xml:lang="en" xlink:type="resource" xlink:label="tse-qcedjpfr-36970_SoftwareTestingRelatedServicesReportableSegmentMember_label" xlink:role="http://www.xbrl.org/2003/role/label">Software Testing Related Services</link:label>
    <link:label xml:lang="en" xlink:type="resource" xlink:label="tse-qcedjpfr-36970_SoftwareTestingRelatedServicesReportableSegmentMember_label_1" xlink:role="http://www.xbrl.org/2003/role/verboseLabel">Software Testing Related Services, Reportable segment [member]</link:label>
    <link:loc xlink:type="locator" xlink:href="tse-qcedjpfr-36970-2025-11-30-01-2026-01-14.xsd#tse-qcedjpfr-36970_OtherProximateServicesReportableSegmentMember" xlink:label="tse-qcedjpfr-36970_OtherProximateServicesReportableSegmentMember" />
    <link:loc xlink:type="locator" xlink:href="tse-qcedjpfr-36970-2025-11-30-01-2026-01-14.xsd#tse-qcedjpfr-36970_SoftwareDevelopmentRelatedServicesReportableSegmentMember" xlink:label="tse-qcedjpfr-36970_SoftwareDevelopmentRelatedServicesReportableSegmentMember" />
    <link:loc xlink:type="locator" xlink:href="tse-qcedjpfr-36970-2025-11-30-01-2026-01-14.xsd#tse-qcedjpfr-36970_SoftwareTestingRelatedServicesReportableSegmentMember" xlink:label="tse-qcedjpfr-36970_SoftwareTestingRelatedServicesReportableSegmentMember" />
    <link:labelArc xlink:type="arc" xlink:from="tse-qcedjpfr-36970_OtherProximateServicesReportableSegmentMember" xlink:to="tse-qcedjpfr-36970_OtherProximateServicesReportableSegmentMember_label" xlink:arcrole="http://www.xbrl.org/2003/arcrole/concept-label" order="1" />
    <link:labelArc xlink:type="arc" xlink:from="tse-qcedjpfr-36970_OtherProximateServicesReportableSegmentMember" xlink:to="tse-qcedjpfr-36970_OtherProximateServicesReportableSegmentMember_label_1" xlink:arcrole="http://www.xbrl.org/2003/arcrole/concept-label" order="1" />
    <link:labelArc xlink:type="arc" xlink:from="tse-qcedjpfr-36970_SoftwareDevelopmentRelatedServicesReportableSegmentMember" xlink:to="tse-qcedjpfr-36970_SoftwareDevelopmentRelatedServicesReportableSegmentMember_label" xlink:arcrole="http://www.xbrl.org/2003/arcrole/concept-label" order="1" />
    <link:labelArc xlink:type="arc" xlink:from="tse-qcedjpfr-36970_SoftwareDevelopmentRelatedServicesReportableSegmentMember" xlink:to="tse-qcedjpfr-36970_SoftwareDevelopmentRelatedServicesReportableSegmentMember_label_1" xlink:arcrole="http://www.xbrl.org/2003/arcrole/concept-label" order="1" />
    <link:labelArc xlink:type="arc" xlink:from="tse-qcedjpfr-36970_SoftwareTestingRelatedServicesReportableSegmentMember" xlink:to="tse-qcedjpfr-36970_SoftwareTestingRelatedServicesReportableSegmentMember_label" xlink:arcrole="http://www.xbrl.org/2003/arcrole/concept-label" order="1" />
    <link:labelArc xlink:type="arc" xlink:from="tse-qcedjpfr-36970_SoftwareTestingRelatedServicesReportableSegmentMember" xlink:to="tse-qcedjpfr-36970_SoftwareTestingRelatedServicesReportableSegmentMember_label_1" xlink:arcrole="http://www.xbrl.org/2003/arcrole/concept-label" order="1" />
  </link:labelLink>
</link:linkbase>