<?xml version="1.0" encoding="utf-8"?>
<manifest xmlns="http://disclosure.edinet-fsa.go.jp/2013/manifest">
  <tocComposition>
    <title xml:lang="ja">決算短信添付資料</title>
    <title xml:lang="en">Earnings digest attached document</title>
    <item ref="qcedjpfr" extrole="http://www.xbrl.tdnet.info/jp/tse/tdnet/role/RoleAttachedDocument" in="presentation" />
  </tocComposition>
  <list>
    <instance id="qcedjpfr" type="Attachment" preferredFilename="tse-qcedjpfr-26700-2025-11-30-01-2026-01-07.xbrl">
      <ixbrl>0500000-qcbs01-tse-qcedjpfr-26700-2025-11-30-01-2026-01-07-ixbrl.htm</ixbrl>
      <ixbrl>0600000-qcpl11-tse-qcedjpfr-26700-2025-11-30-01-2026-01-07-ixbrl.htm</ixbrl>
      <ixbrl>0600010-qcci11-tse-qcedjpfr-26700-2025-11-30-01-2026-01-07-ixbrl.htm</ixbrl>
      <ixbrl>1100000-qcsg01-tse-qcedjpfr-26700-2025-11-30-01-2026-01-07-ixbrl.htm</ixbrl>
    </instance>
  </list>
</manifest>