﻿<?xml version="1.0" encoding="utf-8"?>
<!-- XBRL Document Created with WizLabo Platform -->
<link:linkbase xmlns:xlink="http://www.w3.org/1999/xlink" xmlns:xsi="http://www.w3.org/2001/XMLSchema-instance" xmlns:link="http://www.xbrl.org/2003/linkbase">
  <link:labelLink xlink:type="extended" xlink:role="http://www.xbrl.org/2003/role/link">
    <link:label xml:lang="en" xlink:type="resource" xlink:label="tse-qnedjpfr-44790_AnIntroductionFeeNOI_label" xlink:role="http://www.xbrl.org/2003/role/label">An introduction fee</link:label>
    <link:label xml:lang="en" xlink:type="resource" xlink:label="tse-qnedjpfr-44790_AnIntroductionFeeNOI_label_1" xlink:role="http://www.xbrl.org/2003/role/verboseLabel">An introduction fee-NOI</link:label>
    <link:label xml:lang="en" xlink:type="resource" xlink:label="tse-qnedjpfr-44790_CashSegregatedAsDepositsCA_label" xlink:role="http://www.xbrl.org/2003/role/label">Cash segregated as deposits</link:label>
    <link:label xml:lang="en" xlink:type="resource" xlink:label="tse-qnedjpfr-44790_CashSegregatedAsDepositsCA_label_1" xlink:role="http://www.xbrl.org/2003/role/verboseLabel">Cash segregated as deposits-CA</link:label>
    <link:label xml:lang="en" xlink:type="resource" xlink:label="tse-qnedjpfr-44790_LectureSFeeIncomeNOI_label" xlink:role="http://www.xbrl.org/2003/role/label">Lecture's fee income</link:label>
    <link:label xml:lang="en" xlink:type="resource" xlink:label="tse-qnedjpfr-44790_LectureSFeeIncomeNOI_label_1" xlink:role="http://www.xbrl.org/2003/role/verboseLabel">Lecture's fee income-NOI</link:label>
    <link:label xml:lang="en" xlink:type="resource" xlink:label="tse-qnedjpfr-44790_PointReturnIncomeNOI_label" xlink:role="http://www.xbrl.org/2003/role/label">Point return income</link:label>
    <link:label xml:lang="en" xlink:type="resource" xlink:label="tse-qnedjpfr-44790_PointReturnIncomeNOI_label_1" xlink:role="http://www.xbrl.org/2003/role/verboseLabel">Point return income-NOI</link:label>
    <link:label xml:lang="en" xlink:type="resource" xlink:label="tse-qnedjpfr-44790_ProvisionForContinuousServicesBenefitsNCL_label" xlink:role="http://www.xbrl.org/2003/role/label">Provision for continuous services benefits</link:label>
    <link:label xml:lang="en" xlink:type="resource" xlink:label="tse-qnedjpfr-44790_ProvisionForContinuousServicesBenefitsNCL_label_1" xlink:role="http://www.xbrl.org/2003/role/verboseLabel">Provision for continuous services benefits-NCL</link:label>
    <link:loc xlink:type="locator" xlink:href="tse-qnedjpfr-44790-2025-12-31-01-2026-01-27.xsd#tse-qnedjpfr-44790_AnIntroductionFeeNOI" xlink:label="tse-qnedjpfr-44790_AnIntroductionFeeNOI" />
    <link:loc xlink:type="locator" xlink:href="tse-qnedjpfr-44790-2025-12-31-01-2026-01-27.xsd#tse-qnedjpfr-44790_CashSegregatedAsDepositsCA" xlink:label="tse-qnedjpfr-44790_CashSegregatedAsDepositsCA" />
    <link:loc xlink:type="locator" xlink:href="tse-qnedjpfr-44790-2025-12-31-01-2026-01-27.xsd#tse-qnedjpfr-44790_LectureSFeeIncomeNOI" xlink:label="tse-qnedjpfr-44790_LectureSFeeIncomeNOI" />
    <link:loc xlink:type="locator" xlink:href="tse-qnedjpfr-44790-2025-12-31-01-2026-01-27.xsd#tse-qnedjpfr-44790_PointReturnIncomeNOI" xlink:label="tse-qnedjpfr-44790_PointReturnIncomeNOI" />
    <link:loc xlink:type="locator" xlink:href="tse-qnedjpfr-44790-2025-12-31-01-2026-01-27.xsd#tse-qnedjpfr-44790_ProvisionForContinuousServicesBenefitsNCL" xlink:label="tse-qnedjpfr-44790_ProvisionForContinuousServicesBenefitsNCL" />
    <link:labelArc xlink:type="arc" xlink:from="tse-qnedjpfr-44790_AnIntroductionFeeNOI" xlink:to="tse-qnedjpfr-44790_AnIntroductionFeeNOI_label" xlink:arcrole="http://www.xbrl.org/2003/arcrole/concept-label" order="1" />
    <link:labelArc xlink:type="arc" xlink:from="tse-qnedjpfr-44790_AnIntroductionFeeNOI" xlink:to="tse-qnedjpfr-44790_AnIntroductionFeeNOI_label_1" xlink:arcrole="http://www.xbrl.org/2003/arcrole/concept-label" order="1" />
    <link:labelArc xlink:type="arc" xlink:from="tse-qnedjpfr-44790_CashSegregatedAsDepositsCA" xlink:to="tse-qnedjpfr-44790_CashSegregatedAsDepositsCA_label" xlink:arcrole="http://www.xbrl.org/2003/arcrole/concept-label" order="1" />
    <link:labelArc xlink:type="arc" xlink:from="tse-qnedjpfr-44790_CashSegregatedAsDepositsCA" xlink:to="tse-qnedjpfr-44790_CashSegregatedAsDepositsCA_label_1" xlink:arcrole="http://www.xbrl.org/2003/arcrole/concept-label" order="1" />
    <link:labelArc xlink:type="arc" xlink:from="tse-qnedjpfr-44790_LectureSFeeIncomeNOI" xlink:to="tse-qnedjpfr-44790_LectureSFeeIncomeNOI_label" xlink:arcrole="http://www.xbrl.org/2003/arcrole/concept-label" order="1" />
    <link:labelArc xlink:type="arc" xlink:from="tse-qnedjpfr-44790_LectureSFeeIncomeNOI" xlink:to="tse-qnedjpfr-44790_LectureSFeeIncomeNOI_label_1" xlink:arcrole="http://www.xbrl.org/2003/arcrole/concept-label" order="1" />
    <link:labelArc xlink:type="arc" xlink:from="tse-qnedjpfr-44790_PointReturnIncomeNOI" xlink:to="tse-qnedjpfr-44790_PointReturnIncomeNOI_label" xlink:arcrole="http://www.xbrl.org/2003/arcrole/concept-label" order="1" />
    <link:labelArc xlink:type="arc" xlink:from="tse-qnedjpfr-44790_PointReturnIncomeNOI" xlink:to="tse-qnedjpfr-44790_PointReturnIncomeNOI_label_1" xlink:arcrole="http://www.xbrl.org/2003/arcrole/concept-label" order="1" />
    <link:labelArc xlink:type="arc" xlink:from="tse-qnedjpfr-44790_ProvisionForContinuousServicesBenefitsNCL" xlink:to="tse-qnedjpfr-44790_ProvisionForContinuousServicesBenefitsNCL_label" xlink:arcrole="http://www.xbrl.org/2003/arcrole/concept-label" order="1" />
    <link:labelArc xlink:type="arc" xlink:from="tse-qnedjpfr-44790_ProvisionForContinuousServicesBenefitsNCL" xlink:to="tse-qnedjpfr-44790_ProvisionForContinuousServicesBenefitsNCL_label_1" xlink:arcrole="http://www.xbrl.org/2003/arcrole/concept-label" order="1" />
  </link:labelLink>
</link:linkbase>