<?xml version="1.0" encoding="utf-8"?>
<!-- Generated by PRONEXUS WORKS --><link:linkbase xmlns:link="http://www.xbrl.org/2003/linkbase" xmlns:xsi="http://www.w3.org/2001/XMLSchema-instance" xmlns:xbrli="http://www.xbrl.org/2003/instance" xmlns:xlink="http://www.w3.org/1999/xlink">  <link:labelLink xlink:type="extended" xlink:role="http://www.xbrl.org/2003/role/link">    <link:loc xlink:type="locator" xlink:href="tse-snedjpfr-38240-2025-11-30-01-2026-01-08.xsd#tse-snedjpfr-38240_NursingServicesIncomeNOI" xlink:label="NursingServicesIncomeNOI" />    <link:loc xlink:type="locator" xlink:href="tse-snedjpfr-38240-2025-11-30-01-2026-01-08.xsd#tse-snedjpfr-38240_NursingServicesExpenseNOE" xlink:label="NursingServicesExpenseNOE" />    <link:loc xlink:type="locator" xlink:href="tse-snedjpfr-38240-2025-11-30-01-2026-01-08.xsd#tse-snedjpfr-38240_SESDivisionReportableSegmentsMember" xlink:label="SESDivisionReportableSegmentsMember" />    <link:loc xlink:type="locator" xlink:href="tse-snedjpfr-38240-2025-11-30-01-2026-01-08.xsd#tse-snedjpfr-38240_SolutionDivisionReportableSegmentsMember" xlink:label="SolutionDivisionReportableSegmentsMember" />    <link:label xlink:type="resource" xlink:label="label_NursingServicesIncomeNOI_2" xml:lang="ja" xlink:role="http://www.xbrl.org/2003/role/label" id="label_NursingServicesIncomeNOI_2">保育事業収益</link:label>    <link:labelArc xlink:type="arc" xlink:arcrole="http://www.xbrl.org/2003/arcrole/concept-label" xlink:from="NursingServicesIncomeNOI" xlink:to="label_NursingServicesIncomeNOI_2" />    <link:label xlink:type="resource" xlink:label="label_NursingServicesIncomeNOI" xml:lang="ja" xlink:role="http://www.xbrl.org/2003/role/verboseLabel" id="label_NursingServicesIncomeNOI">保育事業収益、営業外収益</link:label>    <link:labelArc xlink:type="arc" xlink:arcrole="http://www.xbrl.org/2003/arcrole/concept-label" xlink:from="NursingServicesIncomeNOI" xlink:to="label_NursingServicesIncomeNOI" />    <link:label xlink:type="resource" xlink:label="label_NursingServicesExpenseNOE_2" xml:lang="ja" xlink:role="http://www.xbrl.org/2003/role/label" id="label_NursingServicesExpenseNOE_2">保育事業費用</link:label>    <link:labelArc xlink:type="arc" xlink:arcrole="http://www.xbrl.org/2003/arcrole/concept-label" xlink:from="NursingServicesExpenseNOE" xlink:to="label_NursingServicesExpenseNOE_2" />    <link:label xlink:type="resource" xlink:label="label_NursingServicesExpenseNOE" xml:lang="ja" xlink:role="http://www.xbrl.org/2003/role/verboseLabel" id="label_NursingServicesExpenseNOE">保育事業費用、営業外費用</link:label>    <link:labelArc xlink:type="arc" xlink:arcrole="http://www.xbrl.org/2003/arcrole/concept-label" xlink:from="NursingServicesExpenseNOE" xlink:to="label_NursingServicesExpenseNOE" />    <link:label xlink:type="resource" xlink:label="label_SESDivisionReportableSegmentsMember" xml:lang="ja" xlink:role="http://www.xbrl.org/2003/role/label" id="label_SESDivisionReportableSegmentsMember">ＳＥＳ事業</link:label>    <link:labelArc xlink:type="arc" xlink:arcrole="http://www.xbrl.org/2003/arcrole/concept-label" xlink:from="SESDivisionReportableSegmentsMember" xlink:to="label_SESDivisionReportableSegmentsMember" />    <link:label xlink:type="resource" xlink:label="label_SESDivisionReportableSegmentsMember_2" xml:lang="ja" xlink:role="http://www.xbrl.org/2003/role/verboseLabel" id="label_SESDivisionReportableSegmentsMember_2">SES事業、報告セグメント [メンバー]</link:label>    <link:labelArc xlink:type="arc" xlink:arcrole="http://www.xbrl.org/2003/arcrole/concept-label" xlink:from="SESDivisionReportableSegmentsMember" xlink:to="label_SESDivisionReportableSegmentsMember_2" />    <link:label xlink:type="resource" xlink:label="label_SolutionDivisionReportableSegmentsMember" xml:lang="ja" xlink:role="http://www.xbrl.org/2003/role/label" id="label_SolutionDivisionReportableSegmentsMember">ソリューション事業</link:label>    <link:labelArc xlink:type="arc" xlink:arcrole="http://www.xbrl.org/2003/arcrole/concept-label" xlink:from="SolutionDivisionReportableSegmentsMember" xlink:to="label_SolutionDivisionReportableSegmentsMember" />    <link:label xlink:type="resource" xlink:label="label_SolutionDivisionReportableSegmentsMember_2" xml:lang="ja" xlink:role="http://www.xbrl.org/2003/role/verboseLabel" id="label_SolutionDivisionReportableSegmentsMember_2">ソリューション事業、報告セグメント [メンバー]</link:label>    <link:labelArc xlink:type="arc" xlink:arcrole="http://www.xbrl.org/2003/arcrole/concept-label" xlink:from="SolutionDivisionReportableSegmentsMember" xlink:to="label_SolutionDivisionReportableSegmentsMember_2" />  </link:labelLink></link:linkbase>