﻿<?xml version="1.0" encoding="utf-8"?>
<!-- XBRL Document Created with WizLabo Platform -->
<link:linkbase xmlns:xlink="http://www.w3.org/1999/xlink" xmlns:xsi="http://www.w3.org/2001/XMLSchema-instance" xmlns:link="http://www.xbrl.org/2003/linkbase">
  <link:labelLink xlink:type="extended" xlink:role="http://www.xbrl.org/2003/role/link">
    <link:label xml:lang="en" xlink:type="resource" xlink:label="tse-qnedjpfr-54230_CostForRestoringFacilitiesEL_label" xlink:role="http://www.xbrl.org/2003/role/label">Cost for restoring facilities</link:label>
    <link:label xml:lang="en" xlink:type="resource" xlink:label="tse-qnedjpfr-54230_CostForRestoringFacilitiesEL_label_1" xlink:role="http://www.xbrl.org/2003/role/verboseLabel">Cost for restoring facilities-EL</link:label>
    <link:label xml:lang="en" xlink:type="resource" xlink:label="tse-qnedjpfr-54230_EnvironmentalExpensesNOE_label" xlink:role="http://www.xbrl.org/2003/role/label">Environmental expenses</link:label>
    <link:label xml:lang="en" xlink:type="resource" xlink:label="tse-qnedjpfr-54230_EnvironmentalExpensesNOE_label_1" xlink:role="http://www.xbrl.org/2003/role/verboseLabel">Environmental expenses-NOE</link:label>
    <link:label xml:lang="en" xlink:type="resource" xlink:label="tse-qnedjpfr-54230_SuspensionLossOfOperationsEL_label" xlink:role="http://www.xbrl.org/2003/role/label">Suspension loss of operations</link:label>
    <link:label xml:lang="en" xlink:type="resource" xlink:label="tse-qnedjpfr-54230_SuspensionLossOfOperationsEL_label_1" xlink:role="http://www.xbrl.org/2003/role/verboseLabel">Suspension loss of operations-EL</link:label>
    <link:loc xlink:type="locator" xlink:href="tse-qnedjpfr-54230-2025-12-31-01-2026-01-23.xsd#tse-qnedjpfr-54230_CostForRestoringFacilitiesEL" xlink:label="tse-qnedjpfr-54230_CostForRestoringFacilitiesEL" />
    <link:loc xlink:type="locator" xlink:href="tse-qnedjpfr-54230-2025-12-31-01-2026-01-23.xsd#tse-qnedjpfr-54230_EnvironmentalExpensesNOE" xlink:label="tse-qnedjpfr-54230_EnvironmentalExpensesNOE" />
    <link:loc xlink:type="locator" xlink:href="tse-qnedjpfr-54230-2025-12-31-01-2026-01-23.xsd#tse-qnedjpfr-54230_SuspensionLossOfOperationsEL" xlink:label="tse-qnedjpfr-54230_SuspensionLossOfOperationsEL" />
    <link:labelArc xlink:type="arc" xlink:from="tse-qnedjpfr-54230_CostForRestoringFacilitiesEL" xlink:to="tse-qnedjpfr-54230_CostForRestoringFacilitiesEL_label" xlink:arcrole="http://www.xbrl.org/2003/arcrole/concept-label" order="1" />
    <link:labelArc xlink:type="arc" xlink:from="tse-qnedjpfr-54230_CostForRestoringFacilitiesEL" xlink:to="tse-qnedjpfr-54230_CostForRestoringFacilitiesEL_label_1" xlink:arcrole="http://www.xbrl.org/2003/arcrole/concept-label" order="1" />
    <link:labelArc xlink:type="arc" xlink:from="tse-qnedjpfr-54230_EnvironmentalExpensesNOE" xlink:to="tse-qnedjpfr-54230_EnvironmentalExpensesNOE_label" xlink:arcrole="http://www.xbrl.org/2003/arcrole/concept-label" order="1" />
    <link:labelArc xlink:type="arc" xlink:from="tse-qnedjpfr-54230_EnvironmentalExpensesNOE" xlink:to="tse-qnedjpfr-54230_EnvironmentalExpensesNOE_label_1" xlink:arcrole="http://www.xbrl.org/2003/arcrole/concept-label" order="1" />
    <link:labelArc xlink:type="arc" xlink:from="tse-qnedjpfr-54230_SuspensionLossOfOperationsEL" xlink:to="tse-qnedjpfr-54230_SuspensionLossOfOperationsEL_label" xlink:arcrole="http://www.xbrl.org/2003/arcrole/concept-label" order="1" />
    <link:labelArc xlink:type="arc" xlink:from="tse-qnedjpfr-54230_SuspensionLossOfOperationsEL" xlink:to="tse-qnedjpfr-54230_SuspensionLossOfOperationsEL_label_1" xlink:arcrole="http://www.xbrl.org/2003/arcrole/concept-label" order="1" />
  </link:labelLink>
</link:linkbase>