<?xml version="1.0" encoding="utf-8"?>
<!-- Generated by PRONEXUS WORKS --><link:linkbase xmlns:link="http://www.xbrl.org/2003/linkbase" xmlns:xsi="http://www.w3.org/2001/XMLSchema-instance" xmlns:xbrli="http://www.xbrl.org/2003/instance" xmlns:xlink="http://www.w3.org/1999/xlink">  <link:labelLink xlink:type="extended" xlink:role="http://www.xbrl.org/2003/role/link">    <link:loc xlink:type="locator" xlink:href="tse-qcedjpfr-24110-2025-12-31-01-2026-01-23.xsd#tse-qcedjpfr-24110_AdvertisingBusinessReportableSegmentsMember" xlink:label="AdvertisingBusinessReportableSegmentsMember" />    <link:loc xlink:type="locator" xlink:href="tse-qcedjpfr-24110-2025-12-31-01-2026-01-23.xsd#tse-qcedjpfr-24110_RealEstateBusinessReportableSegmentsMember" xlink:label="RealEstateBusinessReportableSegmentsMember" />    <link:label xlink:type="resource" xlink:label="label_AdvertisingBusinessReportableSegmentsMember" xml:lang="ja" xlink:role="http://www.xbrl.org/2003/role/label" id="label_AdvertisingBusinessReportableSegmentsMember">広告事業</link:label>    <link:labelArc xlink:type="arc" xlink:arcrole="http://www.xbrl.org/2003/arcrole/concept-label" xlink:from="AdvertisingBusinessReportableSegmentsMember" xlink:to="label_AdvertisingBusinessReportableSegmentsMember" />    <link:label xlink:type="resource" xlink:label="label_AdvertisingBusinessReportableSegmentsMember_2" xml:lang="ja" xlink:role="http://www.xbrl.org/2003/role/verboseLabel" id="label_AdvertisingBusinessReportableSegmentsMember_2">広告事業、報告セグメント [メンバー]</link:label>    <link:labelArc xlink:type="arc" xlink:arcrole="http://www.xbrl.org/2003/arcrole/concept-label" xlink:from="AdvertisingBusinessReportableSegmentsMember" xlink:to="label_AdvertisingBusinessReportableSegmentsMember_2" />    <link:label xlink:type="resource" xlink:label="label_RealEstateBusinessReportableSegmentsMember" xml:lang="ja" xlink:role="http://www.xbrl.org/2003/role/label" id="label_RealEstateBusinessReportableSegmentsMember">不動産事業</link:label>    <link:labelArc xlink:type="arc" xlink:arcrole="http://www.xbrl.org/2003/arcrole/concept-label" xlink:from="RealEstateBusinessReportableSegmentsMember" xlink:to="label_RealEstateBusinessReportableSegmentsMember" />    <link:label xlink:type="resource" xlink:label="label_RealEstateBusinessReportableSegmentsMember_2" xml:lang="ja" xlink:role="http://www.xbrl.org/2003/role/verboseLabel" id="label_RealEstateBusinessReportableSegmentsMember_2">不動産事業、報告セグメント [メンバー]</link:label>    <link:labelArc xlink:type="arc" xlink:arcrole="http://www.xbrl.org/2003/arcrole/concept-label" xlink:from="RealEstateBusinessReportableSegmentsMember" xlink:to="label_RealEstateBusinessReportableSegmentsMember_2" />  </link:labelLink></link:linkbase>