<?xml version="1.0" encoding="utf-8"?>
<!-- Generated by PRONEXUS WORKS --><link:linkbase xmlns:link="http://www.xbrl.org/2003/linkbase" xmlns:xsi="http://www.w3.org/2001/XMLSchema-instance" xmlns:xbrli="http://www.xbrl.org/2003/instance" xmlns:xlink="http://www.w3.org/1999/xlink">  <link:labelLink xlink:type="extended" xlink:role="http://www.xbrl.org/2003/role/link">    <link:loc xlink:type="locator" xlink:href="tse-scedjpfr-60470-2025-11-30-01-2026-01-13.xsd#tse-scedjpfr-60470_CommissionFeePaidFinCF" xlink:label="CommissionFeePaidFinCF" />    <link:loc xlink:type="locator" xlink:href="tse-scedjpfr-60470-2025-11-30-01-2026-01-13.xsd#tse-scedjpfr-60470_MediaBusinessMember" xlink:label="MediaBusinessMember" />    <link:loc xlink:type="locator" xlink:href="tse-scedjpfr-60470-2025-11-30-01-2026-01-13.xsd#tse-scedjpfr-60470_GHoldingsBusinessMember" xlink:label="GHoldingsBusinessMember" />    <link:loc xlink:type="locator" xlink:href="tse-scedjpfr-60470-2025-11-30-01-2026-01-13.xsd#tse-scedjpfr-60470_NewBusinessMember" xlink:label="NewBusinessMember" />    <link:label xlink:type="resource" xlink:label="label_CommissionFeePaidFinCF" xml:lang="en" xlink:role="http://www.xbrl.org/2003/role/label" id="label_CommissionFeePaidFinCF">Commission fee paid</link:label>    <link:labelArc xlink:type="arc" xlink:arcrole="http://www.xbrl.org/2003/arcrole/concept-label" xlink:from="CommissionFeePaidFinCF" xlink:to="label_CommissionFeePaidFinCF" />    <link:label xlink:type="resource" xlink:label="label_CommissionFeePaidFinCF_2" xml:lang="en" xlink:role="http://www.xbrl.org/2003/role/verboseLabel" id="label_CommissionFeePaidFinCF_2">Commission fee paid-FinCF</link:label>    <link:labelArc xlink:type="arc" xlink:arcrole="http://www.xbrl.org/2003/arcrole/concept-label" xlink:from="CommissionFeePaidFinCF" xlink:to="label_CommissionFeePaidFinCF_2" />    <link:label xlink:type="resource" xlink:label="label_MediaBusinessMember" xml:lang="en" xlink:role="http://www.xbrl.org/2003/role/label" id="label_MediaBusinessMember">Media Business</link:label>    <link:labelArc xlink:type="arc" xlink:arcrole="http://www.xbrl.org/2003/arcrole/concept-label" xlink:from="MediaBusinessMember" xlink:to="label_MediaBusinessMember" />    <link:label xlink:type="resource" xlink:label="label_MediaBusinessMember_2" xml:lang="en" xlink:role="http://www.xbrl.org/2003/role/verboseLabel" id="label_MediaBusinessMember_2">Media Business [member]</link:label>    <link:labelArc xlink:type="arc" xlink:arcrole="http://www.xbrl.org/2003/arcrole/concept-label" xlink:from="MediaBusinessMember" xlink:to="label_MediaBusinessMember_2" />    <link:label xlink:type="resource" xlink:label="label_GHoldingsBusinessMember" xml:lang="en" xlink:role="http://www.xbrl.org/2003/role/label" id="label_GHoldingsBusinessMember">G Holdings Business</link:label>    <link:labelArc xlink:type="arc" xlink:arcrole="http://www.xbrl.org/2003/arcrole/concept-label" xlink:from="GHoldingsBusinessMember" xlink:to="label_GHoldingsBusinessMember" />    <link:label xlink:type="resource" xlink:label="label_GHoldingsBusinessMember_2" xml:lang="en" xlink:role="http://www.xbrl.org/2003/role/verboseLabel" id="label_GHoldingsBusinessMember_2">G Holdings Business [member]</link:label>    <link:labelArc xlink:type="arc" xlink:arcrole="http://www.xbrl.org/2003/arcrole/concept-label" xlink:from="GHoldingsBusinessMember" xlink:to="label_GHoldingsBusinessMember_2" />    <link:label xlink:type="resource" xlink:label="label_NewBusinessMember" xml:lang="en" xlink:role="http://www.xbrl.org/2003/role/label" id="label_NewBusinessMember">New Business</link:label>    <link:labelArc xlink:type="arc" xlink:arcrole="http://www.xbrl.org/2003/arcrole/concept-label" xlink:from="NewBusinessMember" xlink:to="label_NewBusinessMember" />    <link:label xlink:type="resource" xlink:label="label_NewBusinessMember_2" xml:lang="en" xlink:role="http://www.xbrl.org/2003/role/verboseLabel" id="label_NewBusinessMember_2">New Business [member]</link:label>    <link:labelArc xlink:type="arc" xlink:arcrole="http://www.xbrl.org/2003/arcrole/concept-label" xlink:from="NewBusinessMember" xlink:to="label_NewBusinessMember_2" />  </link:labelLink></link:linkbase>