<?xml version="1.0" encoding="utf-8"?>
<!-- Generated by PRONEXUS WORKS --><link:linkbase xmlns:link="http://www.xbrl.org/2003/linkbase" xmlns:xsi="http://www.w3.org/2001/XMLSchema-instance" xmlns:xbrli="http://www.xbrl.org/2003/instance" xmlns:xlink="http://www.w3.org/1999/xlink">  <link:labelLink xlink:type="extended" xlink:role="http://www.xbrl.org/2003/role/link">    <link:loc xlink:type="locator" xlink:href="tse-scedjpfr-44430-2025-11-30-01-2026-01-14.xsd#tse-scedjpfr-44430_ProvisionForLossOnShareSaleContractCL" xlink:label="ProvisionForLossOnShareSaleContractCL" />    <link:loc xlink:type="locator" xlink:href="tse-scedjpfr-44430-2025-11-30-01-2026-01-14.xsd#tse-scedjpfr-44430_ReversalOfProvisionForLossOnShareSaleContractEI" xlink:label="ReversalOfProvisionForLossOnShareSaleContractEI" />    <link:loc xlink:type="locator" xlink:href="tse-scedjpfr-44430-2025-11-30-01-2026-01-14.xsd#tse-scedjpfr-44430_LossOnCancellationOfTreasuryShareAcquisitionRightsEL" xlink:label="LossOnCancellationOfTreasuryShareAcquisitionRightsEL" />    <link:loc xlink:type="locator" xlink:href="tse-scedjpfr-44430-2025-11-30-01-2026-01-14.xsd#tse-scedjpfr-44430_SansanBillOneBusinessReportableSegmentsMember" xlink:label="SansanBillOneBusinessReportableSegmentsMember" />    <link:loc xlink:type="locator" xlink:href="tse-scedjpfr-44430-2025-11-30-01-2026-01-14.xsd#tse-scedjpfr-44430_EightBusinessReportableSegmentsMember" xlink:label="EightBusinessReportableSegmentsMember" />    <link:loc xlink:type="locator" xlink:href="tse-scedjpfr-44430-2025-11-30-01-2026-01-14.xsd#tse-scedjpfr-44430_AdjustedOperatingProfitLossSegmentInformation" xlink:label="AdjustedOperatingProfitLossSegmentInformation" />    <link:loc xlink:type="locator" xlink:href="tse-scedjpfr-44430-2025-11-30-01-2026-01-14.xsd#tse-scedjpfr-44430_ReversalOfProvisionForLossOnShareSaleContractOpeCF" xlink:label="ReversalOfProvisionForLossOnShareSaleContractOpeCF" />    <link:loc xlink:type="locator" xlink:href="tse-scedjpfr-44430-2025-11-30-01-2026-01-14.xsd#tse-scedjpfr-44430_LossOnCancellationOfTreasuryShareAcquisitionRightsOpeCF" xlink:label="LossOnCancellationOfTreasuryShareAcquisitionRightsOpeCF" />    <link:label xlink:type="resource" xlink:label="label_ProvisionForLossOnShareSaleContractCL_2" xml:lang="en" xlink:role="http://www.xbrl.org/2003/role/label" id="label_ProvisionForLossOnShareSaleContractCL_2">Provision for loss on share sale contract</link:label>    <link:labelArc xlink:type="arc" xlink:arcrole="http://www.xbrl.org/2003/arcrole/concept-label" xlink:from="ProvisionForLossOnShareSaleContractCL" xlink:to="label_ProvisionForLossOnShareSaleContractCL_2" />    <link:label xlink:type="resource" xlink:label="label_ProvisionForLossOnShareSaleContractCL" xml:lang="en" xlink:role="http://www.xbrl.org/2003/role/verboseLabel" id="label_ProvisionForLossOnShareSaleContractCL">Provision for loss on share sale contract -CL</link:label>    <link:labelArc xlink:type="arc" xlink:arcrole="http://www.xbrl.org/2003/arcrole/concept-label" xlink:from="ProvisionForLossOnShareSaleContractCL" xlink:to="label_ProvisionForLossOnShareSaleContractCL" />    <link:loc xlink:type="locator" xlink:href="tse-scedjpfr-44430-2025-11-30-01-2026-01-14.xsd#tse-scedjpfr-44430_PurchaseOfTreasuryShareAcquisitionRightsFinCF" xlink:label="PurchaseOfTreasuryShareAcquisitionRightsFinCF" />    <link:label xlink:type="resource" xlink:label="label_SansanBillOneBusinessReportableSegmentsMember" xml:lang="en" xlink:role="http://www.xbrl.org/2003/role/label" id="label_SansanBillOneBusinessReportableSegmentsMember">Sansan/Bill One business</link:label>    <link:labelArc xlink:type="arc" xlink:arcrole="http://www.xbrl.org/2003/arcrole/concept-label" xlink:from="SansanBillOneBusinessReportableSegmentsMember" xlink:to="label_SansanBillOneBusinessReportableSegmentsMember" />    <link:label xlink:type="resource" xlink:label="label_SansanBillOneBusinessReportableSegmentsMember_2" xml:lang="en" xlink:role="http://www.xbrl.org/2003/role/verboseLabel" id="label_SansanBillOneBusinessReportableSegmentsMember_2">Sansan/Bill One business, Reportable segments [member]</link:label>    <link:labelArc xlink:type="arc" xlink:arcrole="http://www.xbrl.org/2003/arcrole/concept-label" xlink:from="SansanBillOneBusinessReportableSegmentsMember" xlink:to="label_SansanBillOneBusinessReportableSegmentsMember_2" />    <link:label xlink:type="resource" xlink:label="label_EightBusinessReportableSegmentsMember" xml:lang="en" xlink:role="http://www.xbrl.org/2003/role/label" id="label_EightBusinessReportableSegmentsMember">Eight business</link:label>    <link:labelArc xlink:type="arc" xlink:arcrole="http://www.xbrl.org/2003/arcrole/concept-label" xlink:from="EightBusinessReportableSegmentsMember" xlink:to="label_EightBusinessReportableSegmentsMember" />    <link:label xlink:type="resource" xlink:label="label_EightBusinessReportableSegmentsMember_2" xml:lang="en" xlink:role="http://www.xbrl.org/2003/role/verboseLabel" id="label_EightBusinessReportableSegmentsMember_2">Eight business, Reportable segments [member]</link:label>    <link:labelArc xlink:type="arc" xlink:arcrole="http://www.xbrl.org/2003/arcrole/concept-label" xlink:from="EightBusinessReportableSegmentsMember" xlink:to="label_EightBusinessReportableSegmentsMember_2" />    <link:label xlink:type="resource" xlink:label="label_AdjustedOperatingProfitLossSegmentInformation" xml:lang="en" xlink:role="http://www.xbrl.org/2003/role/label" id="label_AdjustedOperatingProfitLossSegmentInformation">Adjusted Operating Profit (loss)</link:label>    <link:labelArc xlink:type="arc" xlink:arcrole="http://www.xbrl.org/2003/arcrole/concept-label" xlink:from="AdjustedOperatingProfitLossSegmentInformation" xlink:to="label_AdjustedOperatingProfitLossSegmentInformation" />    <link:label xlink:type="resource" xlink:label="label_AdjustedOperatingProfitLossSegmentInformation_2" xml:lang="en" xlink:role="http://www.xbrl.org/2003/role/verboseLabel" id="label_AdjustedOperatingProfitLossSegmentInformation_2">Adjusted Operating Profit (loss), segment information</link:label>    <link:labelArc xlink:type="arc" xlink:arcrole="http://www.xbrl.org/2003/arcrole/concept-label" xlink:from="AdjustedOperatingProfitLossSegmentInformation" xlink:to="label_AdjustedOperatingProfitLossSegmentInformation_2" />    <link:label xlink:type="resource" xlink:label="label_AdjustedOperatingProfitLossSegmentInformation_3" xml:lang="en" xlink:role="http://www.xbrl.org/2003/role/positiveLabel" id="label_AdjustedOperatingProfitLossSegmentInformation_3">Adjusted Operating Profit</link:label>    <link:labelArc xlink:type="arc" xlink:arcrole="http://www.xbrl.org/2003/arcrole/concept-label" xlink:from="AdjustedOperatingProfitLossSegmentInformation" xlink:to="label_AdjustedOperatingProfitLossSegmentInformation_3" />    <link:label xlink:type="resource" xlink:label="label_AdjustedOperatingProfitLossSegmentInformation_4" xml:lang="en" xlink:role="http://www.xbrl.org/2003/role/negativeLabel" id="label_AdjustedOperatingProfitLossSegmentInformation_4">Adjusted Operating loss</link:label>    <link:labelArc xlink:type="arc" xlink:arcrole="http://www.xbrl.org/2003/arcrole/concept-label" xlink:from="AdjustedOperatingProfitLossSegmentInformation" xlink:to="label_AdjustedOperatingProfitLossSegmentInformation_4" />    <link:label xlink:type="resource" xlink:label="label_ReversalOfProvisionForLossOnShareSaleContractEI_2" xml:lang="en" xlink:role="http://www.xbrl.org/2003/role/label" id="label_ReversalOfProvisionForLossOnShareSaleContractEI_2">Reversal of provision for loss on share sale contract</link:label>    <link:labelArc xlink:type="arc" xlink:arcrole="http://www.xbrl.org/2003/arcrole/concept-label" xlink:from="ReversalOfProvisionForLossOnShareSaleContractEI" xlink:to="label_ReversalOfProvisionForLossOnShareSaleContractEI_2" />    <link:label xlink:type="resource" xlink:label="label_ReversalOfProvisionForLossOnShareSaleContractEI" xml:lang="en" xlink:role="http://www.xbrl.org/2003/role/verboseLabel" id="label_ReversalOfProvisionForLossOnShareSaleContractEI">Reversal of provision for loss on share sale contract-EI</link:label>    <link:labelArc xlink:type="arc" xlink:arcrole="http://www.xbrl.org/2003/arcrole/concept-label" xlink:from="ReversalOfProvisionForLossOnShareSaleContractEI" xlink:to="label_ReversalOfProvisionForLossOnShareSaleContractEI" />    <link:label xlink:type="resource" xlink:label="label_LossOnCancellationOfTreasuryShareAcquisitionRightsEL_2" xml:lang="en" xlink:role="http://www.xbrl.org/2003/role/label" id="label_LossOnCancellationOfTreasuryShareAcquisitionRightsEL_2">Loss on cancellation of treasury share acquisition rights</link:label>    <link:labelArc xlink:type="arc" xlink:arcrole="http://www.xbrl.org/2003/arcrole/concept-label" xlink:from="LossOnCancellationOfTreasuryShareAcquisitionRightsEL" xlink:to="label_LossOnCancellationOfTreasuryShareAcquisitionRightsEL_2" />    <link:label xlink:type="resource" xlink:label="label_LossOnCancellationOfTreasuryShareAcquisitionRightsEL" xml:lang="en" xlink:role="http://www.xbrl.org/2003/role/verboseLabel" id="label_LossOnCancellationOfTreasuryShareAcquisitionRightsEL">Loss on cancellation of treasury share acquisition rights-EL</link:label>    <link:labelArc xlink:type="arc" xlink:arcrole="http://www.xbrl.org/2003/arcrole/concept-label" xlink:from="LossOnCancellationOfTreasuryShareAcquisitionRightsEL" xlink:to="label_LossOnCancellationOfTreasuryShareAcquisitionRightsEL" />    <link:loc xlink:type="locator" xlink:href="http://disclosure.edinet-fsa.go.jp/taxonomy/jppfs/2024-11-01/jppfs_cor_2024-11-01.xsd#jppfs_cor_ExtraordinaryLossAbstract" xlink:label="ExtraordinaryLossAbstract" />    <link:label xlink:type="resource" xlink:label="label_ExtraordinaryLossAbstract" xml:lang="en" xlink:role="http://www.xbrl.org/2003/role/totalLabel" id="label_ExtraordinaryLossAbstract">Total extraordinary losses</link:label>    <link:labelArc xlink:type="arc" xlink:arcrole="http://www.xbrl.org/2003/arcrole/concept-label" xlink:from="ExtraordinaryLossAbstract" xlink:to="label_ExtraordinaryLossAbstract" />    <link:label xlink:type="resource" xlink:label="label_ReversalOfProvisionForLossOnShareSaleContractOpeCF" xml:lang="en" xlink:role="http://www.xbrl.org/2003/role/label" id="label_ReversalOfProvisionForLossOnShareSaleContractOpeCF">Reversal of provision for loss on share sale contract</link:label>    <link:labelArc xlink:type="arc" xlink:arcrole="http://www.xbrl.org/2003/arcrole/concept-label" xlink:from="ReversalOfProvisionForLossOnShareSaleContractOpeCF" xlink:to="label_ReversalOfProvisionForLossOnShareSaleContractOpeCF" />    <link:label xlink:type="resource" xlink:label="label_ReversalOfProvisionForLossOnShareSaleContractOpeCF_2" xml:lang="en" xlink:role="http://www.xbrl.org/2003/role/verboseLabel" id="label_ReversalOfProvisionForLossOnShareSaleContractOpeCF_2">Reversal of provision for loss on share sale contract - OpeCF</link:label>    <link:labelArc xlink:type="arc" xlink:arcrole="http://www.xbrl.org/2003/arcrole/concept-label" xlink:from="ReversalOfProvisionForLossOnShareSaleContractOpeCF" xlink:to="label_ReversalOfProvisionForLossOnShareSaleContractOpeCF_2" />    <link:label xlink:type="resource" xlink:label="label_LossOnCancellationOfTreasuryShareAcquisitionRightsOpeCF" xml:lang="en" xlink:role="http://www.xbrl.org/2003/role/label" id="label_LossOnCancellationOfTreasuryShareAcquisitionRightsOpeCF">Loss on cancellation of treasury share acquisition rights</link:label>    <link:labelArc xlink:type="arc" xlink:arcrole="http://www.xbrl.org/2003/arcrole/concept-label" xlink:from="LossOnCancellationOfTreasuryShareAcquisitionRightsOpeCF" xlink:to="label_LossOnCancellationOfTreasuryShareAcquisitionRightsOpeCF" />    <link:label xlink:type="resource" xlink:label="label_LossOnCancellationOfTreasuryShareAcquisitionRightsOpeCF_2" xml:lang="en" xlink:role="http://www.xbrl.org/2003/role/verboseLabel" id="label_LossOnCancellationOfTreasuryShareAcquisitionRightsOpeCF_2">Loss on cancellation of treasury share acquisition rights - OpeCF</link:label>    <link:labelArc xlink:type="arc" xlink:arcrole="http://www.xbrl.org/2003/arcrole/concept-label" xlink:from="LossOnCancellationOfTreasuryShareAcquisitionRightsOpeCF" xlink:to="label_LossOnCancellationOfTreasuryShareAcquisitionRightsOpeCF_2" />    <link:label xlink:type="resource" xlink:label="label_PurchaseOfTreasuryShareAcquisitionRightsFinCF" xml:lang="en" xlink:role="http://www.xbrl.org/2003/role/label" id="label_PurchaseOfTreasuryShareAcquisitionRightsFinCF">Purchase of treasury share acquisition rights</link:label>    <link:labelArc xlink:type="arc" xlink:arcrole="http://www.xbrl.org/2003/arcrole/concept-label" xlink:from="PurchaseOfTreasuryShareAcquisitionRightsFinCF" xlink:to="label_PurchaseOfTreasuryShareAcquisitionRightsFinCF" />    <link:label xlink:type="resource" xlink:label="label_PurchaseOfTreasuryShareAcquisitionRightsFinCF_2" xml:lang="en" xlink:role="http://www.xbrl.org/2003/role/verboseLabel" id="label_PurchaseOfTreasuryShareAcquisitionRightsFinCF_2">Purchase of treasury share acquisition rights - FinCF</link:label>    <link:labelArc xlink:type="arc" xlink:arcrole="http://www.xbrl.org/2003/arcrole/concept-label" xlink:from="PurchaseOfTreasuryShareAcquisitionRightsFinCF" xlink:to="label_PurchaseOfTreasuryShareAcquisitionRightsFinCF_2" />  </link:labelLink></link:linkbase>