﻿<?xml version="1.0" encoding="utf-8"?>
<!-- XBRL Document Created with WizLabo Platform -->
<link:linkbase xmlns:xlink="http://www.w3.org/1999/xlink" xmlns:xsi="http://www.w3.org/2001/XMLSchema-instance" xmlns:link="http://www.xbrl.org/2003/linkbase">
  <link:roleRef xlink:type="simple" xlink:href="http://disclosure.edinet-fsa.go.jp/taxonomy/jpcrp/2023-12-01/jpcrp_rt_2023-12-01.xsd#rol_altLabel" roleURI="http://disclosure.edinet-fsa.go.jp/jpcrp/alt/role/label" />
  <link:roleRef xlink:type="simple" xlink:href="http://disclosure.edinet-fsa.go.jp/taxonomy/jppfs/2023-12-01/jppfs_rt_2023-12-01.xsd#rol_ConsolidatedInterimLabel" roleURI="http://disclosure.edinet-fsa.go.jp/jppfs/ConsolidatedInterim/role/label" />
  <link:roleRef xlink:type="simple" xlink:href="http://disclosure.edinet-fsa.go.jp/taxonomy/jppfs/2023-12-01/jppfs_rt_2023-12-01.xsd#rol_ConsolidatedInterimPeriodEndLabel" roleURI="http://disclosure.edinet-fsa.go.jp/jppfs/ConsolidatedInterim/role/periodEndLabel" />
  <link:labelLink xlink:type="extended" xlink:role="http://www.xbrl.org/2003/role/link">
    <link:label xml:lang="en" xlink:type="resource" xlink:label="jpigp_cor_ComprehensiveIncomeAttributableToIFRSAbstract_label" xlink:role="http://disclosure.edinet-fsa.go.jp/jppfs/ConsolidatedInterim/role/label">Comprehensive income attributable to</link:label>
    <link:label xml:lang="en" xlink:type="resource" xlink:label="jpigp_cor_CondensedQuarterlyConsolidatedFinancialStatementIFRSHeading_label" xlink:role="http://disclosure.edinet-fsa.go.jp/jppfs/ConsolidatedInterim/role/label">Condensed semi-annual consolidated financial statement</link:label>
    <link:label xml:lang="en" xlink:type="resource" xlink:label="jpigp_cor_CondensedQuarterlyConsolidatedStatementOfCashFlowsIFRSHeading_label" xlink:role="http://disclosure.edinet-fsa.go.jp/jppfs/ConsolidatedInterim/role/label">Condensed semi-annual consolidated statement of cash flows</link:label>
    <link:label xml:lang="en" xlink:type="resource" xlink:label="jpigp_cor_CondensedQuarterlyConsolidatedStatementOfCashFlowsIFRSTextBlock_label" xlink:role="http://disclosure.edinet-fsa.go.jp/jppfs/ConsolidatedInterim/role/label">Condensed semi-annual consolidated statement of cash flows</link:label>
    <link:label xml:lang="en" xlink:type="resource" xlink:label="jpigp_cor_CondensedQuarterlyConsolidatedStatementOfChangesInEquityIFRSHeading_label" xlink:role="http://disclosure.edinet-fsa.go.jp/jppfs/ConsolidatedInterim/role/label">Condensed semi-annual consolidated statement of changes in equity</link:label>
    <link:label xml:lang="en" xlink:type="resource" xlink:label="jpigp_cor_CondensedQuarterlyConsolidatedStatementOfChangesInEquityIFRSTextBlock_label" xlink:role="http://disclosure.edinet-fsa.go.jp/jppfs/ConsolidatedInterim/role/label">Condensed semi-annual consolidated statement of changes in equity</link:label>
    <link:label xml:lang="en" xlink:type="resource" xlink:label="jpigp_cor_CondensedQuarterlyConsolidatedStatementOfComprehensiveIncomeIFRSHeading_label" xlink:role="http://disclosure.edinet-fsa.go.jp/jppfs/ConsolidatedInterim/role/label">Condensed semi-annual consolidated statement of comprehensive income</link:label>
    <link:label xml:lang="en" xlink:type="resource" xlink:label="jpigp_cor_CondensedQuarterlyConsolidatedStatementOfFinancialPositionIFRSHeading_label" xlink:role="http://disclosure.edinet-fsa.go.jp/jppfs/ConsolidatedInterim/role/label">Condensed semi-annual consolidated statement of financial position</link:label>
    <link:label xml:lang="en" xlink:type="resource" xlink:label="jpigp_cor_CondensedQuarterlyConsolidatedStatementOfFinancialPositionIFRSTextBlock_label" xlink:role="http://disclosure.edinet-fsa.go.jp/jppfs/ConsolidatedInterim/role/label">Condensed semi-annual consolidated statement of financial position</link:label>
    <link:label xml:lang="en" xlink:type="resource" xlink:label="jpigp_cor_CondensedQuarterlyConsolidatedStatementOfProfitOrLossAndCondensedQuarterlyConsolidatedStatementOfComprehensiveIncomeIFRSHeading_label" xlink:role="http://disclosure.edinet-fsa.go.jp/jppfs/ConsolidatedInterim/role/label">Condensed semi-annual consolidated statement of profit or loss and condensed semi-annual consolidated statement of comprehensive income</link:label>
    <link:label xml:lang="en" xlink:type="resource" xlink:label="jpigp_cor_CondensedQuarterlyConsolidatedStatementOfProfitOrLossIFRSHeading_label" xlink:role="http://disclosure.edinet-fsa.go.jp/jppfs/ConsolidatedInterim/role/label">Condensed semi-annual consolidated statement of profit or loss</link:label>
    <link:label xml:lang="en" xlink:type="resource" xlink:label="jpigp_cor_CondensedYearToQuarterEndConsolidatedStatementOfComprehensiveIncomeIFRSHeading_label" xlink:role="http://disclosure.edinet-fsa.go.jp/jppfs/ConsolidatedInterim/role/label">Condensed Interim consolidated statement of comprehensive income</link:label>
    <link:label xml:lang="en" xlink:type="resource" xlink:label="jpigp_cor_CondensedYearToQuarterEndConsolidatedStatementOfComprehensiveIncomeIFRSTextBlock_label" xlink:role="http://disclosure.edinet-fsa.go.jp/jppfs/ConsolidatedInterim/role/label">Condensed Interim consolidated statement of comprehensive income</link:label>
    <link:label xml:lang="en" xlink:type="resource" xlink:label="jpigp_cor_CondensedYearToQuarterEndConsolidatedStatementOfProfitOrLossIFRSHeading_label" xlink:role="http://disclosure.edinet-fsa.go.jp/jppfs/ConsolidatedInterim/role/label">Condensed Interim consolidated statement of profit or loss</link:label>
    <link:label xml:lang="en" xlink:type="resource" xlink:label="jpigp_cor_CondensedYearToQuarterEndConsolidatedStatementOfProfitOrLossIFRSTextBlock_label" xlink:role="http://disclosure.edinet-fsa.go.jp/jppfs/ConsolidatedInterim/role/label">Condensed Interim consolidated statement of profit or loss</link:label>
    <link:label xml:lang="en" xlink:type="resource" xlink:label="jpigp_cor_EquityIFRS_label" xlink:role="http://disclosure.edinet-fsa.go.jp/jppfs/ConsolidatedInterim/role/periodEndLabel">Balance at end of period</link:label>
    <link:label xml:lang="en" xlink:type="resource" xlink:label="jpigp_cor_NetIncreaseDecreaseInCashAndCashEquivalentsIFRS_label" xlink:role="http://disclosure.edinet-fsa.go.jp/jpcrp/alt/role/label">Net increase (decrease) in cash and cash equivalents</link:label>
    <link:label xml:lang="en" xlink:type="resource" xlink:label="jpigp_cor_NotesToCondensedQuarterlyConsolidatedFinancialStatementsIFRSHeading_label" xlink:role="http://disclosure.edinet-fsa.go.jp/jppfs/ConsolidatedInterim/role/label">Notes to condensed semi-annual consolidated financial statements</link:label>
    <link:label xml:lang="en" xlink:type="resource" xlink:label="jpigp_cor_TotalTransactionsWithOwnersIFRS_label" xlink:role="http://www.xbrl.org/2003/role/totalLabel">Total transactions with owners</link:label>
    <link:label xml:lang="en" xlink:type="resource" xlink:label="jpigp_cor_TransactionsWithOwnersIFRSAbstract_label" xlink:role="http://disclosure.edinet-fsa.go.jp/jpcrp/alt/role/label">Transactions with owners</link:label>
    <link:label xml:lang="en" xlink:type="resource" xlink:label="tse-qcediffr-91680_PurchaseOfLongTermPrepaidExpensesInvCFIFRS_label" xlink:role="http://www.xbrl.org/2003/role/label">Purchase of long-term prepaid expenses</link:label>
    <link:label xml:lang="en" xlink:type="resource" xlink:label="tse-qcediffr-91680_PurchaseOfLongTermPrepaidExpensesInvCFIFRS_label_1" xlink:role="http://www.xbrl.org/2003/role/verboseLabel">Purchase of long-term prepaid expenses-InvCF (IFRS)</link:label>
    <link:loc xlink:type="locator" xlink:href="http://disclosure.edinet-fsa.go.jp/taxonomy/jpigp/2023-12-01/jpigp_cor_2023-12-01.xsd#jpigp_cor_ComprehensiveIncomeAttributableToIFRSAbstract" xlink:label="jpigp_cor_ComprehensiveIncomeAttributableToIFRSAbstract" />
    <link:loc xlink:type="locator" xlink:href="http://disclosure.edinet-fsa.go.jp/taxonomy/jpigp/2023-12-01/jpigp_cor_2023-12-01.xsd#jpigp_cor_CondensedQuarterlyConsolidatedFinancialStatementIFRSHeading" xlink:label="jpigp_cor_CondensedQuarterlyConsolidatedFinancialStatementIFRSHeading" />
    <link:loc xlink:type="locator" xlink:href="http://disclosure.edinet-fsa.go.jp/taxonomy/jpigp/2023-12-01/jpigp_cor_2023-12-01.xsd#jpigp_cor_CondensedQuarterlyConsolidatedStatementOfCashFlowsIFRSHeading" xlink:label="jpigp_cor_CondensedQuarterlyConsolidatedStatementOfCashFlowsIFRSHeading" />
    <link:loc xlink:type="locator" xlink:href="http://disclosure.edinet-fsa.go.jp/taxonomy/jpigp/2023-12-01/jpigp_cor_2023-12-01.xsd#jpigp_cor_CondensedQuarterlyConsolidatedStatementOfCashFlowsIFRSTextBlock" xlink:label="jpigp_cor_CondensedQuarterlyConsolidatedStatementOfCashFlowsIFRSTextBlock" />
    <link:loc xlink:type="locator" xlink:href="http://disclosure.edinet-fsa.go.jp/taxonomy/jpigp/2023-12-01/jpigp_cor_2023-12-01.xsd#jpigp_cor_CondensedQuarterlyConsolidatedStatementOfChangesInEquityIFRSHeading" xlink:label="jpigp_cor_CondensedQuarterlyConsolidatedStatementOfChangesInEquityIFRSHeading" />
    <link:loc xlink:type="locator" xlink:href="http://disclosure.edinet-fsa.go.jp/taxonomy/jpigp/2023-12-01/jpigp_cor_2023-12-01.xsd#jpigp_cor_CondensedQuarterlyConsolidatedStatementOfChangesInEquityIFRSTextBlock" xlink:label="jpigp_cor_CondensedQuarterlyConsolidatedStatementOfChangesInEquityIFRSTextBlock" />
    <link:loc xlink:type="locator" xlink:href="http://disclosure.edinet-fsa.go.jp/taxonomy/jpigp/2023-12-01/jpigp_cor_2023-12-01.xsd#jpigp_cor_CondensedQuarterlyConsolidatedStatementOfComprehensiveIncomeIFRSHeading" xlink:label="jpigp_cor_CondensedQuarterlyConsolidatedStatementOfComprehensiveIncomeIFRSHeading" />
    <link:loc xlink:type="locator" xlink:href="http://disclosure.edinet-fsa.go.jp/taxonomy/jpigp/2023-12-01/jpigp_cor_2023-12-01.xsd#jpigp_cor_CondensedQuarterlyConsolidatedStatementOfFinancialPositionIFRSHeading" xlink:label="jpigp_cor_CondensedQuarterlyConsolidatedStatementOfFinancialPositionIFRSHeading" />
    <link:loc xlink:type="locator" xlink:href="http://disclosure.edinet-fsa.go.jp/taxonomy/jpigp/2023-12-01/jpigp_cor_2023-12-01.xsd#jpigp_cor_CondensedQuarterlyConsolidatedStatementOfFinancialPositionIFRSTextBlock" xlink:label="jpigp_cor_CondensedQuarterlyConsolidatedStatementOfFinancialPositionIFRSTextBlock" />
    <link:loc xlink:type="locator" xlink:href="http://disclosure.edinet-fsa.go.jp/taxonomy/jpigp/2023-12-01/jpigp_cor_2023-12-01.xsd#jpigp_cor_CondensedQuarterlyConsolidatedStatementOfProfitOrLossAndCondensedQuarterlyConsolidatedStatementOfComprehensiveIncomeIFRSHeading" xlink:label="jpigp_cor_CondensedQuarterlyConsolidatedStatementOfProfitOrLossAndCondensedQuarterlyConsolidatedStatementOfComprehensiveIncomeIFRSHeading" />
    <link:loc xlink:type="locator" xlink:href="http://disclosure.edinet-fsa.go.jp/taxonomy/jpigp/2023-12-01/jpigp_cor_2023-12-01.xsd#jpigp_cor_CondensedQuarterlyConsolidatedStatementOfProfitOrLossIFRSHeading" xlink:label="jpigp_cor_CondensedQuarterlyConsolidatedStatementOfProfitOrLossIFRSHeading" />
    <link:loc xlink:type="locator" xlink:href="http://disclosure.edinet-fsa.go.jp/taxonomy/jpigp/2023-12-01/jpigp_cor_2023-12-01.xsd#jpigp_cor_CondensedYearToQuarterEndConsolidatedStatementOfComprehensiveIncomeIFRSHeading" xlink:label="jpigp_cor_CondensedYearToQuarterEndConsolidatedStatementOfComprehensiveIncomeIFRSHeading" />
    <link:loc xlink:type="locator" xlink:href="http://disclosure.edinet-fsa.go.jp/taxonomy/jpigp/2023-12-01/jpigp_cor_2023-12-01.xsd#jpigp_cor_CondensedYearToQuarterEndConsolidatedStatementOfComprehensiveIncomeIFRSTextBlock" xlink:label="jpigp_cor_CondensedYearToQuarterEndConsolidatedStatementOfComprehensiveIncomeIFRSTextBlock" />
    <link:loc xlink:type="locator" xlink:href="http://disclosure.edinet-fsa.go.jp/taxonomy/jpigp/2023-12-01/jpigp_cor_2023-12-01.xsd#jpigp_cor_CondensedYearToQuarterEndConsolidatedStatementOfProfitOrLossIFRSHeading" xlink:label="jpigp_cor_CondensedYearToQuarterEndConsolidatedStatementOfProfitOrLossIFRSHeading" />
    <link:loc xlink:type="locator" xlink:href="http://disclosure.edinet-fsa.go.jp/taxonomy/jpigp/2023-12-01/jpigp_cor_2023-12-01.xsd#jpigp_cor_CondensedYearToQuarterEndConsolidatedStatementOfProfitOrLossIFRSTextBlock" xlink:label="jpigp_cor_CondensedYearToQuarterEndConsolidatedStatementOfProfitOrLossIFRSTextBlock" />
    <link:loc xlink:type="locator" xlink:href="http://disclosure.edinet-fsa.go.jp/taxonomy/jpigp/2023-12-01/jpigp_cor_2023-12-01.xsd#jpigp_cor_EquityIFRS" xlink:label="jpigp_cor_EquityIFRS" />
    <link:loc xlink:type="locator" xlink:href="http://disclosure.edinet-fsa.go.jp/taxonomy/jpigp/2023-12-01/jpigp_cor_2023-12-01.xsd#jpigp_cor_NetIncreaseDecreaseInCashAndCashEquivalentsIFRS" xlink:label="jpigp_cor_NetIncreaseDecreaseInCashAndCashEquivalentsIFRS" />
    <link:loc xlink:type="locator" xlink:href="http://disclosure.edinet-fsa.go.jp/taxonomy/jpigp/2023-12-01/jpigp_cor_2023-12-01.xsd#jpigp_cor_NotesToCondensedQuarterlyConsolidatedFinancialStatementsIFRSHeading" xlink:label="jpigp_cor_NotesToCondensedQuarterlyConsolidatedFinancialStatementsIFRSHeading" />
    <link:loc xlink:type="locator" xlink:href="http://disclosure.edinet-fsa.go.jp/taxonomy/jpigp/2023-12-01/jpigp_cor_2023-12-01.xsd#jpigp_cor_TotalTransactionsWithOwnersIFRS" xlink:label="jpigp_cor_TotalTransactionsWithOwnersIFRS" />
    <link:loc xlink:type="locator" xlink:href="http://disclosure.edinet-fsa.go.jp/taxonomy/jpigp/2023-12-01/jpigp_cor_2023-12-01.xsd#jpigp_cor_TransactionsWithOwnersIFRSAbstract" xlink:label="jpigp_cor_TransactionsWithOwnersIFRSAbstract" />
    <link:loc xlink:type="locator" xlink:href="tse-qcediffr-91680-2025-11-30-01-2026-01-13.xsd#tse-qcediffr-91680_PurchaseOfLongTermPrepaidExpensesInvCFIFRS" xlink:label="tse-qcediffr-91680_PurchaseOfLongTermPrepaidExpensesInvCFIFRS" />
    <link:labelArc xlink:type="arc" xlink:from="jpigp_cor_ComprehensiveIncomeAttributableToIFRSAbstract" xlink:to="jpigp_cor_ComprehensiveIncomeAttributableToIFRSAbstract_label" xlink:arcrole="http://www.xbrl.org/2003/arcrole/concept-label" order="1" />
    <link:labelArc xlink:type="arc" xlink:from="jpigp_cor_CondensedQuarterlyConsolidatedFinancialStatementIFRSHeading" xlink:to="jpigp_cor_CondensedQuarterlyConsolidatedFinancialStatementIFRSHeading_label" xlink:arcrole="http://www.xbrl.org/2003/arcrole/concept-label" order="1" />
    <link:labelArc xlink:type="arc" xlink:from="jpigp_cor_CondensedQuarterlyConsolidatedStatementOfCashFlowsIFRSHeading" xlink:to="jpigp_cor_CondensedQuarterlyConsolidatedStatementOfCashFlowsIFRSHeading_label" xlink:arcrole="http://www.xbrl.org/2003/arcrole/concept-label" order="1" />
    <link:labelArc xlink:type="arc" xlink:from="jpigp_cor_CondensedQuarterlyConsolidatedStatementOfCashFlowsIFRSTextBlock" xlink:to="jpigp_cor_CondensedQuarterlyConsolidatedStatementOfCashFlowsIFRSTextBlock_label" xlink:arcrole="http://www.xbrl.org/2003/arcrole/concept-label" order="1" />
    <link:labelArc xlink:type="arc" xlink:from="jpigp_cor_CondensedQuarterlyConsolidatedStatementOfChangesInEquityIFRSHeading" xlink:to="jpigp_cor_CondensedQuarterlyConsolidatedStatementOfChangesInEquityIFRSHeading_label" xlink:arcrole="http://www.xbrl.org/2003/arcrole/concept-label" order="1" />
    <link:labelArc xlink:type="arc" xlink:from="jpigp_cor_CondensedQuarterlyConsolidatedStatementOfChangesInEquityIFRSTextBlock" xlink:to="jpigp_cor_CondensedQuarterlyConsolidatedStatementOfChangesInEquityIFRSTextBlock_label" xlink:arcrole="http://www.xbrl.org/2003/arcrole/concept-label" order="1" />
    <link:labelArc xlink:type="arc" xlink:from="jpigp_cor_CondensedQuarterlyConsolidatedStatementOfComprehensiveIncomeIFRSHeading" xlink:to="jpigp_cor_CondensedQuarterlyConsolidatedStatementOfComprehensiveIncomeIFRSHeading_label" xlink:arcrole="http://www.xbrl.org/2003/arcrole/concept-label" order="1" />
    <link:labelArc xlink:type="arc" xlink:from="jpigp_cor_CondensedQuarterlyConsolidatedStatementOfFinancialPositionIFRSHeading" xlink:to="jpigp_cor_CondensedQuarterlyConsolidatedStatementOfFinancialPositionIFRSHeading_label" xlink:arcrole="http://www.xbrl.org/2003/arcrole/concept-label" order="1" />
    <link:labelArc xlink:type="arc" xlink:from="jpigp_cor_CondensedQuarterlyConsolidatedStatementOfFinancialPositionIFRSTextBlock" xlink:to="jpigp_cor_CondensedQuarterlyConsolidatedStatementOfFinancialPositionIFRSTextBlock_label" xlink:arcrole="http://www.xbrl.org/2003/arcrole/concept-label" order="1" />
    <link:labelArc xlink:type="arc" xlink:from="jpigp_cor_CondensedQuarterlyConsolidatedStatementOfProfitOrLossAndCondensedQuarterlyConsolidatedStatementOfComprehensiveIncomeIFRSHeading" xlink:to="jpigp_cor_CondensedQuarterlyConsolidatedStatementOfProfitOrLossAndCondensedQuarterlyConsolidatedStatementOfComprehensiveIncomeIFRSHeading_label" xlink:arcrole="http://www.xbrl.org/2003/arcrole/concept-label" order="1" />
    <link:labelArc xlink:type="arc" xlink:from="jpigp_cor_CondensedQuarterlyConsolidatedStatementOfProfitOrLossIFRSHeading" xlink:to="jpigp_cor_CondensedQuarterlyConsolidatedStatementOfProfitOrLossIFRSHeading_label" xlink:arcrole="http://www.xbrl.org/2003/arcrole/concept-label" order="1" />
    <link:labelArc xlink:type="arc" xlink:from="jpigp_cor_CondensedYearToQuarterEndConsolidatedStatementOfComprehensiveIncomeIFRSHeading" xlink:to="jpigp_cor_CondensedYearToQuarterEndConsolidatedStatementOfComprehensiveIncomeIFRSHeading_label" xlink:arcrole="http://www.xbrl.org/2003/arcrole/concept-label" order="1" />
    <link:labelArc xlink:type="arc" xlink:from="jpigp_cor_CondensedYearToQuarterEndConsolidatedStatementOfComprehensiveIncomeIFRSTextBlock" xlink:to="jpigp_cor_CondensedYearToQuarterEndConsolidatedStatementOfComprehensiveIncomeIFRSTextBlock_label" xlink:arcrole="http://www.xbrl.org/2003/arcrole/concept-label" order="1" />
    <link:labelArc xlink:type="arc" xlink:from="jpigp_cor_CondensedYearToQuarterEndConsolidatedStatementOfProfitOrLossIFRSHeading" xlink:to="jpigp_cor_CondensedYearToQuarterEndConsolidatedStatementOfProfitOrLossIFRSHeading_label" xlink:arcrole="http://www.xbrl.org/2003/arcrole/concept-label" order="1" />
    <link:labelArc xlink:type="arc" xlink:from="jpigp_cor_CondensedYearToQuarterEndConsolidatedStatementOfProfitOrLossIFRSTextBlock" xlink:to="jpigp_cor_CondensedYearToQuarterEndConsolidatedStatementOfProfitOrLossIFRSTextBlock_label" xlink:arcrole="http://www.xbrl.org/2003/arcrole/concept-label" order="1" />
    <link:labelArc xlink:type="arc" xlink:from="jpigp_cor_EquityIFRS" xlink:to="jpigp_cor_EquityIFRS_label" xlink:arcrole="http://www.xbrl.org/2003/arcrole/concept-label" order="1" />
    <link:labelArc xlink:type="arc" xlink:from="jpigp_cor_NetIncreaseDecreaseInCashAndCashEquivalentsIFRS" xlink:to="jpigp_cor_NetIncreaseDecreaseInCashAndCashEquivalentsIFRS_label" xlink:arcrole="http://www.xbrl.org/2003/arcrole/concept-label" order="1" />
    <link:labelArc xlink:type="arc" xlink:from="jpigp_cor_NotesToCondensedQuarterlyConsolidatedFinancialStatementsIFRSHeading" xlink:to="jpigp_cor_NotesToCondensedQuarterlyConsolidatedFinancialStatementsIFRSHeading_label" xlink:arcrole="http://www.xbrl.org/2003/arcrole/concept-label" order="1" />
    <link:labelArc xlink:type="arc" xlink:from="jpigp_cor_TotalTransactionsWithOwnersIFRS" xlink:to="jpigp_cor_TotalTransactionsWithOwnersIFRS_label" xlink:arcrole="http://www.xbrl.org/2003/arcrole/concept-label" order="1" />
    <link:labelArc xlink:type="arc" xlink:from="jpigp_cor_TransactionsWithOwnersIFRSAbstract" xlink:to="jpigp_cor_TransactionsWithOwnersIFRSAbstract_label" xlink:arcrole="http://www.xbrl.org/2003/arcrole/concept-label" order="1" />
    <link:labelArc xlink:type="arc" xlink:from="tse-qcediffr-91680_PurchaseOfLongTermPrepaidExpensesInvCFIFRS" xlink:to="tse-qcediffr-91680_PurchaseOfLongTermPrepaidExpensesInvCFIFRS_label" xlink:arcrole="http://www.xbrl.org/2003/arcrole/concept-label" order="1" />
    <link:labelArc xlink:type="arc" xlink:from="tse-qcediffr-91680_PurchaseOfLongTermPrepaidExpensesInvCFIFRS" xlink:to="tse-qcediffr-91680_PurchaseOfLongTermPrepaidExpensesInvCFIFRS_label_1" xlink:arcrole="http://www.xbrl.org/2003/arcrole/concept-label" order="1" />
  </link:labelLink>
</link:linkbase>