﻿<?xml version="1.0" encoding="utf-8"?>
<!-- XBRL Document Created with WizLabo Platform -->
<link:linkbase xmlns:xlink="http://www.w3.org/1999/xlink" xmlns:xsi="http://www.w3.org/2001/XMLSchema-instance" xmlns:link="http://www.xbrl.org/2003/linkbase">
  <link:labelLink xlink:type="extended" xlink:role="http://www.xbrl.org/2003/role/link">
    <link:label xml:lang="ja" xlink:type="resource" xlink:label="tse-qcedjpfr-23410_AccountsReceivableTradeAndContractAssetsCA_label" xlink:role="http://www.xbrl.org/2003/role/label">売掛金及び契約資産</link:label>
    <link:label xml:lang="ja" xlink:type="resource" xlink:label="tse-qcedjpfr-23410_AccountsReceivableTradeAndContractAssetsCA_label_1" xlink:role="http://www.xbrl.org/2003/role/verboseLabel">売掛金及び契約資産、流動資産</link:label>
    <link:label xml:lang="ja" xlink:type="resource" xlink:label="tse-qcedjpfr-23410_InformationProvisionReportableSegmentsMember_label" xlink:role="http://www.xbrl.org/2003/role/label">情報提供</link:label>
    <link:label xml:lang="ja" xlink:type="resource" xlink:label="tse-qcedjpfr-23410_InformationProvisionReportableSegmentsMember_label_1" xlink:role="http://www.xbrl.org/2003/role/verboseLabel">情報提供、報告セグメント[メンバー]</link:label>
    <link:label xml:lang="ja" xlink:type="resource" xlink:label="tse-qcedjpfr-23410_SalesPromotionSupportReportableSegmentsMember_label" xlink:role="http://www.xbrl.org/2003/role/label">販促支援</link:label>
    <link:label xml:lang="ja" xlink:type="resource" xlink:label="tse-qcedjpfr-23410_SalesPromotionSupportReportableSegmentsMember_label_1" xlink:role="http://www.xbrl.org/2003/role/verboseLabel">販促支援、報告セグメント[メンバー]</link:label>
    <link:loc xlink:type="locator" xlink:href="tse-qcedjpfr-23410-2025-11-30-01-2026-01-08.xsd#tse-qcedjpfr-23410_AccountsReceivableTradeAndContractAssetsCA" xlink:label="tse-qcedjpfr-23410_AccountsReceivableTradeAndContractAssetsCA" />
    <link:loc xlink:type="locator" xlink:href="tse-qcedjpfr-23410-2025-11-30-01-2026-01-08.xsd#tse-qcedjpfr-23410_InformationProvisionReportableSegmentsMember" xlink:label="tse-qcedjpfr-23410_InformationProvisionReportableSegmentsMember" />
    <link:loc xlink:type="locator" xlink:href="tse-qcedjpfr-23410-2025-11-30-01-2026-01-08.xsd#tse-qcedjpfr-23410_SalesPromotionSupportReportableSegmentsMember" xlink:label="tse-qcedjpfr-23410_SalesPromotionSupportReportableSegmentsMember" />
    <link:labelArc xlink:type="arc" xlink:from="tse-qcedjpfr-23410_AccountsReceivableTradeAndContractAssetsCA" xlink:to="tse-qcedjpfr-23410_AccountsReceivableTradeAndContractAssetsCA_label" xlink:arcrole="http://www.xbrl.org/2003/arcrole/concept-label" order="1" />
    <link:labelArc xlink:type="arc" xlink:from="tse-qcedjpfr-23410_AccountsReceivableTradeAndContractAssetsCA" xlink:to="tse-qcedjpfr-23410_AccountsReceivableTradeAndContractAssetsCA_label_1" xlink:arcrole="http://www.xbrl.org/2003/arcrole/concept-label" order="1" />
    <link:labelArc xlink:type="arc" xlink:from="tse-qcedjpfr-23410_InformationProvisionReportableSegmentsMember" xlink:to="tse-qcedjpfr-23410_InformationProvisionReportableSegmentsMember_label" xlink:arcrole="http://www.xbrl.org/2003/arcrole/concept-label" order="1" />
    <link:labelArc xlink:type="arc" xlink:from="tse-qcedjpfr-23410_InformationProvisionReportableSegmentsMember" xlink:to="tse-qcedjpfr-23410_InformationProvisionReportableSegmentsMember_label_1" xlink:arcrole="http://www.xbrl.org/2003/arcrole/concept-label" order="1" />
    <link:labelArc xlink:type="arc" xlink:from="tse-qcedjpfr-23410_SalesPromotionSupportReportableSegmentsMember" xlink:to="tse-qcedjpfr-23410_SalesPromotionSupportReportableSegmentsMember_label" xlink:arcrole="http://www.xbrl.org/2003/arcrole/concept-label" order="1" />
    <link:labelArc xlink:type="arc" xlink:from="tse-qcedjpfr-23410_SalesPromotionSupportReportableSegmentsMember" xlink:to="tse-qcedjpfr-23410_SalesPromotionSupportReportableSegmentsMember_label_1" xlink:arcrole="http://www.xbrl.org/2003/arcrole/concept-label" order="1" />
  </link:labelLink>
</link:linkbase>