﻿<?xml version="1.0" encoding="utf-8"?>
<!-- XBRL Document Created with WizLabo Platform -->
<link:linkbase xmlns:xlink="http://www.w3.org/1999/xlink" xmlns:xsi="http://www.w3.org/2001/XMLSchema-instance" xmlns:link="http://www.xbrl.org/2003/linkbase">
  <link:labelLink xlink:type="extended" xlink:role="http://www.xbrl.org/2003/role/link">
    <link:label xml:lang="en" xlink:type="resource" xlink:label="tse-qcedjpfr-31890_AestheticAndRelaxationSalonBusinessReportableSegmentMember_label" xlink:role="http://www.xbrl.org/2003/role/label">Aesthetic and relaxation salon business</link:label>
    <link:label xml:lang="en" xlink:type="resource" xlink:label="tse-qcedjpfr-31890_AestheticAndRelaxationSalonBusinessReportableSegmentMember_label_1" xlink:role="http://www.xbrl.org/2003/role/verboseLabel">Aesthetic and relaxation salon business, Reportable segment [member]</link:label>
    <link:label xml:lang="en" xlink:type="resource" xlink:label="tse-qcedjpfr-31890_ConsumptionTaxesReceivableCA_label" xlink:role="http://www.xbrl.org/2003/role/label">Consumption taxes receivable</link:label>
    <link:label xml:lang="en" xlink:type="resource" xlink:label="tse-qcedjpfr-31890_ConsumptionTaxesReceivableCA_label_1" xlink:role="http://www.xbrl.org/2003/role/verboseLabel">Consumption taxes receivable-CA</link:label>
    <link:label xml:lang="en" xlink:type="resource" xlink:label="tse-qcedjpfr-31890_CryptoAssetsCA_label" xlink:role="http://www.xbrl.org/2003/role/label">Crypto assets</link:label>
    <link:label xml:lang="en" xlink:type="resource" xlink:label="tse-qcedjpfr-31890_CryptoAssetsCA_label_1" xlink:role="http://www.xbrl.org/2003/role/verboseLabel">Crypto assets-CA</link:label>
    <link:label xml:lang="en" xlink:type="resource" xlink:label="tse-qcedjpfr-31890_InternetSalesReportableSegmentsMember_label" xlink:role="http://www.xbrl.org/2003/role/label">Internet Sales</link:label>
    <link:label xml:lang="en" xlink:type="resource" xlink:label="tse-qcedjpfr-31890_InternetSalesReportableSegmentsMember_label_1" xlink:role="http://www.xbrl.org/2003/role/verboseLabel">Internet Sales, Reportable segments [member]</link:label>
    <link:label xml:lang="en" xlink:type="resource" xlink:label="tse-qcedjpfr-31890_InvestmentRelatedBusinessReportableSegmentMember_label" xlink:role="http://www.xbrl.org/2003/role/label">Investment-related business</link:label>
    <link:label xml:lang="en" xlink:type="resource" xlink:label="tse-qcedjpfr-31890_InvestmentRelatedBusinessReportableSegmentMember_label_1" xlink:role="http://www.xbrl.org/2003/role/verboseLabel">Investment-related business, Reportable segment [member]</link:label>
    <link:label xml:lang="en" xlink:type="resource" xlink:label="tse-qcedjpfr-31890_LossOnValuationOfCryptoAssetsNOE_label" xlink:role="http://www.xbrl.org/2003/role/label">Loss on valuation of crypto assets</link:label>
    <link:label xml:lang="en" xlink:type="resource" xlink:label="tse-qcedjpfr-31890_LossOnValuationOfCryptoAssetsNOE_label_1" xlink:role="http://www.xbrl.org/2003/role/verboseLabel">Loss on valuation of crypto assets-NOE</link:label>
    <link:label xml:lang="en" xlink:type="resource" xlink:label="tse-qcedjpfr-31890_RetailAndWholesaleSalesLicensingBusinessReportableSegmentMember_label" xlink:role="http://www.xbrl.org/2003/role/label">Retail and wholesale sales, licensing business</link:label>
    <link:label xml:lang="en" xlink:type="resource" xlink:label="tse-qcedjpfr-31890_RetailAndWholesaleSalesLicensingBusinessReportableSegmentMember_label_1" xlink:role="http://www.xbrl.org/2003/role/verboseLabel">Retail and wholesale sales, licensing business, Reportable segment [member]</link:label>
    <link:loc xlink:type="locator" xlink:href="tse-qcedjpfr-31890-2025-11-30-01-2026-01-14.xsd#tse-qcedjpfr-31890_AestheticAndRelaxationSalonBusinessReportableSegmentMember" xlink:label="tse-qcedjpfr-31890_AestheticAndRelaxationSalonBusinessReportableSegmentMember" />
    <link:loc xlink:type="locator" xlink:href="tse-qcedjpfr-31890-2025-11-30-01-2026-01-14.xsd#tse-qcedjpfr-31890_ConsumptionTaxesReceivableCA" xlink:label="tse-qcedjpfr-31890_ConsumptionTaxesReceivableCA" />
    <link:loc xlink:type="locator" xlink:href="tse-qcedjpfr-31890-2025-11-30-01-2026-01-14.xsd#tse-qcedjpfr-31890_CryptoAssetsCA" xlink:label="tse-qcedjpfr-31890_CryptoAssetsCA" />
    <link:loc xlink:type="locator" xlink:href="tse-qcedjpfr-31890-2025-11-30-01-2026-01-14.xsd#tse-qcedjpfr-31890_InternetSalesReportableSegmentsMember" xlink:label="tse-qcedjpfr-31890_InternetSalesReportableSegmentsMember" />
    <link:loc xlink:type="locator" xlink:href="tse-qcedjpfr-31890-2025-11-30-01-2026-01-14.xsd#tse-qcedjpfr-31890_InvestmentRelatedBusinessReportableSegmentMember" xlink:label="tse-qcedjpfr-31890_InvestmentRelatedBusinessReportableSegmentMember" />
    <link:loc xlink:type="locator" xlink:href="tse-qcedjpfr-31890-2025-11-30-01-2026-01-14.xsd#tse-qcedjpfr-31890_LossOnValuationOfCryptoAssetsNOE" xlink:label="tse-qcedjpfr-31890_LossOnValuationOfCryptoAssetsNOE" />
    <link:loc xlink:type="locator" xlink:href="tse-qcedjpfr-31890-2025-11-30-01-2026-01-14.xsd#tse-qcedjpfr-31890_RetailAndWholesaleSalesLicensingBusinessReportableSegmentMember" xlink:label="tse-qcedjpfr-31890_RetailAndWholesaleSalesLicensingBusinessReportableSegmentMember" />
    <link:labelArc xlink:type="arc" xlink:from="tse-qcedjpfr-31890_AestheticAndRelaxationSalonBusinessReportableSegmentMember" xlink:to="tse-qcedjpfr-31890_AestheticAndRelaxationSalonBusinessReportableSegmentMember_label" xlink:arcrole="http://www.xbrl.org/2003/arcrole/concept-label" order="1" />
    <link:labelArc xlink:type="arc" xlink:from="tse-qcedjpfr-31890_AestheticAndRelaxationSalonBusinessReportableSegmentMember" xlink:to="tse-qcedjpfr-31890_AestheticAndRelaxationSalonBusinessReportableSegmentMember_label_1" xlink:arcrole="http://www.xbrl.org/2003/arcrole/concept-label" order="1" />
    <link:labelArc xlink:type="arc" xlink:from="tse-qcedjpfr-31890_ConsumptionTaxesReceivableCA" xlink:to="tse-qcedjpfr-31890_ConsumptionTaxesReceivableCA_label" xlink:arcrole="http://www.xbrl.org/2003/arcrole/concept-label" order="1" />
    <link:labelArc xlink:type="arc" xlink:from="tse-qcedjpfr-31890_ConsumptionTaxesReceivableCA" xlink:to="tse-qcedjpfr-31890_ConsumptionTaxesReceivableCA_label_1" xlink:arcrole="http://www.xbrl.org/2003/arcrole/concept-label" order="1" />
    <link:labelArc xlink:type="arc" xlink:from="tse-qcedjpfr-31890_CryptoAssetsCA" xlink:to="tse-qcedjpfr-31890_CryptoAssetsCA_label" xlink:arcrole="http://www.xbrl.org/2003/arcrole/concept-label" order="1" />
    <link:labelArc xlink:type="arc" xlink:from="tse-qcedjpfr-31890_CryptoAssetsCA" xlink:to="tse-qcedjpfr-31890_CryptoAssetsCA_label_1" xlink:arcrole="http://www.xbrl.org/2003/arcrole/concept-label" order="1" />
    <link:labelArc xlink:type="arc" xlink:from="tse-qcedjpfr-31890_InternetSalesReportableSegmentsMember" xlink:to="tse-qcedjpfr-31890_InternetSalesReportableSegmentsMember_label" xlink:arcrole="http://www.xbrl.org/2003/arcrole/concept-label" order="1" />
    <link:labelArc xlink:type="arc" xlink:from="tse-qcedjpfr-31890_InternetSalesReportableSegmentsMember" xlink:to="tse-qcedjpfr-31890_InternetSalesReportableSegmentsMember_label_1" xlink:arcrole="http://www.xbrl.org/2003/arcrole/concept-label" order="1" />
    <link:labelArc xlink:type="arc" xlink:from="tse-qcedjpfr-31890_InvestmentRelatedBusinessReportableSegmentMember" xlink:to="tse-qcedjpfr-31890_InvestmentRelatedBusinessReportableSegmentMember_label" xlink:arcrole="http://www.xbrl.org/2003/arcrole/concept-label" order="1" />
    <link:labelArc xlink:type="arc" xlink:from="tse-qcedjpfr-31890_InvestmentRelatedBusinessReportableSegmentMember" xlink:to="tse-qcedjpfr-31890_InvestmentRelatedBusinessReportableSegmentMember_label_1" xlink:arcrole="http://www.xbrl.org/2003/arcrole/concept-label" order="1" />
    <link:labelArc xlink:type="arc" xlink:from="tse-qcedjpfr-31890_LossOnValuationOfCryptoAssetsNOE" xlink:to="tse-qcedjpfr-31890_LossOnValuationOfCryptoAssetsNOE_label" xlink:arcrole="http://www.xbrl.org/2003/arcrole/concept-label" order="1" />
    <link:labelArc xlink:type="arc" xlink:from="tse-qcedjpfr-31890_LossOnValuationOfCryptoAssetsNOE" xlink:to="tse-qcedjpfr-31890_LossOnValuationOfCryptoAssetsNOE_label_1" xlink:arcrole="http://www.xbrl.org/2003/arcrole/concept-label" order="1" />
    <link:labelArc xlink:type="arc" xlink:from="tse-qcedjpfr-31890_RetailAndWholesaleSalesLicensingBusinessReportableSegmentMember" xlink:to="tse-qcedjpfr-31890_RetailAndWholesaleSalesLicensingBusinessReportableSegmentMember_label" xlink:arcrole="http://www.xbrl.org/2003/arcrole/concept-label" order="1" />
    <link:labelArc xlink:type="arc" xlink:from="tse-qcedjpfr-31890_RetailAndWholesaleSalesLicensingBusinessReportableSegmentMember" xlink:to="tse-qcedjpfr-31890_RetailAndWholesaleSalesLicensingBusinessReportableSegmentMember_label_1" xlink:arcrole="http://www.xbrl.org/2003/arcrole/concept-label" order="1" />
  </link:labelLink>
</link:linkbase>