<?xml version="1.0" encoding="utf-8"?>
<!-- Generated by PRONEXUS WORKS --><link:linkbase xmlns:link="http://www.xbrl.org/2003/linkbase" xmlns:xsi="http://www.w3.org/2001/XMLSchema-instance" xmlns:xbrli="http://www.xbrl.org/2003/instance" xmlns:xlink="http://www.w3.org/1999/xlink">  <link:labelLink xlink:type="extended" xlink:role="http://www.xbrl.org/2003/role/link">    <link:loc xlink:type="locator" xlink:href="tse-qcedjpfr-31680-2025-11-30-01-2026-01-14.xsd#tse-qcedjpfr-31680_NONFERROUSMETALSReportableSegmentsMember" xlink:label="NONFERROUSMETALSReportableSegmentsMember" />    <link:loc xlink:type="locator" xlink:href="tse-qcedjpfr-31680-2025-11-30-01-2026-01-14.xsd#tse-qcedjpfr-31680_ARTSANDCRAFTSReportableSegmentsMember" xlink:label="ARTSANDCRAFTSReportableSegmentsMember" />    <link:label xlink:type="resource" xlink:label="label_NONFERROUSMETALSReportableSegmentsMember" xml:lang="ja" xlink:role="http://www.xbrl.org/2003/role/label" id="label_NONFERROUSMETALSReportableSegmentsMember">非鉄金属</link:label>    <link:labelArc xlink:type="arc" xlink:arcrole="http://www.xbrl.org/2003/arcrole/concept-label" xlink:from="NONFERROUSMETALSReportableSegmentsMember" xlink:to="label_NONFERROUSMETALSReportableSegmentsMember" />    <link:label xlink:type="resource" xlink:label="label_NONFERROUSMETALSReportableSegmentsMember_2" xml:lang="ja" xlink:role="http://www.xbrl.org/2003/role/verboseLabel" id="label_NONFERROUSMETALSReportableSegmentsMember_2">非鉄金属、報告セグメント [メンバー]</link:label>    <link:labelArc xlink:type="arc" xlink:arcrole="http://www.xbrl.org/2003/arcrole/concept-label" xlink:from="NONFERROUSMETALSReportableSegmentsMember" xlink:to="label_NONFERROUSMETALSReportableSegmentsMember_2" />    <link:label xlink:type="resource" xlink:label="label_ARTSANDCRAFTSReportableSegmentsMember" xml:lang="ja" xlink:role="http://www.xbrl.org/2003/role/label" id="label_ARTSANDCRAFTSReportableSegmentsMember">美術工芸</link:label>    <link:labelArc xlink:type="arc" xlink:arcrole="http://www.xbrl.org/2003/arcrole/concept-label" xlink:from="ARTSANDCRAFTSReportableSegmentsMember" xlink:to="label_ARTSANDCRAFTSReportableSegmentsMember" />    <link:label xlink:type="resource" xlink:label="label_ARTSANDCRAFTSReportableSegmentsMember_2" xml:lang="ja" xlink:role="http://www.xbrl.org/2003/role/verboseLabel" id="label_ARTSANDCRAFTSReportableSegmentsMember_2">美術工芸、報告セグメント [メンバー]</link:label>    <link:labelArc xlink:type="arc" xlink:arcrole="http://www.xbrl.org/2003/arcrole/concept-label" xlink:from="ARTSANDCRAFTSReportableSegmentsMember" xlink:to="label_ARTSANDCRAFTSReportableSegmentsMember_2" />  </link:labelLink></link:linkbase>