﻿<?xml version="1.0" encoding="utf-8"?>
<!-- XBRL Document Created with WizLabo Platform -->
<link:linkbase xmlns:xlink="http://www.w3.org/1999/xlink" xmlns:xsi="http://www.w3.org/2001/XMLSchema-instance" xmlns:link="http://www.xbrl.org/2003/linkbase">
  <link:labelLink xlink:type="extended" xlink:role="http://www.xbrl.org/2003/role/link">
    <link:label xml:lang="ja" xlink:type="resource" xlink:label="tse-qcedjpfr-93310_AccountsReceivableTradeAndContractAssetsCA_label" xlink:role="http://www.xbrl.org/2003/role/label">売掛金及び契約資産</link:label>
    <link:label xml:lang="ja" xlink:type="resource" xlink:label="tse-qcedjpfr-93310_AccountsReceivableTradeAndContractAssetsCA_label_1" xlink:role="http://www.xbrl.org/2003/role/verboseLabel">売掛金及び契約資産、流動資産</link:label>
    <link:label xml:lang="ja" xlink:type="resource" xlink:label="tse-qcedjpfr-93310_AITechReportableSegmentMember_label" xlink:role="http://www.xbrl.org/2003/role/label">AI Tech事業</link:label>
    <link:label xml:lang="ja" xlink:type="resource" xlink:label="tse-qcedjpfr-93310_AITechReportableSegmentMember_label_1" xlink:role="http://www.xbrl.org/2003/role/verboseLabel">AI Tech事業、報告セグメント[メンバー]</link:label>
    <link:label xml:lang="ja" xlink:type="resource" xlink:label="tse-qcedjpfr-93310_BPaaSReportableSegmentMember_label" xlink:role="http://www.xbrl.org/2003/role/label">BPaaS事業</link:label>
    <link:label xml:lang="ja" xlink:type="resource" xlink:label="tse-qcedjpfr-93310_BPaaSReportableSegmentMember_label_1" xlink:role="http://www.xbrl.org/2003/role/verboseLabel">BPaaS事業、報告セグメント [メンバー]</link:label>
    <link:label xml:lang="ja" xlink:type="resource" xlink:label="tse-qcedjpfr-93310_BranchClosureLossEL_label" xlink:role="http://www.xbrl.org/2003/role/label">支店閉鎖損失</link:label>
    <link:label xml:lang="ja" xlink:type="resource" xlink:label="tse-qcedjpfr-93310_BranchClosureLossEL_label_1" xlink:role="http://www.xbrl.org/2003/role/verboseLabel">支店閉鎖損失、特別損失</link:label>
    <link:label xml:lang="ja" xlink:type="resource" xlink:label="tse-qcedjpfr-93310_HRReportableSegmentMember_label" xlink:role="http://www.xbrl.org/2003/role/label">HR事業</link:label>
    <link:label xml:lang="ja" xlink:type="resource" xlink:label="tse-qcedjpfr-93310_HRReportableSegmentMember_label_1" xlink:role="http://www.xbrl.org/2003/role/verboseLabel">HR事業、報告セグメント[メンバー]</link:label>
    <link:loc xlink:type="locator" xlink:href="tse-qcedjpfr-93310-2025-11-30-01-2026-01-14.xsd#tse-qcedjpfr-93310_AccountsReceivableTradeAndContractAssetsCA" xlink:label="tse-qcedjpfr-93310_AccountsReceivableTradeAndContractAssetsCA" />
    <link:loc xlink:type="locator" xlink:href="tse-qcedjpfr-93310-2025-11-30-01-2026-01-14.xsd#tse-qcedjpfr-93310_AITechReportableSegmentMember" xlink:label="tse-qcedjpfr-93310_AITechReportableSegmentMember" />
    <link:loc xlink:type="locator" xlink:href="tse-qcedjpfr-93310-2025-11-30-01-2026-01-14.xsd#tse-qcedjpfr-93310_BPaaSReportableSegmentMember" xlink:label="tse-qcedjpfr-93310_BPaaSReportableSegmentMember" />
    <link:loc xlink:type="locator" xlink:href="tse-qcedjpfr-93310-2025-11-30-01-2026-01-14.xsd#tse-qcedjpfr-93310_BranchClosureLossEL" xlink:label="tse-qcedjpfr-93310_BranchClosureLossEL" />
    <link:loc xlink:type="locator" xlink:href="tse-qcedjpfr-93310-2025-11-30-01-2026-01-14.xsd#tse-qcedjpfr-93310_HRReportableSegmentMember" xlink:label="tse-qcedjpfr-93310_HRReportableSegmentMember" />
    <link:labelArc xlink:type="arc" xlink:from="tse-qcedjpfr-93310_AccountsReceivableTradeAndContractAssetsCA" xlink:to="tse-qcedjpfr-93310_AccountsReceivableTradeAndContractAssetsCA_label" xlink:arcrole="http://www.xbrl.org/2003/arcrole/concept-label" order="1" />
    <link:labelArc xlink:type="arc" xlink:from="tse-qcedjpfr-93310_AccountsReceivableTradeAndContractAssetsCA" xlink:to="tse-qcedjpfr-93310_AccountsReceivableTradeAndContractAssetsCA_label_1" xlink:arcrole="http://www.xbrl.org/2003/arcrole/concept-label" order="1" />
    <link:labelArc xlink:type="arc" xlink:from="tse-qcedjpfr-93310_AITechReportableSegmentMember" xlink:to="tse-qcedjpfr-93310_AITechReportableSegmentMember_label" xlink:arcrole="http://www.xbrl.org/2003/arcrole/concept-label" order="1" />
    <link:labelArc xlink:type="arc" xlink:from="tse-qcedjpfr-93310_AITechReportableSegmentMember" xlink:to="tse-qcedjpfr-93310_AITechReportableSegmentMember_label_1" xlink:arcrole="http://www.xbrl.org/2003/arcrole/concept-label" order="1" />
    <link:labelArc xlink:type="arc" xlink:from="tse-qcedjpfr-93310_BPaaSReportableSegmentMember" xlink:to="tse-qcedjpfr-93310_BPaaSReportableSegmentMember_label" xlink:arcrole="http://www.xbrl.org/2003/arcrole/concept-label" order="1" />
    <link:labelArc xlink:type="arc" xlink:from="tse-qcedjpfr-93310_BPaaSReportableSegmentMember" xlink:to="tse-qcedjpfr-93310_BPaaSReportableSegmentMember_label_1" xlink:arcrole="http://www.xbrl.org/2003/arcrole/concept-label" order="1" />
    <link:labelArc xlink:type="arc" xlink:from="tse-qcedjpfr-93310_BranchClosureLossEL" xlink:to="tse-qcedjpfr-93310_BranchClosureLossEL_label" xlink:arcrole="http://www.xbrl.org/2003/arcrole/concept-label" order="1" />
    <link:labelArc xlink:type="arc" xlink:from="tse-qcedjpfr-93310_BranchClosureLossEL" xlink:to="tse-qcedjpfr-93310_BranchClosureLossEL_label_1" xlink:arcrole="http://www.xbrl.org/2003/arcrole/concept-label" order="1" />
    <link:labelArc xlink:type="arc" xlink:from="tse-qcedjpfr-93310_HRReportableSegmentMember" xlink:to="tse-qcedjpfr-93310_HRReportableSegmentMember_label" xlink:arcrole="http://www.xbrl.org/2003/arcrole/concept-label" order="1" />
    <link:labelArc xlink:type="arc" xlink:from="tse-qcedjpfr-93310_HRReportableSegmentMember" xlink:to="tse-qcedjpfr-93310_HRReportableSegmentMember_label_1" xlink:arcrole="http://www.xbrl.org/2003/arcrole/concept-label" order="1" />
  </link:labelLink>
</link:linkbase>