﻿<?xml version="1.0" encoding="utf-8"?>
<!-- XBRL Document Created with WizLabo Platform -->
<link:linkbase xmlns:xlink="http://www.w3.org/1999/xlink" xmlns:xsi="http://www.w3.org/2001/XMLSchema-instance" xmlns:link="http://www.xbrl.org/2003/linkbase">
  <link:labelLink xlink:type="extended" xlink:role="http://www.xbrl.org/2003/role/link">
    <link:label xml:lang="ja" xlink:type="resource" xlink:label="tse-qcedjpfr-45300_SalesRightsIA_label_1" xlink:role="http://www.xbrl.org/2003/role/label">販売権</link:label>
    <link:label xml:lang="ja" xlink:type="resource" xlink:label="tse-qcedjpfr-45300_SalesRightsIA_label_2" xlink:role="http://www.xbrl.org/2003/role/verboseLabel">販売権、無形固定資産</link:label>
    <link:label xml:lang="ja" xlink:type="resource" xlink:label="tse-qcedjpfr-45300_SalesRightsIA_label" xlink:role="http://www.xbrl.org/2003/role/documentation">販売権、無形固定資産</link:label>
    <link:label xml:lang="ja" xlink:type="resource" xlink:label="tse-qcedjpfr-45300_VoluntaryRecallRelatedExpensesEL_label" xlink:role="http://www.xbrl.org/2003/role/label">自主回収関連費用</link:label>
    <link:label xml:lang="ja" xlink:type="resource" xlink:label="tse-qcedjpfr-45300_VoluntaryRecallRelatedExpensesEL_label_1" xlink:role="http://www.xbrl.org/2003/role/verboseLabel">自主回収関連費用、特別損失</link:label>
    <link:loc xlink:type="locator" xlink:href="tse-qcedjpfr-45300-2025-11-30-01-2026-01-06.xsd#tse-qcedjpfr-45300_SalesRightsIA" xlink:label="tse-qcedjpfr-45300_SalesRightsIA" />
    <link:loc xlink:type="locator" xlink:href="tse-qcedjpfr-45300-2025-11-30-01-2026-01-06.xsd#tse-qcedjpfr-45300_VoluntaryRecallRelatedExpensesEL" xlink:label="tse-qcedjpfr-45300_VoluntaryRecallRelatedExpensesEL" />
    <link:labelArc xlink:type="arc" xlink:from="tse-qcedjpfr-45300_SalesRightsIA" xlink:to="tse-qcedjpfr-45300_SalesRightsIA_label" xlink:arcrole="http://www.xbrl.org/2003/arcrole/concept-label" order="1" />
    <link:labelArc xlink:type="arc" xlink:from="tse-qcedjpfr-45300_SalesRightsIA" xlink:to="tse-qcedjpfr-45300_SalesRightsIA_label_1" xlink:arcrole="http://www.xbrl.org/2003/arcrole/concept-label" order="1" />
    <link:labelArc xlink:type="arc" xlink:from="tse-qcedjpfr-45300_SalesRightsIA" xlink:to="tse-qcedjpfr-45300_SalesRightsIA_label_2" xlink:arcrole="http://www.xbrl.org/2003/arcrole/concept-label" order="1" />
    <link:labelArc xlink:type="arc" xlink:from="tse-qcedjpfr-45300_VoluntaryRecallRelatedExpensesEL" xlink:to="tse-qcedjpfr-45300_VoluntaryRecallRelatedExpensesEL_label" xlink:arcrole="http://www.xbrl.org/2003/arcrole/concept-label" order="1" />
    <link:labelArc xlink:type="arc" xlink:from="tse-qcedjpfr-45300_VoluntaryRecallRelatedExpensesEL" xlink:to="tse-qcedjpfr-45300_VoluntaryRecallRelatedExpensesEL_label_1" xlink:arcrole="http://www.xbrl.org/2003/arcrole/concept-label" order="1" />
  </link:labelLink>
</link:linkbase>