﻿<?xml version="1.0" encoding="utf-8"?>
<!-- XBRL Document Created with WizLabo Platform -->
<link:linkbase xmlns:xlink="http://www.w3.org/1999/xlink" xmlns:xsi="http://www.w3.org/2001/XMLSchema-instance" xmlns:link="http://www.xbrl.org/2003/linkbase">
  <link:labelLink xlink:type="extended" xlink:role="http://www.xbrl.org/2003/role/link">
    <link:label xml:lang="ja" xlink:type="resource" xlink:label="tse-qnedjpfr-275A0_BalanceCostOfGoodsSoldCostOfGoodsSold_label" xlink:role="http://www.xbrl.org/2003/role/label">差引売上原価</link:label>
    <link:label xml:lang="ja" xlink:type="resource" xlink:label="tse-qnedjpfr-275A0_BalanceCostOfGoodsSoldCostOfGoodsSold_label_1" xlink:role="http://www.xbrl.org/2003/role/verboseLabel">差引売上原価、商品売上原価</link:label>
    <link:label xml:lang="ja" xlink:type="resource" xlink:label="tse-qnedjpfr-275A0_DEPOSBusinessReportableSegmentMember_label" xlink:role="http://www.xbrl.org/2003/role/label">DEPOS事業</link:label>
    <link:label xml:lang="ja" xlink:type="resource" xlink:label="tse-qnedjpfr-275A0_DEPOSBusinessReportableSegmentMember_label_1" xlink:role="http://www.xbrl.org/2003/role/verboseLabel">DEPOS事業、報告セグメント [メンバー]</link:label>
    <link:label xml:lang="ja" xlink:type="resource" xlink:label="tse-qnedjpfr-275A0_ImportExpensesCostOfGoodsSold_label" xlink:role="http://www.xbrl.org/2003/role/label">輸入諸費用</link:label>
    <link:label xml:lang="ja" xlink:type="resource" xlink:label="tse-qnedjpfr-275A0_ImportExpensesCostOfGoodsSold_label_1" xlink:role="http://www.xbrl.org/2003/role/verboseLabel">輸入諸費用、商品売上原価</link:label>
    <link:label xml:lang="ja" xlink:type="resource" xlink:label="tse-qnedjpfr-275A0_LongTermLeaseObligationsNCL_label" xlink:role="http://www.xbrl.org/2003/role/label">長期リース債務</link:label>
    <link:label xml:lang="ja" xlink:type="resource" xlink:label="tse-qnedjpfr-275A0_LongTermLeaseObligationsNCL_label_1" xlink:role="http://www.xbrl.org/2003/role/verboseLabel">長期リース債務、固定負債</link:label>
    <link:label xml:lang="ja" xlink:type="resource" xlink:label="tse-qnedjpfr-275A0_MachineryAndEquipmentNetPPE_label" xlink:role="http://www.xbrl.org/2003/role/label">機械及び装置（純額）</link:label>
    <link:label xml:lang="ja" xlink:type="resource" xlink:label="tse-qnedjpfr-275A0_MachineryAndEquipmentNetPPE_label_1" xlink:role="http://www.xbrl.org/2003/role/verboseLabel">機械及び装置（純額）、有形固定資産</link:label>
    <link:label xml:lang="ja" xlink:type="resource" xlink:label="tse-qnedjpfr-275A0_SpaceCreationBusinessReportableSegmentMember_label" xlink:role="http://www.xbrl.org/2003/role/label">空間創造事業</link:label>
    <link:label xml:lang="ja" xlink:type="resource" xlink:label="tse-qnedjpfr-275A0_SpaceCreationBusinessReportableSegmentMember_label_1" xlink:role="http://www.xbrl.org/2003/role/verboseLabel">空間創造事業、報告セグメント [メンバー]</link:label>
    <link:label xml:lang="ja" xlink:type="resource" xlink:label="tse-qnedjpfr-275A0_StructuresNetPPE_label" xlink:role="http://www.xbrl.org/2003/role/label">構築物（純額）</link:label>
    <link:label xml:lang="ja" xlink:type="resource" xlink:label="tse-qnedjpfr-275A0_StructuresNetPPE_label_1" xlink:role="http://www.xbrl.org/2003/role/verboseLabel">構築物（純額）、有形固定資産</link:label>
    <link:label xml:lang="ja" xlink:type="resource" xlink:label="tse-qnedjpfr-275A0_ToolsFurnitureAndFixturesNetPPE_label" xlink:role="http://www.xbrl.org/2003/role/label">工具、器具及び備品（純額）</link:label>
    <link:label xml:lang="ja" xlink:type="resource" xlink:label="tse-qnedjpfr-275A0_ToolsFurnitureAndFixturesNetPPE_label_1" xlink:role="http://www.xbrl.org/2003/role/verboseLabel">工具、器具及び備品（純額）、有形固定資産</link:label>
    <link:loc xlink:type="locator" xlink:href="tse-qnedjpfr-275A0-2025-11-20-01-2025-12-26.xsd#tse-qnedjpfr-275A0_BalanceCostOfGoodsSoldCostOfGoodsSold" xlink:label="tse-qnedjpfr-275A0_BalanceCostOfGoodsSoldCostOfGoodsSold" />
    <link:loc xlink:type="locator" xlink:href="tse-qnedjpfr-275A0-2025-11-20-01-2025-12-26.xsd#tse-qnedjpfr-275A0_DEPOSBusinessReportableSegmentMember" xlink:label="tse-qnedjpfr-275A0_DEPOSBusinessReportableSegmentMember" />
    <link:loc xlink:type="locator" xlink:href="tse-qnedjpfr-275A0-2025-11-20-01-2025-12-26.xsd#tse-qnedjpfr-275A0_ImportExpensesCostOfGoodsSold" xlink:label="tse-qnedjpfr-275A0_ImportExpensesCostOfGoodsSold" />
    <link:loc xlink:type="locator" xlink:href="tse-qnedjpfr-275A0-2025-11-20-01-2025-12-26.xsd#tse-qnedjpfr-275A0_LongTermLeaseObligationsNCL" xlink:label="tse-qnedjpfr-275A0_LongTermLeaseObligationsNCL" />
    <link:loc xlink:type="locator" xlink:href="tse-qnedjpfr-275A0-2025-11-20-01-2025-12-26.xsd#tse-qnedjpfr-275A0_MachineryAndEquipmentNetPPE" xlink:label="tse-qnedjpfr-275A0_MachineryAndEquipmentNetPPE" />
    <link:loc xlink:type="locator" xlink:href="tse-qnedjpfr-275A0-2025-11-20-01-2025-12-26.xsd#tse-qnedjpfr-275A0_SpaceCreationBusinessReportableSegmentMember" xlink:label="tse-qnedjpfr-275A0_SpaceCreationBusinessReportableSegmentMember" />
    <link:loc xlink:type="locator" xlink:href="tse-qnedjpfr-275A0-2025-11-20-01-2025-12-26.xsd#tse-qnedjpfr-275A0_StructuresNetPPE" xlink:label="tse-qnedjpfr-275A0_StructuresNetPPE" />
    <link:loc xlink:type="locator" xlink:href="tse-qnedjpfr-275A0-2025-11-20-01-2025-12-26.xsd#tse-qnedjpfr-275A0_ToolsFurnitureAndFixturesNetPPE" xlink:label="tse-qnedjpfr-275A0_ToolsFurnitureAndFixturesNetPPE" />
    <link:labelArc xlink:type="arc" xlink:from="tse-qnedjpfr-275A0_BalanceCostOfGoodsSoldCostOfGoodsSold" xlink:to="tse-qnedjpfr-275A0_BalanceCostOfGoodsSoldCostOfGoodsSold_label" xlink:arcrole="http://www.xbrl.org/2003/arcrole/concept-label" order="1" />
    <link:labelArc xlink:type="arc" xlink:from="tse-qnedjpfr-275A0_BalanceCostOfGoodsSoldCostOfGoodsSold" xlink:to="tse-qnedjpfr-275A0_BalanceCostOfGoodsSoldCostOfGoodsSold_label_1" xlink:arcrole="http://www.xbrl.org/2003/arcrole/concept-label" order="1" />
    <link:labelArc xlink:type="arc" xlink:from="tse-qnedjpfr-275A0_DEPOSBusinessReportableSegmentMember" xlink:to="tse-qnedjpfr-275A0_DEPOSBusinessReportableSegmentMember_label" xlink:arcrole="http://www.xbrl.org/2003/arcrole/concept-label" order="1" />
    <link:labelArc xlink:type="arc" xlink:from="tse-qnedjpfr-275A0_DEPOSBusinessReportableSegmentMember" xlink:to="tse-qnedjpfr-275A0_DEPOSBusinessReportableSegmentMember_label_1" xlink:arcrole="http://www.xbrl.org/2003/arcrole/concept-label" order="1" />
    <link:labelArc xlink:type="arc" xlink:from="tse-qnedjpfr-275A0_ImportExpensesCostOfGoodsSold" xlink:to="tse-qnedjpfr-275A0_ImportExpensesCostOfGoodsSold_label" xlink:arcrole="http://www.xbrl.org/2003/arcrole/concept-label" order="1" />
    <link:labelArc xlink:type="arc" xlink:from="tse-qnedjpfr-275A0_ImportExpensesCostOfGoodsSold" xlink:to="tse-qnedjpfr-275A0_ImportExpensesCostOfGoodsSold_label_1" xlink:arcrole="http://www.xbrl.org/2003/arcrole/concept-label" order="1" />
    <link:labelArc xlink:type="arc" xlink:from="tse-qnedjpfr-275A0_LongTermLeaseObligationsNCL" xlink:to="tse-qnedjpfr-275A0_LongTermLeaseObligationsNCL_label" xlink:arcrole="http://www.xbrl.org/2003/arcrole/concept-label" order="1" />
    <link:labelArc xlink:type="arc" xlink:from="tse-qnedjpfr-275A0_LongTermLeaseObligationsNCL" xlink:to="tse-qnedjpfr-275A0_LongTermLeaseObligationsNCL_label_1" xlink:arcrole="http://www.xbrl.org/2003/arcrole/concept-label" order="1" />
    <link:labelArc xlink:type="arc" xlink:from="tse-qnedjpfr-275A0_MachineryAndEquipmentNetPPE" xlink:to="tse-qnedjpfr-275A0_MachineryAndEquipmentNetPPE_label" xlink:arcrole="http://www.xbrl.org/2003/arcrole/concept-label" order="1" />
    <link:labelArc xlink:type="arc" xlink:from="tse-qnedjpfr-275A0_MachineryAndEquipmentNetPPE" xlink:to="tse-qnedjpfr-275A0_MachineryAndEquipmentNetPPE_label_1" xlink:arcrole="http://www.xbrl.org/2003/arcrole/concept-label" order="1" />
    <link:labelArc xlink:type="arc" xlink:from="tse-qnedjpfr-275A0_SpaceCreationBusinessReportableSegmentMember" xlink:to="tse-qnedjpfr-275A0_SpaceCreationBusinessReportableSegmentMember_label" xlink:arcrole="http://www.xbrl.org/2003/arcrole/concept-label" order="1" />
    <link:labelArc xlink:type="arc" xlink:from="tse-qnedjpfr-275A0_SpaceCreationBusinessReportableSegmentMember" xlink:to="tse-qnedjpfr-275A0_SpaceCreationBusinessReportableSegmentMember_label_1" xlink:arcrole="http://www.xbrl.org/2003/arcrole/concept-label" order="1" />
    <link:labelArc xlink:type="arc" xlink:from="tse-qnedjpfr-275A0_StructuresNetPPE" xlink:to="tse-qnedjpfr-275A0_StructuresNetPPE_label" xlink:arcrole="http://www.xbrl.org/2003/arcrole/concept-label" order="1" />
    <link:labelArc xlink:type="arc" xlink:from="tse-qnedjpfr-275A0_StructuresNetPPE" xlink:to="tse-qnedjpfr-275A0_StructuresNetPPE_label_1" xlink:arcrole="http://www.xbrl.org/2003/arcrole/concept-label" order="1" />
    <link:labelArc xlink:type="arc" xlink:from="tse-qnedjpfr-275A0_ToolsFurnitureAndFixturesNetPPE" xlink:to="tse-qnedjpfr-275A0_ToolsFurnitureAndFixturesNetPPE_label" xlink:arcrole="http://www.xbrl.org/2003/arcrole/concept-label" order="1" />
    <link:labelArc xlink:type="arc" xlink:from="tse-qnedjpfr-275A0_ToolsFurnitureAndFixturesNetPPE" xlink:to="tse-qnedjpfr-275A0_ToolsFurnitureAndFixturesNetPPE_label_1" xlink:arcrole="http://www.xbrl.org/2003/arcrole/concept-label" order="1" />
  </link:labelLink>
</link:linkbase>