﻿<?xml version="1.0" encoding="utf-8"?>
<!-- XBRL Document Created with WizLabo Platform -->
<link:linkbase xmlns:xlink="http://www.w3.org/1999/xlink" xmlns:xsi="http://www.w3.org/2001/XMLSchema-instance" xmlns:link="http://www.xbrl.org/2003/linkbase">
  <link:labelLink xlink:type="extended" xlink:role="http://www.xbrl.org/2003/role/link">
    <link:label xml:lang="ja" xlink:type="resource" xlink:label="tse-qcedjpfr-14180_InteriorEngineeringReportableSegmentsMember_label" xlink:role="http://www.xbrl.org/2003/role/label">内装工事事業</link:label>
    <link:label xml:lang="ja" xlink:type="resource" xlink:label="tse-qcedjpfr-14180_InteriorEngineeringReportableSegmentsMember_label_1" xlink:role="http://www.xbrl.org/2003/role/verboseLabel">内装工事事業、報告セグメント [メンバー]</link:label>
    <link:label xml:lang="ja" xlink:type="resource" xlink:label="tse-qcedjpfr-14180_MaintenanceReportableSegmentMember_label" xlink:role="http://www.xbrl.org/2003/role/label">設備・メンテナンス事業</link:label>
    <link:label xml:lang="ja" xlink:type="resource" xlink:label="tse-qcedjpfr-14180_MaintenanceReportableSegmentMember_label_1" xlink:role="http://www.xbrl.org/2003/role/verboseLabel">設備・メンテナンス事業、報告セグメント [メンバー]</link:label>
    <link:label xml:lang="ja" xlink:type="resource" xlink:label="tse-qcedjpfr-14180_NotesReceivableAccountsReceivableFromCompletedConstructionContractsContractAssetsAndOtherCA_label" xlink:role="http://www.xbrl.org/2003/role/label">受取手形、完成工事未収入金及び契約資産等</link:label>
    <link:label xml:lang="ja" xlink:type="resource" xlink:label="tse-qcedjpfr-14180_NotesReceivableAccountsReceivableFromCompletedConstructionContractsContractAssetsAndOtherCA_label_1" xlink:role="http://www.xbrl.org/2003/role/verboseLabel">受取手形、完成工事未収入金及び契約資産等、流動資産</link:label>
    <link:label xml:lang="ja" xlink:type="resource" xlink:label="tse-qcedjpfr-14180_SoundLightingSetupBusinessEquipmentReportableSegmentMember_label" xlink:role="http://www.xbrl.org/2003/role/label">音響・照明設備事業</link:label>
    <link:label xml:lang="ja" xlink:type="resource" xlink:label="tse-qcedjpfr-14180_SoundLightingSetupBusinessEquipmentReportableSegmentMember_label_1" xlink:role="http://www.xbrl.org/2003/role/verboseLabel">音響・照明設備事業、報告セグメント [メンバー]</link:label>
    <link:loc xlink:type="locator" xlink:href="tse-qcedjpfr-14180-2025-11-30-02-2026-01-27.xsd#tse-qcedjpfr-14180_InteriorEngineeringReportableSegmentsMember" xlink:label="tse-qcedjpfr-14180_InteriorEngineeringReportableSegmentsMember" />
    <link:loc xlink:type="locator" xlink:href="tse-qcedjpfr-14180-2025-11-30-02-2026-01-27.xsd#tse-qcedjpfr-14180_MaintenanceReportableSegmentMember" xlink:label="tse-qcedjpfr-14180_MaintenanceReportableSegmentMember" />
    <link:loc xlink:type="locator" xlink:href="tse-qcedjpfr-14180-2025-11-30-02-2026-01-27.xsd#tse-qcedjpfr-14180_NotesReceivableAccountsReceivableFromCompletedConstructionContractsContractAssetsAndOtherCA" xlink:label="tse-qcedjpfr-14180_NotesReceivableAccountsReceivableFromCompletedConstructionContractsContractAssetsAndOtherCA" />
    <link:loc xlink:type="locator" xlink:href="tse-qcedjpfr-14180-2025-11-30-02-2026-01-27.xsd#tse-qcedjpfr-14180_SoundLightingSetupBusinessEquipmentReportableSegmentMember" xlink:label="tse-qcedjpfr-14180_SoundLightingSetupBusinessEquipmentReportableSegmentMember" />
    <link:labelArc xlink:type="arc" xlink:from="tse-qcedjpfr-14180_InteriorEngineeringReportableSegmentsMember" xlink:to="tse-qcedjpfr-14180_InteriorEngineeringReportableSegmentsMember_label" xlink:arcrole="http://www.xbrl.org/2003/arcrole/concept-label" order="1" />
    <link:labelArc xlink:type="arc" xlink:from="tse-qcedjpfr-14180_InteriorEngineeringReportableSegmentsMember" xlink:to="tse-qcedjpfr-14180_InteriorEngineeringReportableSegmentsMember_label_1" xlink:arcrole="http://www.xbrl.org/2003/arcrole/concept-label" order="1" />
    <link:labelArc xlink:type="arc" xlink:from="tse-qcedjpfr-14180_MaintenanceReportableSegmentMember" xlink:to="tse-qcedjpfr-14180_MaintenanceReportableSegmentMember_label" xlink:arcrole="http://www.xbrl.org/2003/arcrole/concept-label" order="1" />
    <link:labelArc xlink:type="arc" xlink:from="tse-qcedjpfr-14180_MaintenanceReportableSegmentMember" xlink:to="tse-qcedjpfr-14180_MaintenanceReportableSegmentMember_label_1" xlink:arcrole="http://www.xbrl.org/2003/arcrole/concept-label" order="1" />
    <link:labelArc xlink:type="arc" xlink:from="tse-qcedjpfr-14180_NotesReceivableAccountsReceivableFromCompletedConstructionContractsContractAssetsAndOtherCA" xlink:to="tse-qcedjpfr-14180_NotesReceivableAccountsReceivableFromCompletedConstructionContractsContractAssetsAndOtherCA_label" xlink:arcrole="http://www.xbrl.org/2003/arcrole/concept-label" order="1" />
    <link:labelArc xlink:type="arc" xlink:from="tse-qcedjpfr-14180_NotesReceivableAccountsReceivableFromCompletedConstructionContractsContractAssetsAndOtherCA" xlink:to="tse-qcedjpfr-14180_NotesReceivableAccountsReceivableFromCompletedConstructionContractsContractAssetsAndOtherCA_label_1" xlink:arcrole="http://www.xbrl.org/2003/arcrole/concept-label" order="1" />
    <link:labelArc xlink:type="arc" xlink:from="tse-qcedjpfr-14180_SoundLightingSetupBusinessEquipmentReportableSegmentMember" xlink:to="tse-qcedjpfr-14180_SoundLightingSetupBusinessEquipmentReportableSegmentMember_label" xlink:arcrole="http://www.xbrl.org/2003/arcrole/concept-label" order="1" />
    <link:labelArc xlink:type="arc" xlink:from="tse-qcedjpfr-14180_SoundLightingSetupBusinessEquipmentReportableSegmentMember" xlink:to="tse-qcedjpfr-14180_SoundLightingSetupBusinessEquipmentReportableSegmentMember_label_1" xlink:arcrole="http://www.xbrl.org/2003/arcrole/concept-label" order="1" />
  </link:labelLink>
</link:linkbase>