﻿<?xml version="1.0" encoding="utf-8"?>
<!-- XBRL Document Created with WizLabo Platform -->
<link:linkbase xmlns:xlink="http://www.w3.org/1999/xlink" xmlns:xsi="http://www.w3.org/2001/XMLSchema-instance" xmlns:link="http://www.xbrl.org/2003/linkbase">
  <link:labelLink xlink:type="extended" xlink:role="http://www.xbrl.org/2003/role/link">
    <link:label xml:lang="ja" xlink:type="resource" xlink:label="tse-qnedjpfr-99030_HomeCenterReportableSegmentsMember_label" xlink:role="http://www.xbrl.org/2003/role/label">ホームセンター</link:label>
    <link:label xml:lang="ja" xlink:type="resource" xlink:label="tse-qnedjpfr-99030_HomeCenterReportableSegmentsMember_label_1" xlink:role="http://www.xbrl.org/2003/role/verboseLabel">ホームセンター、報告セグメント[メンバー]</link:label>
    <link:label xml:lang="ja" xlink:type="resource" xlink:label="tse-qnedjpfr-99030_SpecialtyStoreReportableSegmentsMember_label" xlink:role="http://www.xbrl.org/2003/role/label">専門店</link:label>
    <link:label xml:lang="ja" xlink:type="resource" xlink:label="tse-qnedjpfr-99030_SpecialtyStoreReportableSegmentsMember_label_1" xlink:role="http://www.xbrl.org/2003/role/verboseLabel">専門店、報告セグメント[メンバー]</link:label>
    <link:label xml:lang="ja" xlink:type="resource" xlink:label="tse-qnedjpfr-99030_StoreDevelopmentReportableSegmentsMember_label" xlink:role="http://www.xbrl.org/2003/role/label">店舗開発</link:label>
    <link:label xml:lang="ja" xlink:type="resource" xlink:label="tse-qnedjpfr-99030_StoreDevelopmentReportableSegmentsMember_label_1" xlink:role="http://www.xbrl.org/2003/role/verboseLabel">店舗開発、報告セグメント[メンバー]</link:label>
    <link:label xml:lang="ja" xlink:type="resource" xlink:label="tse-qnedjpfr-99030_WILD1ReportableSegmentsMember_label" xlink:role="http://www.xbrl.org/2003/role/label">WILD-1</link:label>
    <link:label xml:lang="ja" xlink:type="resource" xlink:label="tse-qnedjpfr-99030_WILD1ReportableSegmentsMember_label_1" xlink:role="http://www.xbrl.org/2003/role/verboseLabel">WILD-1、報告セグメント[メンバー]</link:label>
    <link:loc xlink:type="locator" xlink:href="tse-qnedjpfr-99030-2025-11-30-01-2026-01-08.xsd#tse-qnedjpfr-99030_HomeCenterReportableSegmentsMember" xlink:label="tse-qnedjpfr-99030_HomeCenterReportableSegmentsMember" />
    <link:loc xlink:type="locator" xlink:href="tse-qnedjpfr-99030-2025-11-30-01-2026-01-08.xsd#tse-qnedjpfr-99030_SpecialtyStoreReportableSegmentsMember" xlink:label="tse-qnedjpfr-99030_SpecialtyStoreReportableSegmentsMember" />
    <link:loc xlink:type="locator" xlink:href="tse-qnedjpfr-99030-2025-11-30-01-2026-01-08.xsd#tse-qnedjpfr-99030_StoreDevelopmentReportableSegmentsMember" xlink:label="tse-qnedjpfr-99030_StoreDevelopmentReportableSegmentsMember" />
    <link:loc xlink:type="locator" xlink:href="tse-qnedjpfr-99030-2025-11-30-01-2026-01-08.xsd#tse-qnedjpfr-99030_WILD1ReportableSegmentsMember" xlink:label="tse-qnedjpfr-99030_WILD1ReportableSegmentsMember" />
    <link:labelArc xlink:type="arc" xlink:from="tse-qnedjpfr-99030_HomeCenterReportableSegmentsMember" xlink:to="tse-qnedjpfr-99030_HomeCenterReportableSegmentsMember_label" xlink:arcrole="http://www.xbrl.org/2003/arcrole/concept-label" order="1" />
    <link:labelArc xlink:type="arc" xlink:from="tse-qnedjpfr-99030_HomeCenterReportableSegmentsMember" xlink:to="tse-qnedjpfr-99030_HomeCenterReportableSegmentsMember_label_1" xlink:arcrole="http://www.xbrl.org/2003/arcrole/concept-label" order="1" />
    <link:labelArc xlink:type="arc" xlink:from="tse-qnedjpfr-99030_SpecialtyStoreReportableSegmentsMember" xlink:to="tse-qnedjpfr-99030_SpecialtyStoreReportableSegmentsMember_label" xlink:arcrole="http://www.xbrl.org/2003/arcrole/concept-label" order="1" />
    <link:labelArc xlink:type="arc" xlink:from="tse-qnedjpfr-99030_SpecialtyStoreReportableSegmentsMember" xlink:to="tse-qnedjpfr-99030_SpecialtyStoreReportableSegmentsMember_label_1" xlink:arcrole="http://www.xbrl.org/2003/arcrole/concept-label" order="1" />
    <link:labelArc xlink:type="arc" xlink:from="tse-qnedjpfr-99030_StoreDevelopmentReportableSegmentsMember" xlink:to="tse-qnedjpfr-99030_StoreDevelopmentReportableSegmentsMember_label" xlink:arcrole="http://www.xbrl.org/2003/arcrole/concept-label" order="1" />
    <link:labelArc xlink:type="arc" xlink:from="tse-qnedjpfr-99030_StoreDevelopmentReportableSegmentsMember" xlink:to="tse-qnedjpfr-99030_StoreDevelopmentReportableSegmentsMember_label_1" xlink:arcrole="http://www.xbrl.org/2003/arcrole/concept-label" order="1" />
    <link:labelArc xlink:type="arc" xlink:from="tse-qnedjpfr-99030_WILD1ReportableSegmentsMember" xlink:to="tse-qnedjpfr-99030_WILD1ReportableSegmentsMember_label" xlink:arcrole="http://www.xbrl.org/2003/arcrole/concept-label" order="1" />
    <link:labelArc xlink:type="arc" xlink:from="tse-qnedjpfr-99030_WILD1ReportableSegmentsMember" xlink:to="tse-qnedjpfr-99030_WILD1ReportableSegmentsMember_label_1" xlink:arcrole="http://www.xbrl.org/2003/arcrole/concept-label" order="1" />
  </link:labelLink>
</link:linkbase>