﻿<?xml version="1.0" encoding="utf-8"?>
<!-- XBRL Document Created with WizLabo Platform -->
<link:linkbase xmlns:xlink="http://www.w3.org/1999/xlink" xmlns:xsi="http://www.w3.org/2001/XMLSchema-instance" xmlns:link="http://www.xbrl.org/2003/linkbase">
  <link:roleRef xlink:type="simple" xlink:href="http://disclosure.edinet-fsa.go.jp/taxonomy/jpcrp/2024-11-01/jpcrp_rt_2024-11-01.xsd#rol_altLabel" roleURI="http://disclosure.edinet-fsa.go.jp/jpcrp/alt/role/label" />
  <link:roleRef xlink:type="simple" xlink:href="http://disclosure.edinet-fsa.go.jp/taxonomy/jpcrp/2024-11-01/jpcrp_rt_2024-11-01.xsd#rol_altTotalLabel" roleURI="http://disclosure.edinet-fsa.go.jp/jpcrp/alt/role/totalLabel" />
  <link:roleRef xlink:type="simple" xlink:href="http://disclosure.edinet-fsa.go.jp/taxonomy/jpcrp/2024-11-01/jpcrp_rt_2024-11-01.xsd#rol_SegmentLabel" roleURI="http://disclosure.edinet-fsa.go.jp/jpcrp/Segment/role/label" />
  <link:roleRef xlink:type="simple" xlink:href="http://disclosure.edinet-fsa.go.jp/taxonomy/jpcrp/2024-11-01/jpcrp_rt_2024-11-01.xsd#rol_std_altTotalLabel" roleURI="http://disclosure.edinet-fsa.go.jp/jpcrp/std/alt/role/totalLabel" />
  <link:labelLink xlink:type="extended" xlink:role="http://www.xbrl.org/2003/role/link">
    <link:label xml:lang="en" xlink:type="resource" xlink:label="jpcrp_cor_EntityTotalMember_label" xlink:role="http://disclosure.edinet-fsa.go.jp/jpcrp/alt/role/totalLabel">Total</link:label>
    <link:label xml:lang="en" xlink:type="resource" xlink:label="jpigp_cor_ComprehensiveIncomeAttributableToIFRSAbstract_label" xlink:role="http://disclosure.edinet-fsa.go.jp/jpcrp/alt/role/label">Comprehensive income attributable to</link:label>
    <link:label xml:lang="en" xlink:type="resource" xlink:label="jpigp_cor_ComprehensiveIncomeIFRS_label" xlink:role="http://disclosure.edinet-fsa.go.jp/jpcrp/alt/role/label">Comprehensive income</link:label>
    <link:label xml:lang="en" xlink:type="resource" xlink:label="jpigp_cor_DividendsPaidToOwnersOfParentFinCFIFRS_label" xlink:role="http://disclosure.edinet-fsa.go.jp/jpcrp/alt/role/label">Dividends paid to owners of parent</link:label>
    <link:label xml:lang="en" xlink:type="resource" xlink:label="jpigp_cor_EquityIFRSMember_label" xlink:role="http://disclosure.edinet-fsa.go.jp/jpcrp/std/alt/role/totalLabel">Total</link:label>
    <link:label xml:lang="en" xlink:type="resource" xlink:label="jpigp_cor_IncomeTaxesRefundPaidOpeCFIFRS_label" xlink:role="http://disclosure.edinet-fsa.go.jp/jpcrp/alt/role/label">Income taxes refund (paid)</link:label>
    <link:label xml:lang="en" xlink:type="resource" xlink:label="jpigp_cor_IssuanceOfNewSharesSSIFRS_label" xlink:role="http://disclosure.edinet-fsa.go.jp/jpcrp/alt/role/label">Issuance of new shares</link:label>
    <link:label xml:lang="en" xlink:type="resource" xlink:label="jpigp_cor_NetChangeInFairValueOfEquityInstrumentsDesignatedAsMeasuredAtFairValueThroughOtherComprehensiveIncomeNetOfTaxItemsThatWillNotBeReclassifiedToProfitOrLossOCIIFRS_label" xlink:role="http://disclosure.edinet-fsa.go.jp/jpcrp/alt/role/label">Net change in fair value of equity instruments designated as measured at fair value through other comprehensive income</link:label>
    <link:label xml:lang="en" xlink:type="resource" xlink:label="jpigp_cor_NetIncreaseDecreaseInCashAndCashEquivalentsIFRS_label" xlink:role="http://disclosure.edinet-fsa.go.jp/jpcrp/alt/role/label">Net increase (decrease) in cash and cash equivalents</link:label>
    <link:label xml:lang="en" xlink:type="resource" xlink:label="jpigp_cor_NetIncreaseDecreaseInShortTermBorrowingsFinCFIFRS_label" xlink:role="http://disclosure.edinet-fsa.go.jp/jpcrp/alt/role/label">Net increase (decrease) in short-term borrowings</link:label>
    <link:label xml:lang="en" xlink:type="resource" xlink:label="jpigp_cor_OperatingProfitLossIFRS_label" xlink:role="http://disclosure.edinet-fsa.go.jp/jpcrp/Segment/role/label">Operating profit (loss)</link:label>
    <link:label xml:lang="en" xlink:type="resource" xlink:label="jpigp_cor_OtherComprehensiveIncomeIFRS_label" xlink:role="http://disclosure.edinet-fsa.go.jp/jpcrp/alt/role/totalLabel">Total other comprehensive income</link:label>
    <link:label xml:lang="en" xlink:type="resource" xlink:label="jpigp_cor_OtherComprehensiveIncomeIFRSAbstract_label" xlink:role="http://disclosure.edinet-fsa.go.jp/jpcrp/alt/role/label">Other comprehensive income</link:label>
    <link:label xml:lang="en" xlink:type="resource" xlink:label="jpigp_cor_RepaymentsOfLongTermBorrowingsFinCFIFRS_label" xlink:role="http://disclosure.edinet-fsa.go.jp/jpcrp/alt/role/label">Repayments of long-term borrowings</link:label>
    <link:label xml:lang="en" xlink:type="resource" xlink:label="jpigp_cor_RevenueFromExternalCustomersIFRS_label" xlink:role="http://disclosure.edinet-fsa.go.jp/jpcrp/alt/role/label">Revenue from external customers</link:label>
    <link:label xml:lang="en" xlink:type="resource" xlink:label="jpigp_cor_RevenueIFRS_label" xlink:role="http://disclosure.edinet-fsa.go.jp/jpcrp/alt/role/totalLabel">Total</link:label>
    <link:label xml:lang="en" xlink:type="resource" xlink:label="jpigp_cor_ShareOfProfitLossOfInvestmentsAccountedForUsingEquityMethodIFRS_label" xlink:role="http://disclosure.edinet-fsa.go.jp/jpcrp/alt/role/label">Share of profit (loss) of investments accounted for using equity method</link:label>
    <link:label xml:lang="en" xlink:type="resource" xlink:label="jpigp_cor_TotalTransactionsWithOwnersIFRS_label" xlink:role="http://www.xbrl.org/2003/role/totalLabel">Total transactions with owners</link:label>
    <link:label xml:lang="en" xlink:type="resource" xlink:label="tse-acediffr-61910_DecreaseIncreaseInAdvancePaymentOpeCFIFRS_label" xlink:role="http://www.xbrl.org/2003/role/label">Decrease (increase) in advance payment</link:label>
    <link:label xml:lang="en" xlink:type="resource" xlink:label="tse-acediffr-61910_DecreaseIncreaseInAdvancePaymentOpeCFIFRS_label_1" xlink:role="http://www.xbrl.org/2003/role/verboseLabel">Decrease (increase) in advance payment-OpeCF (IFRS)</link:label>
    <link:label xml:lang="en" xlink:type="resource" xlink:label="tse-acediffr-61910_DecreaseIncreaseInGuaranteeDepositsOpeCFIFRS_label" xlink:role="http://www.xbrl.org/2003/role/label">Decrease (increase) in guarantee deposits</link:label>
    <link:label xml:lang="en" xlink:type="resource" xlink:label="tse-acediffr-61910_DecreaseIncreaseInGuaranteeDepositsOpeCFIFRS_label_1" xlink:role="http://www.xbrl.org/2003/role/verboseLabel">Decrease (increase) in guarantee deposits-OpeCF (IFRS)</link:label>
    <link:label xml:lang="en" xlink:type="resource" xlink:label="tse-acediffr-61910_DecreaseIncreaseInInvestmentSecuritiesForSaleOpeCFIFRS_label" xlink:role="http://www.xbrl.org/2003/role/label">Decrease (increase) in investment securities for sale</link:label>
    <link:label xml:lang="en" xlink:type="resource" xlink:label="tse-acediffr-61910_DecreaseIncreaseInInvestmentSecuritiesForSaleOpeCFIFRS_label_1" xlink:role="http://www.xbrl.org/2003/role/verboseLabel">Decrease (increase) in investment securities for sale-OpeCF (IFRS)</link:label>
    <link:label xml:lang="en" xlink:type="resource" xlink:label="tse-acediffr-61910_EquityInNetIncomeLossOfAffiliatesOpeCFIFRS_label" xlink:role="http://www.xbrl.org/2003/role/label">Equity in net (income) loss of affiliates</link:label>
    <link:label xml:lang="en" xlink:type="resource" xlink:label="tse-acediffr-61910_EquityInNetIncomeLossOfAffiliatesOpeCFIFRS_label_1" xlink:role="http://www.xbrl.org/2003/role/verboseLabel">Equity in net (income) loss of affiliates-OpeCF (IFRS)</link:label>
    <link:label xml:lang="en" xlink:type="resource" xlink:label="tse-acediffr-61910_GainAndLossOnInvestmentsIFRS_label" xlink:role="http://www.xbrl.org/2003/role/label">Gain and loss on investments</link:label>
    <link:label xml:lang="en" xlink:type="resource" xlink:label="tse-acediffr-61910_GainAndLossOnInvestmentsIFRS_label_1" xlink:role="http://www.xbrl.org/2003/role/verboseLabel">Gain and loss on investments (IFRS)</link:label>
    <link:label xml:lang="en" xlink:type="resource" xlink:label="tse-acediffr-61910_IncreaseDecreaseInAdvancesReceivedOpeCFIFRS_label" xlink:role="http://www.xbrl.org/2003/role/label">Increase (decrease) in advances received</link:label>
    <link:label xml:lang="en" xlink:type="resource" xlink:label="tse-acediffr-61910_IncreaseDecreaseInAdvancesReceivedOpeCFIFRS_label_1" xlink:role="http://www.xbrl.org/2003/role/verboseLabel">Increase (decrease) in advances received-OpeCF (IFRS)</link:label>
    <link:label xml:lang="en" xlink:type="resource" xlink:label="tse-acediffr-61910_IncreaseDecreaseInCashAndCashEquivalentsResultingFromChangeInScopeOfConsolidationDecreasesInCashAndCashEquivalentsFromExclusionOfSubsidiariesFromConsolidationIFRS_label" xlink:role="http://www.xbrl.org/2003/role/label">Increase (decrease) in cash and cash equivalents resulting from change in scope of consolidation</link:label>
    <link:label xml:lang="en" xlink:type="resource" xlink:label="tse-acediffr-61910_IncreaseDecreaseInCashAndCashEquivalentsResultingFromChangeInScopeOfConsolidationDecreasesInCashAndCashEquivalentsFromExclusionOfSubsidiariesFromConsolidationIFRS_label_1" xlink:role="http://www.xbrl.org/2003/role/verboseLabel">Increase (decrease) in cash and cash equivalents resulting from change in scope of consolidation, Decreases in cash and cash equivalents from exclusion of subsidiaries from consolidation (IFRS)</link:label>
    <link:label xml:lang="en" xlink:type="resource" xlink:label="tse-acediffr-61910_IncreaseDecreaseThroughTransfersAndOtherChangesSSIFRS_label" xlink:role="http://www.xbrl.org/2003/role/label">Increase (decrease) through transfers and other changes</link:label>
    <link:label xml:lang="en" xlink:type="resource" xlink:label="tse-acediffr-61910_IncreaseDecreaseThroughTransfersAndOtherChangesSSIFRS_label_1" xlink:role="http://www.xbrl.org/2003/role/verboseLabel">Increase (decrease) through transfers and other changes-SS (IFRS)</link:label>
    <link:label xml:lang="en" xlink:type="resource" xlink:label="tse-acediffr-61910_IncreaseInRetainedEamingsOfSubsidariesDueToChangeInScopeOfConsolidationIFRS_label" xlink:role="http://www.xbrl.org/2003/role/label">Increase in retained eamings of subsidaries due to change in scope of consolidation</link:label>
    <link:label xml:lang="en" xlink:type="resource" xlink:label="tse-acediffr-61910_IncreaseInRetainedEamingsOfSubsidariesDueToChangeInScopeOfConsolidationIFRS_label_1" xlink:role="http://www.xbrl.org/2003/role/verboseLabel">Increase in retained eamings of subsidaries due to change in scope of consolidation (IFRS)</link:label>
    <link:label xml:lang="en" xlink:type="resource" xlink:label="tse-acediffr-61910_InvestmentIncomeLossOpeCFIFRS_label" xlink:role="http://www.xbrl.org/2003/role/label">Investment income (loss)</link:label>
    <link:label xml:lang="en" xlink:type="resource" xlink:label="tse-acediffr-61910_InvestmentIncomeLossOpeCFIFRS_label_1" xlink:role="http://www.xbrl.org/2003/role/verboseLabel">Investment income (loss)-OpeCF (IFRS)</link:label>
    <link:label xml:lang="en" xlink:type="resource" xlink:label="tse-acediffr-61910_InvestmentReportableSegmentMember_label" xlink:role="http://www.xbrl.org/2003/role/label">Investment</link:label>
    <link:label xml:lang="en" xlink:type="resource" xlink:label="tse-acediffr-61910_InvestmentReportableSegmentMember_label_1" xlink:role="http://www.xbrl.org/2003/role/verboseLabel">Investment, Reportable segment [member]</link:label>
    <link:label xml:lang="en" xlink:type="resource" xlink:label="tse-acediffr-61910_ITOffshoreDevelopmentReportableSegmentMember_label" xlink:role="http://www.xbrl.org/2003/role/label">IT offshore development</link:label>
    <link:label xml:lang="en" xlink:type="resource" xlink:label="tse-acediffr-61910_ITOffshoreDevelopmentReportableSegmentMember_label_1" xlink:role="http://www.xbrl.org/2003/role/verboseLabel">IT offshore development, Reportable segment [member]</link:label>
    <link:label xml:lang="en" xlink:type="resource" xlink:label="tse-acediffr-61910_LossGainOnSalesOfLongTermInvestmentSecuritiesOpeCFIFRS_label" xlink:role="http://www.xbrl.org/2003/role/label">Loss (gain) on sales of long-term investment securities</link:label>
    <link:label xml:lang="en" xlink:type="resource" xlink:label="tse-acediffr-61910_LossGainOnSalesOfLongTermInvestmentSecuritiesOpeCFIFRS_label_1" xlink:role="http://www.xbrl.org/2003/role/verboseLabel">Loss (gain) on sales of long-term investment securities-OpeCF (IFRS)</link:label>
    <link:label xml:lang="en" xlink:type="resource" xlink:label="tse-acediffr-61910_LossGainOnValuationOfInvestmentSecuritiesOpeCFIFRS_label" xlink:role="http://www.xbrl.org/2003/role/label">Loss (gain) on valuation of investment securities</link:label>
    <link:label xml:lang="en" xlink:type="resource" xlink:label="tse-acediffr-61910_LossGainOnValuationOfInvestmentSecuritiesOpeCFIFRS_label_1" xlink:role="http://www.xbrl.org/2003/role/verboseLabel">Loss (gain) on valuation of investment securities-OpeCF (IFRS)</link:label>
    <link:label xml:lang="en" xlink:type="resource" xlink:label="tse-acediffr-61910_LossGainOnValuationOfStockOfSubsidiariesAndAffiliatesOpeCFIFRS_label" xlink:role="http://www.xbrl.org/2003/role/label">Loss (gain) on valuation of stock of subsidiaries and affiliates</link:label>
    <link:label xml:lang="en" xlink:type="resource" xlink:label="tse-acediffr-61910_LossGainOnValuationOfStockOfSubsidiariesAndAffiliatesOpeCFIFRS_label_1" xlink:role="http://www.xbrl.org/2003/role/verboseLabel">Loss (gain) on valuation of stock of subsidiaries and affiliates-OpeCF (IFRS)</link:label>
    <link:label xml:lang="en" xlink:type="resource" xlink:label="tse-acediffr-61910_OnlineTravelReportableSegmentMember_label" xlink:role="http://www.xbrl.org/2003/role/label">Online travel</link:label>
    <link:label xml:lang="en" xlink:type="resource" xlink:label="tse-acediffr-61910_OnlineTravelReportableSegmentMember_label_1" xlink:role="http://www.xbrl.org/2003/role/verboseLabel">Online travel, Reportable segment [member]</link:label>
    <link:label xml:lang="en" xlink:type="resource" xlink:label="tse-acediffr-61910_ProceedsFromPurchaseOfSharesOfSubsidiariesResultingInChangeInScopeOfConsolidationInvCFIFRS_label" xlink:role="http://www.xbrl.org/2003/role/label">Proceeds from purchase of shares of subsidiaries resulting in change in scope of consolidation</link:label>
    <link:label xml:lang="en" xlink:type="resource" xlink:label="tse-acediffr-61910_ProceedsFromPurchaseOfSharesOfSubsidiariesResultingInChangeInScopeOfConsolidationInvCFIFRS_label_1" xlink:role="http://www.xbrl.org/2003/role/verboseLabel">Proceeds from purchase of shares of subsidiaries resulting in change in scope of consolidation-InvCF (IFRS)</link:label>
    <link:label xml:lang="en" xlink:type="resource" xlink:label="tse-acediffr-61910_ProfitLossBeforeTaxOpeCFIFRS_label" xlink:role="http://www.xbrl.org/2003/role/label">Profit (loss) before tax</link:label>
    <link:label xml:lang="en" xlink:type="resource" xlink:label="tse-acediffr-61910_ProfitLossBeforeTaxOpeCFIFRS_label_1" xlink:role="http://www.xbrl.org/2003/role/verboseLabel">Profit (loss) before tax-OpeCF (IFRS)</link:label>
    <link:label xml:lang="en" xlink:type="resource" xlink:label="tse-acediffr-61910_ShareOfOtherComprehensiveIncomeOfInvestmentsAccountedForUsingEquityMethodItemsThatMayBeReclassifiedToProfitOrLossIFRS_label" xlink:role="http://www.xbrl.org/2003/role/label">Share of other comprehensive income of investments accounted for using equity method</link:label>
    <link:label xml:lang="en" xlink:type="resource" xlink:label="tse-acediffr-61910_ShareOfOtherComprehensiveIncomeOfInvestmentsAccountedForUsingEquityMethodItemsThatMayBeReclassifiedToProfitOrLossIFRS_label_1" xlink:role="http://www.xbrl.org/2003/role/verboseLabel">Share of other comprehensive income of investments accounted for using equity method, Items that may be reclassified to profit or loss (IFRS)</link:label>
    <link:loc xlink:type="locator" xlink:href="http://disclosure.edinet-fsa.go.jp/taxonomy/jpcrp/2024-11-01/jpcrp_cor_2024-11-01.xsd#jpcrp_cor_EntityTotalMember" xlink:label="jpcrp_cor_EntityTotalMember" />
    <link:loc xlink:type="locator" xlink:href="http://disclosure.edinet-fsa.go.jp/taxonomy/jpigp/2024-11-01/jpigp_cor_2024-11-01.xsd#jpigp_cor_ComprehensiveIncomeAttributableToIFRSAbstract" xlink:label="jpigp_cor_ComprehensiveIncomeAttributableToIFRSAbstract" />
    <link:loc xlink:type="locator" xlink:href="http://disclosure.edinet-fsa.go.jp/taxonomy/jpigp/2024-11-01/jpigp_cor_2024-11-01.xsd#jpigp_cor_ComprehensiveIncomeIFRS" xlink:label="jpigp_cor_ComprehensiveIncomeIFRS" />
    <link:loc xlink:type="locator" xlink:href="http://disclosure.edinet-fsa.go.jp/taxonomy/jpigp/2024-11-01/jpigp_cor_2024-11-01.xsd#jpigp_cor_DividendsPaidToOwnersOfParentFinCFIFRS" xlink:label="jpigp_cor_DividendsPaidToOwnersOfParentFinCFIFRS" />
    <link:loc xlink:type="locator" xlink:href="http://disclosure.edinet-fsa.go.jp/taxonomy/jpigp/2024-11-01/jpigp_cor_2024-11-01.xsd#jpigp_cor_EquityIFRSMember" xlink:label="jpigp_cor_EquityIFRSMember" />
    <link:loc xlink:type="locator" xlink:href="http://disclosure.edinet-fsa.go.jp/taxonomy/jpigp/2024-11-01/jpigp_cor_2024-11-01.xsd#jpigp_cor_IncomeTaxesRefundPaidOpeCFIFRS" xlink:label="jpigp_cor_IncomeTaxesRefundPaidOpeCFIFRS" />
    <link:loc xlink:type="locator" xlink:href="http://disclosure.edinet-fsa.go.jp/taxonomy/jpigp/2024-11-01/jpigp_cor_2024-11-01.xsd#jpigp_cor_IssuanceOfNewSharesSSIFRS" xlink:label="jpigp_cor_IssuanceOfNewSharesSSIFRS" />
    <link:loc xlink:type="locator" xlink:href="http://disclosure.edinet-fsa.go.jp/taxonomy/jpigp/2024-11-01/jpigp_cor_2024-11-01.xsd#jpigp_cor_NetChangeInFairValueOfEquityInstrumentsDesignatedAsMeasuredAtFairValueThroughOtherComprehensiveIncomeNetOfTaxItemsThatWillNotBeReclassifiedToProfitOrLossOCIIFRS" xlink:label="jpigp_cor_NetChangeInFairValueOfEquityInstrumentsDesignatedAsMeasuredAtFairValueThroughOtherComprehensiveIncomeNetOfTaxItemsThatWillNotBeReclassifiedToProfitOrLossOCIIFRS" />
    <link:loc xlink:type="locator" xlink:href="http://disclosure.edinet-fsa.go.jp/taxonomy/jpigp/2024-11-01/jpigp_cor_2024-11-01.xsd#jpigp_cor_NetIncreaseDecreaseInCashAndCashEquivalentsIFRS" xlink:label="jpigp_cor_NetIncreaseDecreaseInCashAndCashEquivalentsIFRS" />
    <link:loc xlink:type="locator" xlink:href="http://disclosure.edinet-fsa.go.jp/taxonomy/jpigp/2024-11-01/jpigp_cor_2024-11-01.xsd#jpigp_cor_NetIncreaseDecreaseInShortTermBorrowingsFinCFIFRS" xlink:label="jpigp_cor_NetIncreaseDecreaseInShortTermBorrowingsFinCFIFRS" />
    <link:loc xlink:type="locator" xlink:href="http://disclosure.edinet-fsa.go.jp/taxonomy/jpigp/2024-11-01/jpigp_cor_2024-11-01.xsd#jpigp_cor_OperatingProfitLossIFRS" xlink:label="jpigp_cor_OperatingProfitLossIFRS" />
    <link:loc xlink:type="locator" xlink:href="http://disclosure.edinet-fsa.go.jp/taxonomy/jpigp/2024-11-01/jpigp_cor_2024-11-01.xsd#jpigp_cor_OtherComprehensiveIncomeIFRS" xlink:label="jpigp_cor_OtherComprehensiveIncomeIFRS" />
    <link:loc xlink:type="locator" xlink:href="http://disclosure.edinet-fsa.go.jp/taxonomy/jpigp/2024-11-01/jpigp_cor_2024-11-01.xsd#jpigp_cor_OtherComprehensiveIncomeIFRSAbstract" xlink:label="jpigp_cor_OtherComprehensiveIncomeIFRSAbstract" />
    <link:loc xlink:type="locator" xlink:href="http://disclosure.edinet-fsa.go.jp/taxonomy/jpigp/2024-11-01/jpigp_cor_2024-11-01.xsd#jpigp_cor_RepaymentsOfLongTermBorrowingsFinCFIFRS" xlink:label="jpigp_cor_RepaymentsOfLongTermBorrowingsFinCFIFRS" />
    <link:loc xlink:type="locator" xlink:href="http://disclosure.edinet-fsa.go.jp/taxonomy/jpigp/2024-11-01/jpigp_cor_2024-11-01.xsd#jpigp_cor_RevenueFromExternalCustomersIFRS" xlink:label="jpigp_cor_RevenueFromExternalCustomersIFRS" />
    <link:loc xlink:type="locator" xlink:href="http://disclosure.edinet-fsa.go.jp/taxonomy/jpigp/2024-11-01/jpigp_cor_2024-11-01.xsd#jpigp_cor_RevenueIFRS" xlink:label="jpigp_cor_RevenueIFRS" />
    <link:loc xlink:type="locator" xlink:href="http://disclosure.edinet-fsa.go.jp/taxonomy/jpigp/2024-11-01/jpigp_cor_2024-11-01.xsd#jpigp_cor_ShareOfProfitLossOfInvestmentsAccountedForUsingEquityMethodIFRS" xlink:label="jpigp_cor_ShareOfProfitLossOfInvestmentsAccountedForUsingEquityMethodIFRS" />
    <link:loc xlink:type="locator" xlink:href="http://disclosure.edinet-fsa.go.jp/taxonomy/jpigp/2024-11-01/jpigp_cor_2024-11-01.xsd#jpigp_cor_TotalTransactionsWithOwnersIFRS" xlink:label="jpigp_cor_TotalTransactionsWithOwnersIFRS" />
    <link:loc xlink:type="locator" xlink:href="http://disclosure.edinet-fsa.go.jp/taxonomy/jpigp/2024-11-01/label/jpigp_2024-11-01_lab-en.xml#label_EquityIFRSMember_4" xlink:label="label_EquityIFRSMember_4" />
    <link:loc xlink:type="locator" xlink:href="tse-acediffr-61910-2025-09-30-02-2025-12-24.xsd#tse-acediffr-61910_DecreaseIncreaseInAdvancePaymentOpeCFIFRS" xlink:label="tse-acediffr-61910_DecreaseIncreaseInAdvancePaymentOpeCFIFRS" />
    <link:loc xlink:type="locator" xlink:href="tse-acediffr-61910-2025-09-30-02-2025-12-24.xsd#tse-acediffr-61910_DecreaseIncreaseInGuaranteeDepositsOpeCFIFRS" xlink:label="tse-acediffr-61910_DecreaseIncreaseInGuaranteeDepositsOpeCFIFRS" />
    <link:loc xlink:type="locator" xlink:href="tse-acediffr-61910-2025-09-30-02-2025-12-24.xsd#tse-acediffr-61910_DecreaseIncreaseInInvestmentSecuritiesForSaleOpeCFIFRS" xlink:label="tse-acediffr-61910_DecreaseIncreaseInInvestmentSecuritiesForSaleOpeCFIFRS" />
    <link:loc xlink:type="locator" xlink:href="tse-acediffr-61910-2025-09-30-02-2025-12-24.xsd#tse-acediffr-61910_EquityInNetIncomeLossOfAffiliatesOpeCFIFRS" xlink:label="tse-acediffr-61910_EquityInNetIncomeLossOfAffiliatesOpeCFIFRS" />
    <link:loc xlink:type="locator" xlink:href="tse-acediffr-61910-2025-09-30-02-2025-12-24.xsd#tse-acediffr-61910_GainAndLossOnInvestmentsIFRS" xlink:label="tse-acediffr-61910_GainAndLossOnInvestmentsIFRS" />
    <link:loc xlink:type="locator" xlink:href="tse-acediffr-61910-2025-09-30-02-2025-12-24.xsd#tse-acediffr-61910_IncreaseDecreaseInAdvancesReceivedOpeCFIFRS" xlink:label="tse-acediffr-61910_IncreaseDecreaseInAdvancesReceivedOpeCFIFRS" />
    <link:loc xlink:type="locator" xlink:href="tse-acediffr-61910-2025-09-30-02-2025-12-24.xsd#tse-acediffr-61910_IncreaseDecreaseInCashAndCashEquivalentsResultingFromChangeInScopeOfConsolidationDecreasesInCashAndCashEquivalentsFromExclusionOfSubsidiariesFromConsolidationIFRS" xlink:label="tse-acediffr-61910_IncreaseDecreaseInCashAndCashEquivalentsResultingFromChangeInScopeOfConsolidationDecreasesInCashAndCashEquivalentsFromExclusionOfSubsidiariesFromConsolidationIFRS" />
    <link:loc xlink:type="locator" xlink:href="tse-acediffr-61910-2025-09-30-02-2025-12-24.xsd#tse-acediffr-61910_IncreaseDecreaseThroughTransfersAndOtherChangesSSIFRS" xlink:label="tse-acediffr-61910_IncreaseDecreaseThroughTransfersAndOtherChangesSSIFRS" />
    <link:loc xlink:type="locator" xlink:href="tse-acediffr-61910-2025-09-30-02-2025-12-24.xsd#tse-acediffr-61910_IncreaseInRetainedEamingsOfSubsidariesDueToChangeInScopeOfConsolidationIFRS" xlink:label="tse-acediffr-61910_IncreaseInRetainedEamingsOfSubsidariesDueToChangeInScopeOfConsolidationIFRS" />
    <link:loc xlink:type="locator" xlink:href="tse-acediffr-61910-2025-09-30-02-2025-12-24.xsd#tse-acediffr-61910_InvestmentIncomeLossOpeCFIFRS" xlink:label="tse-acediffr-61910_InvestmentIncomeLossOpeCFIFRS" />
    <link:loc xlink:type="locator" xlink:href="tse-acediffr-61910-2025-09-30-02-2025-12-24.xsd#tse-acediffr-61910_InvestmentReportableSegmentMember" xlink:label="tse-acediffr-61910_InvestmentReportableSegmentMember" />
    <link:loc xlink:type="locator" xlink:href="tse-acediffr-61910-2025-09-30-02-2025-12-24.xsd#tse-acediffr-61910_ITOffshoreDevelopmentReportableSegmentMember" xlink:label="tse-acediffr-61910_ITOffshoreDevelopmentReportableSegmentMember" />
    <link:loc xlink:type="locator" xlink:href="tse-acediffr-61910-2025-09-30-02-2025-12-24.xsd#tse-acediffr-61910_LossGainOnSalesOfLongTermInvestmentSecuritiesOpeCFIFRS" xlink:label="tse-acediffr-61910_LossGainOnSalesOfLongTermInvestmentSecuritiesOpeCFIFRS" />
    <link:loc xlink:type="locator" xlink:href="tse-acediffr-61910-2025-09-30-02-2025-12-24.xsd#tse-acediffr-61910_LossGainOnValuationOfInvestmentSecuritiesOpeCFIFRS" xlink:label="tse-acediffr-61910_LossGainOnValuationOfInvestmentSecuritiesOpeCFIFRS" />
    <link:loc xlink:type="locator" xlink:href="tse-acediffr-61910-2025-09-30-02-2025-12-24.xsd#tse-acediffr-61910_LossGainOnValuationOfStockOfSubsidiariesAndAffiliatesOpeCFIFRS" xlink:label="tse-acediffr-61910_LossGainOnValuationOfStockOfSubsidiariesAndAffiliatesOpeCFIFRS" />
    <link:loc xlink:type="locator" xlink:href="tse-acediffr-61910-2025-09-30-02-2025-12-24.xsd#tse-acediffr-61910_OnlineTravelReportableSegmentMember" xlink:label="tse-acediffr-61910_OnlineTravelReportableSegmentMember" />
    <link:loc xlink:type="locator" xlink:href="tse-acediffr-61910-2025-09-30-02-2025-12-24.xsd#tse-acediffr-61910_ProceedsFromPurchaseOfSharesOfSubsidiariesResultingInChangeInScopeOfConsolidationInvCFIFRS" xlink:label="tse-acediffr-61910_ProceedsFromPurchaseOfSharesOfSubsidiariesResultingInChangeInScopeOfConsolidationInvCFIFRS" />
    <link:loc xlink:type="locator" xlink:href="tse-acediffr-61910-2025-09-30-02-2025-12-24.xsd#tse-acediffr-61910_ProfitLossBeforeTaxOpeCFIFRS" xlink:label="tse-acediffr-61910_ProfitLossBeforeTaxOpeCFIFRS" />
    <link:loc xlink:type="locator" xlink:href="tse-acediffr-61910-2025-09-30-02-2025-12-24.xsd#tse-acediffr-61910_ShareOfOtherComprehensiveIncomeOfInvestmentsAccountedForUsingEquityMethodItemsThatMayBeReclassifiedToProfitOrLossIFRS" xlink:label="tse-acediffr-61910_ShareOfOtherComprehensiveIncomeOfInvestmentsAccountedForUsingEquityMethodItemsThatMayBeReclassifiedToProfitOrLossIFRS" />
    <link:labelArc xlink:type="arc" xlink:from="jpcrp_cor_EntityTotalMember" xlink:to="jpcrp_cor_EntityTotalMember_label" xlink:arcrole="http://www.xbrl.org/2003/arcrole/concept-label" order="1" />
    <link:labelArc xlink:type="arc" xlink:from="jpigp_cor_ComprehensiveIncomeAttributableToIFRSAbstract" xlink:to="jpigp_cor_ComprehensiveIncomeAttributableToIFRSAbstract_label" xlink:arcrole="http://www.xbrl.org/2003/arcrole/concept-label" order="1" />
    <link:labelArc xlink:type="arc" xlink:from="jpigp_cor_ComprehensiveIncomeIFRS" xlink:to="jpigp_cor_ComprehensiveIncomeIFRS_label" xlink:arcrole="http://www.xbrl.org/2003/arcrole/concept-label" order="1" />
    <link:labelArc xlink:type="arc" xlink:from="jpigp_cor_DividendsPaidToOwnersOfParentFinCFIFRS" xlink:to="jpigp_cor_DividendsPaidToOwnersOfParentFinCFIFRS_label" xlink:arcrole="http://www.xbrl.org/2003/arcrole/concept-label" order="1" />
    <link:labelArc xlink:type="arc" xlink:from="jpigp_cor_EquityIFRSMember" xlink:to="label_EquityIFRSMember_4" xlink:arcrole="http://www.xbrl.org/2003/arcrole/concept-label" use="prohibited" priority="1" order="1" />
    <link:labelArc xlink:type="arc" xlink:from="jpigp_cor_EquityIFRSMember" xlink:to="jpigp_cor_EquityIFRSMember_label" xlink:arcrole="http://www.xbrl.org/2003/arcrole/concept-label" order="1" />
    <link:labelArc xlink:type="arc" xlink:from="jpigp_cor_IncomeTaxesRefundPaidOpeCFIFRS" xlink:to="jpigp_cor_IncomeTaxesRefundPaidOpeCFIFRS_label" xlink:arcrole="http://www.xbrl.org/2003/arcrole/concept-label" order="1" />
    <link:labelArc xlink:type="arc" xlink:from="jpigp_cor_IssuanceOfNewSharesSSIFRS" xlink:to="jpigp_cor_IssuanceOfNewSharesSSIFRS_label" xlink:arcrole="http://www.xbrl.org/2003/arcrole/concept-label" order="1" />
    <link:labelArc xlink:type="arc" xlink:from="jpigp_cor_NetChangeInFairValueOfEquityInstrumentsDesignatedAsMeasuredAtFairValueThroughOtherComprehensiveIncomeNetOfTaxItemsThatWillNotBeReclassifiedToProfitOrLossOCIIFRS" xlink:to="jpigp_cor_NetChangeInFairValueOfEquityInstrumentsDesignatedAsMeasuredAtFairValueThroughOtherComprehensiveIncomeNetOfTaxItemsThatWillNotBeReclassifiedToProfitOrLossOCIIFRS_label" xlink:arcrole="http://www.xbrl.org/2003/arcrole/concept-label" order="1" />
    <link:labelArc xlink:type="arc" xlink:from="jpigp_cor_NetIncreaseDecreaseInCashAndCashEquivalentsIFRS" xlink:to="jpigp_cor_NetIncreaseDecreaseInCashAndCashEquivalentsIFRS_label" xlink:arcrole="http://www.xbrl.org/2003/arcrole/concept-label" order="1" />
    <link:labelArc xlink:type="arc" xlink:from="jpigp_cor_NetIncreaseDecreaseInShortTermBorrowingsFinCFIFRS" xlink:to="jpigp_cor_NetIncreaseDecreaseInShortTermBorrowingsFinCFIFRS_label" xlink:arcrole="http://www.xbrl.org/2003/arcrole/concept-label" order="1" />
    <link:labelArc xlink:type="arc" xlink:from="jpigp_cor_OperatingProfitLossIFRS" xlink:to="jpigp_cor_OperatingProfitLossIFRS_label" xlink:arcrole="http://www.xbrl.org/2003/arcrole/concept-label" order="1" />
    <link:labelArc xlink:type="arc" xlink:from="jpigp_cor_OtherComprehensiveIncomeIFRS" xlink:to="jpigp_cor_OtherComprehensiveIncomeIFRS_label" xlink:arcrole="http://www.xbrl.org/2003/arcrole/concept-label" order="1" />
    <link:labelArc xlink:type="arc" xlink:from="jpigp_cor_OtherComprehensiveIncomeIFRSAbstract" xlink:to="jpigp_cor_OtherComprehensiveIncomeIFRSAbstract_label" xlink:arcrole="http://www.xbrl.org/2003/arcrole/concept-label" order="1" />
    <link:labelArc xlink:type="arc" xlink:from="jpigp_cor_RepaymentsOfLongTermBorrowingsFinCFIFRS" xlink:to="jpigp_cor_RepaymentsOfLongTermBorrowingsFinCFIFRS_label" xlink:arcrole="http://www.xbrl.org/2003/arcrole/concept-label" order="1" />
    <link:labelArc xlink:type="arc" xlink:from="jpigp_cor_RevenueFromExternalCustomersIFRS" xlink:to="jpigp_cor_RevenueFromExternalCustomersIFRS_label" xlink:arcrole="http://www.xbrl.org/2003/arcrole/concept-label" order="1" />
    <link:labelArc xlink:type="arc" xlink:from="jpigp_cor_RevenueIFRS" xlink:to="jpigp_cor_RevenueIFRS_label" xlink:arcrole="http://www.xbrl.org/2003/arcrole/concept-label" order="1" />
    <link:labelArc xlink:type="arc" xlink:from="jpigp_cor_ShareOfProfitLossOfInvestmentsAccountedForUsingEquityMethodIFRS" xlink:to="jpigp_cor_ShareOfProfitLossOfInvestmentsAccountedForUsingEquityMethodIFRS_label" xlink:arcrole="http://www.xbrl.org/2003/arcrole/concept-label" order="1" />
    <link:labelArc xlink:type="arc" xlink:from="jpigp_cor_TotalTransactionsWithOwnersIFRS" xlink:to="jpigp_cor_TotalTransactionsWithOwnersIFRS_label" xlink:arcrole="http://www.xbrl.org/2003/arcrole/concept-label" order="1" />
    <link:labelArc xlink:type="arc" xlink:from="tse-acediffr-61910_DecreaseIncreaseInAdvancePaymentOpeCFIFRS" xlink:to="tse-acediffr-61910_DecreaseIncreaseInAdvancePaymentOpeCFIFRS_label" xlink:arcrole="http://www.xbrl.org/2003/arcrole/concept-label" order="1" />
    <link:labelArc xlink:type="arc" xlink:from="tse-acediffr-61910_DecreaseIncreaseInAdvancePaymentOpeCFIFRS" xlink:to="tse-acediffr-61910_DecreaseIncreaseInAdvancePaymentOpeCFIFRS_label_1" xlink:arcrole="http://www.xbrl.org/2003/arcrole/concept-label" order="1" />
    <link:labelArc xlink:type="arc" xlink:from="tse-acediffr-61910_DecreaseIncreaseInGuaranteeDepositsOpeCFIFRS" xlink:to="tse-acediffr-61910_DecreaseIncreaseInGuaranteeDepositsOpeCFIFRS_label" xlink:arcrole="http://www.xbrl.org/2003/arcrole/concept-label" order="1" />
    <link:labelArc xlink:type="arc" xlink:from="tse-acediffr-61910_DecreaseIncreaseInGuaranteeDepositsOpeCFIFRS" xlink:to="tse-acediffr-61910_DecreaseIncreaseInGuaranteeDepositsOpeCFIFRS_label_1" xlink:arcrole="http://www.xbrl.org/2003/arcrole/concept-label" order="1" />
    <link:labelArc xlink:type="arc" xlink:from="tse-acediffr-61910_DecreaseIncreaseInInvestmentSecuritiesForSaleOpeCFIFRS" xlink:to="tse-acediffr-61910_DecreaseIncreaseInInvestmentSecuritiesForSaleOpeCFIFRS_label" xlink:arcrole="http://www.xbrl.org/2003/arcrole/concept-label" order="1" />
    <link:labelArc xlink:type="arc" xlink:from="tse-acediffr-61910_DecreaseIncreaseInInvestmentSecuritiesForSaleOpeCFIFRS" xlink:to="tse-acediffr-61910_DecreaseIncreaseInInvestmentSecuritiesForSaleOpeCFIFRS_label_1" xlink:arcrole="http://www.xbrl.org/2003/arcrole/concept-label" order="1" />
    <link:labelArc xlink:type="arc" xlink:from="tse-acediffr-61910_EquityInNetIncomeLossOfAffiliatesOpeCFIFRS" xlink:to="tse-acediffr-61910_EquityInNetIncomeLossOfAffiliatesOpeCFIFRS_label" xlink:arcrole="http://www.xbrl.org/2003/arcrole/concept-label" order="1" />
    <link:labelArc xlink:type="arc" xlink:from="tse-acediffr-61910_EquityInNetIncomeLossOfAffiliatesOpeCFIFRS" xlink:to="tse-acediffr-61910_EquityInNetIncomeLossOfAffiliatesOpeCFIFRS_label_1" xlink:arcrole="http://www.xbrl.org/2003/arcrole/concept-label" order="1" />
    <link:labelArc xlink:type="arc" xlink:from="tse-acediffr-61910_GainAndLossOnInvestmentsIFRS" xlink:to="tse-acediffr-61910_GainAndLossOnInvestmentsIFRS_label_1" xlink:arcrole="http://www.xbrl.org/2003/arcrole/concept-label" order="1" />
    <link:labelArc xlink:type="arc" xlink:from="tse-acediffr-61910_GainAndLossOnInvestmentsIFRS" xlink:to="tse-acediffr-61910_GainAndLossOnInvestmentsIFRS_label" xlink:arcrole="http://www.xbrl.org/2003/arcrole/concept-label" order="1" />
    <link:labelArc xlink:type="arc" xlink:from="tse-acediffr-61910_IncreaseDecreaseInAdvancesReceivedOpeCFIFRS" xlink:to="tse-acediffr-61910_IncreaseDecreaseInAdvancesReceivedOpeCFIFRS_label" xlink:arcrole="http://www.xbrl.org/2003/arcrole/concept-label" order="1" />
    <link:labelArc xlink:type="arc" xlink:from="tse-acediffr-61910_IncreaseDecreaseInAdvancesReceivedOpeCFIFRS" xlink:to="tse-acediffr-61910_IncreaseDecreaseInAdvancesReceivedOpeCFIFRS_label_1" xlink:arcrole="http://www.xbrl.org/2003/arcrole/concept-label" order="1" />
    <link:labelArc xlink:type="arc" xlink:from="tse-acediffr-61910_IncreaseDecreaseInCashAndCashEquivalentsResultingFromChangeInScopeOfConsolidationDecreasesInCashAndCashEquivalentsFromExclusionOfSubsidiariesFromConsolidationIFRS" xlink:to="tse-acediffr-61910_IncreaseDecreaseInCashAndCashEquivalentsResultingFromChangeInScopeOfConsolidationDecreasesInCashAndCashEquivalentsFromExclusionOfSubsidiariesFromConsolidationIFRS_label" xlink:arcrole="http://www.xbrl.org/2003/arcrole/concept-label" order="1" />
    <link:labelArc xlink:type="arc" xlink:from="tse-acediffr-61910_IncreaseDecreaseInCashAndCashEquivalentsResultingFromChangeInScopeOfConsolidationDecreasesInCashAndCashEquivalentsFromExclusionOfSubsidiariesFromConsolidationIFRS" xlink:to="tse-acediffr-61910_IncreaseDecreaseInCashAndCashEquivalentsResultingFromChangeInScopeOfConsolidationDecreasesInCashAndCashEquivalentsFromExclusionOfSubsidiariesFromConsolidationIFRS_label_1" xlink:arcrole="http://www.xbrl.org/2003/arcrole/concept-label" order="1" />
    <link:labelArc xlink:type="arc" xlink:from="tse-acediffr-61910_IncreaseDecreaseThroughTransfersAndOtherChangesSSIFRS" xlink:to="tse-acediffr-61910_IncreaseDecreaseThroughTransfersAndOtherChangesSSIFRS_label" xlink:arcrole="http://www.xbrl.org/2003/arcrole/concept-label" order="1" />
    <link:labelArc xlink:type="arc" xlink:from="tse-acediffr-61910_IncreaseDecreaseThroughTransfersAndOtherChangesSSIFRS" xlink:to="tse-acediffr-61910_IncreaseDecreaseThroughTransfersAndOtherChangesSSIFRS_label_1" xlink:arcrole="http://www.xbrl.org/2003/arcrole/concept-label" order="1" />
    <link:labelArc xlink:type="arc" xlink:from="tse-acediffr-61910_IncreaseInRetainedEamingsOfSubsidariesDueToChangeInScopeOfConsolidationIFRS" xlink:to="tse-acediffr-61910_IncreaseInRetainedEamingsOfSubsidariesDueToChangeInScopeOfConsolidationIFRS_label" xlink:arcrole="http://www.xbrl.org/2003/arcrole/concept-label" order="1" />
    <link:labelArc xlink:type="arc" xlink:from="tse-acediffr-61910_IncreaseInRetainedEamingsOfSubsidariesDueToChangeInScopeOfConsolidationIFRS" xlink:to="tse-acediffr-61910_IncreaseInRetainedEamingsOfSubsidariesDueToChangeInScopeOfConsolidationIFRS_label_1" xlink:arcrole="http://www.xbrl.org/2003/arcrole/concept-label" order="1" />
    <link:labelArc xlink:type="arc" xlink:from="tse-acediffr-61910_InvestmentIncomeLossOpeCFIFRS" xlink:to="tse-acediffr-61910_InvestmentIncomeLossOpeCFIFRS_label" xlink:arcrole="http://www.xbrl.org/2003/arcrole/concept-label" order="1" />
    <link:labelArc xlink:type="arc" xlink:from="tse-acediffr-61910_InvestmentIncomeLossOpeCFIFRS" xlink:to="tse-acediffr-61910_InvestmentIncomeLossOpeCFIFRS_label_1" xlink:arcrole="http://www.xbrl.org/2003/arcrole/concept-label" order="1" />
    <link:labelArc xlink:type="arc" xlink:from="tse-acediffr-61910_InvestmentReportableSegmentMember" xlink:to="tse-acediffr-61910_InvestmentReportableSegmentMember_label" xlink:arcrole="http://www.xbrl.org/2003/arcrole/concept-label" order="1" />
    <link:labelArc xlink:type="arc" xlink:from="tse-acediffr-61910_InvestmentReportableSegmentMember" xlink:to="tse-acediffr-61910_InvestmentReportableSegmentMember_label_1" xlink:arcrole="http://www.xbrl.org/2003/arcrole/concept-label" order="1" />
    <link:labelArc xlink:type="arc" xlink:from="tse-acediffr-61910_ITOffshoreDevelopmentReportableSegmentMember" xlink:to="tse-acediffr-61910_ITOffshoreDevelopmentReportableSegmentMember_label_1" xlink:arcrole="http://www.xbrl.org/2003/arcrole/concept-label" order="1" />
    <link:labelArc xlink:type="arc" xlink:from="tse-acediffr-61910_ITOffshoreDevelopmentReportableSegmentMember" xlink:to="tse-acediffr-61910_ITOffshoreDevelopmentReportableSegmentMember_label" xlink:arcrole="http://www.xbrl.org/2003/arcrole/concept-label" order="1" />
    <link:labelArc xlink:type="arc" xlink:from="tse-acediffr-61910_LossGainOnSalesOfLongTermInvestmentSecuritiesOpeCFIFRS" xlink:to="tse-acediffr-61910_LossGainOnSalesOfLongTermInvestmentSecuritiesOpeCFIFRS_label" xlink:arcrole="http://www.xbrl.org/2003/arcrole/concept-label" order="1" />
    <link:labelArc xlink:type="arc" xlink:from="tse-acediffr-61910_LossGainOnSalesOfLongTermInvestmentSecuritiesOpeCFIFRS" xlink:to="tse-acediffr-61910_LossGainOnSalesOfLongTermInvestmentSecuritiesOpeCFIFRS_label_1" xlink:arcrole="http://www.xbrl.org/2003/arcrole/concept-label" order="1" />
    <link:labelArc xlink:type="arc" xlink:from="tse-acediffr-61910_LossGainOnValuationOfInvestmentSecuritiesOpeCFIFRS" xlink:to="tse-acediffr-61910_LossGainOnValuationOfInvestmentSecuritiesOpeCFIFRS_label" xlink:arcrole="http://www.xbrl.org/2003/arcrole/concept-label" order="1" />
    <link:labelArc xlink:type="arc" xlink:from="tse-acediffr-61910_LossGainOnValuationOfInvestmentSecuritiesOpeCFIFRS" xlink:to="tse-acediffr-61910_LossGainOnValuationOfInvestmentSecuritiesOpeCFIFRS_label_1" xlink:arcrole="http://www.xbrl.org/2003/arcrole/concept-label" order="1" />
    <link:labelArc xlink:type="arc" xlink:from="tse-acediffr-61910_LossGainOnValuationOfStockOfSubsidiariesAndAffiliatesOpeCFIFRS" xlink:to="tse-acediffr-61910_LossGainOnValuationOfStockOfSubsidiariesAndAffiliatesOpeCFIFRS_label" xlink:arcrole="http://www.xbrl.org/2003/arcrole/concept-label" order="1" />
    <link:labelArc xlink:type="arc" xlink:from="tse-acediffr-61910_LossGainOnValuationOfStockOfSubsidiariesAndAffiliatesOpeCFIFRS" xlink:to="tse-acediffr-61910_LossGainOnValuationOfStockOfSubsidiariesAndAffiliatesOpeCFIFRS_label_1" xlink:arcrole="http://www.xbrl.org/2003/arcrole/concept-label" order="1" />
    <link:labelArc xlink:type="arc" xlink:from="tse-acediffr-61910_OnlineTravelReportableSegmentMember" xlink:to="tse-acediffr-61910_OnlineTravelReportableSegmentMember_label" xlink:arcrole="http://www.xbrl.org/2003/arcrole/concept-label" order="1" />
    <link:labelArc xlink:type="arc" xlink:from="tse-acediffr-61910_OnlineTravelReportableSegmentMember" xlink:to="tse-acediffr-61910_OnlineTravelReportableSegmentMember_label_1" xlink:arcrole="http://www.xbrl.org/2003/arcrole/concept-label" order="1" />
    <link:labelArc xlink:type="arc" xlink:from="tse-acediffr-61910_ProceedsFromPurchaseOfSharesOfSubsidiariesResultingInChangeInScopeOfConsolidationInvCFIFRS" xlink:to="tse-acediffr-61910_ProceedsFromPurchaseOfSharesOfSubsidiariesResultingInChangeInScopeOfConsolidationInvCFIFRS_label" xlink:arcrole="http://www.xbrl.org/2003/arcrole/concept-label" order="1" />
    <link:labelArc xlink:type="arc" xlink:from="tse-acediffr-61910_ProceedsFromPurchaseOfSharesOfSubsidiariesResultingInChangeInScopeOfConsolidationInvCFIFRS" xlink:to="tse-acediffr-61910_ProceedsFromPurchaseOfSharesOfSubsidiariesResultingInChangeInScopeOfConsolidationInvCFIFRS_label_1" xlink:arcrole="http://www.xbrl.org/2003/arcrole/concept-label" order="1" />
    <link:labelArc xlink:type="arc" xlink:from="tse-acediffr-61910_ProfitLossBeforeTaxOpeCFIFRS" xlink:to="tse-acediffr-61910_ProfitLossBeforeTaxOpeCFIFRS_label" xlink:arcrole="http://www.xbrl.org/2003/arcrole/concept-label" order="1" />
    <link:labelArc xlink:type="arc" xlink:from="tse-acediffr-61910_ProfitLossBeforeTaxOpeCFIFRS" xlink:to="tse-acediffr-61910_ProfitLossBeforeTaxOpeCFIFRS_label_1" xlink:arcrole="http://www.xbrl.org/2003/arcrole/concept-label" order="1" />
    <link:labelArc xlink:type="arc" xlink:from="tse-acediffr-61910_ShareOfOtherComprehensiveIncomeOfInvestmentsAccountedForUsingEquityMethodItemsThatMayBeReclassifiedToProfitOrLossIFRS" xlink:to="tse-acediffr-61910_ShareOfOtherComprehensiveIncomeOfInvestmentsAccountedForUsingEquityMethodItemsThatMayBeReclassifiedToProfitOrLossIFRS_label" xlink:arcrole="http://www.xbrl.org/2003/arcrole/concept-label" order="1" />
    <link:labelArc xlink:type="arc" xlink:from="tse-acediffr-61910_ShareOfOtherComprehensiveIncomeOfInvestmentsAccountedForUsingEquityMethodItemsThatMayBeReclassifiedToProfitOrLossIFRS" xlink:to="tse-acediffr-61910_ShareOfOtherComprehensiveIncomeOfInvestmentsAccountedForUsingEquityMethodItemsThatMayBeReclassifiedToProfitOrLossIFRS_label_1" xlink:arcrole="http://www.xbrl.org/2003/arcrole/concept-label" order="1" />
  </link:labelLink>
</link:linkbase>