<?xml version="1.0" encoding="utf-8"?>
<!-- Generated by PRONEXUS WORKS --><link:linkbase xmlns:link="http://www.xbrl.org/2003/linkbase" xmlns:xsi="http://www.w3.org/2001/XMLSchema-instance" xmlns:xbrli="http://www.xbrl.org/2003/instance" xmlns:xlink="http://www.w3.org/1999/xlink">  <link:labelLink xlink:type="extended" xlink:role="http://www.xbrl.org/2003/role/link">    <link:loc xlink:type="locator" xlink:href="tse-qcedjpfr-35360-2025-11-30-01-2026-01-14.xsd#tse-qcedjpfr-35360_FurnitureNet" xlink:label="FurnitureNet" />    <link:loc xlink:type="locator" xlink:href="tse-qcedjpfr-35360-2025-11-30-01-2026-01-14.xsd#tse-qcedjpfr-35360_ClosingAShopLossEL" xlink:label="ClosingAShopLossEL" />    <link:loc xlink:type="locator" xlink:href="tse-qcedjpfr-35360-2025-11-30-01-2026-01-14.xsd#tse-qcedjpfr-35360_RetailSaleBusinessReportableSegmentsMember" xlink:label="RetailSaleBusinessReportableSegmentsMember" />    <link:loc xlink:type="locator" xlink:href="tse-qcedjpfr-35360-2025-11-30-01-2026-01-14.xsd#tse-qcedjpfr-35360_WholesaleBusinessReportableSegmentsMember" xlink:label="WholesaleBusinessReportableSegmentsMember" />    <link:loc xlink:type="locator" xlink:href="tse-qcedjpfr-35360-2025-11-30-01-2026-01-14.xsd#tse-qcedjpfr-35360_RealEstateLeasingBusinessReportableSegmentsMember" xlink:label="RealEstateLeasingBusinessReportableSegmentsMember" />    <link:label xlink:type="resource" xlink:label="label_FurnitureNet" xml:lang="ja" xlink:role="http://www.xbrl.org/2003/role/label" id="label_FurnitureNet">什器備品（純額）</link:label>    <link:labelArc xlink:type="arc" xlink:arcrole="http://www.xbrl.org/2003/arcrole/concept-label" xlink:from="FurnitureNet" xlink:to="label_FurnitureNet" />    <link:label xlink:type="resource" xlink:label="label_FurnitureNet_2" xml:lang="ja" xlink:role="http://www.xbrl.org/2003/role/verboseLabel" id="label_FurnitureNet_2">什器備品（純額）、有形固定資産</link:label>    <link:labelArc xlink:type="arc" xlink:arcrole="http://www.xbrl.org/2003/arcrole/concept-label" xlink:from="FurnitureNet" xlink:to="label_FurnitureNet_2" />    <link:label xlink:type="resource" xlink:label="label_ClosingAShopLossEL_2" xml:lang="ja" xlink:role="http://www.xbrl.org/2003/role/label" id="label_ClosingAShopLossEL_2">閉店損失</link:label>    <link:labelArc xlink:type="arc" xlink:arcrole="http://www.xbrl.org/2003/arcrole/concept-label" xlink:from="ClosingAShopLossEL" xlink:to="label_ClosingAShopLossEL_2" />    <link:label xlink:type="resource" xlink:label="label_ClosingAShopLossEL" xml:lang="ja" xlink:role="http://www.xbrl.org/2003/role/verboseLabel" id="label_ClosingAShopLossEL">閉店損失、特別損失</link:label>    <link:labelArc xlink:type="arc" xlink:arcrole="http://www.xbrl.org/2003/arcrole/concept-label" xlink:from="ClosingAShopLossEL" xlink:to="label_ClosingAShopLossEL" />    <link:label xlink:type="resource" xlink:label="label_RetailSaleBusinessReportableSegmentsMember" xml:lang="ja" xlink:role="http://www.xbrl.org/2003/role/label" id="label_RetailSaleBusinessReportableSegmentsMember">小売事業</link:label>    <link:labelArc xlink:type="arc" xlink:arcrole="http://www.xbrl.org/2003/arcrole/concept-label" xlink:from="RetailSaleBusinessReportableSegmentsMember" xlink:to="label_RetailSaleBusinessReportableSegmentsMember" />    <link:label xlink:type="resource" xlink:label="label_RetailSaleBusinessReportableSegmentsMember_2" xml:lang="ja" xlink:role="http://www.xbrl.org/2003/role/verboseLabel" id="label_RetailSaleBusinessReportableSegmentsMember_2">小売事業、報告セグメント [メンバー]</link:label>    <link:labelArc xlink:type="arc" xlink:arcrole="http://www.xbrl.org/2003/arcrole/concept-label" xlink:from="RetailSaleBusinessReportableSegmentsMember" xlink:to="label_RetailSaleBusinessReportableSegmentsMember_2" />    <link:label xlink:type="resource" xlink:label="label_WholesaleBusinessReportableSegmentsMember" xml:lang="ja" xlink:role="http://www.xbrl.org/2003/role/label" id="label_WholesaleBusinessReportableSegmentsMember">卸売事業</link:label>    <link:labelArc xlink:type="arc" xlink:arcrole="http://www.xbrl.org/2003/arcrole/concept-label" xlink:from="WholesaleBusinessReportableSegmentsMember" xlink:to="label_WholesaleBusinessReportableSegmentsMember" />    <link:label xlink:type="resource" xlink:label="label_WholesaleBusinessReportableSegmentsMember_2" xml:lang="ja" xlink:role="http://www.xbrl.org/2003/role/verboseLabel" id="label_WholesaleBusinessReportableSegmentsMember_2">卸売事業、報告セグメント [メンバー]</link:label>    <link:labelArc xlink:type="arc" xlink:arcrole="http://www.xbrl.org/2003/arcrole/concept-label" xlink:from="WholesaleBusinessReportableSegmentsMember" xlink:to="label_WholesaleBusinessReportableSegmentsMember_2" />    <link:label xlink:type="resource" xlink:label="label_RealEstateLeasingBusinessReportableSegmentsMember" xml:lang="ja" xlink:role="http://www.xbrl.org/2003/role/label" id="label_RealEstateLeasingBusinessReportableSegmentsMember">不動産賃貸事業</link:label>    <link:labelArc xlink:type="arc" xlink:arcrole="http://www.xbrl.org/2003/arcrole/concept-label" xlink:from="RealEstateLeasingBusinessReportableSegmentsMember" xlink:to="label_RealEstateLeasingBusinessReportableSegmentsMember" />    <link:label xlink:type="resource" xlink:label="label_RealEstateLeasingBusinessReportableSegmentsMember_2" xml:lang="ja" xlink:role="http://www.xbrl.org/2003/role/verboseLabel" id="label_RealEstateLeasingBusinessReportableSegmentsMember_2">不動産賃貸事業、報告セグメント [メンバー]</link:label>    <link:labelArc xlink:type="arc" xlink:arcrole="http://www.xbrl.org/2003/arcrole/concept-label" xlink:from="RealEstateLeasingBusinessReportableSegmentsMember" xlink:to="label_RealEstateLeasingBusinessReportableSegmentsMember_2" />  </link:labelLink></link:linkbase>