<?xml version="1.0" encoding="utf-8"?>
<manifest xmlns="http://disclosure.edinet-fsa.go.jp/2013/manifest"><tocComposition><title xml:lang="ja">決算短信添付資料</title><title xml:lang="en">Earnings digest attached document</title><item in="presentation" ref="tse-qcedjpfr" extrole="http://www.xbrl.tdnet.info/jp/tse/tdnet/role/RoleAttachedDocument" /></tocComposition><list><instance id="tse-qcedjpfr" type="Attachment" preferredFilename="tse-qcedjpfr-74530-2025-11-30-01-2026-01-14.xbrl"><ixbrl>0101010-qcbs01-tse-qcedjpfr-74530-2025-11-30-01-2026-01-14-ixbrl.htm</ixbrl><ixbrl>0102010-qcpl11-tse-qcedjpfr-74530-2025-11-30-01-2026-01-14-ixbrl.htm</ixbrl><ixbrl>0102020-qcci11-tse-qcedjpfr-74530-2025-11-30-01-2026-01-14-ixbrl.htm</ixbrl><ixbrl>0103010-qcsg01-tse-qcedjpfr-74530-2025-11-30-01-2026-01-14-ixbrl.htm</ixbrl></instance></list></manifest>