<?xml version="1.0" encoding="utf-8"?>
<!-- Generated by PRONEXUS WORKS --><link:linkbase xmlns:link="http://www.xbrl.org/2003/linkbase" xmlns:xsi="http://www.w3.org/2001/XMLSchema-instance" xmlns:xbrli="http://www.xbrl.org/2003/instance" xmlns:xlink="http://www.w3.org/1999/xlink">  <link:labelLink xlink:type="extended" xlink:role="http://www.xbrl.org/2003/role/link">    <link:loc xlink:type="locator" xlink:href="tse-qcedjpfr-74530-2025-11-30-01-2026-01-14.xsd#tse-qcedjpfr-74530_GainOnChangeInLeaseTermsEI" xlink:label="GainOnChangeInLeaseTermsEI" />    <link:loc xlink:type="locator" xlink:href="tse-qcedjpfr-74530-2025-11-30-01-2026-01-14.xsd#tse-qcedjpfr-74530_RightOfUseAssetPPE" xlink:label="RightOfUseAssetPPE" />    <link:loc xlink:type="locator" xlink:href="tse-qcedjpfr-74530-2025-11-30-01-2026-01-14.xsd#tse-qcedjpfr-74530_AccumulatedDepreciationForRightOfUseAssetPPE" xlink:label="AccumulatedDepreciationForRightOfUseAssetPPE" />    <link:loc xlink:type="locator" xlink:href="tse-qcedjpfr-74530-2025-11-30-01-2026-01-14.xsd#tse-qcedjpfr-74530_RightOfUseAssetNetPPE" xlink:label="RightOfUseAssetNetPPE" />    <link:loc xlink:type="locator" xlink:href="tse-qcedjpfr-74530-2025-11-30-01-2026-01-14.xsd#tse-qcedjpfr-74530_DomesticBusinessReportableSegmentsMember" xlink:label="DomesticBusinessReportableSegmentsMember" />    <link:loc xlink:type="locator" xlink:href="tse-qcedjpfr-74530-2025-11-30-01-2026-01-14.xsd#tse-qcedjpfr-74530_EastAsiaBusinessReportableSegmentsMember" xlink:label="EastAsiaBusinessReportableSegmentsMember" />    <link:loc xlink:type="locator" xlink:href="tse-qcedjpfr-74530-2025-11-30-01-2026-01-14.xsd#tse-qcedjpfr-74530_EastSouthAsiaAndOceaniaBusinessReportableSegmentsMember" xlink:label="EastSouthAsiaAndOceaniaBusinessReportableSegmentsMember" />    <link:loc xlink:type="locator" xlink:href="tse-qcedjpfr-74530-2025-11-30-01-2026-01-14.xsd#tse-qcedjpfr-74530_EuropeAndUSBusinessReportableSegmentsMember" xlink:label="EuropeAndUSBusinessReportableSegmentsMember" />    <link:label xlink:type="resource" xlink:label="label_DomesticBusinessReportableSegmentsMember" xml:lang="en" xlink:role="http://www.xbrl.org/2003/role/label" id="label_DomesticBusinessReportableSegmentsMember">Domestic Business</link:label>    <link:labelArc xlink:type="arc" xlink:arcrole="http://www.xbrl.org/2003/arcrole/concept-label" xlink:from="DomesticBusinessReportableSegmentsMember" xlink:to="label_DomesticBusinessReportableSegmentsMember" />    <link:label xlink:type="resource" xlink:label="label_DomesticBusinessReportableSegmentsMember_2" xml:lang="en" xlink:role="http://www.xbrl.org/2003/role/verboseLabel" id="label_DomesticBusinessReportableSegmentsMember_2">Domestic Business,Reportable segments [member]</link:label>    <link:labelArc xlink:type="arc" xlink:arcrole="http://www.xbrl.org/2003/arcrole/concept-label" xlink:from="DomesticBusinessReportableSegmentsMember" xlink:to="label_DomesticBusinessReportableSegmentsMember_2" />    <link:label xlink:type="resource" xlink:label="label_EastAsiaBusinessReportableSegmentsMember" xml:lang="en" xlink:role="http://www.xbrl.org/2003/role/label" id="label_EastAsiaBusinessReportableSegmentsMember">East Asia business</link:label>    <link:labelArc xlink:type="arc" xlink:arcrole="http://www.xbrl.org/2003/arcrole/concept-label" xlink:from="EastAsiaBusinessReportableSegmentsMember" xlink:to="label_EastAsiaBusinessReportableSegmentsMember" />    <link:label xlink:type="resource" xlink:label="label_EastAsiaBusinessReportableSegmentsMember_2" xml:lang="en" xlink:role="http://www.xbrl.org/2003/role/verboseLabel" id="label_EastAsiaBusinessReportableSegmentsMember_2">East Asia business,Reportable segments [member]</link:label>    <link:labelArc xlink:type="arc" xlink:arcrole="http://www.xbrl.org/2003/arcrole/concept-label" xlink:from="EastAsiaBusinessReportableSegmentsMember" xlink:to="label_EastAsiaBusinessReportableSegmentsMember_2" />    <link:label xlink:type="resource" xlink:label="label_EastSouthAsiaAndOceaniaBusinessReportableSegmentsMember" xml:lang="en" xlink:role="http://www.xbrl.org/2003/role/label" id="label_EastSouthAsiaAndOceaniaBusinessReportableSegmentsMember">East South Asia and Oceania business</link:label>    <link:labelArc xlink:type="arc" xlink:arcrole="http://www.xbrl.org/2003/arcrole/concept-label" xlink:from="EastSouthAsiaAndOceaniaBusinessReportableSegmentsMember" xlink:to="label_EastSouthAsiaAndOceaniaBusinessReportableSegmentsMember" />    <link:label xlink:type="resource" xlink:label="label_EastSouthAsiaAndOceaniaBusinessReportableSegmentsMember_2" xml:lang="en" xlink:role="http://www.xbrl.org/2003/role/verboseLabel" id="label_EastSouthAsiaAndOceaniaBusinessReportableSegmentsMember_2">East South Asia and Oceania business,Reportable segments [member]</link:label>    <link:labelArc xlink:type="arc" xlink:arcrole="http://www.xbrl.org/2003/arcrole/concept-label" xlink:from="EastSouthAsiaAndOceaniaBusinessReportableSegmentsMember" xlink:to="label_EastSouthAsiaAndOceaniaBusinessReportableSegmentsMember_2" />    <link:label xlink:type="resource" xlink:label="label_EuropeAndUSBusinessReportableSegmentsMember" xml:lang="en" xlink:role="http://www.xbrl.org/2003/role/label" id="label_EuropeAndUSBusinessReportableSegmentsMember">Europe and US business</link:label>    <link:labelArc xlink:type="arc" xlink:arcrole="http://www.xbrl.org/2003/arcrole/concept-label" xlink:from="EuropeAndUSBusinessReportableSegmentsMember" xlink:to="label_EuropeAndUSBusinessReportableSegmentsMember" />    <link:label xlink:type="resource" xlink:label="label_EuropeAndUSBusinessReportableSegmentsMember_2" xml:lang="en" xlink:role="http://www.xbrl.org/2003/role/verboseLabel" id="label_EuropeAndUSBusinessReportableSegmentsMember_2">Europe and US business,Reportable segments [member]</link:label>    <link:labelArc xlink:type="arc" xlink:arcrole="http://www.xbrl.org/2003/arcrole/concept-label" xlink:from="EuropeAndUSBusinessReportableSegmentsMember" xlink:to="label_EuropeAndUSBusinessReportableSegmentsMember_2" />    <link:label xlink:type="resource" xlink:label="label_GainOnChangeInLeaseTermsEI" xml:lang="en" xlink:role="http://www.xbrl.org/2003/role/label" id="label_GainOnChangeInLeaseTermsEI">Gain on change in lease terms</link:label>    <link:labelArc xlink:type="arc" xlink:arcrole="http://www.xbrl.org/2003/arcrole/concept-label" xlink:from="GainOnChangeInLeaseTermsEI" xlink:to="label_GainOnChangeInLeaseTermsEI" />    <link:label xlink:type="resource" xlink:label="label_GainOnChangeInLeaseTermsEI_2" xml:lang="en" xlink:role="http://www.xbrl.org/2003/role/verboseLabel" id="label_GainOnChangeInLeaseTermsEI_2">Gain on change in lease terms-EI</link:label>    <link:labelArc xlink:type="arc" xlink:arcrole="http://www.xbrl.org/2003/arcrole/concept-label" xlink:from="GainOnChangeInLeaseTermsEI" xlink:to="label_GainOnChangeInLeaseTermsEI_2" />    <link:label xlink:type="resource" xlink:label="label_RightOfUseAssetPPE" xml:lang="en" xlink:role="http://www.xbrl.org/2003/role/label" id="label_RightOfUseAssetPPE">Right of Use Asset</link:label>    <link:labelArc xlink:type="arc" xlink:arcrole="http://www.xbrl.org/2003/arcrole/concept-label" xlink:from="RightOfUseAssetPPE" xlink:to="label_RightOfUseAssetPPE" />    <link:label xlink:type="resource" xlink:label="label_RightOfUseAssetPPE_2" xml:lang="en" xlink:role="http://www.xbrl.org/2003/role/verboseLabel" id="label_RightOfUseAssetPPE_2">Right of Use Asset -PPE</link:label>    <link:labelArc xlink:type="arc" xlink:arcrole="http://www.xbrl.org/2003/arcrole/concept-label" xlink:from="RightOfUseAssetPPE" xlink:to="label_RightOfUseAssetPPE_2" />    <link:label xlink:type="resource" xlink:label="label_AccumulatedDepreciationForRightOfUseAssetPPE" xml:lang="en" xlink:role="http://www.xbrl.org/2003/role/label" id="label_AccumulatedDepreciationForRightOfUseAssetPPE">Accumulated depreciation for right of use asset</link:label>    <link:labelArc xlink:type="arc" xlink:arcrole="http://www.xbrl.org/2003/arcrole/concept-label" xlink:from="AccumulatedDepreciationForRightOfUseAssetPPE" xlink:to="label_AccumulatedDepreciationForRightOfUseAssetPPE" />    <link:label xlink:type="resource" xlink:label="label_AccumulatedDepreciationForRightOfUseAssetPPE_2" xml:lang="en" xlink:role="http://www.xbrl.org/2003/role/verboseLabel" id="label_AccumulatedDepreciationForRightOfUseAssetPPE_2">Accumulated depreciation for right of use asset -PPE</link:label>    <link:labelArc xlink:type="arc" xlink:arcrole="http://www.xbrl.org/2003/arcrole/concept-label" xlink:from="AccumulatedDepreciationForRightOfUseAssetPPE" xlink:to="label_AccumulatedDepreciationForRightOfUseAssetPPE_2" />    <link:label xlink:type="resource" xlink:label="label_RightOfUseAssetNetPPE" xml:lang="en" xlink:role="http://www.xbrl.org/2003/role/label" id="label_RightOfUseAssetNetPPE">Right of use asset-net</link:label>    <link:labelArc xlink:type="arc" xlink:arcrole="http://www.xbrl.org/2003/arcrole/concept-label" xlink:from="RightOfUseAssetNetPPE" xlink:to="label_RightOfUseAssetNetPPE" />    <link:label xlink:type="resource" xlink:label="label_RightOfUseAssetNetPPE_2" xml:lang="en" xlink:role="http://www.xbrl.org/2003/role/verboseLabel" id="label_RightOfUseAssetNetPPE_2">Right of use asset-net -PPE</link:label>    <link:labelArc xlink:type="arc" xlink:arcrole="http://www.xbrl.org/2003/arcrole/concept-label" xlink:from="RightOfUseAssetNetPPE" xlink:to="label_RightOfUseAssetNetPPE_2" />  </link:labelLink></link:linkbase>