<?xml version="1.0" encoding="utf-8"?>
<!-- Generated by PRONEXUS WORKS --><link:linkbase xmlns:link="http://www.xbrl.org/2003/linkbase" xmlns:xsi="http://www.w3.org/2001/XMLSchema-instance" xmlns:xbrli="http://www.xbrl.org/2003/instance" xmlns:xlink="http://www.w3.org/1999/xlink">  <link:labelLink xlink:type="extended" xlink:role="http://www.xbrl.org/2003/role/link">    <link:loc xlink:type="locator" xlink:href="tse-scedjpfr-70680-2025-11-30-01-2025-12-25.xsd#tse-scedjpfr-70680_ProfessionalServiceBusinessReportableSegmentsMember" xlink:label="ProfessionalServiceBusinessReportableSegmentsMember" />    <link:loc xlink:type="locator" xlink:href="tse-scedjpfr-70680-2025-11-30-01-2025-12-25.xsd#tse-scedjpfr-70680_SaaSBusinessReportableSegmentsMember" xlink:label="SaaSBusinessReportableSegmentsMember" />    <link:loc xlink:type="locator" xlink:href="tse-scedjpfr-70680-2025-11-30-01-2025-12-25.xsd#tse-scedjpfr-70680_DXBusinessReportableSegmentsMember" xlink:label="DXBusinessReportableSegmentsMember" />    <link:loc xlink:type="locator" xlink:href="tse-scedjpfr-70680-2025-11-30-01-2025-12-25.xsd#tse-scedjpfr-70680_CustomerRelatedAssetsIA" xlink:label="CustomerRelatedAssetsIA" />    <link:label xlink:type="resource" xlink:label="label_ProfessionalServiceBusinessReportableSegmentsMember" xml:lang="en" xlink:role="http://www.xbrl.org/2003/role/label" id="label_ProfessionalServiceBusinessReportableSegmentsMember">Professional service business</link:label>    <link:labelArc xlink:type="arc" xlink:arcrole="http://www.xbrl.org/2003/arcrole/concept-label" xlink:from="ProfessionalServiceBusinessReportableSegmentsMember" xlink:to="label_ProfessionalServiceBusinessReportableSegmentsMember" />    <link:label xlink:type="resource" xlink:label="label_ProfessionalServiceBusinessReportableSegmentsMember_2" xml:lang="en" xlink:role="http://www.xbrl.org/2003/role/verboseLabel" id="label_ProfessionalServiceBusinessReportableSegmentsMember_2">Professional service business, Reportable segments [member]</link:label>    <link:labelArc xlink:type="arc" xlink:arcrole="http://www.xbrl.org/2003/arcrole/concept-label" xlink:from="ProfessionalServiceBusinessReportableSegmentsMember" xlink:to="label_ProfessionalServiceBusinessReportableSegmentsMember_2" />    <link:label xlink:type="resource" xlink:label="label_SaaSBusinessReportableSegmentsMember" xml:lang="en" xlink:role="http://www.xbrl.org/2003/role/label" id="label_SaaSBusinessReportableSegmentsMember">SaaS business</link:label>    <link:labelArc xlink:type="arc" xlink:arcrole="http://www.xbrl.org/2003/arcrole/concept-label" xlink:from="SaaSBusinessReportableSegmentsMember" xlink:to="label_SaaSBusinessReportableSegmentsMember" />    <link:label xlink:type="resource" xlink:label="label_SaaSBusinessReportableSegmentsMember_2" xml:lang="en" xlink:role="http://www.xbrl.org/2003/role/verboseLabel" id="label_SaaSBusinessReportableSegmentsMember_2">SaaS business, Reportable segments [member]</link:label>    <link:labelArc xlink:type="arc" xlink:arcrole="http://www.xbrl.org/2003/arcrole/concept-label" xlink:from="SaaSBusinessReportableSegmentsMember" xlink:to="label_SaaSBusinessReportableSegmentsMember_2" />    <link:label xlink:type="resource" xlink:label="label_DXBusinessReportableSegmentsMember" xml:lang="en" xlink:role="http://www.xbrl.org/2003/role/label" id="label_DXBusinessReportableSegmentsMember">DX business</link:label>    <link:labelArc xlink:type="arc" xlink:arcrole="http://www.xbrl.org/2003/arcrole/concept-label" xlink:from="DXBusinessReportableSegmentsMember" xlink:to="label_DXBusinessReportableSegmentsMember" />    <link:label xlink:type="resource" xlink:label="label_DXBusinessReportableSegmentsMember_2" xml:lang="en" xlink:role="http://www.xbrl.org/2003/role/verboseLabel" id="label_DXBusinessReportableSegmentsMember_2">DX business, Reportable segments [member]</link:label>    <link:labelArc xlink:type="arc" xlink:arcrole="http://www.xbrl.org/2003/arcrole/concept-label" xlink:from="DXBusinessReportableSegmentsMember" xlink:to="label_DXBusinessReportableSegmentsMember_2" />    <link:loc xlink:type="locator" xlink:href="http://disclosure.edinet-fsa.go.jp/taxonomy/jppfs/2024-11-01/jppfs_cor_2024-11-01.xsd#jppfs_cor_IncomeBeforeIncomeTaxes" xlink:label="IncomeBeforeIncomeTaxes" />    <link:label xlink:type="resource" xlink:label="label_IncomeBeforeIncomeTaxes" xml:lang="en" xlink:role="http://www.xbrl.org/2003/role/totalLabel" id="label_IncomeBeforeIncomeTaxes">Profit (loss) before income taxes</link:label>    <link:labelArc xlink:type="arc" xlink:arcrole="http://www.xbrl.org/2003/arcrole/concept-label" xlink:from="IncomeBeforeIncomeTaxes" xlink:to="label_IncomeBeforeIncomeTaxes" />    <link:label xlink:type="resource" xlink:label="label_CustomerRelatedAssetsIA" xml:lang="en" xlink:role="http://www.xbrl.org/2003/role/label" id="label_CustomerRelatedAssetsIA">Customer-related assets</link:label>    <link:labelArc xlink:type="arc" xlink:arcrole="http://www.xbrl.org/2003/arcrole/concept-label" xlink:from="CustomerRelatedAssetsIA" xlink:to="label_CustomerRelatedAssetsIA" />    <link:label xlink:type="resource" xlink:label="label_CustomerRelatedAssetsIA_2" xml:lang="en" xlink:role="http://www.xbrl.org/2003/role/verboseLabel" id="label_CustomerRelatedAssetsIA_2">Customer-related assets-IA</link:label>    <link:labelArc xlink:type="arc" xlink:arcrole="http://www.xbrl.org/2003/arcrole/concept-label" xlink:from="CustomerRelatedAssetsIA" xlink:to="label_CustomerRelatedAssetsIA_2" />    <link:loc xlink:type="locator" xlink:href="http://disclosure.edinet-fsa.go.jp/taxonomy/jppfs/2024-11-01/jppfs_cor_2024-11-01.xsd#jppfs_cor_InvestmentsAndOtherAssets" xlink:label="InvestmentsAndOtherAssets" />    <link:label xlink:type="resource" xlink:label="label_InvestmentsAndOtherAssets" xml:lang="en" xlink:role="http://www.xbrl.org/2003/role/positiveLabel" id="label_InvestmentsAndOtherAssets">Other assets</link:label>    <link:labelArc xlink:type="arc" xlink:arcrole="http://www.xbrl.org/2003/arcrole/concept-label" xlink:from="InvestmentsAndOtherAssets" xlink:to="label_InvestmentsAndOtherAssets" />  </link:labelLink></link:linkbase>