﻿<?xml version="1.0" encoding="utf-8"?>
<!-- XBRL Document Created with WizLabo Platform -->
<link:linkbase xmlns:xlink="http://www.w3.org/1999/xlink" xmlns:xsi="http://www.w3.org/2001/XMLSchema-instance" xmlns:link="http://www.xbrl.org/2003/linkbase">
  <link:labelLink xlink:type="extended" xlink:role="http://www.xbrl.org/2003/role/link">
    <link:label xml:lang="ja" xlink:type="resource" xlink:label="tse-acedjpfr-55270_DecreaseIncreaseInRealEstateForSaleInProcessOpeCF_label" xlink:role="http://www.xbrl.org/2003/role/label">仕掛販売用不動産の増減額（△は増加）</link:label>
    <link:label xml:lang="ja" xlink:type="resource" xlink:label="tse-acedjpfr-55270_DecreaseIncreaseInRealEstateForSaleInProcessOpeCF_label_1" xlink:role="http://www.xbrl.org/2003/role/verboseLabel">仕掛販売用不動産の増減額（△は増加）、営業活動によるキャッシュ・フロー</link:label>
    <link:label xml:lang="ja" xlink:type="resource" xlink:label="tse-acedjpfr-55270_IncreaseDecreaseInAdvancesReceivedRealEstateOpeCF_label" xlink:role="http://www.xbrl.org/2003/role/label">不動産事業前受金の増減額（△は減少）</link:label>
    <link:label xml:lang="ja" xlink:type="resource" xlink:label="tse-acedjpfr-55270_IncreaseDecreaseInAdvancesReceivedRealEstateOpeCF_label_1" xlink:role="http://www.xbrl.org/2003/role/verboseLabel">不動産事業前受金の増減額（△は減少）、営業活動によるキャッシュ・フロー</link:label>
    <link:label xml:lang="ja" xlink:type="resource" xlink:label="tse-acedjpfr-55270_PaymentsForInvestmentInPartnershipsInvCF_label" xlink:role="http://www.xbrl.org/2003/role/label">投資事業有限責任組合への出資による支出</link:label>
    <link:label xml:lang="ja" xlink:type="resource" xlink:label="tse-acedjpfr-55270_PaymentsForInvestmentInPartnershipsInvCF_label_1" xlink:role="http://www.xbrl.org/2003/role/verboseLabel">投資事業有限責任組合への出資による支出、投資活動によるキャッシュ・フロー</link:label>
    <link:label xml:lang="ja" xlink:type="resource" xlink:label="tse-acedjpfr-55270_RefundOfRealEstateAcquisitionTaxNOI_label" xlink:role="http://www.xbrl.org/2003/role/label">不動産取得税還付金</link:label>
    <link:label xml:lang="ja" xlink:type="resource" xlink:label="tse-acedjpfr-55270_RefundOfRealEstateAcquisitionTaxNOI_label_1" xlink:role="http://www.xbrl.org/2003/role/verboseLabel">不動産取得税還付金、営業外収益</link:label>
    <link:label xml:lang="ja" xlink:type="resource" xlink:label="tse-acedjpfr-55270_SharesOfSubsidiariesAndAssociatesAssetsIOA_label" xlink:role="http://www.xbrl.org/2003/role/label">関係会社株式</link:label>
    <link:label xml:lang="ja" xlink:type="resource" xlink:label="tse-acedjpfr-55270_SharesOfSubsidiariesAndAssociatesAssetsIOA_label_1" xlink:role="http://www.xbrl.org/2003/role/verboseLabel">関係会社株式、投資その他の資産</link:label>
    <link:loc xlink:type="locator" xlink:href="tse-acedjpfr-55270-2025-11-30-01-2026-01-14.xsd#tse-acedjpfr-55270_DecreaseIncreaseInRealEstateForSaleInProcessOpeCF" xlink:label="tse-acedjpfr-55270_DecreaseIncreaseInRealEstateForSaleInProcessOpeCF" />
    <link:loc xlink:type="locator" xlink:href="tse-acedjpfr-55270-2025-11-30-01-2026-01-14.xsd#tse-acedjpfr-55270_IncreaseDecreaseInAdvancesReceivedRealEstateOpeCF" xlink:label="tse-acedjpfr-55270_IncreaseDecreaseInAdvancesReceivedRealEstateOpeCF" />
    <link:loc xlink:type="locator" xlink:href="tse-acedjpfr-55270-2025-11-30-01-2026-01-14.xsd#tse-acedjpfr-55270_PaymentsForInvestmentInPartnershipsInvCF" xlink:label="tse-acedjpfr-55270_PaymentsForInvestmentInPartnershipsInvCF" />
    <link:loc xlink:type="locator" xlink:href="tse-acedjpfr-55270-2025-11-30-01-2026-01-14.xsd#tse-acedjpfr-55270_RefundOfRealEstateAcquisitionTaxNOI" xlink:label="tse-acedjpfr-55270_RefundOfRealEstateAcquisitionTaxNOI" />
    <link:loc xlink:type="locator" xlink:href="tse-acedjpfr-55270-2025-11-30-01-2026-01-14.xsd#tse-acedjpfr-55270_SharesOfSubsidiariesAndAssociatesAssetsIOA" xlink:label="tse-acedjpfr-55270_SharesOfSubsidiariesAndAssociatesAssetsIOA" />
    <link:labelArc xlink:type="arc" xlink:from="tse-acedjpfr-55270_DecreaseIncreaseInRealEstateForSaleInProcessOpeCF" xlink:to="tse-acedjpfr-55270_DecreaseIncreaseInRealEstateForSaleInProcessOpeCF_label" xlink:arcrole="http://www.xbrl.org/2003/arcrole/concept-label" order="1" />
    <link:labelArc xlink:type="arc" xlink:from="tse-acedjpfr-55270_DecreaseIncreaseInRealEstateForSaleInProcessOpeCF" xlink:to="tse-acedjpfr-55270_DecreaseIncreaseInRealEstateForSaleInProcessOpeCF_label_1" xlink:arcrole="http://www.xbrl.org/2003/arcrole/concept-label" order="1" />
    <link:labelArc xlink:type="arc" xlink:from="tse-acedjpfr-55270_IncreaseDecreaseInAdvancesReceivedRealEstateOpeCF" xlink:to="tse-acedjpfr-55270_IncreaseDecreaseInAdvancesReceivedRealEstateOpeCF_label" xlink:arcrole="http://www.xbrl.org/2003/arcrole/concept-label" order="1" />
    <link:labelArc xlink:type="arc" xlink:from="tse-acedjpfr-55270_IncreaseDecreaseInAdvancesReceivedRealEstateOpeCF" xlink:to="tse-acedjpfr-55270_IncreaseDecreaseInAdvancesReceivedRealEstateOpeCF_label_1" xlink:arcrole="http://www.xbrl.org/2003/arcrole/concept-label" order="1" />
    <link:labelArc xlink:type="arc" xlink:from="tse-acedjpfr-55270_PaymentsForInvestmentInPartnershipsInvCF" xlink:to="tse-acedjpfr-55270_PaymentsForInvestmentInPartnershipsInvCF_label" xlink:arcrole="http://www.xbrl.org/2003/arcrole/concept-label" order="1" />
    <link:labelArc xlink:type="arc" xlink:from="tse-acedjpfr-55270_PaymentsForInvestmentInPartnershipsInvCF" xlink:to="tse-acedjpfr-55270_PaymentsForInvestmentInPartnershipsInvCF_label_1" xlink:arcrole="http://www.xbrl.org/2003/arcrole/concept-label" order="1" />
    <link:labelArc xlink:type="arc" xlink:from="tse-acedjpfr-55270_RefundOfRealEstateAcquisitionTaxNOI" xlink:to="tse-acedjpfr-55270_RefundOfRealEstateAcquisitionTaxNOI_label" xlink:arcrole="http://www.xbrl.org/2003/arcrole/concept-label" order="1" />
    <link:labelArc xlink:type="arc" xlink:from="tse-acedjpfr-55270_RefundOfRealEstateAcquisitionTaxNOI" xlink:to="tse-acedjpfr-55270_RefundOfRealEstateAcquisitionTaxNOI_label_1" xlink:arcrole="http://www.xbrl.org/2003/arcrole/concept-label" order="1" />
    <link:labelArc xlink:type="arc" xlink:from="tse-acedjpfr-55270_SharesOfSubsidiariesAndAssociatesAssetsIOA" xlink:to="tse-acedjpfr-55270_SharesOfSubsidiariesAndAssociatesAssetsIOA_label" xlink:arcrole="http://www.xbrl.org/2003/arcrole/concept-label" order="1" />
    <link:labelArc xlink:type="arc" xlink:from="tse-acedjpfr-55270_SharesOfSubsidiariesAndAssociatesAssetsIOA" xlink:to="tse-acedjpfr-55270_SharesOfSubsidiariesAndAssociatesAssetsIOA_label_1" xlink:arcrole="http://www.xbrl.org/2003/arcrole/concept-label" order="1" />
  </link:labelLink>
</link:linkbase>