<?xml version="1.0" encoding="utf-8"?>
<!-- Generated by PRONEXUS WORKS --><link:linkbase xmlns:link="http://www.xbrl.org/2003/linkbase" xmlns:xsi="http://www.w3.org/2001/XMLSchema-instance" xmlns:xbrli="http://www.xbrl.org/2003/instance" xmlns:xlink="http://www.w3.org/1999/xlink">  <link:labelLink xlink:type="extended" xlink:role="http://www.xbrl.org/2003/role/link">    <link:loc xlink:type="locator" xlink:href="tse-qcedjpfr-82270-2025-11-20-01-2025-12-22.xsd#tse-qcedjpfr-82270_GainOnSalesOfPackagingMaterialsNOI" xlink:label="GainOnSalesOfPackagingMaterialsNOI" />    <link:loc xlink:type="locator" xlink:href="tse-qcedjpfr-82270-2025-11-20-01-2025-12-22.xsd#tse-qcedjpfr-82270_LossOnProCessedGiftCertificatesNOE" xlink:label="LossOnProCessedGiftCertificatesNOE" />    <link:loc xlink:type="locator" xlink:href="tse-qcedjpfr-82270-2025-11-20-01-2025-12-22.xsd#tse-qcedjpfr-82270_JapanReportableSegmentsMember" xlink:label="JapanReportableSegmentsMember" />    <link:loc xlink:type="locator" xlink:href="tse-qcedjpfr-82270-2025-11-20-01-2025-12-22.xsd#tse-qcedjpfr-82270_OverseasReportableSegmentsMember" xlink:label="OverseasReportableSegmentsMember" />    <link:loc xlink:type="locator" xlink:href="tse-qcedjpfr-82270-2025-11-20-01-2025-12-22.xsd#tse-qcedjpfr-82270_ProvisionExecutiveOfficersBonuses" xlink:label="ProvisionExecutiveOfficersBonuses" />    <link:loc xlink:type="locator" xlink:href="tse-qcedjpfr-82270-2025-11-20-01-2025-12-22.xsd#tse-qcedjpfr-82270_ProvisionForPartTimeEmployeesRetirementNCL" xlink:label="ProvisionForPartTimeEmployeesRetirementNCL" />    <link:loc xlink:type="locator" xlink:href="tse-qcedjpfr-82270-2025-11-20-01-2025-12-22.xsd#tse-qcedjpfr-82270_ProvisionForExecutiveOfficersRetirementBenefits" xlink:label="ProvisionForExecutiveOfficersRetirementBenefits" />    <link:loc xlink:type="locator" xlink:href="tse-qcedjpfr-82270-2025-11-20-01-2025-12-22.xsd#tse-qcedjpfr-82270_IncreaseDecreaseInProvisionForExecutiveOfficerSBonusesOpeCF" xlink:label="IncreaseDecreaseInProvisionForExecutiveOfficerSBonusesOpeCF" />    <link:loc xlink:type="locator" xlink:href="tse-qcedjpfr-82270-2025-11-20-01-2025-12-22.xsd#tse-qcedjpfr-82270_IncreaseDecreaseInProvisionForPartTimeEmployeesRetirementOpeCF" xlink:label="IncreaseDecreaseInProvisionForPartTimeEmployeesRetirementOpeCF" />    <link:loc xlink:type="locator" xlink:href="tse-qcedjpfr-82270-2025-11-20-01-2025-12-22.xsd#tse-qcedjpfr-82270_IncreaseDecreaseInProvisionForExecutiveOfficersRetirementBenefitsOpeCF" xlink:label="IncreaseDecreaseInProvisionForExecutiveOfficersRetirementBenefitsOpeCF" />    <link:label xlink:type="resource" xlink:label="label_JapanReportableSegmentsMember" xml:lang="en" xlink:role="http://www.xbrl.org/2003/role/label" id="label_JapanReportableSegmentsMember">Japan</link:label>    <link:labelArc xlink:type="arc" xlink:arcrole="http://www.xbrl.org/2003/arcrole/concept-label" xlink:from="JapanReportableSegmentsMember" xlink:to="label_JapanReportableSegmentsMember" />    <link:label xlink:type="resource" xlink:label="label_JapanReportableSegmentsMember_2" xml:lang="en" xlink:role="http://www.xbrl.org/2003/role/verboseLabel" id="label_JapanReportableSegmentsMember_2">Japan, Reportable segments [member]</link:label>    <link:labelArc xlink:type="arc" xlink:arcrole="http://www.xbrl.org/2003/arcrole/concept-label" xlink:from="JapanReportableSegmentsMember" xlink:to="label_JapanReportableSegmentsMember_2" />    <link:label xlink:type="resource" xlink:label="label_OverseasReportableSegmentsMember" xml:lang="en" xlink:role="http://www.xbrl.org/2003/role/label" id="label_OverseasReportableSegmentsMember">Overseas</link:label>    <link:labelArc xlink:type="arc" xlink:arcrole="http://www.xbrl.org/2003/arcrole/concept-label" xlink:from="OverseasReportableSegmentsMember" xlink:to="label_OverseasReportableSegmentsMember" />    <link:label xlink:type="resource" xlink:label="label_OverseasReportableSegmentsMember_2" xml:lang="en" xlink:role="http://www.xbrl.org/2003/role/verboseLabel" id="label_OverseasReportableSegmentsMember_2">Overseas, Reportable segments [member]</link:label>    <link:labelArc xlink:type="arc" xlink:arcrole="http://www.xbrl.org/2003/arcrole/concept-label" xlink:from="OverseasReportableSegmentsMember" xlink:to="label_OverseasReportableSegmentsMember_2" />    <link:label xlink:type="resource" xlink:label="label_ProvisionExecutiveOfficersBonuses" xml:lang="en" xlink:role="http://www.xbrl.org/2003/role/label" id="label_ProvisionExecutiveOfficersBonuses">Provision executive officers' bonuses</link:label>    <link:labelArc xlink:type="arc" xlink:arcrole="http://www.xbrl.org/2003/arcrole/concept-label" xlink:from="ProvisionExecutiveOfficersBonuses" xlink:to="label_ProvisionExecutiveOfficersBonuses" />    <link:label xlink:type="resource" xlink:label="label_ProvisionExecutiveOfficersBonuses_2" xml:lang="en" xlink:role="http://www.xbrl.org/2003/role/verboseLabel" id="label_ProvisionExecutiveOfficersBonuses_2">Provision executive officers' bonuses</link:label>    <link:labelArc xlink:type="arc" xlink:arcrole="http://www.xbrl.org/2003/arcrole/concept-label" xlink:from="ProvisionExecutiveOfficersBonuses" xlink:to="label_ProvisionExecutiveOfficersBonuses_2" />    <link:label xlink:type="resource" xlink:label="label_ProvisionForPartTimeEmployeesRetirementNCL" xml:lang="en" xlink:role="http://www.xbrl.org/2003/role/label" id="label_ProvisionForPartTimeEmployeesRetirementNCL">provision for part-time employees retirement</link:label>    <link:labelArc xlink:type="arc" xlink:arcrole="http://www.xbrl.org/2003/arcrole/concept-label" xlink:from="ProvisionForPartTimeEmployeesRetirementNCL" xlink:to="label_ProvisionForPartTimeEmployeesRetirementNCL" />    <link:label xlink:type="resource" xlink:label="label_ProvisionForPartTimeEmployeesRetirementNCL_2" xml:lang="en" xlink:role="http://www.xbrl.org/2003/role/verboseLabel" id="label_ProvisionForPartTimeEmployeesRetirementNCL_2">provision for part-time employees retirement-NCL</link:label>    <link:labelArc xlink:type="arc" xlink:arcrole="http://www.xbrl.org/2003/arcrole/concept-label" xlink:from="ProvisionForPartTimeEmployeesRetirementNCL" xlink:to="label_ProvisionForPartTimeEmployeesRetirementNCL_2" />    <link:label xlink:type="resource" xlink:label="label_ProvisionForExecutiveOfficersRetirementBenefits" xml:lang="en" xlink:role="http://www.xbrl.org/2003/role/label" id="label_ProvisionForExecutiveOfficersRetirementBenefits">Provision for executive officers' retirement benefits</link:label>    <link:labelArc xlink:type="arc" xlink:arcrole="http://www.xbrl.org/2003/arcrole/concept-label" xlink:from="ProvisionForExecutiveOfficersRetirementBenefits" xlink:to="label_ProvisionForExecutiveOfficersRetirementBenefits" />    <link:label xlink:type="resource" xlink:label="label_ProvisionForExecutiveOfficersRetirementBenefits_2" xml:lang="en" xlink:role="http://www.xbrl.org/2003/role/verboseLabel" id="label_ProvisionForExecutiveOfficersRetirementBenefits_2">Provision for executive officers' retirement benefits</link:label>    <link:labelArc xlink:type="arc" xlink:arcrole="http://www.xbrl.org/2003/arcrole/concept-label" xlink:from="ProvisionForExecutiveOfficersRetirementBenefits" xlink:to="label_ProvisionForExecutiveOfficersRetirementBenefits_2" />    <link:label xlink:type="resource" xlink:label="label_GainOnSalesOfPackagingMaterialsNOI" xml:lang="en" xlink:role="http://www.xbrl.org/2003/role/label" id="label_GainOnSalesOfPackagingMaterialsNOI">Gain on sales of packaging materials</link:label>    <link:labelArc xlink:type="arc" xlink:arcrole="http://www.xbrl.org/2003/arcrole/concept-label" xlink:from="GainOnSalesOfPackagingMaterialsNOI" xlink:to="label_GainOnSalesOfPackagingMaterialsNOI" />    <link:label xlink:type="resource" xlink:label="label_GainOnSalesOfPackagingMaterialsNOI_2" xml:lang="en" xlink:role="http://www.xbrl.org/2003/role/verboseLabel" id="label_GainOnSalesOfPackagingMaterialsNOI_2">Gain on sales of packaging materials-NOI</link:label>    <link:labelArc xlink:type="arc" xlink:arcrole="http://www.xbrl.org/2003/arcrole/concept-label" xlink:from="GainOnSalesOfPackagingMaterialsNOI" xlink:to="label_GainOnSalesOfPackagingMaterialsNOI_2" />    <link:label xlink:type="resource" xlink:label="label_LossOnProCessedGiftCertificatesNOE" xml:lang="en" xlink:role="http://www.xbrl.org/2003/role/label" id="label_LossOnProCessedGiftCertificatesNOE">Loss on processed gift certificates</link:label>    <link:labelArc xlink:type="arc" xlink:arcrole="http://www.xbrl.org/2003/arcrole/concept-label" xlink:from="LossOnProCessedGiftCertificatesNOE" xlink:to="label_LossOnProCessedGiftCertificatesNOE" />    <link:label xlink:type="resource" xlink:label="label_LossOnProCessedGiftCertificatesNOE_2" xml:lang="en" xlink:role="http://www.xbrl.org/2003/role/verboseLabel" id="label_LossOnProCessedGiftCertificatesNOE_2">Loss on pro cessed gift certificates-NOE</link:label>    <link:labelArc xlink:type="arc" xlink:arcrole="http://www.xbrl.org/2003/arcrole/concept-label" xlink:from="LossOnProCessedGiftCertificatesNOE" xlink:to="label_LossOnProCessedGiftCertificatesNOE_2" />    <link:label xlink:type="resource" xlink:label="label_IncreaseDecreaseInProvisionForExecutiveOfficerSBonusesOpeCF" xml:lang="en" xlink:role="http://www.xbrl.org/2003/role/label" id="label_IncreaseDecreaseInProvisionForExecutiveOfficerSBonusesOpeCF">Increase(decrease) in provision for executive officer's bonuses</link:label>    <link:labelArc xlink:type="arc" xlink:arcrole="http://www.xbrl.org/2003/arcrole/concept-label" xlink:from="IncreaseDecreaseInProvisionForExecutiveOfficerSBonusesOpeCF" xlink:to="label_IncreaseDecreaseInProvisionForExecutiveOfficerSBonusesOpeCF" />    <link:label xlink:type="resource" xlink:label="label_IncreaseDecreaseInProvisionForExecutiveOfficerSBonusesOpeCF_2" xml:lang="en" xlink:role="http://www.xbrl.org/2003/role/verboseLabel" id="label_IncreaseDecreaseInProvisionForExecutiveOfficerSBonusesOpeCF_2">Increase(decrease) in provision for executive officer's bonuses-OpeCF</link:label>    <link:labelArc xlink:type="arc" xlink:arcrole="http://www.xbrl.org/2003/arcrole/concept-label" xlink:from="IncreaseDecreaseInProvisionForExecutiveOfficerSBonusesOpeCF" xlink:to="label_IncreaseDecreaseInProvisionForExecutiveOfficerSBonusesOpeCF_2" />    <link:label xlink:type="resource" xlink:label="label_IncreaseDecreaseInProvisionForPartTimeEmployeesRetirementOpeCF" xml:lang="en" xlink:role="http://www.xbrl.org/2003/role/label" id="label_IncreaseDecreaseInProvisionForPartTimeEmployeesRetirementOpeCF">increase (decrease) in provision for part-time employees retirement</link:label>    <link:labelArc xlink:type="arc" xlink:arcrole="http://www.xbrl.org/2003/arcrole/concept-label" xlink:from="IncreaseDecreaseInProvisionForPartTimeEmployeesRetirementOpeCF" xlink:to="label_IncreaseDecreaseInProvisionForPartTimeEmployeesRetirementOpeCF" />    <link:label xlink:type="resource" xlink:label="label_IncreaseDecreaseInProvisionForPartTimeEmployeesRetirementOpeCF_2" xml:lang="en" xlink:role="http://www.xbrl.org/2003/role/verboseLabel" id="label_IncreaseDecreaseInProvisionForPartTimeEmployeesRetirementOpeCF_2">increase (decrease) in provision for part-time employees retirement-OpeCF</link:label>    <link:labelArc xlink:type="arc" xlink:arcrole="http://www.xbrl.org/2003/arcrole/concept-label" xlink:from="IncreaseDecreaseInProvisionForPartTimeEmployeesRetirementOpeCF" xlink:to="label_IncreaseDecreaseInProvisionForPartTimeEmployeesRetirementOpeCF_2" />    <link:label xlink:type="resource" xlink:label="label_IncreaseDecreaseInProvisionForExecutiveOfficersRetirementBenefitsOpeCF" xml:lang="en" xlink:role="http://www.xbrl.org/2003/role/label" id="label_IncreaseDecreaseInProvisionForExecutiveOfficersRetirementBenefitsOpeCF">Increase(decrease) in provision for executive officers' retirement benefits</link:label>    <link:labelArc xlink:type="arc" xlink:arcrole="http://www.xbrl.org/2003/arcrole/concept-label" xlink:from="IncreaseDecreaseInProvisionForExecutiveOfficersRetirementBenefitsOpeCF" xlink:to="label_IncreaseDecreaseInProvisionForExecutiveOfficersRetirementBenefitsOpeCF" />    <link:label xlink:type="resource" xlink:label="label_IncreaseDecreaseInProvisionForExecutiveOfficersRetirementBenefitsOpeCF_2" xml:lang="en" xlink:role="http://www.xbrl.org/2003/role/verboseLabel" id="label_IncreaseDecreaseInProvisionForExecutiveOfficersRetirementBenefitsOpeCF_2">Increase(decrease) in provision for executive officers' retirement benefits-OpeCF</link:label>    <link:labelArc xlink:type="arc" xlink:arcrole="http://www.xbrl.org/2003/arcrole/concept-label" xlink:from="IncreaseDecreaseInProvisionForExecutiveOfficersRetirementBenefitsOpeCF" xlink:to="label_IncreaseDecreaseInProvisionForExecutiveOfficersRetirementBenefitsOpeCF_2" />  </link:labelLink></link:linkbase>