<?xml version="1.0" encoding="utf-8"?>
<!-- Generated by PRONEXUS WORKS --><link:linkbase xmlns:link="http://www.xbrl.org/2003/linkbase" xmlns:xsi="http://www.w3.org/2001/XMLSchema-instance" xmlns:xbrli="http://www.xbrl.org/2003/instance" xmlns:xlink="http://www.w3.org/1999/xlink">  <link:roleRef xlink:type="simple" roleURI="http://disclosure.edinet-fsa.go.jp/jppfs/Consolidated/role/label" xlink:href="http://disclosure.edinet-fsa.go.jp/taxonomy/jppfs/2024-11-01/jppfs_rt_2024-11-01.xsd#rol_ConsolidatedLabel" />  <link:labelLink xlink:type="extended" xlink:role="http://www.xbrl.org/2003/role/link">    <link:loc xlink:type="locator" xlink:href="tse-scedjpfr-98120-2025-11-30-01-2026-01-14.xsd#tse-scedjpfr-98120_TimberBusinessReportableSegmentsMember" xlink:label="TimberBusinessReportableSegmentsMember" />    <link:loc xlink:type="locator" xlink:href="tse-scedjpfr-98120-2025-11-30-01-2026-01-14.xsd#tse-scedjpfr-98120_DistributionBusinessReportableSegmentsMember" xlink:label="DistributionBusinessReportableSegmentsMember" />    <link:loc xlink:type="locator" xlink:href="tse-scedjpfr-98120-2025-11-30-01-2026-01-14.xsd#tse-scedjpfr-98120_ConstructionBusinessReportableSegmentsMember" xlink:label="ConstructionBusinessReportableSegmentsMember" />    <link:loc xlink:type="locator" xlink:href="tse-scedjpfr-98120-2025-11-30-01-2026-01-14.xsd#tse-scedjpfr-98120_RealEstateLeasingBusinessReportableSegmentsMember" xlink:label="RealEstateLeasingBusinessReportableSegmentsMember" />    <link:loc xlink:type="locator" xlink:href="tse-scedjpfr-98120-2025-11-30-01-2026-01-14.xsd#tse-scedjpfr-98120_AutomobileRelatedBusinessReportableSegmentsMember" xlink:label="AutomobileRelatedBusinessReportableSegmentsMember" />    <link:loc xlink:type="locator" xlink:href="tse-scedjpfr-98120-2025-11-30-01-2026-01-14.xsd#tse-scedjpfr-98120_RefundOfGuaranteeDepositsReceivedOpeCF" xlink:label="RefundOfGuaranteeDepositsReceivedOpeCF" />    <link:loc xlink:type="locator" xlink:href="tse-scedjpfr-98120-2025-11-30-01-2026-01-14.xsd#tse-scedjpfr-98120_CostsOnUncompletedConstructionContractsCA" xlink:label="CostsOnUncompletedConstructionContractsCA" />    <link:loc xlink:type="locator" xlink:href="tse-scedjpfr-98120-2025-11-30-01-2026-01-14.xsd#tse-scedjpfr-98120_AssetsForLeaseNetPPE" xlink:label="AssetsForLeaseNetPPE" />    <link:label xlink:type="resource" xlink:label="label_TimberBusinessReportableSegmentsMember" xml:lang="en" xlink:role="http://www.xbrl.org/2003/role/label" id="label_TimberBusinessReportableSegmentsMember">Timber business</link:label>    <link:labelArc xlink:type="arc" xlink:arcrole="http://www.xbrl.org/2003/arcrole/concept-label" xlink:from="TimberBusinessReportableSegmentsMember" xlink:to="label_TimberBusinessReportableSegmentsMember" />    <link:label xlink:type="resource" xlink:label="label_TimberBusinessReportableSegmentsMember_2" xml:lang="en" xlink:role="http://www.xbrl.org/2003/role/verboseLabel" id="label_TimberBusinessReportableSegmentsMember_2">Timber business, Reportable segments [member]</link:label>    <link:labelArc xlink:type="arc" xlink:arcrole="http://www.xbrl.org/2003/arcrole/concept-label" xlink:from="TimberBusinessReportableSegmentsMember" xlink:to="label_TimberBusinessReportableSegmentsMember_2" />    <link:label xlink:type="resource" xlink:label="label_DistributionBusinessReportableSegmentsMember" xml:lang="en" xlink:role="http://www.xbrl.org/2003/role/label" id="label_DistributionBusinessReportableSegmentsMember">Distribution business</link:label>    <link:labelArc xlink:type="arc" xlink:arcrole="http://www.xbrl.org/2003/arcrole/concept-label" xlink:from="DistributionBusinessReportableSegmentsMember" xlink:to="label_DistributionBusinessReportableSegmentsMember" />    <link:label xlink:type="resource" xlink:label="label_DistributionBusinessReportableSegmentsMember_2" xml:lang="en" xlink:role="http://www.xbrl.org/2003/role/verboseLabel" id="label_DistributionBusinessReportableSegmentsMember_2">Distribution business, Reportable segments [member]</link:label>    <link:labelArc xlink:type="arc" xlink:arcrole="http://www.xbrl.org/2003/arcrole/concept-label" xlink:from="DistributionBusinessReportableSegmentsMember" xlink:to="label_DistributionBusinessReportableSegmentsMember_2" />    <link:label xlink:type="resource" xlink:label="label_ConstructionBusinessReportableSegmentsMember" xml:lang="en" xlink:role="http://www.xbrl.org/2003/role/label" id="label_ConstructionBusinessReportableSegmentsMember">Construction business</link:label>    <link:labelArc xlink:type="arc" xlink:arcrole="http://www.xbrl.org/2003/arcrole/concept-label" xlink:from="ConstructionBusinessReportableSegmentsMember" xlink:to="label_ConstructionBusinessReportableSegmentsMember" />    <link:label xlink:type="resource" xlink:label="label_ConstructionBusinessReportableSegmentsMember_2" xml:lang="en" xlink:role="http://www.xbrl.org/2003/role/verboseLabel" id="label_ConstructionBusinessReportableSegmentsMember_2">Construction business, Reportable segments [member]</link:label>    <link:labelArc xlink:type="arc" xlink:arcrole="http://www.xbrl.org/2003/arcrole/concept-label" xlink:from="ConstructionBusinessReportableSegmentsMember" xlink:to="label_ConstructionBusinessReportableSegmentsMember_2" />    <link:label xlink:type="resource" xlink:label="label_RealEstateLeasingBusinessReportableSegmentsMember" xml:lang="en" xlink:role="http://www.xbrl.org/2003/role/label" id="label_RealEstateLeasingBusinessReportableSegmentsMember">Real estate leasing business</link:label>    <link:labelArc xlink:type="arc" xlink:arcrole="http://www.xbrl.org/2003/arcrole/concept-label" xlink:from="RealEstateLeasingBusinessReportableSegmentsMember" xlink:to="label_RealEstateLeasingBusinessReportableSegmentsMember" />    <link:label xlink:type="resource" xlink:label="label_RealEstateLeasingBusinessReportableSegmentsMember_2" xml:lang="en" xlink:role="http://www.xbrl.org/2003/role/verboseLabel" id="label_RealEstateLeasingBusinessReportableSegmentsMember_2">Real estate leasing business, Reportable segments [member]</link:label>    <link:labelArc xlink:type="arc" xlink:arcrole="http://www.xbrl.org/2003/arcrole/concept-label" xlink:from="RealEstateLeasingBusinessReportableSegmentsMember" xlink:to="label_RealEstateLeasingBusinessReportableSegmentsMember_2" />    <link:label xlink:type="resource" xlink:label="label_AutomobileRelatedBusinessReportableSegmentsMember" xml:lang="en" xlink:role="http://www.xbrl.org/2003/role/label" id="label_AutomobileRelatedBusinessReportableSegmentsMember">Automobile-related business</link:label>    <link:labelArc xlink:type="arc" xlink:arcrole="http://www.xbrl.org/2003/arcrole/concept-label" xlink:from="AutomobileRelatedBusinessReportableSegmentsMember" xlink:to="label_AutomobileRelatedBusinessReportableSegmentsMember" />    <link:label xlink:type="resource" xlink:label="label_AutomobileRelatedBusinessReportableSegmentsMember_2" xml:lang="en" xlink:role="http://www.xbrl.org/2003/role/verboseLabel" id="label_AutomobileRelatedBusinessReportableSegmentsMember_2">Automobile-related business, Reportable segments [member]</link:label>    <link:labelArc xlink:type="arc" xlink:arcrole="http://www.xbrl.org/2003/arcrole/concept-label" xlink:from="AutomobileRelatedBusinessReportableSegmentsMember" xlink:to="label_AutomobileRelatedBusinessReportableSegmentsMember_2" />    <link:label xlink:type="resource" xlink:label="label_CostsOnUncompletedConstructionContractsCA" xml:lang="en" xlink:role="http://www.xbrl.org/2003/role/label" id="label_CostsOnUncompletedConstructionContractsCA">Costs on uncompleted construction contracts</link:label>    <link:labelArc xlink:type="arc" xlink:arcrole="http://www.xbrl.org/2003/arcrole/concept-label" xlink:from="CostsOnUncompletedConstructionContractsCA" xlink:to="label_CostsOnUncompletedConstructionContractsCA" />    <link:label xlink:type="resource" xlink:label="label_CostsOnUncompletedConstructionContractsCA_2" xml:lang="en" xlink:role="http://www.xbrl.org/2003/role/verboseLabel" id="label_CostsOnUncompletedConstructionContractsCA_2">Costs on uncompleted construction contracts-CA</link:label>    <link:labelArc xlink:type="arc" xlink:arcrole="http://www.xbrl.org/2003/arcrole/concept-label" xlink:from="CostsOnUncompletedConstructionContractsCA" xlink:to="label_CostsOnUncompletedConstructionContractsCA_2" />    <link:label xlink:type="resource" xlink:label="label_AssetsForLeaseNetPPE" xml:lang="en" xlink:role="http://www.xbrl.org/2003/role/label" id="label_AssetsForLeaseNetPPE">Assets for lease, net</link:label>    <link:labelArc xlink:type="arc" xlink:arcrole="http://www.xbrl.org/2003/arcrole/concept-label" xlink:from="AssetsForLeaseNetPPE" xlink:to="label_AssetsForLeaseNetPPE" />    <link:label xlink:type="resource" xlink:label="label_AssetsForLeaseNetPPE_2" xml:lang="en" xlink:role="http://www.xbrl.org/2003/role/verboseLabel" id="label_AssetsForLeaseNetPPE_2">Assets for lease, net-PPE</link:label>    <link:labelArc xlink:type="arc" xlink:arcrole="http://www.xbrl.org/2003/arcrole/concept-label" xlink:from="AssetsForLeaseNetPPE" xlink:to="label_AssetsForLeaseNetPPE_2" />    <link:loc xlink:type="locator" xlink:href="http://disclosure.edinet-fsa.go.jp/taxonomy/jppfs/2024-11-01/jppfs_cor_2024-11-01.xsd#jppfs_cor_ComprehensiveIncomeAttributableToNonControllingInterests" xlink:label="ComprehensiveIncomeAttributableToNonControllingInterests" />    <link:label xlink:type="resource" xlink:label="label_ComprehensiveIncomeAttributableToNonControllingInterests" xml:lang="en" xlink:role="http://disclosure.edinet-fsa.go.jp/jppfs/Consolidated/role/label" id="label_ComprehensiveIncomeAttributableToNonControllingInterests">Comprehensive income attributable to non-controlling interests</link:label>    <link:labelArc xlink:type="arc" xlink:arcrole="http://www.xbrl.org/2003/arcrole/concept-label" xlink:from="ComprehensiveIncomeAttributableToNonControllingInterests" xlink:to="label_ComprehensiveIncomeAttributableToNonControllingInterests" />    <link:label xlink:type="resource" xlink:label="label_RefundOfGuaranteeDepositsReceivedOpeCF" xml:lang="en" xlink:role="http://www.xbrl.org/2003/role/label" id="label_RefundOfGuaranteeDepositsReceivedOpeCF">Refund of guarantee deposits received</link:label>    <link:labelArc xlink:type="arc" xlink:arcrole="http://www.xbrl.org/2003/arcrole/concept-label" xlink:from="RefundOfGuaranteeDepositsReceivedOpeCF" xlink:to="label_RefundOfGuaranteeDepositsReceivedOpeCF" />    <link:label xlink:type="resource" xlink:label="label_RefundOfGuaranteeDepositsReceivedOpeCF_2" xml:lang="en" xlink:role="http://www.xbrl.org/2003/role/verboseLabel" id="label_RefundOfGuaranteeDepositsReceivedOpeCF_2">Refund of guarantee deposits received - OpeCF</link:label>    <link:labelArc xlink:type="arc" xlink:arcrole="http://www.xbrl.org/2003/arcrole/concept-label" xlink:from="RefundOfGuaranteeDepositsReceivedOpeCF" xlink:to="label_RefundOfGuaranteeDepositsReceivedOpeCF_2" />  </link:labelLink></link:linkbase>