<?xml version="1.0" encoding="utf-8"?>
<manifest xmlns="http://disclosure.edinet-fsa.go.jp/2013/manifest"><tocComposition><title xml:lang="ja">決算短信添付資料</title><title xml:lang="en">Earnings digest attached document</title><item in="presentation" ref="tse-qnedjpfr" extrole="http://www.xbrl.tdnet.info/jp/tse/tdnet/role/RoleAttachedDocument" /></tocComposition><list><instance id="tse-qnedjpfr" type="Attachment" preferredFilename="tse-qnedjpfr-26690-2025-11-30-01-2026-01-13.xbrl"><ixbrl>0101010-qnbs02-tse-qnedjpfr-26690-2025-11-30-01-2026-01-13-ixbrl.htm</ixbrl><ixbrl>0102010-qnpl12-tse-qnedjpfr-26690-2025-11-30-01-2026-01-13-ixbrl.htm</ixbrl><ixbrl>0103010-qnsg02-tse-qnedjpfr-26690-2025-11-30-01-2026-01-13-ixbrl.htm</ixbrl></instance></list></manifest>