<?xml version="1.0" encoding="utf-8"?>
<!-- Generated by PRONEXUS WORKS --><link:linkbase xmlns:link="http://www.xbrl.org/2003/linkbase" xmlns:xsi="http://www.w3.org/2001/XMLSchema-instance" xmlns:xbrli="http://www.xbrl.org/2003/instance" xmlns:xlink="http://www.w3.org/1999/xlink">  <link:labelLink xlink:type="extended" xlink:role="http://www.xbrl.org/2003/role/link">    <link:loc xlink:type="locator" xlink:href="tse-qnedjpfr-26690-2025-11-30-01-2026-01-13.xsd#tse-qnedjpfr-26690_DepositsPaidInTenantCA" xlink:label="DepositsPaidInTenantCA" />    <link:loc xlink:type="locator" xlink:href="tse-qnedjpfr-26690-2025-11-30-01-2026-01-13.xsd#tse-qnedjpfr-26690_ProvisionForDirectorsStocksPayment" xlink:label="ProvisionForDirectorsStocksPayment" />    <link:loc xlink:type="locator" xlink:href="tse-qnedjpfr-26690-2025-11-30-01-2026-01-13.xsd#tse-qnedjpfr-26690_TenantBusinessReportableSegmentsMember" xlink:label="TenantBusinessReportableSegmentsMember" />    <link:loc xlink:type="locator" xlink:href="tse-qnedjpfr-26690-2025-11-30-01-2026-01-13.xsd#tse-qnedjpfr-26690_OutsideSaleBusinessReportableSegmentsMember" xlink:label="OutsideSaleBusinessReportableSegmentsMember" />    <link:label xlink:type="resource" xlink:label="label_DepositsPaidInTenantCA" xml:lang="ja" xlink:role="http://www.xbrl.org/2003/role/label" id="label_DepositsPaidInTenantCA">テナント預け金</link:label>    <link:labelArc xlink:type="arc" xlink:arcrole="http://www.xbrl.org/2003/arcrole/concept-label" xlink:from="DepositsPaidInTenantCA" xlink:to="label_DepositsPaidInTenantCA" />    <link:label xlink:type="resource" xlink:label="label_DepositsPaidInTenantCA_2" xml:lang="ja" xlink:role="http://www.xbrl.org/2003/role/verboseLabel" id="label_DepositsPaidInTenantCA_2">テナント預け金、流動資産、資産の部</link:label>    <link:labelArc xlink:type="arc" xlink:arcrole="http://www.xbrl.org/2003/arcrole/concept-label" xlink:from="DepositsPaidInTenantCA" xlink:to="label_DepositsPaidInTenantCA_2" />    <link:label xlink:type="resource" xlink:label="label_ProvisionForDirectorsStocksPayment" xml:lang="ja" xlink:role="http://www.xbrl.org/2003/role/label" id="label_ProvisionForDirectorsStocksPayment">役員株式給付引当金</link:label>    <link:labelArc xlink:type="arc" xlink:arcrole="http://www.xbrl.org/2003/arcrole/concept-label" xlink:from="ProvisionForDirectorsStocksPayment" xlink:to="label_ProvisionForDirectorsStocksPayment" />    <link:label xlink:type="resource" xlink:label="label_ProvisionForDirectorsStocksPayment_2" xml:lang="ja" xlink:role="http://www.xbrl.org/2003/role/verboseLabel" id="label_ProvisionForDirectorsStocksPayment_2">役員株式給付引当金</link:label>    <link:labelArc xlink:type="arc" xlink:arcrole="http://www.xbrl.org/2003/arcrole/concept-label" xlink:from="ProvisionForDirectorsStocksPayment" xlink:to="label_ProvisionForDirectorsStocksPayment_2" />    <link:loc xlink:type="locator" xlink:href="tse-qnedjpfr-26690-2025-11-30-01-2026-01-13.xsd#tse-qnedjpfr-26690_CancellationPenaltyNOE" xlink:label="CancellationPenaltyNOE" />    <link:label xlink:type="resource" xlink:label="label_CancellationPenaltyNOE_2" xml:lang="ja" xlink:role="http://www.xbrl.org/2003/role/label" id="label_CancellationPenaltyNOE_2">解約違約金</link:label>    <link:labelArc xlink:type="arc" xlink:arcrole="http://www.xbrl.org/2003/arcrole/concept-label" xlink:from="CancellationPenaltyNOE" xlink:to="label_CancellationPenaltyNOE_2" />    <link:label xlink:type="resource" xlink:label="label_CancellationPenaltyNOE" xml:lang="ja" xlink:role="http://www.xbrl.org/2003/role/verboseLabel" id="label_CancellationPenaltyNOE">解約違約金、営業外費用</link:label>    <link:labelArc xlink:type="arc" xlink:arcrole="http://www.xbrl.org/2003/arcrole/concept-label" xlink:from="CancellationPenaltyNOE" xlink:to="label_CancellationPenaltyNOE" />    <link:label xlink:type="resource" xlink:label="label_TenantBusinessReportableSegmentsMember" xml:lang="ja" xlink:role="http://www.xbrl.org/2003/role/label" id="label_TenantBusinessReportableSegmentsMember">テナント事業</link:label>    <link:labelArc xlink:type="arc" xlink:arcrole="http://www.xbrl.org/2003/arcrole/concept-label" xlink:from="TenantBusinessReportableSegmentsMember" xlink:to="label_TenantBusinessReportableSegmentsMember" />    <link:label xlink:type="resource" xlink:label="label_TenantBusinessReportableSegmentsMember_2" xml:lang="ja" xlink:role="http://www.xbrl.org/2003/role/verboseLabel" id="label_TenantBusinessReportableSegmentsMember_2">テナント事業、報告セグメント [メンバー]</link:label>    <link:labelArc xlink:type="arc" xlink:arcrole="http://www.xbrl.org/2003/arcrole/concept-label" xlink:from="TenantBusinessReportableSegmentsMember" xlink:to="label_TenantBusinessReportableSegmentsMember_2" />    <link:label xlink:type="resource" xlink:label="label_OutsideSaleBusinessReportableSegmentsMember" xml:lang="ja" xlink:role="http://www.xbrl.org/2003/role/label" id="label_OutsideSaleBusinessReportableSegmentsMember">外販事業</link:label>    <link:labelArc xlink:type="arc" xlink:arcrole="http://www.xbrl.org/2003/arcrole/concept-label" xlink:from="OutsideSaleBusinessReportableSegmentsMember" xlink:to="label_OutsideSaleBusinessReportableSegmentsMember" />    <link:label xlink:type="resource" xlink:label="label_OutsideSaleBusinessReportableSegmentsMember_2" xml:lang="ja" xlink:role="http://www.xbrl.org/2003/role/verboseLabel" id="label_OutsideSaleBusinessReportableSegmentsMember_2">外販事業、報告セグメント [メンバー]</link:label>    <link:labelArc xlink:type="arc" xlink:arcrole="http://www.xbrl.org/2003/arcrole/concept-label" xlink:from="OutsideSaleBusinessReportableSegmentsMember" xlink:to="label_OutsideSaleBusinessReportableSegmentsMember_2" />  </link:labelLink></link:linkbase>