<?xml version="1.0" encoding="utf-8"?>
<!-- Generated by PRONEXUS WORKS --><link:linkbase xmlns:link="http://www.xbrl.org/2003/linkbase" xmlns:xsi="http://www.w3.org/2001/XMLSchema-instance" xmlns:xbrli="http://www.xbrl.org/2003/instance" xmlns:xlink="http://www.w3.org/1999/xlink">  <link:labelLink xlink:type="extended" xlink:role="http://www.xbrl.org/2003/role/link">    <link:loc xlink:type="locator" xlink:href="tse-qcedjpfr-26870-2025-11-30-01-2026-01-09.xsd#tse-qcedjpfr-26870_GainOnExtinguishmentOfAssetRetirementObligations" xlink:label="GainOnExtinguishmentOfAssetRetirementObligations" />    <link:loc xlink:type="locator" xlink:href="tse-qcedjpfr-26870-2025-11-30-01-2026-01-09.xsd#tse-qcedjpfr-26870_HotelBusinessReportableSegmentsMember" xlink:label="HotelBusinessReportableSegmentsMember" />    <link:loc xlink:type="locator" xlink:href="tse-qcedjpfr-26870-2025-11-30-01-2026-01-09.xsd#tse-qcedjpfr-26870_ApartmentConciergeBusinessReportableSegmentsMember" xlink:label="ApartmentConciergeBusinessReportableSegmentsMember" />    <link:loc xlink:type="locator" xlink:href="tse-qcedjpfr-26870-2025-11-30-01-2026-01-09.xsd#tse-qcedjpfr-26870_CleaningBusinessReportableSegmentsMember" xlink:label="CleaningBusinessReportableSegmentsMember" />    <link:loc xlink:type="locator" xlink:href="tse-qcedjpfr-26870-2025-11-30-01-2026-01-09.xsd#tse-qcedjpfr-26870_ConvenienceStoreBusinessReportableSegmentsMember" xlink:label="ConvenienceStoreBusinessReportableSegmentsMember" />    <link:label xlink:type="resource" xlink:label="label_GainOnExtinguishmentOfAssetRetirementObligations" xml:lang="ja" xlink:role="http://www.xbrl.org/2003/role/label" id="label_GainOnExtinguishmentOfAssetRetirementObligations">資産除去債務消滅益</link:label>    <link:labelArc xlink:type="arc" xlink:arcrole="http://www.xbrl.org/2003/arcrole/concept-label" xlink:from="GainOnExtinguishmentOfAssetRetirementObligations" xlink:to="label_GainOnExtinguishmentOfAssetRetirementObligations" />    <link:label xlink:type="resource" xlink:label="label_GainOnExtinguishmentOfAssetRetirementObligations_2" xml:lang="ja" xlink:role="http://www.xbrl.org/2003/role/verboseLabel" id="label_GainOnExtinguishmentOfAssetRetirementObligations_2">資産除去債務消滅益、特別利益</link:label>    <link:labelArc xlink:type="arc" xlink:arcrole="http://www.xbrl.org/2003/arcrole/concept-label" xlink:from="GainOnExtinguishmentOfAssetRetirementObligations" xlink:to="label_GainOnExtinguishmentOfAssetRetirementObligations_2" />    <link:label xlink:type="resource" xlink:label="label_HotelBusinessReportableSegmentsMember" xml:lang="ja" xlink:role="http://www.xbrl.org/2003/role/label" id="label_HotelBusinessReportableSegmentsMember">ホテル事業</link:label>    <link:labelArc xlink:type="arc" xlink:arcrole="http://www.xbrl.org/2003/arcrole/concept-label" xlink:from="HotelBusinessReportableSegmentsMember" xlink:to="label_HotelBusinessReportableSegmentsMember" />    <link:label xlink:type="resource" xlink:label="label_HotelBusinessReportableSegmentsMember_2" xml:lang="ja" xlink:role="http://www.xbrl.org/2003/role/verboseLabel" id="label_HotelBusinessReportableSegmentsMember_2">ホテル事業、報告セグメント [メンバー]</link:label>    <link:labelArc xlink:type="arc" xlink:arcrole="http://www.xbrl.org/2003/arcrole/concept-label" xlink:from="HotelBusinessReportableSegmentsMember" xlink:to="label_HotelBusinessReportableSegmentsMember_2" />    <link:label xlink:type="resource" xlink:label="label_ApartmentConciergeBusinessReportableSegmentsMember" xml:lang="ja" xlink:role="http://www.xbrl.org/2003/role/label" id="label_ApartmentConciergeBusinessReportableSegmentsMember">マンションフロントサービス事業</link:label>    <link:labelArc xlink:type="arc" xlink:arcrole="http://www.xbrl.org/2003/arcrole/concept-label" xlink:from="ApartmentConciergeBusinessReportableSegmentsMember" xlink:to="label_ApartmentConciergeBusinessReportableSegmentsMember" />    <link:label xlink:type="resource" xlink:label="label_ApartmentConciergeBusinessReportableSegmentsMember_2" xml:lang="ja" xlink:role="http://www.xbrl.org/2003/role/verboseLabel" id="label_ApartmentConciergeBusinessReportableSegmentsMember_2">マンションフロントサービス事業、報告セグメント [メンバー]</link:label>    <link:labelArc xlink:type="arc" xlink:arcrole="http://www.xbrl.org/2003/arcrole/concept-label" xlink:from="ApartmentConciergeBusinessReportableSegmentsMember" xlink:to="label_ApartmentConciergeBusinessReportableSegmentsMember_2" />    <link:label xlink:type="resource" xlink:label="label_CleaningBusinessReportableSegmentsMember" xml:lang="ja" xlink:role="http://www.xbrl.org/2003/role/label" id="label_CleaningBusinessReportableSegmentsMember">クリーニング事業</link:label>    <link:labelArc xlink:type="arc" xlink:arcrole="http://www.xbrl.org/2003/arcrole/concept-label" xlink:from="CleaningBusinessReportableSegmentsMember" xlink:to="label_CleaningBusinessReportableSegmentsMember" />    <link:label xlink:type="resource" xlink:label="label_CleaningBusinessReportableSegmentsMember_2" xml:lang="ja" xlink:role="http://www.xbrl.org/2003/role/verboseLabel" id="label_CleaningBusinessReportableSegmentsMember_2">クリーニング事業、報告セグメント [メンバー]</link:label>    <link:labelArc xlink:type="arc" xlink:arcrole="http://www.xbrl.org/2003/arcrole/concept-label" xlink:from="CleaningBusinessReportableSegmentsMember" xlink:to="label_CleaningBusinessReportableSegmentsMember_2" />    <link:label xlink:type="resource" xlink:label="label_ConvenienceStoreBusinessReportableSegmentsMember" xml:lang="ja" xlink:role="http://www.xbrl.org/2003/role/label" id="label_ConvenienceStoreBusinessReportableSegmentsMember">コンビニエンス・ストア事業</link:label>    <link:labelArc xlink:type="arc" xlink:arcrole="http://www.xbrl.org/2003/arcrole/concept-label" xlink:from="ConvenienceStoreBusinessReportableSegmentsMember" xlink:to="label_ConvenienceStoreBusinessReportableSegmentsMember" />    <link:label xlink:type="resource" xlink:label="label_ConvenienceStoreBusinessReportableSegmentsMember_2" xml:lang="ja" xlink:role="http://www.xbrl.org/2003/role/verboseLabel" id="label_ConvenienceStoreBusinessReportableSegmentsMember_2">コンビニエンス・ストア事業、報告セグメント［メンバー］</link:label>    <link:labelArc xlink:type="arc" xlink:arcrole="http://www.xbrl.org/2003/arcrole/concept-label" xlink:from="ConvenienceStoreBusinessReportableSegmentsMember" xlink:to="label_ConvenienceStoreBusinessReportableSegmentsMember_2" />  </link:labelLink></link:linkbase>