<?xml version="1.0" encoding="utf-8"?>
<manifest xmlns="http://disclosure.edinet-fsa.go.jp/2013/manifest"><tocComposition><title xml:lang="ja">決算短信添付資料</title><title xml:lang="en">Earnings digest attached document</title><item in="presentation" ref="tse-snedjpfr" extrole="http://www.xbrl.tdnet.info/jp/tse/tdnet/role/RoleAttachedDocument" /></tocComposition><list><instance id="tse-snedjpfr" type="Attachment" preferredFilename="tse-snedjpfr-32360-2025-11-30-01-2026-01-13.xbrl"><ixbrl>0101010-snbs16-tse-snedjpfr-32360-2025-11-30-01-2026-01-13-ixbrl.htm</ixbrl><ixbrl>0102010-snpl16-tse-snedjpfr-32360-2025-11-30-01-2026-01-13-ixbrl.htm</ixbrl><ixbrl>0103010-sncf16-tse-snedjpfr-32360-2025-11-30-01-2026-01-13-ixbrl.htm</ixbrl><ixbrl>0104010-snsg16-tse-snedjpfr-32360-2025-11-30-01-2026-01-13-ixbrl.htm</ixbrl></instance></list></manifest>