﻿<?xml version="1.0" encoding="utf-8"?>
<!-- XBRL Document Created with WizLabo Platform -->
<link:linkbase xmlns:xlink="http://www.w3.org/1999/xlink" xmlns:xsi="http://www.w3.org/2001/XMLSchema-instance" xmlns:link="http://www.xbrl.org/2003/linkbase">
  <link:labelLink xlink:type="extended" xlink:role="http://www.xbrl.org/2003/role/link">
    <link:label xml:lang="ja" xlink:type="resource" xlink:label="tse-acedjpfr-41870_ChangeFromNewlyConsolidatedSubsidiary_label" xlink:role="http://www.xbrl.org/2003/role/label">新規連結による変動額</link:label>
    <link:label xml:lang="ja" xlink:type="resource" xlink:label="tse-acedjpfr-41870_ChangeFromNewlyConsolidatedSubsidiary_label_1" xlink:role="http://www.xbrl.org/2003/role/verboseLabel">新規連結による変動額</link:label>
    <link:label xml:lang="ja" xlink:type="resource" xlink:label="tse-acedjpfr-41870_ChemicalProductsReportableSegmentsMember_label" xlink:role="http://www.xbrl.org/2003/role/label">化成品事業</link:label>
    <link:label xml:lang="ja" xlink:type="resource" xlink:label="tse-acedjpfr-41870_ChemicalProductsReportableSegmentsMember_label_1" xlink:role="http://www.xbrl.org/2003/role/verboseLabel">化成品事業、報告セグメント[メンバー]</link:label>
    <link:label xml:lang="ja" xlink:type="resource" xlink:label="tse-acedjpfr-41870_DonationsOpeCF_label" xlink:role="http://www.xbrl.org/2003/role/label">寄付金</link:label>
    <link:label xml:lang="ja" xlink:type="resource" xlink:label="tse-acedjpfr-41870_DonationsOpeCF_label_1" xlink:role="http://www.xbrl.org/2003/role/verboseLabel">寄付金、営業活動によるキャッシュ・フロー</link:label>
    <link:label xml:lang="ja" xlink:type="resource" xlink:label="tse-acedjpfr-41870_ElectronicsMaterialsReportableSegmentsMember_label" xlink:role="http://www.xbrl.org/2003/role/label">電子材料事業</link:label>
    <link:label xml:lang="ja" xlink:type="resource" xlink:label="tse-acedjpfr-41870_ElectronicsMaterialsReportableSegmentsMember_label_1" xlink:role="http://www.xbrl.org/2003/role/verboseLabel">電子材料事業、報告セグメント[メンバー]</link:label>
    <link:label xml:lang="ja" xlink:type="resource" xlink:label="tse-acedjpfr-41870_PaymentsOfDonationsOpeCF_label" xlink:role="http://www.xbrl.org/2003/role/label">寄付金の支払額</link:label>
    <link:label xml:lang="ja" xlink:type="resource" xlink:label="tse-acedjpfr-41870_PaymentsOfDonationsOpeCF_label_1" xlink:role="http://www.xbrl.org/2003/role/verboseLabel">寄付金の支払額、営業活動によるキャッシュ・フロー</link:label>
    <link:label xml:lang="ja" xlink:type="resource" xlink:label="tse-acedjpfr-41870_SpecialtyChemicalsReportableSegmentsMember_label" xlink:role="http://www.xbrl.org/2003/role/label">機能化学品事業</link:label>
    <link:label xml:lang="ja" xlink:type="resource" xlink:label="tse-acedjpfr-41870_SpecialtyChemicalsReportableSegmentsMember_label_1" xlink:role="http://www.xbrl.org/2003/role/verboseLabel">機能化学品事業、報告セグメント[メンバー]</link:label>
    <link:loc xlink:type="locator" xlink:href="tse-acedjpfr-41870-2025-11-30-01-2026-01-08.xsd#tse-acedjpfr-41870_ChangeFromNewlyConsolidatedSubsidiary" xlink:label="tse-acedjpfr-41870_ChangeFromNewlyConsolidatedSubsidiary" />
    <link:loc xlink:type="locator" xlink:href="tse-acedjpfr-41870-2025-11-30-01-2026-01-08.xsd#tse-acedjpfr-41870_ChemicalProductsReportableSegmentsMember" xlink:label="tse-acedjpfr-41870_ChemicalProductsReportableSegmentsMember" />
    <link:loc xlink:type="locator" xlink:href="tse-acedjpfr-41870-2025-11-30-01-2026-01-08.xsd#tse-acedjpfr-41870_DonationsOpeCF" xlink:label="tse-acedjpfr-41870_DonationsOpeCF" />
    <link:loc xlink:type="locator" xlink:href="tse-acedjpfr-41870-2025-11-30-01-2026-01-08.xsd#tse-acedjpfr-41870_ElectronicsMaterialsReportableSegmentsMember" xlink:label="tse-acedjpfr-41870_ElectronicsMaterialsReportableSegmentsMember" />
    <link:loc xlink:type="locator" xlink:href="tse-acedjpfr-41870-2025-11-30-01-2026-01-08.xsd#tse-acedjpfr-41870_PaymentsOfDonationsOpeCF" xlink:label="tse-acedjpfr-41870_PaymentsOfDonationsOpeCF" />
    <link:loc xlink:type="locator" xlink:href="tse-acedjpfr-41870-2025-11-30-01-2026-01-08.xsd#tse-acedjpfr-41870_SpecialtyChemicalsReportableSegmentsMember" xlink:label="tse-acedjpfr-41870_SpecialtyChemicalsReportableSegmentsMember" />
    <link:labelArc xlink:type="arc" xlink:from="tse-acedjpfr-41870_ChangeFromNewlyConsolidatedSubsidiary" xlink:to="tse-acedjpfr-41870_ChangeFromNewlyConsolidatedSubsidiary_label" xlink:arcrole="http://www.xbrl.org/2003/arcrole/concept-label" order="1" />
    <link:labelArc xlink:type="arc" xlink:from="tse-acedjpfr-41870_ChangeFromNewlyConsolidatedSubsidiary" xlink:to="tse-acedjpfr-41870_ChangeFromNewlyConsolidatedSubsidiary_label_1" xlink:arcrole="http://www.xbrl.org/2003/arcrole/concept-label" order="1" />
    <link:labelArc xlink:type="arc" xlink:from="tse-acedjpfr-41870_ChemicalProductsReportableSegmentsMember" xlink:to="tse-acedjpfr-41870_ChemicalProductsReportableSegmentsMember_label" xlink:arcrole="http://www.xbrl.org/2003/arcrole/concept-label" order="1" />
    <link:labelArc xlink:type="arc" xlink:from="tse-acedjpfr-41870_ChemicalProductsReportableSegmentsMember" xlink:to="tse-acedjpfr-41870_ChemicalProductsReportableSegmentsMember_label_1" xlink:arcrole="http://www.xbrl.org/2003/arcrole/concept-label" order="1" />
    <link:labelArc xlink:type="arc" xlink:from="tse-acedjpfr-41870_DonationsOpeCF" xlink:to="tse-acedjpfr-41870_DonationsOpeCF_label" xlink:arcrole="http://www.xbrl.org/2003/arcrole/concept-label" order="1" />
    <link:labelArc xlink:type="arc" xlink:from="tse-acedjpfr-41870_DonationsOpeCF" xlink:to="tse-acedjpfr-41870_DonationsOpeCF_label_1" xlink:arcrole="http://www.xbrl.org/2003/arcrole/concept-label" order="1" />
    <link:labelArc xlink:type="arc" xlink:from="tse-acedjpfr-41870_ElectronicsMaterialsReportableSegmentsMember" xlink:to="tse-acedjpfr-41870_ElectronicsMaterialsReportableSegmentsMember_label" xlink:arcrole="http://www.xbrl.org/2003/arcrole/concept-label" order="1" />
    <link:labelArc xlink:type="arc" xlink:from="tse-acedjpfr-41870_ElectronicsMaterialsReportableSegmentsMember" xlink:to="tse-acedjpfr-41870_ElectronicsMaterialsReportableSegmentsMember_label_1" xlink:arcrole="http://www.xbrl.org/2003/arcrole/concept-label" order="1" />
    <link:labelArc xlink:type="arc" xlink:from="tse-acedjpfr-41870_PaymentsOfDonationsOpeCF" xlink:to="tse-acedjpfr-41870_PaymentsOfDonationsOpeCF_label" xlink:arcrole="http://www.xbrl.org/2003/arcrole/concept-label" order="1" />
    <link:labelArc xlink:type="arc" xlink:from="tse-acedjpfr-41870_PaymentsOfDonationsOpeCF" xlink:to="tse-acedjpfr-41870_PaymentsOfDonationsOpeCF_label_1" xlink:arcrole="http://www.xbrl.org/2003/arcrole/concept-label" order="1" />
    <link:labelArc xlink:type="arc" xlink:from="tse-acedjpfr-41870_SpecialtyChemicalsReportableSegmentsMember" xlink:to="tse-acedjpfr-41870_SpecialtyChemicalsReportableSegmentsMember_label" xlink:arcrole="http://www.xbrl.org/2003/arcrole/concept-label" order="1" />
    <link:labelArc xlink:type="arc" xlink:from="tse-acedjpfr-41870_SpecialtyChemicalsReportableSegmentsMember" xlink:to="tse-acedjpfr-41870_SpecialtyChemicalsReportableSegmentsMember_label_1" xlink:arcrole="http://www.xbrl.org/2003/arcrole/concept-label" order="1" />
  </link:labelLink>
</link:linkbase>