﻿<?xml version="1.0" encoding="utf-8"?>
<!-- XBRL Document Created with WizLabo Platform -->
<link:linkbase xmlns:xlink="http://www.w3.org/1999/xlink" xmlns:xsi="http://www.w3.org/2001/XMLSchema-instance" xmlns:link="http://www.xbrl.org/2003/linkbase">
  <link:labelLink xlink:type="extended" xlink:role="http://www.xbrl.org/2003/role/link">
    <link:label xml:lang="en" xlink:type="resource" xlink:label="tse-qcedjpfr-36350_AmusementReportableSegmentMember_label" xlink:role="http://www.xbrl.org/2003/role/label">Amusement</link:label>
    <link:label xml:lang="en" xlink:type="resource" xlink:label="tse-qcedjpfr-36350_AmusementReportableSegmentMember_label_1" xlink:role="http://www.xbrl.org/2003/role/verboseLabel">Amusement, Reportable segment [member]</link:label>
    <link:label xml:lang="en" xlink:type="resource" xlink:label="tse-qcedjpfr-36350_EntertainmentReportableSegmentMember_label" xlink:role="http://www.xbrl.org/2003/role/label">Entertainment</link:label>
    <link:label xml:lang="en" xlink:type="resource" xlink:label="tse-qcedjpfr-36350_EntertainmentReportableSegmentMember_label_1" xlink:role="http://www.xbrl.org/2003/role/verboseLabel">Entertainment, Reportable segment [member]</link:label>
    <link:label xml:lang="en" xlink:type="resource" xlink:label="tse-qcedjpfr-36350_RealEstateReportableSegmentMember_label" xlink:role="http://www.xbrl.org/2003/role/label">Real estate</link:label>
    <link:label xml:lang="en" xlink:type="resource" xlink:label="tse-qcedjpfr-36350_RealEstateReportableSegmentMember_label_1" xlink:role="http://www.xbrl.org/2003/role/verboseLabel">Real estate, Reportable segment [member]</link:label>
    <link:loc xlink:type="locator" xlink:href="tse-qcedjpfr-36350-2025-12-31-01-2026-01-26.xsd#tse-qcedjpfr-36350_AmusementReportableSegmentMember" xlink:label="tse-qcedjpfr-36350_AmusementReportableSegmentMember" />
    <link:loc xlink:type="locator" xlink:href="tse-qcedjpfr-36350-2025-12-31-01-2026-01-26.xsd#tse-qcedjpfr-36350_EntertainmentReportableSegmentMember" xlink:label="tse-qcedjpfr-36350_EntertainmentReportableSegmentMember" />
    <link:loc xlink:type="locator" xlink:href="tse-qcedjpfr-36350-2025-12-31-01-2026-01-26.xsd#tse-qcedjpfr-36350_RealEstateReportableSegmentMember" xlink:label="tse-qcedjpfr-36350_RealEstateReportableSegmentMember" />
    <link:labelArc xlink:type="arc" xlink:from="tse-qcedjpfr-36350_AmusementReportableSegmentMember" xlink:to="tse-qcedjpfr-36350_AmusementReportableSegmentMember_label" xlink:arcrole="http://www.xbrl.org/2003/arcrole/concept-label" order="1" />
    <link:labelArc xlink:type="arc" xlink:from="tse-qcedjpfr-36350_AmusementReportableSegmentMember" xlink:to="tse-qcedjpfr-36350_AmusementReportableSegmentMember_label_1" xlink:arcrole="http://www.xbrl.org/2003/arcrole/concept-label" order="1" />
    <link:labelArc xlink:type="arc" xlink:from="tse-qcedjpfr-36350_EntertainmentReportableSegmentMember" xlink:to="tse-qcedjpfr-36350_EntertainmentReportableSegmentMember_label" xlink:arcrole="http://www.xbrl.org/2003/arcrole/concept-label" order="1" />
    <link:labelArc xlink:type="arc" xlink:from="tse-qcedjpfr-36350_EntertainmentReportableSegmentMember" xlink:to="tse-qcedjpfr-36350_EntertainmentReportableSegmentMember_label_1" xlink:arcrole="http://www.xbrl.org/2003/arcrole/concept-label" order="1" />
    <link:labelArc xlink:type="arc" xlink:from="tse-qcedjpfr-36350_RealEstateReportableSegmentMember" xlink:to="tse-qcedjpfr-36350_RealEstateReportableSegmentMember_label" xlink:arcrole="http://www.xbrl.org/2003/arcrole/concept-label" order="1" />
    <link:labelArc xlink:type="arc" xlink:from="tse-qcedjpfr-36350_RealEstateReportableSegmentMember" xlink:to="tse-qcedjpfr-36350_RealEstateReportableSegmentMember_label_1" xlink:arcrole="http://www.xbrl.org/2003/arcrole/concept-label" order="1" />
  </link:labelLink>
</link:linkbase>