﻿<?xml version="1.0" encoding="utf-8"?>
<!-- XBRL Document Created with WizLabo Platform -->
<link:linkbase xmlns:xlink="http://www.w3.org/1999/xlink" xmlns:xsi="http://www.w3.org/2001/XMLSchema-instance" xmlns:link="http://www.xbrl.org/2003/linkbase">
  <link:labelLink xlink:type="extended" xlink:role="http://www.xbrl.org/2003/role/link">
    <link:label xml:lang="ja" xlink:type="resource" xlink:label="tse-qnedjpfr-30450_DressesAndAccessoriesReportableSegmentsMember_label" xlink:role="http://www.xbrl.org/2003/role/label">服飾事業</link:label>
    <link:label xml:lang="ja" xlink:type="resource" xlink:label="tse-qnedjpfr-30450_DressesAndAccessoriesReportableSegmentsMember_label_1" xlink:role="http://www.xbrl.org/2003/role/verboseLabel">服飾事業、報告セグメント[メンバー]</link:label>
    <link:label xml:lang="ja" xlink:type="resource" xlink:label="tse-qnedjpfr-30450_HotelBusinessReportableSegmentMember_label" xlink:role="http://www.xbrl.org/2003/role/label">ホテル事業</link:label>
    <link:label xml:lang="ja" xlink:type="resource" xlink:label="tse-qnedjpfr-30450_HotelBusinessReportableSegmentMember_label_1" xlink:role="http://www.xbrl.org/2003/role/verboseLabel">ホテル事業、報告セグメント[メンバー]</link:label>
    <link:label xml:lang="ja" xlink:type="resource" xlink:label="tse-qnedjpfr-30450_LeasingAndWarehousingReportableSegmentsMember_label" xlink:role="http://www.xbrl.org/2003/role/label">賃貸・倉庫事業</link:label>
    <link:label xml:lang="ja" xlink:type="resource" xlink:label="tse-qnedjpfr-30450_LeasingAndWarehousingReportableSegmentsMember_label_1" xlink:role="http://www.xbrl.org/2003/role/verboseLabel">賃貸・倉庫事業、報告セグメント[メンバー]</link:label>
    <link:loc xlink:type="locator" xlink:href="tse-qnedjpfr-30450-2025-11-30-01-2026-01-14.xsd#tse-qnedjpfr-30450_DressesAndAccessoriesReportableSegmentsMember" xlink:label="tse-qnedjpfr-30450_DressesAndAccessoriesReportableSegmentsMember" />
    <link:loc xlink:type="locator" xlink:href="tse-qnedjpfr-30450-2025-11-30-01-2026-01-14.xsd#tse-qnedjpfr-30450_HotelBusinessReportableSegmentMember" xlink:label="tse-qnedjpfr-30450_HotelBusinessReportableSegmentMember" />
    <link:loc xlink:type="locator" xlink:href="tse-qnedjpfr-30450-2025-11-30-01-2026-01-14.xsd#tse-qnedjpfr-30450_LeasingAndWarehousingReportableSegmentsMember" xlink:label="tse-qnedjpfr-30450_LeasingAndWarehousingReportableSegmentsMember" />
    <link:labelArc xlink:type="arc" xlink:from="tse-qnedjpfr-30450_DressesAndAccessoriesReportableSegmentsMember" xlink:to="tse-qnedjpfr-30450_DressesAndAccessoriesReportableSegmentsMember_label" xlink:arcrole="http://www.xbrl.org/2003/arcrole/concept-label" order="1" />
    <link:labelArc xlink:type="arc" xlink:from="tse-qnedjpfr-30450_DressesAndAccessoriesReportableSegmentsMember" xlink:to="tse-qnedjpfr-30450_DressesAndAccessoriesReportableSegmentsMember_label_1" xlink:arcrole="http://www.xbrl.org/2003/arcrole/concept-label" order="1" />
    <link:labelArc xlink:type="arc" xlink:from="tse-qnedjpfr-30450_HotelBusinessReportableSegmentMember" xlink:to="tse-qnedjpfr-30450_HotelBusinessReportableSegmentMember_label" xlink:arcrole="http://www.xbrl.org/2003/arcrole/concept-label" order="1" />
    <link:labelArc xlink:type="arc" xlink:from="tse-qnedjpfr-30450_HotelBusinessReportableSegmentMember" xlink:to="tse-qnedjpfr-30450_HotelBusinessReportableSegmentMember_label_1" xlink:arcrole="http://www.xbrl.org/2003/arcrole/concept-label" order="1" />
    <link:labelArc xlink:type="arc" xlink:from="tse-qnedjpfr-30450_LeasingAndWarehousingReportableSegmentsMember" xlink:to="tse-qnedjpfr-30450_LeasingAndWarehousingReportableSegmentsMember_label" xlink:arcrole="http://www.xbrl.org/2003/arcrole/concept-label" order="1" />
    <link:labelArc xlink:type="arc" xlink:from="tse-qnedjpfr-30450_LeasingAndWarehousingReportableSegmentsMember" xlink:to="tse-qnedjpfr-30450_LeasingAndWarehousingReportableSegmentsMember_label_1" xlink:arcrole="http://www.xbrl.org/2003/arcrole/concept-label" order="1" />
  </link:labelLink>
</link:linkbase>