<?xml version="1.0" encoding="utf-8"?>
<!-- Generated by PRONEXUS WORKS --><link:linkbase xmlns:link="http://www.xbrl.org/2003/linkbase" xmlns:xsi="http://www.w3.org/2001/XMLSchema-instance" xmlns:xbrli="http://www.xbrl.org/2003/instance" xmlns:xlink="http://www.w3.org/1999/xlink">  <link:labelLink xlink:type="extended" xlink:role="http://www.xbrl.org/2003/role/link">    <link:loc xlink:type="locator" xlink:href="tse-qcedjpfr-69600-2025-12-31-01-2026-01-26.xsd#tse-qcedjpfr-69600_PhysiologicalDiagnosticEquipmentReportableSegmentsMember" xlink:label="PhysiologicalDiagnosticEquipmentReportableSegmentsMember" />    <link:loc xlink:type="locator" xlink:href="tse-qcedjpfr-69600-2025-12-31-01-2026-01-26.xsd#tse-qcedjpfr-69600_PatientMonitoringEquipmentReportableSegmentsMember" xlink:label="PatientMonitoringEquipmentReportableSegmentsMember" />    <link:loc xlink:type="locator" xlink:href="tse-qcedjpfr-69600-2025-12-31-01-2026-01-26.xsd#tse-qcedjpfr-69600_MedicalTreatmentEquipmentReportableSegmentsMember" xlink:label="MedicalTreatmentEquipmentReportableSegmentsMember" />    <link:loc xlink:type="locator" xlink:href="tse-qcedjpfr-69600-2025-12-31-01-2026-01-26.xsd#tse-qcedjpfr-69600_ConsumablesAndOtherProductsReportableSegmentsMember" xlink:label="ConsumablesAndOtherProductsReportableSegmentsMember" />    <link:loc xlink:type="locator" xlink:href="tse-qcedjpfr-69600-2025-12-31-01-2026-01-26.xsd#tse-qcedjpfr-69600_BuildingDemolitionCostEL" xlink:label="BuildingDemolitionCostEL" />    <link:label xlink:type="resource" xlink:label="label_BuildingDemolitionCostEL_2" xml:lang="ja" xlink:role="http://www.xbrl.org/2003/role/label" id="label_BuildingDemolitionCostEL_2">建物解体費用</link:label>    <link:labelArc xlink:type="arc" xlink:arcrole="http://www.xbrl.org/2003/arcrole/concept-label" xlink:from="BuildingDemolitionCostEL" xlink:to="label_BuildingDemolitionCostEL_2" />    <link:label xlink:type="resource" xlink:label="label_BuildingDemolitionCostEL" xml:lang="ja" xlink:role="http://www.xbrl.org/2003/role/verboseLabel" id="label_BuildingDemolitionCostEL">建物解体費用、特別損失</link:label>    <link:labelArc xlink:type="arc" xlink:arcrole="http://www.xbrl.org/2003/arcrole/concept-label" xlink:from="BuildingDemolitionCostEL" xlink:to="label_BuildingDemolitionCostEL" />    <link:label xlink:type="resource" xlink:label="label_PhysiologicalDiagnosticEquipmentReportableSegmentsMember" xml:lang="ja" xlink:role="http://www.xbrl.org/2003/role/label" id="label_PhysiologicalDiagnosticEquipmentReportableSegmentsMember">生体検査装置</link:label>    <link:labelArc xlink:type="arc" xlink:arcrole="http://www.xbrl.org/2003/arcrole/concept-label" xlink:from="PhysiologicalDiagnosticEquipmentReportableSegmentsMember" xlink:to="label_PhysiologicalDiagnosticEquipmentReportableSegmentsMember" />    <link:label xlink:type="resource" xlink:label="label_PhysiologicalDiagnosticEquipmentReportableSegmentsMember_2" xml:lang="ja" xlink:role="http://www.xbrl.org/2003/role/verboseLabel" id="label_PhysiologicalDiagnosticEquipmentReportableSegmentsMember_2">生体検査装置、報告セグメント [メンバー]</link:label>    <link:labelArc xlink:type="arc" xlink:arcrole="http://www.xbrl.org/2003/arcrole/concept-label" xlink:from="PhysiologicalDiagnosticEquipmentReportableSegmentsMember" xlink:to="label_PhysiologicalDiagnosticEquipmentReportableSegmentsMember_2" />    <link:label xlink:type="resource" xlink:label="label_PatientMonitoringEquipmentReportableSegmentsMember" xml:lang="ja" xlink:role="http://www.xbrl.org/2003/role/label" id="label_PatientMonitoringEquipmentReportableSegmentsMember">生体情報モニター</link:label>    <link:labelArc xlink:type="arc" xlink:arcrole="http://www.xbrl.org/2003/arcrole/concept-label" xlink:from="PatientMonitoringEquipmentReportableSegmentsMember" xlink:to="label_PatientMonitoringEquipmentReportableSegmentsMember" />    <link:label xlink:type="resource" xlink:label="label_PatientMonitoringEquipmentReportableSegmentsMember_2" xml:lang="ja" xlink:role="http://www.xbrl.org/2003/role/verboseLabel" id="label_PatientMonitoringEquipmentReportableSegmentsMember_2">生体情報モニタ、報告セグメント [メンバー]</link:label>    <link:labelArc xlink:type="arc" xlink:arcrole="http://www.xbrl.org/2003/arcrole/concept-label" xlink:from="PatientMonitoringEquipmentReportableSegmentsMember" xlink:to="label_PatientMonitoringEquipmentReportableSegmentsMember_2" />    <link:label xlink:type="resource" xlink:label="label_MedicalTreatmentEquipmentReportableSegmentsMember" xml:lang="ja" xlink:role="http://www.xbrl.org/2003/role/label" id="label_MedicalTreatmentEquipmentReportableSegmentsMember">治療装置</link:label>    <link:labelArc xlink:type="arc" xlink:arcrole="http://www.xbrl.org/2003/arcrole/concept-label" xlink:from="MedicalTreatmentEquipmentReportableSegmentsMember" xlink:to="label_MedicalTreatmentEquipmentReportableSegmentsMember" />    <link:label xlink:type="resource" xlink:label="label_MedicalTreatmentEquipmentReportableSegmentsMember_2" xml:lang="ja" xlink:role="http://www.xbrl.org/2003/role/verboseLabel" id="label_MedicalTreatmentEquipmentReportableSegmentsMember_2">治療装置、報告セグメント [メンバー]</link:label>    <link:labelArc xlink:type="arc" xlink:arcrole="http://www.xbrl.org/2003/arcrole/concept-label" xlink:from="MedicalTreatmentEquipmentReportableSegmentsMember" xlink:to="label_MedicalTreatmentEquipmentReportableSegmentsMember_2" />    <link:label xlink:type="resource" xlink:label="label_ConsumablesAndOtherProductsReportableSegmentsMember" xml:lang="ja" xlink:role="http://www.xbrl.org/2003/role/label" id="label_ConsumablesAndOtherProductsReportableSegmentsMember">消耗品等</link:label>    <link:labelArc xlink:type="arc" xlink:arcrole="http://www.xbrl.org/2003/arcrole/concept-label" xlink:from="ConsumablesAndOtherProductsReportableSegmentsMember" xlink:to="label_ConsumablesAndOtherProductsReportableSegmentsMember" />    <link:label xlink:type="resource" xlink:label="label_ConsumablesAndOtherProductsReportableSegmentsMember_2" xml:lang="ja" xlink:role="http://www.xbrl.org/2003/role/verboseLabel" id="label_ConsumablesAndOtherProductsReportableSegmentsMember_2">消耗品等、報告セグメント [メンバー]</link:label>    <link:labelArc xlink:type="arc" xlink:arcrole="http://www.xbrl.org/2003/arcrole/concept-label" xlink:from="ConsumablesAndOtherProductsReportableSegmentsMember" xlink:to="label_ConsumablesAndOtherProductsReportableSegmentsMember_2" />  </link:labelLink></link:linkbase>