<?xml version="1.0" encoding="utf-8"?>
<!-- Generated by PRONEXUS WORKS --><link:linkbase xmlns:link="http://www.xbrl.org/2003/linkbase" xmlns:xsi="http://www.w3.org/2001/XMLSchema-instance" xmlns:xbrli="http://www.xbrl.org/2003/instance" xmlns:xlink="http://www.w3.org/1999/xlink">  <link:labelLink xlink:type="extended" xlink:role="http://www.xbrl.org/2003/role/link">    <link:loc xlink:type="locator" xlink:href="tse-scedjpfr-13760-2025-11-30-01-2026-01-07.xsd#tse-scedjpfr-13760_SeedsAndSeedlingsReportableSegmentsMember" xlink:label="SeedsAndSeedlingsReportableSegmentsMember" />    <link:loc xlink:type="locator" xlink:href="tse-scedjpfr-13760-2025-11-30-01-2026-01-07.xsd#tse-scedjpfr-13760_FloricultureAndHomeGardenReportableSegmentsMember" xlink:label="FloricultureAndHomeGardenReportableSegmentsMember" />    <link:loc xlink:type="locator" xlink:href="tse-scedjpfr-13760-2025-11-30-01-2026-01-07.xsd#tse-scedjpfr-13760_CropProtectionReportableSegmentsMember" xlink:label="CropProtectionReportableSegmentsMember" />    <link:loc xlink:type="locator" xlink:href="tse-scedjpfr-13760-2025-11-30-01-2026-01-07.xsd#tse-scedjpfr-13760_AgriculturalMaterialsAndFacilitiesReportableSegmentsMember" xlink:label="AgriculturalMaterialsAndFacilitiesReportableSegmentsMember" />    <link:label xlink:type="resource" xlink:label="label_SeedsAndSeedlingsReportableSegmentsMember" xml:lang="en" xlink:role="http://www.xbrl.org/2003/role/label" id="label_SeedsAndSeedlingsReportableSegmentsMember">Seeds and Seedlings</link:label>    <link:labelArc xlink:type="arc" xlink:arcrole="http://www.xbrl.org/2003/arcrole/concept-label" xlink:from="SeedsAndSeedlingsReportableSegmentsMember" xlink:to="label_SeedsAndSeedlingsReportableSegmentsMember" />    <link:label xlink:type="resource" xlink:label="label_SeedsAndSeedlingsReportableSegmentsMember_2" xml:lang="en" xlink:role="http://www.xbrl.org/2003/role/verboseLabel" id="label_SeedsAndSeedlingsReportableSegmentsMember_2">Seeds and Seedlings, Reportable segments [member]</link:label>    <link:labelArc xlink:type="arc" xlink:arcrole="http://www.xbrl.org/2003/arcrole/concept-label" xlink:from="SeedsAndSeedlingsReportableSegmentsMember" xlink:to="label_SeedsAndSeedlingsReportableSegmentsMember_2" />    <link:label xlink:type="resource" xlink:label="label_FloricultureAndHomeGardenReportableSegmentsMember" xml:lang="en" xlink:role="http://www.xbrl.org/2003/role/label" id="label_FloricultureAndHomeGardenReportableSegmentsMember">Floriculture and Home garden</link:label>    <link:labelArc xlink:type="arc" xlink:arcrole="http://www.xbrl.org/2003/arcrole/concept-label" xlink:from="FloricultureAndHomeGardenReportableSegmentsMember" xlink:to="label_FloricultureAndHomeGardenReportableSegmentsMember" />    <link:label xlink:type="resource" xlink:label="label_FloricultureAndHomeGardenReportableSegmentsMember_2" xml:lang="en" xlink:role="http://www.xbrl.org/2003/role/verboseLabel" id="label_FloricultureAndHomeGardenReportableSegmentsMember_2">Floriculture and Home garden, Reportable segments [member]</link:label>    <link:labelArc xlink:type="arc" xlink:arcrole="http://www.xbrl.org/2003/arcrole/concept-label" xlink:from="FloricultureAndHomeGardenReportableSegmentsMember" xlink:to="label_FloricultureAndHomeGardenReportableSegmentsMember_2" />    <link:label xlink:type="resource" xlink:label="label_CropProtectionReportableSegmentsMember" xml:lang="en" xlink:role="http://www.xbrl.org/2003/role/label" id="label_CropProtectionReportableSegmentsMember">Crop Protection</link:label>    <link:labelArc xlink:type="arc" xlink:arcrole="http://www.xbrl.org/2003/arcrole/concept-label" xlink:from="CropProtectionReportableSegmentsMember" xlink:to="label_CropProtectionReportableSegmentsMember" />    <link:label xlink:type="resource" xlink:label="label_CropProtectionReportableSegmentsMember_2" xml:lang="en" xlink:role="http://www.xbrl.org/2003/role/verboseLabel" id="label_CropProtectionReportableSegmentsMember_2">Crop Protection, Reportable segments [member]</link:label>    <link:labelArc xlink:type="arc" xlink:arcrole="http://www.xbrl.org/2003/arcrole/concept-label" xlink:from="CropProtectionReportableSegmentsMember" xlink:to="label_CropProtectionReportableSegmentsMember_2" />    <link:label xlink:type="resource" xlink:label="label_AgriculturalMaterialsAndFacilitiesReportableSegmentsMember" xml:lang="en" xlink:role="http://www.xbrl.org/2003/role/label" id="label_AgriculturalMaterialsAndFacilitiesReportableSegmentsMember">Agricultural Materials and Facilities</link:label>    <link:labelArc xlink:type="arc" xlink:arcrole="http://www.xbrl.org/2003/arcrole/concept-label" xlink:from="AgriculturalMaterialsAndFacilitiesReportableSegmentsMember" xlink:to="label_AgriculturalMaterialsAndFacilitiesReportableSegmentsMember" />    <link:label xlink:type="resource" xlink:label="label_AgriculturalMaterialsAndFacilitiesReportableSegmentsMember_2" xml:lang="en" xlink:role="http://www.xbrl.org/2003/role/verboseLabel" id="label_AgriculturalMaterialsAndFacilitiesReportableSegmentsMember_2">Agricultural Materials and Facilities, Reportable segments [member]</link:label>    <link:labelArc xlink:type="arc" xlink:arcrole="http://www.xbrl.org/2003/arcrole/concept-label" xlink:from="AgriculturalMaterialsAndFacilitiesReportableSegmentsMember" xlink:to="label_AgriculturalMaterialsAndFacilitiesReportableSegmentsMember_2" />  </link:labelLink></link:linkbase>