﻿<?xml version="1.0" encoding="utf-8"?>
<!-- XBRL Document Created with WizLabo Platform -->
<link:linkbase xmlns:xlink="http://www.w3.org/1999/xlink" xmlns:xsi="http://www.w3.org/2001/XMLSchema-instance" xmlns:link="http://www.xbrl.org/2003/linkbase">
  <link:labelLink xlink:type="extended" xlink:role="http://www.xbrl.org/2003/role/link">
    <link:label xml:lang="en" xlink:type="resource" xlink:label="tse-qcedjpfr-21570_KaraokeReportableSegmentsMember_label" xlink:role="http://www.xbrl.org/2003/role/label">Karaoke</link:label>
    <link:label xml:lang="en" xlink:type="resource" xlink:label="tse-qcedjpfr-21570_KaraokeReportableSegmentsMember_label_1" xlink:role="http://www.xbrl.org/2003/role/verboseLabel">Karaoke, Reportable segments [member]</link:label>
    <link:label xml:lang="en" xlink:type="resource" xlink:label="tse-qcedjpfr-21570_RealestateadministrationReportableSegmentsMember_label" xlink:role="http://www.xbrl.org/2003/role/label">Realestateadministration</link:label>
    <link:label xml:lang="en" xlink:type="resource" xlink:label="tse-qcedjpfr-21570_RealestateadministrationReportableSegmentsMember_label_1" xlink:role="http://www.xbrl.org/2003/role/verboseLabel">Realestateadministration, Reportable segments [member]</link:label>
    <link:label xml:lang="en" xlink:type="resource" xlink:label="tse-qcedjpfr-21570_RentExpenditureNOE_label" xlink:role="http://www.xbrl.org/2003/role/label">Rent expenditure</link:label>
    <link:label xml:lang="en" xlink:type="resource" xlink:label="tse-qcedjpfr-21570_RentExpenditureNOE_label_1" xlink:role="http://www.xbrl.org/2003/role/verboseLabel">Rent expenditure-NOE</link:label>
    <link:loc xlink:type="locator" xlink:href="tse-qcedjpfr-21570-2025-11-30-01-2026-01-09.xsd#tse-qcedjpfr-21570_KaraokeReportableSegmentsMember" xlink:label="tse-qcedjpfr-21570_KaraokeReportableSegmentsMember" />
    <link:loc xlink:type="locator" xlink:href="tse-qcedjpfr-21570-2025-11-30-01-2026-01-09.xsd#tse-qcedjpfr-21570_RealestateadministrationReportableSegmentsMember" xlink:label="tse-qcedjpfr-21570_RealestateadministrationReportableSegmentsMember" />
    <link:loc xlink:type="locator" xlink:href="tse-qcedjpfr-21570-2025-11-30-01-2026-01-09.xsd#tse-qcedjpfr-21570_RentExpenditureNOE" xlink:label="tse-qcedjpfr-21570_RentExpenditureNOE" />
    <link:labelArc xlink:type="arc" xlink:from="tse-qcedjpfr-21570_KaraokeReportableSegmentsMember" xlink:to="tse-qcedjpfr-21570_KaraokeReportableSegmentsMember_label" xlink:arcrole="http://www.xbrl.org/2003/arcrole/concept-label" order="1" />
    <link:labelArc xlink:type="arc" xlink:from="tse-qcedjpfr-21570_KaraokeReportableSegmentsMember" xlink:to="tse-qcedjpfr-21570_KaraokeReportableSegmentsMember_label_1" xlink:arcrole="http://www.xbrl.org/2003/arcrole/concept-label" order="1" />
    <link:labelArc xlink:type="arc" xlink:from="tse-qcedjpfr-21570_RealestateadministrationReportableSegmentsMember" xlink:to="tse-qcedjpfr-21570_RealestateadministrationReportableSegmentsMember_label" xlink:arcrole="http://www.xbrl.org/2003/arcrole/concept-label" order="1" />
    <link:labelArc xlink:type="arc" xlink:from="tse-qcedjpfr-21570_RealestateadministrationReportableSegmentsMember" xlink:to="tse-qcedjpfr-21570_RealestateadministrationReportableSegmentsMember_label_1" xlink:arcrole="http://www.xbrl.org/2003/arcrole/concept-label" order="1" />
    <link:labelArc xlink:type="arc" xlink:from="tse-qcedjpfr-21570_RentExpenditureNOE" xlink:to="tse-qcedjpfr-21570_RentExpenditureNOE_label" xlink:arcrole="http://www.xbrl.org/2003/arcrole/concept-label" order="1" />
    <link:labelArc xlink:type="arc" xlink:from="tse-qcedjpfr-21570_RentExpenditureNOE" xlink:to="tse-qcedjpfr-21570_RentExpenditureNOE_label_1" xlink:arcrole="http://www.xbrl.org/2003/arcrole/concept-label" order="1" />
  </link:labelLink>
</link:linkbase>