<?xml version="1.0" encoding="utf-8"?>
<!-- Generated by PRONEXUS WORKS --><link:linkbase xmlns:link="http://www.xbrl.org/2003/linkbase" xmlns:xsi="http://www.w3.org/2001/XMLSchema-instance" xmlns:xbrli="http://www.xbrl.org/2003/instance" xmlns:xlink="http://www.w3.org/1999/xlink">  <link:roleRef xlink:type="simple" roleURI="http://disclosure.edinet-fsa.go.jp/jppfs/cte/role/label" xlink:href="http://disclosure.edinet-fsa.go.jp/taxonomy/jppfs/2024-11-01/jppfs_rt_2024-11-01.xsd#rol_CTELabel" />  <link:roleRef xlink:type="simple" roleURI="http://disclosure.edinet-fsa.go.jp/jppfs/Consolidated/role/totalLabel" xlink:href="http://disclosure.edinet-fsa.go.jp/taxonomy/jppfs/2024-11-01/jppfs_rt_2024-11-01.xsd#rol_ConsolidatedTotalLabel" />  <link:labelLink xlink:type="extended" xlink:role="http://www.xbrl.org/2003/role/link">    <link:loc xlink:type="locator" xlink:href="tse-acedjpfr-28740-2025-09-30-02-2025-12-19.xsd#tse-acedjpfr-28740_RefrigeratedWarehousingBusinessReportableSegmentsMember" xlink:label="RefrigeratedWarehousingBusinessReportableSegmentsMember" />    <link:loc xlink:type="locator" xlink:href="tse-acedjpfr-28740-2025-09-30-02-2025-12-19.xsd#tse-acedjpfr-28740_FoodSalesBusinessReportableSegmentsMember" xlink:label="FoodSalesBusinessReportableSegmentsMember" />    <link:loc xlink:type="locator" xlink:href="tse-acedjpfr-28740-2025-09-30-02-2025-12-19.xsd#tse-acedjpfr-28740_RevenueFromRefrigeratingWarehousingRevOA" xlink:label="RevenueFromRefrigeratingWarehousingRevOA" />    <link:loc xlink:type="locator" xlink:href="tse-acedjpfr-28740-2025-09-30-02-2025-12-19.xsd#tse-acedjpfr-28740_OtherBusinessRevenue3RevOA" xlink:label="OtherBusinessRevenue3RevOA" />    <link:loc xlink:type="locator" xlink:href="tse-acedjpfr-28740-2025-09-30-02-2025-12-19.xsd#tse-acedjpfr-28740_CostOfSalesForRefrigeratingWarehousingCOS" xlink:label="CostOfSalesForRefrigeratingWarehousingCOS" />    <link:loc xlink:type="locator" xlink:href="tse-acedjpfr-28740-2025-09-30-02-2025-12-19.xsd#tse-acedjpfr-28740_LateChargesIncomeNOI" xlink:label="LateChargesIncomeNOI" />    <link:loc xlink:type="locator" xlink:href="tse-acedjpfr-28740-2025-09-30-02-2025-12-19.xsd#tse-acedjpfr-28740_ReceiptsFromContingentConsiderationEI" xlink:label="ReceiptsFromContingentConsiderationEI" />    <link:loc xlink:type="locator" xlink:href="tse-acedjpfr-28740-2025-09-30-02-2025-12-19.xsd#tse-acedjpfr-28740_IncreaseDecreaseInProvisionForManagementBoardIncentivePlanTrustOpeCF" xlink:label="IncreaseDecreaseInProvisionForManagementBoardIncentivePlanTrustOpeCF" />    <link:loc xlink:type="locator" xlink:href="tse-acedjpfr-28740-2025-09-30-02-2025-12-19.xsd#tse-acedjpfr-28740_CommissionIncomeOpeCF" xlink:label="CommissionIncomeOpeCF" />    <link:loc xlink:type="locator" xlink:href="tse-acedjpfr-28740-2025-09-30-02-2025-12-19.xsd#tse-acedjpfr-28740_ReceiptsFromContingentConsiderationOpeCF" xlink:label="ReceiptsFromContingentConsiderationOpeCF" />    <link:loc xlink:type="locator" xlink:href="tse-acedjpfr-28740-2025-09-30-02-2025-12-19.xsd#tse-acedjpfr-28740_CommissionIncomeRecievedOpeCF" xlink:label="CommissionIncomeRecievedOpeCF" />    <link:loc xlink:type="locator" xlink:href="tse-acedjpfr-28740-2025-09-30-02-2025-12-19.xsd#tse-acedjpfr-28740_ProceedsFromSettlementOfContingentConsiderationInvCF" xlink:label="ProceedsFromSettlementOfContingentConsiderationInvCF" />    <link:loc xlink:type="locator" xlink:href="tse-acedjpfr-28740-2025-09-30-02-2025-12-19.xsd#tse-acedjpfr-28740_NetIncreaseDecreaseInInvestmentsAndLoanInvCF" xlink:label="NetIncreaseDecreaseInInvestmentsAndLoanInvCF" />    <link:loc xlink:type="locator" xlink:href="tse-acedjpfr-28740-2025-09-30-02-2025-12-19.xsd#tse-acedjpfr-28740_ProvisionForManagementBoardIncentivePlanTrust" xlink:label="ProvisionForManagementBoardIncentivePlanTrust" />    <link:loc xlink:type="locator" xlink:href="tse-acedjpfr-28740-2025-09-30-02-2025-12-19.xsd#tse-acedjpfr-28740_CommissionFeeAndBusinessConsignmentExpensesSGA" xlink:label="CommissionFeeAndBusinessConsignmentExpensesSGA" />    <link:loc xlink:type="locator" xlink:href="tse-acedjpfr-28740-2025-09-30-02-2025-12-19.xsd#tse-acedjpfr-28740_ReceiptsFromContingentConsiderationTextBlock" xlink:label="ReceiptsFromContingentConsiderationTextBlock" />    <link:loc xlink:type="locator" xlink:href="tse-acedjpfr-28740-2025-09-30-02-2025-12-19.xsd#tse-acedjpfr-28740_NotesRegardingGainOnSalesOfInvestmentSecuritiesTextBlock" xlink:label="NotesRegardingGainOnSalesOfInvestmentSecuritiesTextBlock" />    <link:loc xlink:type="locator" xlink:href="tse-acedjpfr-28740-2025-09-30-02-2025-12-19.xsd#tse-acedjpfr-28740_NotesRegardingGainOnSalesOfSharesOfSubsidiariesAndAssociatesTextBlock" xlink:label="NotesRegardingGainOnSalesOfSharesOfSubsidiariesAndAssociatesTextBlock" />    <link:loc xlink:type="locator" xlink:href="http://disclosure.edinet-fsa.go.jp/taxonomy/jppfs/2024-11-01/jppfs_cor_2024-11-01.xsd#jppfs_cor_ChangesOfItemsDuringThePeriodAbstract" xlink:label="ChangesOfItemsDuringThePeriodAbstract" />    <link:label xlink:type="resource" xlink:label="label_ChangesOfItemsDuringThePeriodAbstract" xml:lang="en" xlink:role="http://disclosure.edinet-fsa.go.jp/jppfs/cte/role/label" id="label_ChangesOfItemsDuringThePeriodAbstract">Changes of items during period</link:label>    <link:labelArc xlink:type="arc" xlink:arcrole="http://www.xbrl.org/2003/arcrole/concept-label" xlink:from="ChangesOfItemsDuringThePeriodAbstract" xlink:to="label_ChangesOfItemsDuringThePeriodAbstract" />    <link:loc xlink:type="locator" xlink:href="http://disclosure.edinet-fsa.go.jp/taxonomy/jppfs/2024-11-01/jppfs_cor_2024-11-01.xsd#jppfs_cor_TotalChangesOfItemsDuringThePeriod" xlink:label="TotalChangesOfItemsDuringThePeriod" />    <link:label xlink:type="resource" xlink:label="label_TotalChangesOfItemsDuringThePeriod" xml:lang="en" xlink:role="http://disclosure.edinet-fsa.go.jp/jppfs/cte/role/label" id="label_TotalChangesOfItemsDuringThePeriod">Total changes of items during period</link:label>    <link:labelArc xlink:type="arc" xlink:arcrole="http://www.xbrl.org/2003/arcrole/concept-label" xlink:from="TotalChangesOfItemsDuringThePeriod" xlink:to="label_TotalChangesOfItemsDuringThePeriod" />    <link:loc xlink:type="locator" xlink:href="tse-acedjpfr-28740-2025-09-30-02-2025-12-19.xsd#tse-acedjpfr-28740_IncreaseInDefinedBenefitAssetOrLiabilityOpeCF" xlink:label="IncreaseInDefinedBenefitAssetOrLiabilityOpeCF" />    <link:label xlink:type="resource" xlink:label="label_IncreaseInDefinedBenefitAssetOrLiabilityOpeCF" xml:lang="en" xlink:role="http://www.xbrl.org/2003/role/label" id="label_IncreaseInDefinedBenefitAssetOrLiabilityOpeCF">Increase in Defined Benefit Asset or Liability</link:label>    <link:labelArc xlink:type="arc" xlink:arcrole="http://www.xbrl.org/2003/arcrole/concept-label" xlink:from="IncreaseInDefinedBenefitAssetOrLiabilityOpeCF" xlink:to="label_IncreaseInDefinedBenefitAssetOrLiabilityOpeCF" />    <link:label xlink:type="resource" xlink:label="label_IncreaseInDefinedBenefitAssetOrLiabilityOpeCF_2" xml:lang="en" xlink:role="http://www.xbrl.org/2003/role/verboseLabel" id="label_IncreaseInDefinedBenefitAssetOrLiabilityOpeCF_2">Increase in Defined Benefit Asset or Liability-OpeCF</link:label>    <link:labelArc xlink:type="arc" xlink:arcrole="http://www.xbrl.org/2003/arcrole/concept-label" xlink:from="IncreaseInDefinedBenefitAssetOrLiabilityOpeCF" xlink:to="label_IncreaseInDefinedBenefitAssetOrLiabilityOpeCF_2" />    <link:label xlink:type="resource" xlink:label="label_IncreaseDecreaseInProvisionForManagementBoardIncentivePlanTrustOpeCF" xml:lang="en" xlink:role="http://www.xbrl.org/2003/role/label" id="label_IncreaseDecreaseInProvisionForManagementBoardIncentivePlanTrustOpeCF">Increase (decrease)in provision for management board incentive plan trust</link:label>    <link:labelArc xlink:type="arc" xlink:arcrole="http://www.xbrl.org/2003/arcrole/concept-label" xlink:from="IncreaseDecreaseInProvisionForManagementBoardIncentivePlanTrustOpeCF" xlink:to="label_IncreaseDecreaseInProvisionForManagementBoardIncentivePlanTrustOpeCF" />    <link:label xlink:type="resource" xlink:label="label_IncreaseDecreaseInProvisionForManagementBoardIncentivePlanTrustOpeCF_2" xml:lang="en" xlink:role="http://www.xbrl.org/2003/role/verboseLabel" id="label_IncreaseDecreaseInProvisionForManagementBoardIncentivePlanTrustOpeCF_2">Increase (decrease)in provision for management board incentive plan trust-OpeCF</link:label>    <link:labelArc xlink:type="arc" xlink:arcrole="http://www.xbrl.org/2003/arcrole/concept-label" xlink:from="IncreaseDecreaseInProvisionForManagementBoardIncentivePlanTrustOpeCF" xlink:to="label_IncreaseDecreaseInProvisionForManagementBoardIncentivePlanTrustOpeCF_2" />    <link:label xlink:type="resource" xlink:label="label_CommissionIncomeOpeCF" xml:lang="en" xlink:role="http://www.xbrl.org/2003/role/label" id="label_CommissionIncomeOpeCF">Commission income</link:label>    <link:labelArc xlink:type="arc" xlink:arcrole="http://www.xbrl.org/2003/arcrole/concept-label" xlink:from="CommissionIncomeOpeCF" xlink:to="label_CommissionIncomeOpeCF" />    <link:label xlink:type="resource" xlink:label="label_CommissionIncomeOpeCF_2" xml:lang="en" xlink:role="http://www.xbrl.org/2003/role/verboseLabel" id="label_CommissionIncomeOpeCF_2">Commission income-OpeCF</link:label>    <link:labelArc xlink:type="arc" xlink:arcrole="http://www.xbrl.org/2003/arcrole/concept-label" xlink:from="CommissionIncomeOpeCF" xlink:to="label_CommissionIncomeOpeCF_2" />    <link:label xlink:type="resource" xlink:label="label_ReceiptsFromContingentConsiderationOpeCF" xml:lang="en" xlink:role="http://www.xbrl.org/2003/role/label" id="label_ReceiptsFromContingentConsiderationOpeCF">Receipts from contingent consideration</link:label>    <link:labelArc xlink:type="arc" xlink:arcrole="http://www.xbrl.org/2003/arcrole/concept-label" xlink:from="ReceiptsFromContingentConsiderationOpeCF" xlink:to="label_ReceiptsFromContingentConsiderationOpeCF" />    <link:label xlink:type="resource" xlink:label="label_ReceiptsFromContingentConsiderationOpeCF_2" xml:lang="en" xlink:role="http://www.xbrl.org/2003/role/verboseLabel" id="label_ReceiptsFromContingentConsiderationOpeCF_2">Receipts from contingent consideration-OpeCF</link:label>    <link:labelArc xlink:type="arc" xlink:arcrole="http://www.xbrl.org/2003/arcrole/concept-label" xlink:from="ReceiptsFromContingentConsiderationOpeCF" xlink:to="label_ReceiptsFromContingentConsiderationOpeCF_2" />    <link:label xlink:type="resource" xlink:label="label_CommissionIncomeRecievedOpeCF" xml:lang="en" xlink:role="http://www.xbrl.org/2003/role/label" id="label_CommissionIncomeRecievedOpeCF">Commission income recieved</link:label>    <link:labelArc xlink:type="arc" xlink:arcrole="http://www.xbrl.org/2003/arcrole/concept-label" xlink:from="CommissionIncomeRecievedOpeCF" xlink:to="label_CommissionIncomeRecievedOpeCF" />    <link:label xlink:type="resource" xlink:label="label_CommissionIncomeRecievedOpeCF_2" xml:lang="en" xlink:role="http://www.xbrl.org/2003/role/verboseLabel" id="label_CommissionIncomeRecievedOpeCF_2">Commission income recieved-OpeCF</link:label>    <link:labelArc xlink:type="arc" xlink:arcrole="http://www.xbrl.org/2003/arcrole/concept-label" xlink:from="CommissionIncomeRecievedOpeCF" xlink:to="label_CommissionIncomeRecievedOpeCF_2" />    <link:label xlink:type="resource" xlink:label="label_ProceedsFromSettlementOfContingentConsiderationInvCF" xml:lang="en" xlink:role="http://www.xbrl.org/2003/role/label" id="label_ProceedsFromSettlementOfContingentConsiderationInvCF">Proceeds from settlement of contingent consideration</link:label>    <link:labelArc xlink:type="arc" xlink:arcrole="http://www.xbrl.org/2003/arcrole/concept-label" xlink:from="ProceedsFromSettlementOfContingentConsiderationInvCF" xlink:to="label_ProceedsFromSettlementOfContingentConsiderationInvCF" />    <link:label xlink:type="resource" xlink:label="label_ProceedsFromSettlementOfContingentConsiderationInvCF_2" xml:lang="en" xlink:role="http://www.xbrl.org/2003/role/verboseLabel" id="label_ProceedsFromSettlementOfContingentConsiderationInvCF_2">Proceeds from settlement of contingent consideration-InvCF</link:label>    <link:labelArc xlink:type="arc" xlink:arcrole="http://www.xbrl.org/2003/arcrole/concept-label" xlink:from="ProceedsFromSettlementOfContingentConsiderationInvCF" xlink:to="label_ProceedsFromSettlementOfContingentConsiderationInvCF_2" />    <link:label xlink:type="resource" xlink:label="label_NetIncreaseDecreaseInInvestmentsAndLoanInvCF" xml:lang="en" xlink:role="http://www.xbrl.org/2003/role/label" id="label_NetIncreaseDecreaseInInvestmentsAndLoanInvCF">Commission income recieved-OpeCF</link:label>    <link:labelArc xlink:type="arc" xlink:arcrole="http://www.xbrl.org/2003/arcrole/concept-label" xlink:from="NetIncreaseDecreaseInInvestmentsAndLoanInvCF" xlink:to="label_NetIncreaseDecreaseInInvestmentsAndLoanInvCF" />    <link:label xlink:type="resource" xlink:label="label_NetIncreaseDecreaseInInvestmentsAndLoanInvCF_2" xml:lang="en" xlink:role="http://www.xbrl.org/2003/role/verboseLabel" id="label_NetIncreaseDecreaseInInvestmentsAndLoanInvCF_2">Net increase (decrease) in Investments and loan-InvCF</link:label>    <link:labelArc xlink:type="arc" xlink:arcrole="http://www.xbrl.org/2003/arcrole/concept-label" xlink:from="NetIncreaseDecreaseInInvestmentsAndLoanInvCF" xlink:to="label_NetIncreaseDecreaseInInvestmentsAndLoanInvCF_2" />    <link:label xlink:type="resource" xlink:label="label_RefrigeratedWarehousingBusinessReportableSegmentsMember" xml:lang="en" xlink:role="http://www.xbrl.org/2003/role/label" id="label_RefrigeratedWarehousingBusinessReportableSegmentsMember">Refrigerated Warehousing Business</link:label>    <link:labelArc xlink:type="arc" xlink:arcrole="http://www.xbrl.org/2003/arcrole/concept-label" xlink:from="RefrigeratedWarehousingBusinessReportableSegmentsMember" xlink:to="label_RefrigeratedWarehousingBusinessReportableSegmentsMember" />    <link:label xlink:type="resource" xlink:label="label_RefrigeratedWarehousingBusinessReportableSegmentsMember_2" xml:lang="en" xlink:role="http://www.xbrl.org/2003/role/verboseLabel" id="label_RefrigeratedWarehousingBusinessReportableSegmentsMember_2">Refrigerated Warehousing Business, Reportable segments [member]</link:label>    <link:labelArc xlink:type="arc" xlink:arcrole="http://www.xbrl.org/2003/arcrole/concept-label" xlink:from="RefrigeratedWarehousingBusinessReportableSegmentsMember" xlink:to="label_RefrigeratedWarehousingBusinessReportableSegmentsMember_2" />    <link:label xlink:type="resource" xlink:label="label_FoodSalesBusinessReportableSegmentsMember" xml:lang="en" xlink:role="http://www.xbrl.org/2003/role/label" id="label_FoodSalesBusinessReportableSegmentsMember">Food Sales Business</link:label>    <link:labelArc xlink:type="arc" xlink:arcrole="http://www.xbrl.org/2003/arcrole/concept-label" xlink:from="FoodSalesBusinessReportableSegmentsMember" xlink:to="label_FoodSalesBusinessReportableSegmentsMember" />    <link:label xlink:type="resource" xlink:label="label_FoodSalesBusinessReportableSegmentsMember_2" xml:lang="en" xlink:role="http://www.xbrl.org/2003/role/verboseLabel" id="label_FoodSalesBusinessReportableSegmentsMember_2">Food Sales Business, Reportable segments [member]</link:label>    <link:labelArc xlink:type="arc" xlink:arcrole="http://www.xbrl.org/2003/arcrole/concept-label" xlink:from="FoodSalesBusinessReportableSegmentsMember" xlink:to="label_FoodSalesBusinessReportableSegmentsMember_2" />    <link:label xlink:type="resource" xlink:label="label_CommissionFeeAndBusinessConsignmentExpensesSGA" xml:lang="en" xlink:role="http://www.xbrl.org/2003/role/label" id="label_CommissionFeeAndBusinessConsignmentExpensesSGA">Commission fee</link:label>    <link:labelArc xlink:type="arc" xlink:arcrole="http://www.xbrl.org/2003/arcrole/concept-label" xlink:from="CommissionFeeAndBusinessConsignmentExpensesSGA" xlink:to="label_CommissionFeeAndBusinessConsignmentExpensesSGA" />    <link:label xlink:type="resource" xlink:label="label_CommissionFeeAndBusinessConsignmentExpensesSGA_2" xml:lang="en" xlink:role="http://www.xbrl.org/2003/role/verboseLabel" id="label_CommissionFeeAndBusinessConsignmentExpensesSGA_2">Commission fee and business consignment expenses-SGA</link:label>    <link:labelArc xlink:type="arc" xlink:arcrole="http://www.xbrl.org/2003/arcrole/concept-label" xlink:from="CommissionFeeAndBusinessConsignmentExpensesSGA" xlink:to="label_CommissionFeeAndBusinessConsignmentExpensesSGA_2" />    <link:label xlink:type="resource" xlink:label="label_ReceiptsFromContingentConsiderationTextBlock" xml:lang="en" xlink:role="http://www.xbrl.org/2003/role/label" id="label_ReceiptsFromContingentConsiderationTextBlock">Receipts from contingent consideration</link:label>    <link:labelArc xlink:type="arc" xlink:arcrole="http://www.xbrl.org/2003/arcrole/concept-label" xlink:from="ReceiptsFromContingentConsiderationTextBlock" xlink:to="label_ReceiptsFromContingentConsiderationTextBlock" />    <link:label xlink:type="resource" xlink:label="label_ReceiptsFromContingentConsiderationTextBlock_2" xml:lang="en" xlink:role="http://www.xbrl.org/2003/role/verboseLabel" id="label_ReceiptsFromContingentConsiderationTextBlock_2">Receipts from contingent consideration [text block]</link:label>    <link:labelArc xlink:type="arc" xlink:arcrole="http://www.xbrl.org/2003/arcrole/concept-label" xlink:from="ReceiptsFromContingentConsiderationTextBlock" xlink:to="label_ReceiptsFromContingentConsiderationTextBlock_2" />    <link:label xlink:type="resource" xlink:label="label_NotesRegardingGainOnSalesOfInvestmentSecuritiesTextBlock" xml:lang="en" xlink:role="http://www.xbrl.org/2003/role/label" id="label_NotesRegardingGainOnSalesOfInvestmentSecuritiesTextBlock">Notes regarding gain on sales of investment securities</link:label>    <link:labelArc xlink:type="arc" xlink:arcrole="http://www.xbrl.org/2003/arcrole/concept-label" xlink:from="NotesRegardingGainOnSalesOfInvestmentSecuritiesTextBlock" xlink:to="label_NotesRegardingGainOnSalesOfInvestmentSecuritiesTextBlock" />    <link:label xlink:type="resource" xlink:label="label_NotesRegardingGainOnSalesOfInvestmentSecuritiesTextBlock_2" xml:lang="en" xlink:role="http://www.xbrl.org/2003/role/verboseLabel" id="label_NotesRegardingGainOnSalesOfInvestmentSecuritiesTextBlock_2">Notes regarding gain on sales of investment securities [text block]</link:label>    <link:labelArc xlink:type="arc" xlink:arcrole="http://www.xbrl.org/2003/arcrole/concept-label" xlink:from="NotesRegardingGainOnSalesOfInvestmentSecuritiesTextBlock" xlink:to="label_NotesRegardingGainOnSalesOfInvestmentSecuritiesTextBlock_2" />    <link:label xlink:type="resource" xlink:label="label_NotesRegardingGainOnSalesOfSharesOfSubsidiariesAndAssociatesTextBlock" xml:lang="en" xlink:role="http://www.xbrl.org/2003/role/label" id="label_NotesRegardingGainOnSalesOfSharesOfSubsidiariesAndAssociatesTextBlock">Notes regarding gain on sales of shares of subsidiaries and associates</link:label>    <link:labelArc xlink:type="arc" xlink:arcrole="http://www.xbrl.org/2003/arcrole/concept-label" xlink:from="NotesRegardingGainOnSalesOfSharesOfSubsidiariesAndAssociatesTextBlock" xlink:to="label_NotesRegardingGainOnSalesOfSharesOfSubsidiariesAndAssociatesTextBlock" />    <link:label xlink:type="resource" xlink:label="label_NotesRegardingGainOnSalesOfSharesOfSubsidiariesAndAssociatesTextBlock_2" xml:lang="en" xlink:role="http://www.xbrl.org/2003/role/verboseLabel" id="label_NotesRegardingGainOnSalesOfSharesOfSubsidiariesAndAssociatesTextBlock_2">Notes regarding gain on sales of shares of subsidiaries and associates [text block]</link:label>    <link:labelArc xlink:type="arc" xlink:arcrole="http://www.xbrl.org/2003/arcrole/concept-label" xlink:from="NotesRegardingGainOnSalesOfSharesOfSubsidiariesAndAssociatesTextBlock" xlink:to="label_NotesRegardingGainOnSalesOfSharesOfSubsidiariesAndAssociatesTextBlock_2" />    <link:label xlink:type="resource" xlink:label="label_LateChargesIncomeNOI" xml:lang="en" xlink:role="http://www.xbrl.org/2003/role/label" id="label_LateChargesIncomeNOI">late charges income</link:label>    <link:labelArc xlink:type="arc" xlink:arcrole="http://www.xbrl.org/2003/arcrole/concept-label" xlink:from="LateChargesIncomeNOI" xlink:to="label_LateChargesIncomeNOI" />    <link:label xlink:type="resource" xlink:label="label_LateChargesIncomeNOI_2" xml:lang="en" xlink:role="http://www.xbrl.org/2003/role/verboseLabel" id="label_LateChargesIncomeNOI_2">late charges income-NOI</link:label>    <link:labelArc xlink:type="arc" xlink:arcrole="http://www.xbrl.org/2003/arcrole/concept-label" xlink:from="LateChargesIncomeNOI" xlink:to="label_LateChargesIncomeNOI_2" />    <link:label xlink:type="resource" xlink:label="label_ReceiptsFromContingentConsiderationEI" xml:lang="en" xlink:role="http://www.xbrl.org/2003/role/label" id="label_ReceiptsFromContingentConsiderationEI">Receipts from contingent consideration</link:label>    <link:labelArc xlink:type="arc" xlink:arcrole="http://www.xbrl.org/2003/arcrole/concept-label" xlink:from="ReceiptsFromContingentConsiderationEI" xlink:to="label_ReceiptsFromContingentConsiderationEI" />    <link:label xlink:type="resource" xlink:label="label_ReceiptsFromContingentConsiderationEI_2" xml:lang="en" xlink:role="http://www.xbrl.org/2003/role/verboseLabel" id="label_ReceiptsFromContingentConsiderationEI_2">Receipts from contingent consideration-EI</link:label>    <link:labelArc xlink:type="arc" xlink:arcrole="http://www.xbrl.org/2003/arcrole/concept-label" xlink:from="ReceiptsFromContingentConsiderationEI" xlink:to="label_ReceiptsFromContingentConsiderationEI_2" />    <link:label xlink:type="resource" xlink:label="label_OtherBusinessRevenue3RevOA" xml:lang="en" xlink:role="http://www.xbrl.org/2003/role/label" id="label_OtherBusinessRevenue3RevOA">Other business revenue</link:label>    <link:labelArc xlink:type="arc" xlink:arcrole="http://www.xbrl.org/2003/arcrole/concept-label" xlink:from="OtherBusinessRevenue3RevOA" xlink:to="label_OtherBusinessRevenue3RevOA" />    <link:label xlink:type="resource" xlink:label="label_OtherBusinessRevenue3RevOA_2" xml:lang="en" xlink:role="http://www.xbrl.org/2003/role/verboseLabel" id="label_OtherBusinessRevenue3RevOA_2">Other business revenue-3-RevOA</link:label>    <link:labelArc xlink:type="arc" xlink:arcrole="http://www.xbrl.org/2003/arcrole/concept-label" xlink:from="OtherBusinessRevenue3RevOA" xlink:to="label_OtherBusinessRevenue3RevOA_2" />    <link:label xlink:type="resource" xlink:label="label_RevenueFromRefrigeratingWarehousingRevOA" xml:lang="en" xlink:role="http://www.xbrl.org/2003/role/label" id="label_RevenueFromRefrigeratingWarehousingRevOA">Revenue from refrigerating warehousing</link:label>    <link:labelArc xlink:type="arc" xlink:arcrole="http://www.xbrl.org/2003/arcrole/concept-label" xlink:from="RevenueFromRefrigeratingWarehousingRevOA" xlink:to="label_RevenueFromRefrigeratingWarehousingRevOA" />    <link:label xlink:type="resource" xlink:label="label_RevenueFromRefrigeratingWarehousingRevOA_2" xml:lang="en" xlink:role="http://www.xbrl.org/2003/role/verboseLabel" id="label_RevenueFromRefrigeratingWarehousingRevOA_2">Revenue from refrigerating warehousing-RevOA</link:label>    <link:labelArc xlink:type="arc" xlink:arcrole="http://www.xbrl.org/2003/arcrole/concept-label" xlink:from="RevenueFromRefrigeratingWarehousingRevOA" xlink:to="label_RevenueFromRefrigeratingWarehousingRevOA_2" />    <link:label xlink:type="resource" xlink:label="label_CostOfSalesForRefrigeratingWarehousingCOS" xml:lang="en" xlink:role="http://www.xbrl.org/2003/role/label" id="label_CostOfSalesForRefrigeratingWarehousingCOS">Cost of sales for refrigerating warehousing</link:label>    <link:labelArc xlink:type="arc" xlink:arcrole="http://www.xbrl.org/2003/arcrole/concept-label" xlink:from="CostOfSalesForRefrigeratingWarehousingCOS" xlink:to="label_CostOfSalesForRefrigeratingWarehousingCOS" />    <link:label xlink:type="resource" xlink:label="label_CostOfSalesForRefrigeratingWarehousingCOS_2" xml:lang="en" xlink:role="http://www.xbrl.org/2003/role/verboseLabel" id="label_CostOfSalesForRefrigeratingWarehousingCOS_2">Cost of sales for refrigerating warehousing-COS</link:label>    <link:labelArc xlink:type="arc" xlink:arcrole="http://www.xbrl.org/2003/arcrole/concept-label" xlink:from="CostOfSalesForRefrigeratingWarehousingCOS" xlink:to="label_CostOfSalesForRefrigeratingWarehousingCOS_2" />    <link:loc xlink:type="locator" xlink:href="http://disclosure.edinet-fsa.go.jp/taxonomy/jppfs/2024-11-01/jppfs_cor_2024-11-01.xsd#jppfs_cor_IncomeBeforeIncomeTaxes" xlink:label="IncomeBeforeIncomeTaxes" />    <link:label xlink:type="resource" xlink:label="label_IncomeBeforeIncomeTaxes" xml:lang="en" xlink:role="http://disclosure.edinet-fsa.go.jp/jppfs/Consolidated/role/totalLabel" id="label_IncomeBeforeIncomeTaxes">Profit (loss) before income taxes</link:label>    <link:labelArc xlink:type="arc" xlink:arcrole="http://www.xbrl.org/2003/arcrole/concept-label" xlink:from="IncomeBeforeIncomeTaxes" xlink:to="label_IncomeBeforeIncomeTaxes" />    <link:label xlink:type="resource" xlink:label="label_ProvisionForManagementBoardIncentivePlanTrust" xml:lang="en" xlink:role="http://www.xbrl.org/2003/role/label" id="label_ProvisionForManagementBoardIncentivePlanTrust">Provision For Management Board Incentive Plan Trust</link:label>    <link:labelArc xlink:type="arc" xlink:arcrole="http://www.xbrl.org/2003/arcrole/concept-label" xlink:from="ProvisionForManagementBoardIncentivePlanTrust" xlink:to="label_ProvisionForManagementBoardIncentivePlanTrust" />    <link:label xlink:type="resource" xlink:label="label_ProvisionForManagementBoardIncentivePlanTrust_2" xml:lang="en" xlink:role="http://www.xbrl.org/2003/role/verboseLabel" id="label_ProvisionForManagementBoardIncentivePlanTrust_2">Provision For Management Board Incentive Plan Trust</link:label>    <link:labelArc xlink:type="arc" xlink:arcrole="http://www.xbrl.org/2003/arcrole/concept-label" xlink:from="ProvisionForManagementBoardIncentivePlanTrust" xlink:to="label_ProvisionForManagementBoardIncentivePlanTrust_2" />  </link:labelLink></link:linkbase>