<?xml version="1.0" encoding="utf-8"?>
<!-- Generated by PRONEXUS WORKS --><link:linkbase xmlns:link="http://www.xbrl.org/2003/linkbase" xmlns:xsi="http://www.w3.org/2001/XMLSchema-instance" xmlns:xbrli="http://www.xbrl.org/2003/instance" xmlns:xlink="http://www.w3.org/1999/xlink">  <link:labelLink xlink:type="extended" xlink:role="http://www.xbrl.org/2003/role/link">    <link:loc xlink:type="locator" xlink:href="tse-scedjpfr-40760-2025-11-30-01-2026-01-09.xsd#tse-scedjpfr-40760_SubsidyIncome" xlink:label="SubsidyIncome" />    <link:loc xlink:type="locator" xlink:href="tse-scedjpfr-40760-2025-11-30-01-2026-01-09.xsd#tse-scedjpfr-40760_AccountsReceivableTradeAndContractAssetsCA" xlink:label="AccountsReceivableTradeAndContractAssetsCA" />    <link:label xlink:type="resource" xlink:label="label_AccountsReceivableTradeAndContractAssetsCA" xml:lang="en" xlink:role="http://www.xbrl.org/2003/role/label" id="label_AccountsReceivableTradeAndContractAssetsCA">Accounts receivable - trade and contract assets</link:label>    <link:labelArc xlink:type="arc" xlink:arcrole="http://www.xbrl.org/2003/arcrole/concept-label" xlink:from="AccountsReceivableTradeAndContractAssetsCA" xlink:to="label_AccountsReceivableTradeAndContractAssetsCA" />    <link:label xlink:type="resource" xlink:label="label_AccountsReceivableTradeAndContractAssetsCA_2" xml:lang="en" xlink:role="http://www.xbrl.org/2003/role/verboseLabel" id="label_AccountsReceivableTradeAndContractAssetsCA_2">Accounts receivable - trade and contract assets-CA</link:label>    <link:labelArc xlink:type="arc" xlink:arcrole="http://www.xbrl.org/2003/arcrole/concept-label" xlink:from="AccountsReceivableTradeAndContractAssetsCA" xlink:to="label_AccountsReceivableTradeAndContractAssetsCA_2" />    <link:label xlink:type="resource" xlink:label="label_SubsidyIncome" xml:lang="en" xlink:role="http://www.xbrl.org/2003/role/label" id="label_SubsidyIncome">Subsidy income</link:label>    <link:labelArc xlink:type="arc" xlink:arcrole="http://www.xbrl.org/2003/arcrole/concept-label" xlink:from="SubsidyIncome" xlink:to="label_SubsidyIncome" />    <link:label xlink:type="resource" xlink:label="label_SubsidyIncome_2" xml:lang="en" xlink:role="http://www.xbrl.org/2003/role/verboseLabel" id="label_SubsidyIncome_2">Subsidy income</link:label>    <link:labelArc xlink:type="arc" xlink:arcrole="http://www.xbrl.org/2003/arcrole/concept-label" xlink:from="SubsidyIncome" xlink:to="label_SubsidyIncome_2" />  </link:labelLink></link:linkbase>