<?xml version="1.0" encoding="utf-8"?>
<manifest xmlns="http://disclosure.edinet-fsa.go.jp/2013/manifest">
  <tocComposition>
    <title xml:lang="ja">決算短信添付資料</title>
    <title xml:lang="en">Earnings digest attached document</title>
    <item ref="acediffr" extrole="http://www.xbrl.tdnet.info/jp/tse/tdnet/role/RoleAttachedDocument" in="presentation" />
  </tocComposition>
  <list>
    <instance id="acediffr" type="Attachment" preferredFilename="tse-acediffr-60800-2025-09-30-01-2025-12-24.xbrl">
      <ixbrl>0300000-acbs03-tse-acediffr-60800-2025-09-30-01-2025-12-24-ixbrl.htm</ixbrl>
      <ixbrl>0301000-acpl03-tse-acediffr-60800-2025-09-30-01-2025-12-24-ixbrl.htm</ixbrl>
      <ixbrl>0302000-acci03-tse-acediffr-60800-2025-09-30-01-2025-12-24-ixbrl.htm</ixbrl>
      <ixbrl>0304000-acss03-tse-acediffr-60800-2025-09-30-01-2025-12-24-ixbrl.htm</ixbrl>
      <ixbrl>0305000-accf03-tse-acediffr-60800-2025-09-30-01-2025-12-24-ixbrl.htm</ixbrl>
      <ixbrl>0400000-acsg03-tse-acediffr-60800-2025-09-30-01-2025-12-24-ixbrl.htm</ixbrl>
    </instance>
  </list>
</manifest>