﻿<?xml version="1.0" encoding="utf-8"?>
<!-- XBRL Document Created with WizLabo Platform -->
<link:linkbase xmlns:xlink="http://www.w3.org/1999/xlink" xmlns:xsi="http://www.w3.org/2001/XMLSchema-instance" xmlns:link="http://www.xbrl.org/2003/linkbase">
  <link:roleRef xlink:type="simple" xlink:href="http://disclosure.edinet-fsa.go.jp/taxonomy/jpcrp/2024-11-01/jpcrp_rt_2024-11-01.xsd#rol_altLabel" roleURI="http://disclosure.edinet-fsa.go.jp/jpcrp/alt/role/label" />
  <link:roleRef xlink:type="simple" xlink:href="http://disclosure.edinet-fsa.go.jp/taxonomy/jpcrp/2024-11-01/jpcrp_rt_2024-11-01.xsd#rol_altPeriodEndLabel" roleURI="http://disclosure.edinet-fsa.go.jp/jpcrp/alt/role/periodEndLabel" />
  <link:roleRef xlink:type="simple" xlink:href="http://disclosure.edinet-fsa.go.jp/taxonomy/jpcrp/2024-11-01/jpcrp_rt_2024-11-01.xsd#rol_altPeriodStartLabel" roleURI="http://disclosure.edinet-fsa.go.jp/jpcrp/alt/role/periodStartLabel" />
  <link:roleRef xlink:type="simple" xlink:href="http://disclosure.edinet-fsa.go.jp/taxonomy/jpcrp/2024-11-01/jpcrp_rt_2024-11-01.xsd#rol_altTotalLabel" roleURI="http://disclosure.edinet-fsa.go.jp/jpcrp/alt/role/totalLabel" />
  <link:labelLink xlink:type="extended" xlink:role="http://www.xbrl.org/2003/role/link">
    <link:label xml:lang="ja" xlink:type="resource" xlink:label="jpigp_cor_ComprehensiveIncomeIFRS_label" xlink:role="http://disclosure.edinet-fsa.go.jp/jpcrp/alt/role/label">包括利益</link:label>
    <link:label xml:lang="ja" xlink:type="resource" xlink:label="jpigp_cor_ComprehensiveIncomeIFRSAbstract_label" xlink:role="http://disclosure.edinet-fsa.go.jp/jpcrp/alt/role/label">包括利益</link:label>
    <link:label xml:lang="ja" xlink:type="resource" xlink:label="jpigp_cor_EquityIFRS_label" xlink:role="http://disclosure.edinet-fsa.go.jp/jpcrp/alt/role/periodEndLabel">当期末残高</link:label>
    <link:label xml:lang="ja" xlink:type="resource" xlink:label="jpigp_cor_EquityIFRS_label_1" xlink:role="http://disclosure.edinet-fsa.go.jp/jpcrp/alt/role/periodStartLabel">当期首残高</link:label>
    <link:label xml:lang="ja" xlink:type="resource" xlink:label="jpigp_cor_TotalOfItemsThatMayBeReclassifiedToProfitOrLossOCIIFRS_label" xlink:role="http://disclosure.edinet-fsa.go.jp/jpcrp/alt/role/totalLabel">項目合計</link:label>
    <link:label xml:lang="ja" xlink:type="resource" xlink:label="jpigp_cor_TotalOfItemsThatWillNotBeReclassifiedToProfitOrLossOCIIFRS_label" xlink:role="http://disclosure.edinet-fsa.go.jp/jpcrp/alt/role/totalLabel">項目合計</link:label>
    <link:label xml:lang="ja" xlink:type="resource" xlink:label="jpigp_cor_TotalTransactionsWithOwnersIFRS_label" xlink:role="http://www.xbrl.org/2003/role/totalLabel">所有者との取引額等合計</link:label>
    <link:label xml:lang="ja" xlink:type="resource" xlink:label="jpigp_cor_TransactionsWithOwnersIFRSAbstract_label" xlink:role="http://disclosure.edinet-fsa.go.jp/jpcrp/alt/role/label">所有者との取引額等</link:label>
    <link:label xml:lang="ja" xlink:type="resource" xlink:label="tse-acediffr-60800_DecreaseIncreaseInOtherAssetsOpeCFIFRS_label" xlink:role="http://www.xbrl.org/2003/role/label">その他の資産の増減額（△は増加）</link:label>
    <link:label xml:lang="ja" xlink:type="resource" xlink:label="tse-acediffr-60800_DecreaseIncreaseInOtherAssetsOpeCFIFRS_label_1" xlink:role="http://www.xbrl.org/2003/role/verboseLabel">その他の資産の増減額（△は増加）、営業活動によるキャッシュ・フロー（IFRS）</link:label>
    <link:label xml:lang="ja" xlink:type="resource" xlink:label="tse-acediffr-60800_IncreaseDecreaseInOtherLiabilitiesOpeCFIFRS_label" xlink:role="http://www.xbrl.org/2003/role/label">その他の負債の増減額（△は減少）</link:label>
    <link:label xml:lang="ja" xlink:type="resource" xlink:label="tse-acediffr-60800_IncreaseDecreaseInOtherLiabilitiesOpeCFIFRS_label_1" xlink:role="http://www.xbrl.org/2003/role/verboseLabel">その他の負債の増減額（△は減少）、営業活動によるキャッシュ・フロー（IFRS）</link:label>
    <link:label xml:lang="ja" xlink:type="resource" xlink:label="tse-acediffr-60800_IncreaseDecreaseInStockAcquisitionRightsSSIFRS_label" xlink:role="http://www.xbrl.org/2003/role/label">新株予約権の増減</link:label>
    <link:label xml:lang="ja" xlink:type="resource" xlink:label="tse-acediffr-60800_IncreaseDecreaseInStockAcquisitionRightsSSIFRS_label_1" xlink:role="http://www.xbrl.org/2003/role/verboseLabel">新株予約権の増減、持分変動計算書（IFRS）</link:label>
    <link:label xml:lang="ja" xlink:type="resource" xlink:label="tse-acediffr-60800_ShareAcquisitionRights2IFRSMember_label" xlink:role="http://www.xbrl.org/2003/role/label">新株予約権</link:label>
    <link:label xml:lang="ja" xlink:type="resource" xlink:label="tse-acediffr-60800_ShareAcquisitionRights2IFRSMember_label_1" xlink:role="http://www.xbrl.org/2003/role/verboseLabel">新株予約権-2（IFRS） [メンバー]</link:label>
    <link:label xml:lang="ja" xlink:type="resource" xlink:label="tse-acediffr-60800_ShareAcquisitionRightsIFRS_label" xlink:role="http://www.xbrl.org/2003/role/label">新株予約権</link:label>
    <link:label xml:lang="ja" xlink:type="resource" xlink:label="tse-acediffr-60800_ShareAcquisitionRightsIFRS_label_1" xlink:role="http://www.xbrl.org/2003/role/verboseLabel">新株予約権（IFRS）</link:label>
    <link:loc xlink:type="locator" xlink:href="http://disclosure.edinet-fsa.go.jp/taxonomy/jpigp/2024-11-01/jpigp_cor_2024-11-01.xsd#jpigp_cor_ComprehensiveIncomeIFRS" xlink:label="jpigp_cor_ComprehensiveIncomeIFRS" />
    <link:loc xlink:type="locator" xlink:href="http://disclosure.edinet-fsa.go.jp/taxonomy/jpigp/2024-11-01/jpigp_cor_2024-11-01.xsd#jpigp_cor_ComprehensiveIncomeIFRSAbstract" xlink:label="jpigp_cor_ComprehensiveIncomeIFRSAbstract" />
    <link:loc xlink:type="locator" xlink:href="http://disclosure.edinet-fsa.go.jp/taxonomy/jpigp/2024-11-01/jpigp_cor_2024-11-01.xsd#jpigp_cor_EquityIFRS" xlink:label="jpigp_cor_EquityIFRS" />
    <link:loc xlink:type="locator" xlink:href="http://disclosure.edinet-fsa.go.jp/taxonomy/jpigp/2024-11-01/jpigp_cor_2024-11-01.xsd#jpigp_cor_TotalOfItemsThatMayBeReclassifiedToProfitOrLossOCIIFRS" xlink:label="jpigp_cor_TotalOfItemsThatMayBeReclassifiedToProfitOrLossOCIIFRS" />
    <link:loc xlink:type="locator" xlink:href="http://disclosure.edinet-fsa.go.jp/taxonomy/jpigp/2024-11-01/jpigp_cor_2024-11-01.xsd#jpigp_cor_TotalOfItemsThatWillNotBeReclassifiedToProfitOrLossOCIIFRS" xlink:label="jpigp_cor_TotalOfItemsThatWillNotBeReclassifiedToProfitOrLossOCIIFRS" />
    <link:loc xlink:type="locator" xlink:href="http://disclosure.edinet-fsa.go.jp/taxonomy/jpigp/2024-11-01/jpigp_cor_2024-11-01.xsd#jpigp_cor_TotalTransactionsWithOwnersIFRS" xlink:label="jpigp_cor_TotalTransactionsWithOwnersIFRS" />
    <link:loc xlink:type="locator" xlink:href="http://disclosure.edinet-fsa.go.jp/taxonomy/jpigp/2024-11-01/jpigp_cor_2024-11-01.xsd#jpigp_cor_TransactionsWithOwnersIFRSAbstract" xlink:label="jpigp_cor_TransactionsWithOwnersIFRSAbstract" />
    <link:loc xlink:type="locator" xlink:href="tse-acediffr-60800-2025-09-30-01-2025-12-24.xsd#tse-acediffr-60800_DecreaseIncreaseInOtherAssetsOpeCFIFRS" xlink:label="tse-acediffr-60800_DecreaseIncreaseInOtherAssetsOpeCFIFRS" />
    <link:loc xlink:type="locator" xlink:href="tse-acediffr-60800-2025-09-30-01-2025-12-24.xsd#tse-acediffr-60800_IncreaseDecreaseInOtherLiabilitiesOpeCFIFRS" xlink:label="tse-acediffr-60800_IncreaseDecreaseInOtherLiabilitiesOpeCFIFRS" />
    <link:loc xlink:type="locator" xlink:href="tse-acediffr-60800-2025-09-30-01-2025-12-24.xsd#tse-acediffr-60800_IncreaseDecreaseInStockAcquisitionRightsSSIFRS" xlink:label="tse-acediffr-60800_IncreaseDecreaseInStockAcquisitionRightsSSIFRS" />
    <link:loc xlink:type="locator" xlink:href="tse-acediffr-60800-2025-09-30-01-2025-12-24.xsd#tse-acediffr-60800_ShareAcquisitionRights2IFRSMember" xlink:label="tse-acediffr-60800_ShareAcquisitionRights2IFRSMember" />
    <link:loc xlink:type="locator" xlink:href="tse-acediffr-60800-2025-09-30-01-2025-12-24.xsd#tse-acediffr-60800_ShareAcquisitionRightsIFRS" xlink:label="tse-acediffr-60800_ShareAcquisitionRightsIFRS" />
    <link:labelArc xlink:type="arc" xlink:from="jpigp_cor_ComprehensiveIncomeIFRS" xlink:to="jpigp_cor_ComprehensiveIncomeIFRS_label" xlink:arcrole="http://www.xbrl.org/2003/arcrole/concept-label" order="1" />
    <link:labelArc xlink:type="arc" xlink:from="jpigp_cor_ComprehensiveIncomeIFRSAbstract" xlink:to="jpigp_cor_ComprehensiveIncomeIFRSAbstract_label" xlink:arcrole="http://www.xbrl.org/2003/arcrole/concept-label" order="1" />
    <link:labelArc xlink:type="arc" xlink:from="jpigp_cor_EquityIFRS" xlink:to="jpigp_cor_EquityIFRS_label" xlink:arcrole="http://www.xbrl.org/2003/arcrole/concept-label" order="1" />
    <link:labelArc xlink:type="arc" xlink:from="jpigp_cor_EquityIFRS" xlink:to="jpigp_cor_EquityIFRS_label_1" xlink:arcrole="http://www.xbrl.org/2003/arcrole/concept-label" order="1" />
    <link:labelArc xlink:type="arc" xlink:from="jpigp_cor_TotalOfItemsThatMayBeReclassifiedToProfitOrLossOCIIFRS" xlink:to="jpigp_cor_TotalOfItemsThatMayBeReclassifiedToProfitOrLossOCIIFRS_label" xlink:arcrole="http://www.xbrl.org/2003/arcrole/concept-label" order="1" />
    <link:labelArc xlink:type="arc" xlink:from="jpigp_cor_TotalOfItemsThatWillNotBeReclassifiedToProfitOrLossOCIIFRS" xlink:to="jpigp_cor_TotalOfItemsThatWillNotBeReclassifiedToProfitOrLossOCIIFRS_label" xlink:arcrole="http://www.xbrl.org/2003/arcrole/concept-label" order="1" />
    <link:labelArc xlink:type="arc" xlink:from="jpigp_cor_TotalTransactionsWithOwnersIFRS" xlink:to="jpigp_cor_TotalTransactionsWithOwnersIFRS_label" xlink:arcrole="http://www.xbrl.org/2003/arcrole/concept-label" order="1" />
    <link:labelArc xlink:type="arc" xlink:from="jpigp_cor_TransactionsWithOwnersIFRSAbstract" xlink:to="jpigp_cor_TransactionsWithOwnersIFRSAbstract_label" xlink:arcrole="http://www.xbrl.org/2003/arcrole/concept-label" order="1" />
    <link:labelArc xlink:type="arc" xlink:from="tse-acediffr-60800_DecreaseIncreaseInOtherAssetsOpeCFIFRS" xlink:to="tse-acediffr-60800_DecreaseIncreaseInOtherAssetsOpeCFIFRS_label_1" xlink:arcrole="http://www.xbrl.org/2003/arcrole/concept-label" order="1" />
    <link:labelArc xlink:type="arc" xlink:from="tse-acediffr-60800_DecreaseIncreaseInOtherAssetsOpeCFIFRS" xlink:to="tse-acediffr-60800_DecreaseIncreaseInOtherAssetsOpeCFIFRS_label" xlink:arcrole="http://www.xbrl.org/2003/arcrole/concept-label" order="1" />
    <link:labelArc xlink:type="arc" xlink:from="tse-acediffr-60800_IncreaseDecreaseInOtherLiabilitiesOpeCFIFRS" xlink:to="tse-acediffr-60800_IncreaseDecreaseInOtherLiabilitiesOpeCFIFRS_label" xlink:arcrole="http://www.xbrl.org/2003/arcrole/concept-label" order="1" />
    <link:labelArc xlink:type="arc" xlink:from="tse-acediffr-60800_IncreaseDecreaseInOtherLiabilitiesOpeCFIFRS" xlink:to="tse-acediffr-60800_IncreaseDecreaseInOtherLiabilitiesOpeCFIFRS_label_1" xlink:arcrole="http://www.xbrl.org/2003/arcrole/concept-label" order="1" />
    <link:labelArc xlink:type="arc" xlink:from="tse-acediffr-60800_IncreaseDecreaseInStockAcquisitionRightsSSIFRS" xlink:to="tse-acediffr-60800_IncreaseDecreaseInStockAcquisitionRightsSSIFRS_label" xlink:arcrole="http://www.xbrl.org/2003/arcrole/concept-label" order="1" />
    <link:labelArc xlink:type="arc" xlink:from="tse-acediffr-60800_IncreaseDecreaseInStockAcquisitionRightsSSIFRS" xlink:to="tse-acediffr-60800_IncreaseDecreaseInStockAcquisitionRightsSSIFRS_label_1" xlink:arcrole="http://www.xbrl.org/2003/arcrole/concept-label" order="1" />
    <link:labelArc xlink:type="arc" xlink:from="tse-acediffr-60800_ShareAcquisitionRights2IFRSMember" xlink:to="tse-acediffr-60800_ShareAcquisitionRights2IFRSMember_label" xlink:arcrole="http://www.xbrl.org/2003/arcrole/concept-label" order="1" />
    <link:labelArc xlink:type="arc" xlink:from="tse-acediffr-60800_ShareAcquisitionRights2IFRSMember" xlink:to="tse-acediffr-60800_ShareAcquisitionRights2IFRSMember_label_1" xlink:arcrole="http://www.xbrl.org/2003/arcrole/concept-label" order="1" />
    <link:labelArc xlink:type="arc" xlink:from="tse-acediffr-60800_ShareAcquisitionRightsIFRS" xlink:to="tse-acediffr-60800_ShareAcquisitionRightsIFRS_label" xlink:arcrole="http://www.xbrl.org/2003/arcrole/concept-label" order="1" />
    <link:labelArc xlink:type="arc" xlink:from="tse-acediffr-60800_ShareAcquisitionRightsIFRS" xlink:to="tse-acediffr-60800_ShareAcquisitionRightsIFRS_label_1" xlink:arcrole="http://www.xbrl.org/2003/arcrole/concept-label" order="1" />
  </link:labelLink>
</link:linkbase>