﻿<?xml version="1.0" encoding="utf-8"?>
<!-- XBRL Document Created with WizLabo Platform -->
<link:linkbase xmlns:xlink="http://www.w3.org/1999/xlink" xmlns:xsi="http://www.w3.org/2001/XMLSchema-instance" xmlns:link="http://www.xbrl.org/2003/linkbase">
  <link:roleRef xlink:type="simple" xlink:href="http://disclosure.edinet-fsa.go.jp/taxonomy/jpigp/2024-11-01/jpigp_rt_2024-11-01.xsd#rol_ConsolidatedStatementOfCashFlowsIFRS" roleURI="http://disclosure.edinet-fsa.go.jp/role/jpigp/rol_ConsolidatedStatementOfCashFlowsIFRS" />
  <link:roleRef xlink:type="simple" xlink:href="http://disclosure.edinet-fsa.go.jp/taxonomy/jpigp/2024-11-01/jpigp_rt_2024-11-01.xsd#rol_ConsolidatedStatementOfChangesInEquityIFRS" roleURI="http://disclosure.edinet-fsa.go.jp/role/jpigp/rol_ConsolidatedStatementOfChangesInEquityIFRS" />
  <link:roleRef xlink:type="simple" xlink:href="http://disclosure.edinet-fsa.go.jp/taxonomy/jpigp/2024-11-01/jpigp_rt_2024-11-01.xsd#rol_ConsolidatedStatementOfComprehensiveIncomeIFRS" roleURI="http://disclosure.edinet-fsa.go.jp/role/jpigp/rol_ConsolidatedStatementOfComprehensiveIncomeIFRS" />
  <link:roleRef xlink:type="simple" xlink:href="http://disclosure.edinet-fsa.go.jp/taxonomy/jpigp/2024-11-01/jpigp_rt_2024-11-01.xsd#rol_ConsolidatedStatementOfFinancialPositionIFRS" roleURI="http://disclosure.edinet-fsa.go.jp/role/jpigp/rol_ConsolidatedStatementOfFinancialPositionIFRS" />
  <link:roleRef xlink:type="simple" xlink:href="http://disclosure.edinet-fsa.go.jp/taxonomy/jpigp/2024-11-01/jpigp_rt_2024-11-01.xsd#rol_ConsolidatedStatementOfProfitOrLossIFRS" roleURI="http://disclosure.edinet-fsa.go.jp/role/jpigp/rol_ConsolidatedStatementOfProfitOrLossIFRS" />
  <link:roleRef xlink:type="simple" xlink:href="http://disclosure.edinet-fsa.go.jp/taxonomy/jpigp/2024-11-01/jpigp_rt_2024-11-01.xsd#rol_NotesSegmentInformationConsolidatedFinancialStatementsIFRS-01" roleURI="http://disclosure.edinet-fsa.go.jp/role/jpigp/rol_NotesSegmentInformationConsolidatedFinancialStatementsIFRS-01" />
  <link:roleRef xlink:type="simple" xlink:href="http://www.xbrl.tdnet.info/taxonomy/jp/tse/tdnet/at/o/rt/2014-01-12/tse-at-rt-2014-01-12.xsd#RoleAttachedDocument" roleURI="http://www.xbrl.tdnet.info/jp/tse/tdnet/role/RoleAttachedDocument" />
  <link:presentationLink xlink:type="extended" xlink:role="http://www.xbrl.tdnet.info/jp/tse/tdnet/role/RoleAttachedDocument">
    <link:loc xlink:type="locator" xlink:href="http://disclosure.edinet-fsa.go.jp/taxonomy/jpigp/2024-11-01/jpigp_cor_2024-11-01.xsd#jpigp_cor_ConsolidatedFinancialStatementIFRSHeading" xlink:label="jpigp_cor_ConsolidatedFinancialStatementIFRSHeading" />
    <link:loc xlink:type="locator" xlink:href="http://disclosure.edinet-fsa.go.jp/taxonomy/jpigp/2024-11-01/jpigp_cor_2024-11-01.xsd#jpigp_cor_ConsolidatedStatementOfCashFlowsIFRSHeading" xlink:label="jpigp_cor_ConsolidatedStatementOfCashFlowsIFRSHeading" />
    <link:loc xlink:type="locator" xlink:href="http://disclosure.edinet-fsa.go.jp/taxonomy/jpigp/2024-11-01/jpigp_cor_2024-11-01.xsd#jpigp_cor_ConsolidatedStatementOfCashFlowsIFRSTextBlock" xlink:label="jpigp_cor_ConsolidatedStatementOfCashFlowsIFRSTextBlock" />
    <link:loc xlink:type="locator" xlink:href="http://disclosure.edinet-fsa.go.jp/taxonomy/jpigp/2024-11-01/jpigp_cor_2024-11-01.xsd#jpigp_cor_ConsolidatedStatementOfChangesInEquityIFRSHeading" xlink:label="jpigp_cor_ConsolidatedStatementOfChangesInEquityIFRSHeading" />
    <link:loc xlink:type="locator" xlink:href="http://disclosure.edinet-fsa.go.jp/taxonomy/jpigp/2024-11-01/jpigp_cor_2024-11-01.xsd#jpigp_cor_ConsolidatedStatementOfChangesInEquityIFRSTextBlock" xlink:label="jpigp_cor_ConsolidatedStatementOfChangesInEquityIFRSTextBlock" />
    <link:loc xlink:type="locator" xlink:href="http://disclosure.edinet-fsa.go.jp/taxonomy/jpigp/2024-11-01/jpigp_cor_2024-11-01.xsd#jpigp_cor_ConsolidatedStatementOfComprehensiveIncomeIFRSHeading" xlink:label="jpigp_cor_ConsolidatedStatementOfComprehensiveIncomeIFRSHeading" />
    <link:loc xlink:type="locator" xlink:href="http://disclosure.edinet-fsa.go.jp/taxonomy/jpigp/2024-11-01/jpigp_cor_2024-11-01.xsd#jpigp_cor_ConsolidatedStatementOfComprehensiveIncomeIFRSTextBlock" xlink:label="jpigp_cor_ConsolidatedStatementOfComprehensiveIncomeIFRSTextBlock" />
    <link:loc xlink:type="locator" xlink:href="http://disclosure.edinet-fsa.go.jp/taxonomy/jpigp/2024-11-01/jpigp_cor_2024-11-01.xsd#jpigp_cor_ConsolidatedStatementOfFinancialPositionIFRSHeading" xlink:label="jpigp_cor_ConsolidatedStatementOfFinancialPositionIFRSHeading" />
    <link:loc xlink:type="locator" xlink:href="http://disclosure.edinet-fsa.go.jp/taxonomy/jpigp/2024-11-01/jpigp_cor_2024-11-01.xsd#jpigp_cor_ConsolidatedStatementOfFinancialPositionIFRSTextBlock" xlink:label="jpigp_cor_ConsolidatedStatementOfFinancialPositionIFRSTextBlock" />
    <link:loc xlink:type="locator" xlink:href="http://disclosure.edinet-fsa.go.jp/taxonomy/jpigp/2024-11-01/jpigp_cor_2024-11-01.xsd#jpigp_cor_ConsolidatedStatementOfProfitOrLossAndConsolidatedStatementOfComprehensiveIncomeIFRSHeading" xlink:label="jpigp_cor_ConsolidatedStatementOfProfitOrLossAndConsolidatedStatementOfComprehensiveIncomeIFRSHeading" />
    <link:loc xlink:type="locator" xlink:href="http://disclosure.edinet-fsa.go.jp/taxonomy/jpigp/2024-11-01/jpigp_cor_2024-11-01.xsd#jpigp_cor_ConsolidatedStatementOfProfitOrLossIFRSHeading" xlink:label="jpigp_cor_ConsolidatedStatementOfProfitOrLossIFRSHeading" />
    <link:loc xlink:type="locator" xlink:href="http://disclosure.edinet-fsa.go.jp/taxonomy/jpigp/2024-11-01/jpigp_cor_2024-11-01.xsd#jpigp_cor_ConsolidatedStatementOfProfitOrLossIFRSTextBlock" xlink:label="jpigp_cor_ConsolidatedStatementOfProfitOrLossIFRSTextBlock" />
    <link:loc xlink:type="locator" xlink:href="http://disclosure.edinet-fsa.go.jp/taxonomy/jpigp/2024-11-01/jpigp_cor_2024-11-01.xsd#jpigp_cor_NotesSegmentInformationConsolidatedFinancialStatementsIFRSHeading" xlink:label="jpigp_cor_NotesSegmentInformationConsolidatedFinancialStatementsIFRSHeading" />
    <link:loc xlink:type="locator" xlink:href="http://disclosure.edinet-fsa.go.jp/taxonomy/jpigp/2024-11-01/jpigp_cor_2024-11-01.xsd#jpigp_cor_NotesSegmentInformationConsolidatedFinancialStatementsIFRSTextBlock" xlink:label="jpigp_cor_NotesSegmentInformationConsolidatedFinancialStatementsIFRSTextBlock" />
    <link:loc xlink:type="locator" xlink:href="http://disclosure.edinet-fsa.go.jp/taxonomy/jpigp/2024-11-01/jpigp_cor_2024-11-01.xsd#jpigp_cor_NotesToConsolidatedFinancialStatementsIFRSHeading" xlink:label="jpigp_cor_NotesToConsolidatedFinancialStatementsIFRSHeading" />
    <link:loc xlink:type="locator" xlink:href="http://www.xbrl.tdnet.info/taxonomy/jp/tse/tdnet/at/t/2014-01-12/tse-at-t-2014-01-12.xsd#tse-at-t_AttachedDocumentHeading" xlink:label="tse-at-t_AttachedDocumentHeading" />
    <link:presentationArc xlink:type="arc" xlink:from="jpigp_cor_ConsolidatedFinancialStatementIFRSHeading" xlink:to="jpigp_cor_ConsolidatedStatementOfFinancialPositionIFRSHeading" xlink:arcrole="http://www.xbrl.org/2003/arcrole/parent-child" order="1" />
    <link:presentationArc xlink:type="arc" xlink:from="jpigp_cor_ConsolidatedFinancialStatementIFRSHeading" xlink:to="jpigp_cor_ConsolidatedStatementOfProfitOrLossAndConsolidatedStatementOfComprehensiveIncomeIFRSHeading" xlink:arcrole="http://www.xbrl.org/2003/arcrole/parent-child" order="2" />
    <link:presentationArc xlink:type="arc" xlink:from="jpigp_cor_ConsolidatedFinancialStatementIFRSHeading" xlink:to="jpigp_cor_ConsolidatedStatementOfChangesInEquityIFRSHeading" xlink:arcrole="http://www.xbrl.org/2003/arcrole/parent-child" order="3" />
    <link:presentationArc xlink:type="arc" xlink:from="jpigp_cor_ConsolidatedFinancialStatementIFRSHeading" xlink:to="jpigp_cor_ConsolidatedStatementOfCashFlowsIFRSHeading" xlink:arcrole="http://www.xbrl.org/2003/arcrole/parent-child" order="4" />
    <link:presentationArc xlink:type="arc" xlink:from="jpigp_cor_ConsolidatedFinancialStatementIFRSHeading" xlink:to="jpigp_cor_NotesToConsolidatedFinancialStatementsIFRSHeading" xlink:arcrole="http://www.xbrl.org/2003/arcrole/parent-child" order="5" />
    <link:presentationArc xlink:type="arc" xlink:from="jpigp_cor_ConsolidatedStatementOfCashFlowsIFRSHeading" xlink:to="jpigp_cor_ConsolidatedStatementOfCashFlowsIFRSTextBlock" xlink:arcrole="http://www.xbrl.org/2003/arcrole/parent-child" order="1" />
    <link:presentationArc xlink:type="arc" xlink:from="jpigp_cor_ConsolidatedStatementOfChangesInEquityIFRSHeading" xlink:to="jpigp_cor_ConsolidatedStatementOfChangesInEquityIFRSTextBlock" xlink:arcrole="http://www.xbrl.org/2003/arcrole/parent-child" order="1" />
    <link:presentationArc xlink:type="arc" xlink:from="jpigp_cor_ConsolidatedStatementOfComprehensiveIncomeIFRSHeading" xlink:to="jpigp_cor_ConsolidatedStatementOfComprehensiveIncomeIFRSTextBlock" xlink:arcrole="http://www.xbrl.org/2003/arcrole/parent-child" order="1" />
    <link:presentationArc xlink:type="arc" xlink:from="jpigp_cor_ConsolidatedStatementOfFinancialPositionIFRSHeading" xlink:to="jpigp_cor_ConsolidatedStatementOfFinancialPositionIFRSTextBlock" xlink:arcrole="http://www.xbrl.org/2003/arcrole/parent-child" order="1" />
    <link:presentationArc xlink:type="arc" xlink:from="jpigp_cor_ConsolidatedStatementOfProfitOrLossAndConsolidatedStatementOfComprehensiveIncomeIFRSHeading" xlink:to="jpigp_cor_ConsolidatedStatementOfProfitOrLossIFRSHeading" xlink:arcrole="http://www.xbrl.org/2003/arcrole/parent-child" order="1" />
    <link:presentationArc xlink:type="arc" xlink:from="jpigp_cor_ConsolidatedStatementOfProfitOrLossAndConsolidatedStatementOfComprehensiveIncomeIFRSHeading" xlink:to="jpigp_cor_ConsolidatedStatementOfComprehensiveIncomeIFRSHeading" xlink:arcrole="http://www.xbrl.org/2003/arcrole/parent-child" order="2" />
    <link:presentationArc xlink:type="arc" xlink:from="jpigp_cor_ConsolidatedStatementOfProfitOrLossIFRSHeading" xlink:to="jpigp_cor_ConsolidatedStatementOfProfitOrLossIFRSTextBlock" xlink:arcrole="http://www.xbrl.org/2003/arcrole/parent-child" order="1" />
    <link:presentationArc xlink:type="arc" xlink:from="jpigp_cor_NotesToConsolidatedFinancialStatementsIFRSHeading" xlink:to="jpigp_cor_NotesSegmentInformationConsolidatedFinancialStatementsIFRSHeading" xlink:arcrole="http://www.xbrl.org/2003/arcrole/parent-child" order="1" />
    <link:presentationArc xlink:type="arc" xlink:from="jpigp_cor_NotesSegmentInformationConsolidatedFinancialStatementsIFRSHeading" xlink:to="jpigp_cor_NotesSegmentInformationConsolidatedFinancialStatementsIFRSTextBlock" xlink:arcrole="http://www.xbrl.org/2003/arcrole/parent-child" order="1" />
    <link:presentationArc xlink:type="arc" xlink:from="tse-at-t_AttachedDocumentHeading" xlink:to="jpigp_cor_ConsolidatedFinancialStatementIFRSHeading" xlink:arcrole="http://www.xbrl.org/2003/arcrole/parent-child" order="1" />
  </link:presentationLink>
  <link:presentationLink xlink:type="extended" xlink:role="http://disclosure.edinet-fsa.go.jp/role/jpigp/rol_ConsolidatedStatementOfFinancialPositionIFRS">
    <link:loc xlink:type="locator" xlink:href="http://disclosure.edinet-fsa.go.jp/taxonomy/jpigp/2024-11-01/jpigp_cor_2024-11-01.xsd#jpigp_cor_AssetsIFRS" xlink:label="jpigp_cor_AssetsIFRS" />
    <link:loc xlink:type="locator" xlink:href="http://disclosure.edinet-fsa.go.jp/taxonomy/jpigp/2024-11-01/jpigp_cor_2024-11-01.xsd#jpigp_cor_AssetsIFRSAbstract" xlink:label="jpigp_cor_AssetsIFRSAbstract" />
    <link:loc xlink:type="locator" xlink:href="http://disclosure.edinet-fsa.go.jp/taxonomy/jpigp/2024-11-01/jpigp_cor_2024-11-01.xsd#jpigp_cor_CapitalSurplusIFRS" xlink:label="jpigp_cor_CapitalSurplusIFRS" />
    <link:loc xlink:type="locator" xlink:href="http://disclosure.edinet-fsa.go.jp/taxonomy/jpigp/2024-11-01/jpigp_cor_2024-11-01.xsd#jpigp_cor_CashAndCashEquivalentsIFRS" xlink:label="jpigp_cor_CashAndCashEquivalentsIFRS" />
    <link:loc xlink:type="locator" xlink:href="http://disclosure.edinet-fsa.go.jp/taxonomy/jpigp/2024-11-01/jpigp_cor_2024-11-01.xsd#jpigp_cor_ConsolidatedStatementOfFinancialPositionIFRSHeading" xlink:label="jpigp_cor_ConsolidatedStatementOfFinancialPositionIFRSHeading" />
    <link:loc xlink:type="locator" xlink:href="http://disclosure.edinet-fsa.go.jp/taxonomy/jpigp/2024-11-01/jpigp_cor_2024-11-01.xsd#jpigp_cor_ContractLiabilitiesCLIFRS" xlink:label="jpigp_cor_ContractLiabilitiesCLIFRS" />
    <link:loc xlink:type="locator" xlink:href="http://disclosure.edinet-fsa.go.jp/taxonomy/jpigp/2024-11-01/jpigp_cor_2024-11-01.xsd#jpigp_cor_CurrentAssetsIFRS" xlink:label="jpigp_cor_CurrentAssetsIFRS" />
    <link:loc xlink:type="locator" xlink:href="http://disclosure.edinet-fsa.go.jp/taxonomy/jpigp/2024-11-01/jpigp_cor_2024-11-01.xsd#jpigp_cor_CurrentAssetsIFRSAbstract" xlink:label="jpigp_cor_CurrentAssetsIFRSAbstract" />
    <link:loc xlink:type="locator" xlink:href="http://disclosure.edinet-fsa.go.jp/taxonomy/jpigp/2024-11-01/jpigp_cor_2024-11-01.xsd#jpigp_cor_CurrentLiabilitiesIFRSAbstract" xlink:label="jpigp_cor_CurrentLiabilitiesIFRSAbstract" />
    <link:loc xlink:type="locator" xlink:href="http://disclosure.edinet-fsa.go.jp/taxonomy/jpigp/2024-11-01/jpigp_cor_2024-11-01.xsd#jpigp_cor_DeferredTaxAssetsIFRS" xlink:label="jpigp_cor_DeferredTaxAssetsIFRS" />
    <link:loc xlink:type="locator" xlink:href="http://disclosure.edinet-fsa.go.jp/taxonomy/jpigp/2024-11-01/jpigp_cor_2024-11-01.xsd#jpigp_cor_DeferredTaxLiabilitiesIFRS" xlink:label="jpigp_cor_DeferredTaxLiabilitiesIFRS" />
    <link:loc xlink:type="locator" xlink:href="http://disclosure.edinet-fsa.go.jp/taxonomy/jpigp/2024-11-01/jpigp_cor_2024-11-01.xsd#jpigp_cor_EquityAttributableToOwnersOfParentIFRS" xlink:label="jpigp_cor_EquityAttributableToOwnersOfParentIFRS" />
    <link:loc xlink:type="locator" xlink:href="http://disclosure.edinet-fsa.go.jp/taxonomy/jpigp/2024-11-01/jpigp_cor_2024-11-01.xsd#jpigp_cor_EquityIFRS" xlink:label="jpigp_cor_EquityIFRS" />
    <link:loc xlink:type="locator" xlink:href="http://disclosure.edinet-fsa.go.jp/taxonomy/jpigp/2024-11-01/jpigp_cor_2024-11-01.xsd#jpigp_cor_EquityIFRSAbstract" xlink:label="jpigp_cor_EquityIFRSAbstract" />
    <link:loc xlink:type="locator" xlink:href="http://disclosure.edinet-fsa.go.jp/taxonomy/jpigp/2024-11-01/jpigp_cor_2024-11-01.xsd#jpigp_cor_IncomeTaxesPayableCLIFRS" xlink:label="jpigp_cor_IncomeTaxesPayableCLIFRS" />
    <link:loc xlink:type="locator" xlink:href="http://disclosure.edinet-fsa.go.jp/taxonomy/jpigp/2024-11-01/jpigp_cor_2024-11-01.xsd#jpigp_cor_IncomeTaxesReceivableCAIFRS" xlink:label="jpigp_cor_IncomeTaxesReceivableCAIFRS" />
    <link:loc xlink:type="locator" xlink:href="http://disclosure.edinet-fsa.go.jp/taxonomy/jpigp/2024-11-01/jpigp_cor_2024-11-01.xsd#jpigp_cor_IntangibleAssetsIFRS" xlink:label="jpigp_cor_IntangibleAssetsIFRS" />
    <link:loc xlink:type="locator" xlink:href="http://disclosure.edinet-fsa.go.jp/taxonomy/jpigp/2024-11-01/jpigp_cor_2024-11-01.xsd#jpigp_cor_LeaseLiabilitiesCLIFRS" xlink:label="jpigp_cor_LeaseLiabilitiesCLIFRS" />
    <link:loc xlink:type="locator" xlink:href="http://disclosure.edinet-fsa.go.jp/taxonomy/jpigp/2024-11-01/jpigp_cor_2024-11-01.xsd#jpigp_cor_LeaseLiabilitiesNCLIFRS" xlink:label="jpigp_cor_LeaseLiabilitiesNCLIFRS" />
    <link:loc xlink:type="locator" xlink:href="http://disclosure.edinet-fsa.go.jp/taxonomy/jpigp/2024-11-01/jpigp_cor_2024-11-01.xsd#jpigp_cor_LiabilitiesAndEquityIFRS" xlink:label="jpigp_cor_LiabilitiesAndEquityIFRS" />
    <link:loc xlink:type="locator" xlink:href="http://disclosure.edinet-fsa.go.jp/taxonomy/jpigp/2024-11-01/jpigp_cor_2024-11-01.xsd#jpigp_cor_LiabilitiesAndEquityIFRSAbstract" xlink:label="jpigp_cor_LiabilitiesAndEquityIFRSAbstract" />
    <link:loc xlink:type="locator" xlink:href="http://disclosure.edinet-fsa.go.jp/taxonomy/jpigp/2024-11-01/jpigp_cor_2024-11-01.xsd#jpigp_cor_LiabilitiesIFRS" xlink:label="jpigp_cor_LiabilitiesIFRS" />
    <link:loc xlink:type="locator" xlink:href="http://disclosure.edinet-fsa.go.jp/taxonomy/jpigp/2024-11-01/jpigp_cor_2024-11-01.xsd#jpigp_cor_LiabilitiesIFRSAbstract" xlink:label="jpigp_cor_LiabilitiesIFRSAbstract" />
    <link:loc xlink:type="locator" xlink:href="http://disclosure.edinet-fsa.go.jp/taxonomy/jpigp/2024-11-01/jpigp_cor_2024-11-01.xsd#jpigp_cor_NonCurrentAssetsIFRS" xlink:label="jpigp_cor_NonCurrentAssetsIFRS" />
    <link:loc xlink:type="locator" xlink:href="http://disclosure.edinet-fsa.go.jp/taxonomy/jpigp/2024-11-01/jpigp_cor_2024-11-01.xsd#jpigp_cor_NonCurrentAssetsIFRSAbstract" xlink:label="jpigp_cor_NonCurrentAssetsIFRSAbstract" />
    <link:loc xlink:type="locator" xlink:href="http://disclosure.edinet-fsa.go.jp/taxonomy/jpigp/2024-11-01/jpigp_cor_2024-11-01.xsd#jpigp_cor_NonCurrentLabilitiesIFRS" xlink:label="jpigp_cor_NonCurrentLabilitiesIFRS" />
    <link:loc xlink:type="locator" xlink:href="http://disclosure.edinet-fsa.go.jp/taxonomy/jpigp/2024-11-01/jpigp_cor_2024-11-01.xsd#jpigp_cor_NonCurrentLiabilitiesIFRSAbstract" xlink:label="jpigp_cor_NonCurrentLiabilitiesIFRSAbstract" />
    <link:loc xlink:type="locator" xlink:href="http://disclosure.edinet-fsa.go.jp/taxonomy/jpigp/2024-11-01/jpigp_cor_2024-11-01.xsd#jpigp_cor_OtherComponentsOfEquityIFRS" xlink:label="jpigp_cor_OtherComponentsOfEquityIFRS" />
    <link:loc xlink:type="locator" xlink:href="http://disclosure.edinet-fsa.go.jp/taxonomy/jpigp/2024-11-01/jpigp_cor_2024-11-01.xsd#jpigp_cor_OtherCurrentAssetsCAIFRS" xlink:label="jpigp_cor_OtherCurrentAssetsCAIFRS" />
    <link:loc xlink:type="locator" xlink:href="http://disclosure.edinet-fsa.go.jp/taxonomy/jpigp/2024-11-01/jpigp_cor_2024-11-01.xsd#jpigp_cor_OtherCurrentLiabilitiesCLIFRS" xlink:label="jpigp_cor_OtherCurrentLiabilitiesCLIFRS" />
    <link:loc xlink:type="locator" xlink:href="http://disclosure.edinet-fsa.go.jp/taxonomy/jpigp/2024-11-01/jpigp_cor_2024-11-01.xsd#jpigp_cor_OtherFinancialAssetsCAIFRS" xlink:label="jpigp_cor_OtherFinancialAssetsCAIFRS" />
    <link:loc xlink:type="locator" xlink:href="http://disclosure.edinet-fsa.go.jp/taxonomy/jpigp/2024-11-01/jpigp_cor_2024-11-01.xsd#jpigp_cor_OtherFinancialAssetsNCAIFRS" xlink:label="jpigp_cor_OtherFinancialAssetsNCAIFRS" />
    <link:loc xlink:type="locator" xlink:href="http://disclosure.edinet-fsa.go.jp/taxonomy/jpigp/2024-11-01/jpigp_cor_2024-11-01.xsd#jpigp_cor_OtherFinancialLiabilitiesNCLIFRS" xlink:label="jpigp_cor_OtherFinancialLiabilitiesNCLIFRS" />
    <link:loc xlink:type="locator" xlink:href="http://disclosure.edinet-fsa.go.jp/taxonomy/jpigp/2024-11-01/jpigp_cor_2024-11-01.xsd#jpigp_cor_OtherNonCurrentAssetsNCAIFRS" xlink:label="jpigp_cor_OtherNonCurrentAssetsNCAIFRS" />
    <link:loc xlink:type="locator" xlink:href="http://disclosure.edinet-fsa.go.jp/taxonomy/jpigp/2024-11-01/jpigp_cor_2024-11-01.xsd#jpigp_cor_OtherNonCurrentLiabilitiesNCLIFRS" xlink:label="jpigp_cor_OtherNonCurrentLiabilitiesNCLIFRS" />
    <link:loc xlink:type="locator" xlink:href="http://disclosure.edinet-fsa.go.jp/taxonomy/jpigp/2024-11-01/jpigp_cor_2024-11-01.xsd#jpigp_cor_PropertyPlantAndEquipmentIFRS" xlink:label="jpigp_cor_PropertyPlantAndEquipmentIFRS" />
    <link:loc xlink:type="locator" xlink:href="http://disclosure.edinet-fsa.go.jp/taxonomy/jpigp/2024-11-01/jpigp_cor_2024-11-01.xsd#jpigp_cor_ProvisionsCLIFRS" xlink:label="jpigp_cor_ProvisionsCLIFRS" />
    <link:loc xlink:type="locator" xlink:href="http://disclosure.edinet-fsa.go.jp/taxonomy/jpigp/2024-11-01/jpigp_cor_2024-11-01.xsd#jpigp_cor_ProvisionsNCLIFRS" xlink:label="jpigp_cor_ProvisionsNCLIFRS" />
    <link:loc xlink:type="locator" xlink:href="http://disclosure.edinet-fsa.go.jp/taxonomy/jpigp/2024-11-01/jpigp_cor_2024-11-01.xsd#jpigp_cor_RetainedEarningsIFRS" xlink:label="jpigp_cor_RetainedEarningsIFRS" />
    <link:loc xlink:type="locator" xlink:href="http://disclosure.edinet-fsa.go.jp/taxonomy/jpigp/2024-11-01/jpigp_cor_2024-11-01.xsd#jpigp_cor_RetirementBenefitLiabilityNCLIFRS" xlink:label="jpigp_cor_RetirementBenefitLiabilityNCLIFRS" />
    <link:loc xlink:type="locator" xlink:href="http://disclosure.edinet-fsa.go.jp/taxonomy/jpigp/2024-11-01/jpigp_cor_2024-11-01.xsd#jpigp_cor_RightOfUseAssetsIFRS" xlink:label="jpigp_cor_RightOfUseAssetsIFRS" />
    <link:loc xlink:type="locator" xlink:href="http://disclosure.edinet-fsa.go.jp/taxonomy/jpigp/2024-11-01/jpigp_cor_2024-11-01.xsd#jpigp_cor_ShareCapitalIFRS" xlink:label="jpigp_cor_ShareCapitalIFRS" />
    <link:loc xlink:type="locator" xlink:href="http://disclosure.edinet-fsa.go.jp/taxonomy/jpigp/2024-11-01/jpigp_cor_2024-11-01.xsd#jpigp_cor_StatementOfFinancialPositionIFRSLineItems" xlink:label="jpigp_cor_StatementOfFinancialPositionIFRSLineItems" />
    <link:loc xlink:type="locator" xlink:href="http://disclosure.edinet-fsa.go.jp/taxonomy/jpigp/2024-11-01/jpigp_cor_2024-11-01.xsd#jpigp_cor_StatementOfFinancialPositionIFRSTable" xlink:label="jpigp_cor_StatementOfFinancialPositionIFRSTable" />
    <link:loc xlink:type="locator" xlink:href="http://disclosure.edinet-fsa.go.jp/taxonomy/jpigp/2024-11-01/jpigp_cor_2024-11-01.xsd#jpigp_cor_TimeDepositsCAIFRS" xlink:label="jpigp_cor_TimeDepositsCAIFRS" />
    <link:loc xlink:type="locator" xlink:href="http://disclosure.edinet-fsa.go.jp/taxonomy/jpigp/2024-11-01/jpigp_cor_2024-11-01.xsd#jpigp_cor_TotalCurrentLiabilitiesIFRS" xlink:label="jpigp_cor_TotalCurrentLiabilitiesIFRS" />
    <link:loc xlink:type="locator" xlink:href="http://disclosure.edinet-fsa.go.jp/taxonomy/jpigp/2024-11-01/jpigp_cor_2024-11-01.xsd#jpigp_cor_TradeAndOtherPayablesCLIFRS" xlink:label="jpigp_cor_TradeAndOtherPayablesCLIFRS" />
    <link:loc xlink:type="locator" xlink:href="http://disclosure.edinet-fsa.go.jp/taxonomy/jpigp/2024-11-01/jpigp_cor_2024-11-01.xsd#jpigp_cor_TradeAndOtherReceivablesCAIFRS" xlink:label="jpigp_cor_TradeAndOtherReceivablesCAIFRS" />
    <link:loc xlink:type="locator" xlink:href="http://disclosure.edinet-fsa.go.jp/taxonomy/jpigp/2024-11-01/jpigp_cor_2024-11-01.xsd#jpigp_cor_TreasurySharesIFRS" xlink:label="jpigp_cor_TreasurySharesIFRS" />
    <link:loc xlink:type="locator" xlink:href="http://disclosure.edinet-fsa.go.jp/taxonomy/jppfs/2024-11-01/jppfs_cor_2024-11-01.xsd#jppfs_cor_ConsolidatedMember" xlink:label="jppfs_cor_ConsolidatedMember" />
    <link:loc xlink:type="locator" xlink:href="http://disclosure.edinet-fsa.go.jp/taxonomy/jppfs/2024-11-01/jppfs_cor_2024-11-01.xsd#jppfs_cor_ConsolidatedOrNonConsolidatedAxis" xlink:label="jppfs_cor_ConsolidatedOrNonConsolidatedAxis" />
    <link:loc xlink:type="locator" xlink:href="tse-acediffr-60800-2025-09-30-01-2025-12-24.xsd#tse-acediffr-60800_ShareAcquisitionRightsIFRS" xlink:label="tse-acediffr-60800_ShareAcquisitionRightsIFRS" />
    <link:presentationArc xlink:type="arc" xlink:from="jpigp_cor_AssetsIFRSAbstract" xlink:to="jpigp_cor_CurrentAssetsIFRSAbstract" xlink:arcrole="http://www.xbrl.org/2003/arcrole/parent-child" order="1" />
    <link:presentationArc xlink:type="arc" xlink:from="jpigp_cor_AssetsIFRSAbstract" xlink:to="jpigp_cor_NonCurrentAssetsIFRSAbstract" xlink:arcrole="http://www.xbrl.org/2003/arcrole/parent-child" order="2" />
    <link:presentationArc xlink:type="arc" xlink:from="jpigp_cor_AssetsIFRSAbstract" xlink:to="jpigp_cor_AssetsIFRS" xlink:arcrole="http://www.xbrl.org/2003/arcrole/parent-child" preferredLabel="http://www.xbrl.org/2003/role/totalLabel" order="3" />
    <link:presentationArc xlink:type="arc" xlink:from="jpigp_cor_ConsolidatedStatementOfFinancialPositionIFRSHeading" xlink:to="jpigp_cor_StatementOfFinancialPositionIFRSTable" xlink:arcrole="http://www.xbrl.org/2003/arcrole/parent-child" preferredLabel="http://disclosure.edinet-fsa.go.jp/jppfs/Consolidated/role/label" order="1" />
    <link:presentationArc xlink:type="arc" xlink:from="jpigp_cor_ConsolidatedStatementOfFinancialPositionIFRSHeading" xlink:to="jpigp_cor_StatementOfFinancialPositionIFRSLineItems" xlink:arcrole="http://www.xbrl.org/2003/arcrole/parent-child" preferredLabel="http://disclosure.edinet-fsa.go.jp/jppfs/Consolidated/role/label" order="2" />
    <link:presentationArc xlink:type="arc" xlink:from="jpigp_cor_CurrentAssetsIFRSAbstract" xlink:to="jpigp_cor_CashAndCashEquivalentsIFRS" xlink:arcrole="http://www.xbrl.org/2003/arcrole/parent-child" order="1" />
    <link:presentationArc xlink:type="arc" xlink:from="jpigp_cor_CurrentAssetsIFRSAbstract" xlink:to="jpigp_cor_TimeDepositsCAIFRS" xlink:arcrole="http://www.xbrl.org/2003/arcrole/parent-child" order="2" />
    <link:presentationArc xlink:type="arc" xlink:from="jpigp_cor_CurrentAssetsIFRSAbstract" xlink:to="jpigp_cor_TradeAndOtherReceivablesCAIFRS" xlink:arcrole="http://www.xbrl.org/2003/arcrole/parent-child" order="3" />
    <link:presentationArc xlink:type="arc" xlink:from="jpigp_cor_CurrentAssetsIFRSAbstract" xlink:to="jpigp_cor_IncomeTaxesReceivableCAIFRS" xlink:arcrole="http://www.xbrl.org/2003/arcrole/parent-child" order="4" />
    <link:presentationArc xlink:type="arc" xlink:from="jpigp_cor_CurrentAssetsIFRSAbstract" xlink:to="jpigp_cor_OtherFinancialAssetsCAIFRS" xlink:arcrole="http://www.xbrl.org/2003/arcrole/parent-child" order="5" />
    <link:presentationArc xlink:type="arc" xlink:from="jpigp_cor_CurrentAssetsIFRSAbstract" xlink:to="jpigp_cor_OtherCurrentAssetsCAIFRS" xlink:arcrole="http://www.xbrl.org/2003/arcrole/parent-child" order="6" />
    <link:presentationArc xlink:type="arc" xlink:from="jpigp_cor_CurrentAssetsIFRSAbstract" xlink:to="jpigp_cor_CurrentAssetsIFRS" xlink:arcrole="http://www.xbrl.org/2003/arcrole/parent-child" preferredLabel="http://www.xbrl.org/2003/role/totalLabel" order="7" />
    <link:presentationArc xlink:type="arc" xlink:from="jpigp_cor_CurrentLiabilitiesIFRSAbstract" xlink:to="jpigp_cor_ContractLiabilitiesCLIFRS" xlink:arcrole="http://www.xbrl.org/2003/arcrole/parent-child" order="1" />
    <link:presentationArc xlink:type="arc" xlink:from="jpigp_cor_CurrentLiabilitiesIFRSAbstract" xlink:to="jpigp_cor_TradeAndOtherPayablesCLIFRS" xlink:arcrole="http://www.xbrl.org/2003/arcrole/parent-child" order="2" />
    <link:presentationArc xlink:type="arc" xlink:from="jpigp_cor_CurrentLiabilitiesIFRSAbstract" xlink:to="jpigp_cor_LeaseLiabilitiesCLIFRS" xlink:arcrole="http://www.xbrl.org/2003/arcrole/parent-child" order="3" />
    <link:presentationArc xlink:type="arc" xlink:from="jpigp_cor_CurrentLiabilitiesIFRSAbstract" xlink:to="jpigp_cor_IncomeTaxesPayableCLIFRS" xlink:arcrole="http://www.xbrl.org/2003/arcrole/parent-child" order="4" />
    <link:presentationArc xlink:type="arc" xlink:from="jpigp_cor_CurrentLiabilitiesIFRSAbstract" xlink:to="jpigp_cor_ProvisionsCLIFRS" xlink:arcrole="http://www.xbrl.org/2003/arcrole/parent-child" order="5" />
    <link:presentationArc xlink:type="arc" xlink:from="jpigp_cor_CurrentLiabilitiesIFRSAbstract" xlink:to="jpigp_cor_OtherCurrentLiabilitiesCLIFRS" xlink:arcrole="http://www.xbrl.org/2003/arcrole/parent-child" order="6" />
    <link:presentationArc xlink:type="arc" xlink:from="jpigp_cor_CurrentLiabilitiesIFRSAbstract" xlink:to="jpigp_cor_TotalCurrentLiabilitiesIFRS" xlink:arcrole="http://www.xbrl.org/2003/arcrole/parent-child" preferredLabel="http://www.xbrl.org/2003/role/totalLabel" order="7" />
    <link:presentationArc xlink:type="arc" xlink:from="jpigp_cor_LiabilitiesAndEquityIFRSAbstract" xlink:to="jpigp_cor_EquityIFRSAbstract" xlink:arcrole="http://www.xbrl.org/2003/arcrole/parent-child" order="2" />
    <link:presentationArc xlink:type="arc" xlink:from="jpigp_cor_EquityIFRSAbstract" xlink:to="jpigp_cor_ShareCapitalIFRS" xlink:arcrole="http://www.xbrl.org/2003/arcrole/parent-child" order="1" />
    <link:presentationArc xlink:type="arc" xlink:from="jpigp_cor_EquityIFRSAbstract" xlink:to="jpigp_cor_CapitalSurplusIFRS" xlink:arcrole="http://www.xbrl.org/2003/arcrole/parent-child" order="2" />
    <link:presentationArc xlink:type="arc" xlink:from="jpigp_cor_EquityIFRSAbstract" xlink:to="jpigp_cor_RetainedEarningsIFRS" xlink:arcrole="http://www.xbrl.org/2003/arcrole/parent-child" order="3" />
    <link:presentationArc xlink:type="arc" xlink:from="jpigp_cor_EquityIFRSAbstract" xlink:to="jpigp_cor_TreasurySharesIFRS" xlink:arcrole="http://www.xbrl.org/2003/arcrole/parent-child" order="4" />
    <link:presentationArc xlink:type="arc" xlink:from="jpigp_cor_EquityIFRSAbstract" xlink:to="tse-acediffr-60800_ShareAcquisitionRightsIFRS" xlink:arcrole="http://www.xbrl.org/2003/arcrole/parent-child" order="5" />
    <link:presentationArc xlink:type="arc" xlink:from="jpigp_cor_EquityIFRSAbstract" xlink:to="jpigp_cor_OtherComponentsOfEquityIFRS" xlink:arcrole="http://www.xbrl.org/2003/arcrole/parent-child" order="6" />
    <link:presentationArc xlink:type="arc" xlink:from="jpigp_cor_EquityIFRSAbstract" xlink:to="jpigp_cor_EquityAttributableToOwnersOfParentIFRS" xlink:arcrole="http://www.xbrl.org/2003/arcrole/parent-child" preferredLabel="http://www.xbrl.org/2003/role/totalLabel" order="7" />
    <link:presentationArc xlink:type="arc" xlink:from="jpigp_cor_EquityIFRSAbstract" xlink:to="jpigp_cor_EquityIFRS" xlink:arcrole="http://www.xbrl.org/2003/arcrole/parent-child" preferredLabel="http://www.xbrl.org/2003/role/totalLabel" order="8" />
    <link:presentationArc xlink:type="arc" xlink:from="jpigp_cor_LiabilitiesAndEquityIFRSAbstract" xlink:to="jpigp_cor_LiabilitiesIFRSAbstract" xlink:arcrole="http://www.xbrl.org/2003/arcrole/parent-child" order="1" />
    <link:presentationArc xlink:type="arc" xlink:from="jpigp_cor_LiabilitiesAndEquityIFRSAbstract" xlink:to="jpigp_cor_LiabilitiesAndEquityIFRS" xlink:arcrole="http://www.xbrl.org/2003/arcrole/parent-child" preferredLabel="http://www.xbrl.org/2003/role/totalLabel" order="3" />
    <link:presentationArc xlink:type="arc" xlink:from="jpigp_cor_LiabilitiesIFRSAbstract" xlink:to="jpigp_cor_CurrentLiabilitiesIFRSAbstract" xlink:arcrole="http://www.xbrl.org/2003/arcrole/parent-child" order="1" />
    <link:presentationArc xlink:type="arc" xlink:from="jpigp_cor_LiabilitiesIFRSAbstract" xlink:to="jpigp_cor_NonCurrentLiabilitiesIFRSAbstract" xlink:arcrole="http://www.xbrl.org/2003/arcrole/parent-child" order="2" />
    <link:presentationArc xlink:type="arc" xlink:from="jpigp_cor_LiabilitiesIFRSAbstract" xlink:to="jpigp_cor_LiabilitiesIFRS" xlink:arcrole="http://www.xbrl.org/2003/arcrole/parent-child" preferredLabel="http://www.xbrl.org/2003/role/totalLabel" order="3" />
    <link:presentationArc xlink:type="arc" xlink:from="jpigp_cor_NonCurrentAssetsIFRSAbstract" xlink:to="jpigp_cor_PropertyPlantAndEquipmentIFRS" xlink:arcrole="http://www.xbrl.org/2003/arcrole/parent-child" order="1" />
    <link:presentationArc xlink:type="arc" xlink:from="jpigp_cor_NonCurrentAssetsIFRSAbstract" xlink:to="jpigp_cor_IntangibleAssetsIFRS" xlink:arcrole="http://www.xbrl.org/2003/arcrole/parent-child" order="2" />
    <link:presentationArc xlink:type="arc" xlink:from="jpigp_cor_NonCurrentAssetsIFRSAbstract" xlink:to="jpigp_cor_RightOfUseAssetsIFRS" xlink:arcrole="http://www.xbrl.org/2003/arcrole/parent-child" order="3" />
    <link:presentationArc xlink:type="arc" xlink:from="jpigp_cor_NonCurrentAssetsIFRSAbstract" xlink:to="jpigp_cor_OtherFinancialAssetsNCAIFRS" xlink:arcrole="http://www.xbrl.org/2003/arcrole/parent-child" order="4" />
    <link:presentationArc xlink:type="arc" xlink:from="jpigp_cor_NonCurrentAssetsIFRSAbstract" xlink:to="jpigp_cor_DeferredTaxAssetsIFRS" xlink:arcrole="http://www.xbrl.org/2003/arcrole/parent-child" order="5" />
    <link:presentationArc xlink:type="arc" xlink:from="jpigp_cor_NonCurrentAssetsIFRSAbstract" xlink:to="jpigp_cor_OtherNonCurrentAssetsNCAIFRS" xlink:arcrole="http://www.xbrl.org/2003/arcrole/parent-child" order="6" />
    <link:presentationArc xlink:type="arc" xlink:from="jpigp_cor_NonCurrentAssetsIFRSAbstract" xlink:to="jpigp_cor_NonCurrentAssetsIFRS" xlink:arcrole="http://www.xbrl.org/2003/arcrole/parent-child" preferredLabel="http://www.xbrl.org/2003/role/totalLabel" order="7" />
    <link:presentationArc xlink:type="arc" xlink:from="jpigp_cor_NonCurrentLiabilitiesIFRSAbstract" xlink:to="jpigp_cor_LeaseLiabilitiesNCLIFRS" xlink:arcrole="http://www.xbrl.org/2003/arcrole/parent-child" order="1" />
    <link:presentationArc xlink:type="arc" xlink:from="jpigp_cor_NonCurrentLiabilitiesIFRSAbstract" xlink:to="jpigp_cor_RetirementBenefitLiabilityNCLIFRS" xlink:arcrole="http://www.xbrl.org/2003/arcrole/parent-child" order="2" />
    <link:presentationArc xlink:type="arc" xlink:from="jpigp_cor_NonCurrentLiabilitiesIFRSAbstract" xlink:to="jpigp_cor_OtherFinancialLiabilitiesNCLIFRS" xlink:arcrole="http://www.xbrl.org/2003/arcrole/parent-child" order="3" />
    <link:presentationArc xlink:type="arc" xlink:from="jpigp_cor_NonCurrentLiabilitiesIFRSAbstract" xlink:to="jpigp_cor_ProvisionsNCLIFRS" xlink:arcrole="http://www.xbrl.org/2003/arcrole/parent-child" order="4" />
    <link:presentationArc xlink:type="arc" xlink:from="jpigp_cor_NonCurrentLiabilitiesIFRSAbstract" xlink:to="jpigp_cor_DeferredTaxLiabilitiesIFRS" xlink:arcrole="http://www.xbrl.org/2003/arcrole/parent-child" order="5" />
    <link:presentationArc xlink:type="arc" xlink:from="jpigp_cor_NonCurrentLiabilitiesIFRSAbstract" xlink:to="jpigp_cor_OtherNonCurrentLiabilitiesNCLIFRS" xlink:arcrole="http://www.xbrl.org/2003/arcrole/parent-child" order="6" />
    <link:presentationArc xlink:type="arc" xlink:from="jpigp_cor_NonCurrentLiabilitiesIFRSAbstract" xlink:to="jpigp_cor_NonCurrentLabilitiesIFRS" xlink:arcrole="http://www.xbrl.org/2003/arcrole/parent-child" preferredLabel="http://www.xbrl.org/2003/role/totalLabel" order="7" />
    <link:presentationArc xlink:type="arc" xlink:from="jpigp_cor_StatementOfFinancialPositionIFRSLineItems" xlink:to="jpigp_cor_AssetsIFRSAbstract" xlink:arcrole="http://www.xbrl.org/2003/arcrole/parent-child" order="1" />
    <link:presentationArc xlink:type="arc" xlink:from="jpigp_cor_StatementOfFinancialPositionIFRSLineItems" xlink:to="jpigp_cor_LiabilitiesAndEquityIFRSAbstract" xlink:arcrole="http://www.xbrl.org/2003/arcrole/parent-child" order="2" />
    <link:presentationArc xlink:type="arc" xlink:from="jpigp_cor_StatementOfFinancialPositionIFRSTable" xlink:to="jppfs_cor_ConsolidatedOrNonConsolidatedAxis" xlink:arcrole="http://www.xbrl.org/2003/arcrole/parent-child" order="1" />
    <link:presentationArc xlink:type="arc" xlink:from="jppfs_cor_ConsolidatedOrNonConsolidatedAxis" xlink:to="jppfs_cor_ConsolidatedMember" xlink:arcrole="http://www.xbrl.org/2003/arcrole/parent-child" order="1" />
  </link:presentationLink>
  <link:presentationLink xlink:type="extended" xlink:role="http://disclosure.edinet-fsa.go.jp/role/jpigp/rol_ConsolidatedStatementOfProfitOrLossIFRS">
    <link:loc xlink:type="locator" xlink:href="http://disclosure.edinet-fsa.go.jp/taxonomy/jpigp/2024-11-01/jpigp_cor_2024-11-01.xsd#jpigp_cor_BasicEarningsLossPerShareIFRS" xlink:label="jpigp_cor_BasicEarningsLossPerShareIFRS" />
    <link:loc xlink:type="locator" xlink:href="http://disclosure.edinet-fsa.go.jp/taxonomy/jpigp/2024-11-01/jpigp_cor_2024-11-01.xsd#jpigp_cor_ConsolidatedStatementOfProfitOrLossIFRSHeading" xlink:label="jpigp_cor_ConsolidatedStatementOfProfitOrLossIFRSHeading" />
    <link:loc xlink:type="locator" xlink:href="http://disclosure.edinet-fsa.go.jp/taxonomy/jpigp/2024-11-01/jpigp_cor_2024-11-01.xsd#jpigp_cor_CostOfSalesIFRS" xlink:label="jpigp_cor_CostOfSalesIFRS" />
    <link:loc xlink:type="locator" xlink:href="http://disclosure.edinet-fsa.go.jp/taxonomy/jpigp/2024-11-01/jpigp_cor_2024-11-01.xsd#jpigp_cor_DilutedEarningsLossPerShareIFRS" xlink:label="jpigp_cor_DilutedEarningsLossPerShareIFRS" />
    <link:loc xlink:type="locator" xlink:href="http://disclosure.edinet-fsa.go.jp/taxonomy/jpigp/2024-11-01/jpigp_cor_2024-11-01.xsd#jpigp_cor_EarningsLossPerShareIFRSAbstract" xlink:label="jpigp_cor_EarningsLossPerShareIFRSAbstract" />
    <link:loc xlink:type="locator" xlink:href="http://disclosure.edinet-fsa.go.jp/taxonomy/jpigp/2024-11-01/jpigp_cor_2024-11-01.xsd#jpigp_cor_FinanceCostsIFRS" xlink:label="jpigp_cor_FinanceCostsIFRS" />
    <link:loc xlink:type="locator" xlink:href="http://disclosure.edinet-fsa.go.jp/taxonomy/jpigp/2024-11-01/jpigp_cor_2024-11-01.xsd#jpigp_cor_FinanceIncomeIFRS" xlink:label="jpigp_cor_FinanceIncomeIFRS" />
    <link:loc xlink:type="locator" xlink:href="http://disclosure.edinet-fsa.go.jp/taxonomy/jpigp/2024-11-01/jpigp_cor_2024-11-01.xsd#jpigp_cor_GrossProfitIFRS" xlink:label="jpigp_cor_GrossProfitIFRS" />
    <link:loc xlink:type="locator" xlink:href="http://disclosure.edinet-fsa.go.jp/taxonomy/jpigp/2024-11-01/jpigp_cor_2024-11-01.xsd#jpigp_cor_IncomeTaxExpenseIFRS" xlink:label="jpigp_cor_IncomeTaxExpenseIFRS" />
    <link:loc xlink:type="locator" xlink:href="http://disclosure.edinet-fsa.go.jp/taxonomy/jpigp/2024-11-01/jpigp_cor_2024-11-01.xsd#jpigp_cor_NetSalesIFRS" xlink:label="jpigp_cor_NetSalesIFRS" />
    <link:loc xlink:type="locator" xlink:href="http://disclosure.edinet-fsa.go.jp/taxonomy/jpigp/2024-11-01/jpigp_cor_2024-11-01.xsd#jpigp_cor_OperatingProfitLossIFRS" xlink:label="jpigp_cor_OperatingProfitLossIFRS" />
    <link:loc xlink:type="locator" xlink:href="http://disclosure.edinet-fsa.go.jp/taxonomy/jpigp/2024-11-01/jpigp_cor_2024-11-01.xsd#jpigp_cor_OtherExpensesIFRS" xlink:label="jpigp_cor_OtherExpensesIFRS" />
    <link:loc xlink:type="locator" xlink:href="http://disclosure.edinet-fsa.go.jp/taxonomy/jpigp/2024-11-01/jpigp_cor_2024-11-01.xsd#jpigp_cor_OtherIncomeIFRS" xlink:label="jpigp_cor_OtherIncomeIFRS" />
    <link:loc xlink:type="locator" xlink:href="http://disclosure.edinet-fsa.go.jp/taxonomy/jpigp/2024-11-01/jpigp_cor_2024-11-01.xsd#jpigp_cor_ProfitLossAttributableToIFRSAbstract" xlink:label="jpigp_cor_ProfitLossAttributableToIFRSAbstract" />
    <link:loc xlink:type="locator" xlink:href="http://disclosure.edinet-fsa.go.jp/taxonomy/jpigp/2024-11-01/jpigp_cor_2024-11-01.xsd#jpigp_cor_ProfitLossAttributableToOwnersOfParentIFRS" xlink:label="jpigp_cor_ProfitLossAttributableToOwnersOfParentIFRS" />
    <link:loc xlink:type="locator" xlink:href="http://disclosure.edinet-fsa.go.jp/taxonomy/jpigp/2024-11-01/jpigp_cor_2024-11-01.xsd#jpigp_cor_ProfitLossBeforeTaxIFRS" xlink:label="jpigp_cor_ProfitLossBeforeTaxIFRS" />
    <link:loc xlink:type="locator" xlink:href="http://disclosure.edinet-fsa.go.jp/taxonomy/jpigp/2024-11-01/jpigp_cor_2024-11-01.xsd#jpigp_cor_ProfitLossIFRS" xlink:label="jpigp_cor_ProfitLossIFRS" />
    <link:loc xlink:type="locator" xlink:href="http://disclosure.edinet-fsa.go.jp/taxonomy/jpigp/2024-11-01/jpigp_cor_2024-11-01.xsd#jpigp_cor_SellingGeneralAndAdministrativeExpensesIFRS" xlink:label="jpigp_cor_SellingGeneralAndAdministrativeExpensesIFRS" />
    <link:loc xlink:type="locator" xlink:href="http://disclosure.edinet-fsa.go.jp/taxonomy/jpigp/2024-11-01/jpigp_cor_2024-11-01.xsd#jpigp_cor_StatementOfProfitOrLossIFRSLineItems" xlink:label="jpigp_cor_StatementOfProfitOrLossIFRSLineItems" />
    <link:loc xlink:type="locator" xlink:href="http://disclosure.edinet-fsa.go.jp/taxonomy/jpigp/2024-11-01/jpigp_cor_2024-11-01.xsd#jpigp_cor_StatementOfProfitOrLossIFRSTable" xlink:label="jpigp_cor_StatementOfProfitOrLossIFRSTable" />
    <link:loc xlink:type="locator" xlink:href="http://disclosure.edinet-fsa.go.jp/taxonomy/jppfs/2024-11-01/jppfs_cor_2024-11-01.xsd#jppfs_cor_ConsolidatedMember" xlink:label="jppfs_cor_ConsolidatedMember" />
    <link:loc xlink:type="locator" xlink:href="http://disclosure.edinet-fsa.go.jp/taxonomy/jppfs/2024-11-01/jppfs_cor_2024-11-01.xsd#jppfs_cor_ConsolidatedOrNonConsolidatedAxis" xlink:label="jppfs_cor_ConsolidatedOrNonConsolidatedAxis" />
    <link:presentationArc xlink:type="arc" xlink:from="jpigp_cor_ConsolidatedStatementOfProfitOrLossIFRSHeading" xlink:to="jpigp_cor_StatementOfProfitOrLossIFRSTable" xlink:arcrole="http://www.xbrl.org/2003/arcrole/parent-child" preferredLabel="http://disclosure.edinet-fsa.go.jp/jppfs/Consolidated/role/label" order="1" />
    <link:presentationArc xlink:type="arc" xlink:from="jpigp_cor_ConsolidatedStatementOfProfitOrLossIFRSHeading" xlink:to="jpigp_cor_StatementOfProfitOrLossIFRSLineItems" xlink:arcrole="http://www.xbrl.org/2003/arcrole/parent-child" preferredLabel="http://disclosure.edinet-fsa.go.jp/jppfs/Consolidated/role/label" order="2" />
    <link:presentationArc xlink:type="arc" xlink:from="jpigp_cor_EarningsLossPerShareIFRSAbstract" xlink:to="jpigp_cor_BasicEarningsLossPerShareIFRS" xlink:arcrole="http://www.xbrl.org/2003/arcrole/parent-child" preferredLabel="http://www.xbrl.org/2003/role/positiveLabel" order="1" />
    <link:presentationArc xlink:type="arc" xlink:from="jpigp_cor_EarningsLossPerShareIFRSAbstract" xlink:to="jpigp_cor_DilutedEarningsLossPerShareIFRS" xlink:arcrole="http://www.xbrl.org/2003/arcrole/parent-child" preferredLabel="http://www.xbrl.org/2003/role/positiveLabel" order="2" />
    <link:presentationArc xlink:type="arc" xlink:from="jpigp_cor_ProfitLossAttributableToIFRSAbstract" xlink:to="jpigp_cor_ProfitLossAttributableToOwnersOfParentIFRS" xlink:arcrole="http://www.xbrl.org/2003/arcrole/parent-child" order="1" />
    <link:presentationArc xlink:type="arc" xlink:from="jpigp_cor_StatementOfProfitOrLossIFRSLineItems" xlink:to="jpigp_cor_NetSalesIFRS" xlink:arcrole="http://www.xbrl.org/2003/arcrole/parent-child" order="1" />
    <link:presentationArc xlink:type="arc" xlink:from="jpigp_cor_StatementOfProfitOrLossIFRSLineItems" xlink:to="jpigp_cor_CostOfSalesIFRS" xlink:arcrole="http://www.xbrl.org/2003/arcrole/parent-child" order="2" />
    <link:presentationArc xlink:type="arc" xlink:from="jpigp_cor_StatementOfProfitOrLossIFRSLineItems" xlink:to="jpigp_cor_GrossProfitIFRS" xlink:arcrole="http://www.xbrl.org/2003/arcrole/parent-child" order="3" />
    <link:presentationArc xlink:type="arc" xlink:from="jpigp_cor_StatementOfProfitOrLossIFRSLineItems" xlink:to="jpigp_cor_SellingGeneralAndAdministrativeExpensesIFRS" xlink:arcrole="http://www.xbrl.org/2003/arcrole/parent-child" order="4" />
    <link:presentationArc xlink:type="arc" xlink:from="jpigp_cor_StatementOfProfitOrLossIFRSLineItems" xlink:to="jpigp_cor_OtherIncomeIFRS" xlink:arcrole="http://www.xbrl.org/2003/arcrole/parent-child" order="5" />
    <link:presentationArc xlink:type="arc" xlink:from="jpigp_cor_StatementOfProfitOrLossIFRSLineItems" xlink:to="jpigp_cor_OtherExpensesIFRS" xlink:arcrole="http://www.xbrl.org/2003/arcrole/parent-child" order="6" />
    <link:presentationArc xlink:type="arc" xlink:from="jpigp_cor_StatementOfProfitOrLossIFRSLineItems" xlink:to="jpigp_cor_OperatingProfitLossIFRS" xlink:arcrole="http://www.xbrl.org/2003/arcrole/parent-child" preferredLabel="http://www.xbrl.org/2003/role/positiveLabel" order="7" />
    <link:presentationArc xlink:type="arc" xlink:from="jpigp_cor_StatementOfProfitOrLossIFRSLineItems" xlink:to="jpigp_cor_FinanceIncomeIFRS" xlink:arcrole="http://www.xbrl.org/2003/arcrole/parent-child" order="8" />
    <link:presentationArc xlink:type="arc" xlink:from="jpigp_cor_StatementOfProfitOrLossIFRSLineItems" xlink:to="jpigp_cor_FinanceCostsIFRS" xlink:arcrole="http://www.xbrl.org/2003/arcrole/parent-child" order="9" />
    <link:presentationArc xlink:type="arc" xlink:from="jpigp_cor_StatementOfProfitOrLossIFRSLineItems" xlink:to="jpigp_cor_ProfitLossBeforeTaxIFRS" xlink:arcrole="http://www.xbrl.org/2003/arcrole/parent-child" preferredLabel="http://www.xbrl.org/2003/role/positiveLabel" order="10" />
    <link:presentationArc xlink:type="arc" xlink:from="jpigp_cor_StatementOfProfitOrLossIFRSLineItems" xlink:to="jpigp_cor_IncomeTaxExpenseIFRS" xlink:arcrole="http://www.xbrl.org/2003/arcrole/parent-child" order="11" />
    <link:presentationArc xlink:type="arc" xlink:from="jpigp_cor_StatementOfProfitOrLossIFRSLineItems" xlink:to="jpigp_cor_ProfitLossIFRS" xlink:arcrole="http://www.xbrl.org/2003/arcrole/parent-child" preferredLabel="http://www.xbrl.org/2003/role/positiveLabel" order="12" />
    <link:presentationArc xlink:type="arc" xlink:from="jpigp_cor_StatementOfProfitOrLossIFRSLineItems" xlink:to="jpigp_cor_ProfitLossAttributableToIFRSAbstract" xlink:arcrole="http://www.xbrl.org/2003/arcrole/parent-child" preferredLabel="http://www.xbrl.org/2003/role/positiveLabel" order="13" />
    <link:presentationArc xlink:type="arc" xlink:from="jpigp_cor_StatementOfProfitOrLossIFRSLineItems" xlink:to="jpigp_cor_EarningsLossPerShareIFRSAbstract" xlink:arcrole="http://www.xbrl.org/2003/arcrole/parent-child" preferredLabel="http://www.xbrl.org/2003/role/positiveLabel" order="14" />
    <link:presentationArc xlink:type="arc" xlink:from="jpigp_cor_StatementOfProfitOrLossIFRSTable" xlink:to="jppfs_cor_ConsolidatedOrNonConsolidatedAxis" xlink:arcrole="http://www.xbrl.org/2003/arcrole/parent-child" order="1" />
    <link:presentationArc xlink:type="arc" xlink:from="jppfs_cor_ConsolidatedOrNonConsolidatedAxis" xlink:to="jppfs_cor_ConsolidatedMember" xlink:arcrole="http://www.xbrl.org/2003/arcrole/parent-child" order="1" />
  </link:presentationLink>
  <link:presentationLink xlink:type="extended" xlink:role="http://disclosure.edinet-fsa.go.jp/role/jpigp/rol_ConsolidatedStatementOfComprehensiveIncomeIFRS">
    <link:loc xlink:type="locator" xlink:href="http://disclosure.edinet-fsa.go.jp/taxonomy/jpigp/2024-11-01/jpigp_cor_2024-11-01.xsd#jpigp_cor_ComprehensiveIncomeAttributableToIFRSAbstract" xlink:label="jpigp_cor_ComprehensiveIncomeAttributableToIFRSAbstract" />
    <link:loc xlink:type="locator" xlink:href="http://disclosure.edinet-fsa.go.jp/taxonomy/jpigp/2024-11-01/jpigp_cor_2024-11-01.xsd#jpigp_cor_ComprehensiveIncomeAttributableToOwnersOfParentIFRS" xlink:label="jpigp_cor_ComprehensiveIncomeAttributableToOwnersOfParentIFRS" />
    <link:loc xlink:type="locator" xlink:href="http://disclosure.edinet-fsa.go.jp/taxonomy/jpigp/2024-11-01/jpigp_cor_2024-11-01.xsd#jpigp_cor_ComprehensiveIncomeIFRS" xlink:label="jpigp_cor_ComprehensiveIncomeIFRS" />
    <link:loc xlink:type="locator" xlink:href="http://disclosure.edinet-fsa.go.jp/taxonomy/jpigp/2024-11-01/jpigp_cor_2024-11-01.xsd#jpigp_cor_ConsolidatedStatementOfComprehensiveIncomeIFRSHeading" xlink:label="jpigp_cor_ConsolidatedStatementOfComprehensiveIncomeIFRSHeading" />
    <link:loc xlink:type="locator" xlink:href="http://disclosure.edinet-fsa.go.jp/taxonomy/jpigp/2024-11-01/jpigp_cor_2024-11-01.xsd#jpigp_cor_ExchangeDifferencesOnTranslationOfForeignOperationsNetOfTaxItemsThatMayBeReclassifiedToProfitOrLossOCIIFRS" xlink:label="jpigp_cor_ExchangeDifferencesOnTranslationOfForeignOperationsNetOfTaxItemsThatMayBeReclassifiedToProfitOrLossOCIIFRS" />
    <link:loc xlink:type="locator" xlink:href="http://disclosure.edinet-fsa.go.jp/taxonomy/jpigp/2024-11-01/jpigp_cor_2024-11-01.xsd#jpigp_cor_ItemsThatMayBeReclassifiedToProfitOrLossOCIIFRSAbstract" xlink:label="jpigp_cor_ItemsThatMayBeReclassifiedToProfitOrLossOCIIFRSAbstract" />
    <link:loc xlink:type="locator" xlink:href="http://disclosure.edinet-fsa.go.jp/taxonomy/jpigp/2024-11-01/jpigp_cor_2024-11-01.xsd#jpigp_cor_ItemsThatWillNotBeReclassifiedToProfitOrLossOCIIFRSAbstract" xlink:label="jpigp_cor_ItemsThatWillNotBeReclassifiedToProfitOrLossOCIIFRSAbstract" />
    <link:loc xlink:type="locator" xlink:href="http://disclosure.edinet-fsa.go.jp/taxonomy/jpigp/2024-11-01/jpigp_cor_2024-11-01.xsd#jpigp_cor_NetChangeInFairValueOfEquityInstrumentsDesignatedAsMeasuredAtFairValueThroughOtherComprehensiveIncomeNetOfTaxItemsThatWillNotBeReclassifiedToProfitOrLossOCIIFRS" xlink:label="jpigp_cor_NetChangeInFairValueOfEquityInstrumentsDesignatedAsMeasuredAtFairValueThroughOtherComprehensiveIncomeNetOfTaxItemsThatWillNotBeReclassifiedToProfitOrLossOCIIFRS" />
    <link:loc xlink:type="locator" xlink:href="http://disclosure.edinet-fsa.go.jp/taxonomy/jpigp/2024-11-01/jpigp_cor_2024-11-01.xsd#jpigp_cor_OtherComprehensiveIncomeIFRS" xlink:label="jpigp_cor_OtherComprehensiveIncomeIFRS" />
    <link:loc xlink:type="locator" xlink:href="http://disclosure.edinet-fsa.go.jp/taxonomy/jpigp/2024-11-01/jpigp_cor_2024-11-01.xsd#jpigp_cor_OtherComprehensiveIncomeIFRSAbstract" xlink:label="jpigp_cor_OtherComprehensiveIncomeIFRSAbstract" />
    <link:loc xlink:type="locator" xlink:href="http://disclosure.edinet-fsa.go.jp/taxonomy/jpigp/2024-11-01/jpigp_cor_2024-11-01.xsd#jpigp_cor_ProfitLossIFRS" xlink:label="jpigp_cor_ProfitLossIFRS" />
    <link:loc xlink:type="locator" xlink:href="http://disclosure.edinet-fsa.go.jp/taxonomy/jpigp/2024-11-01/jpigp_cor_2024-11-01.xsd#jpigp_cor_RemeasurementsOfDefinedBenefitPlansNetOfTaxItemsThatWillNotBeReclassifiedToProfitOrLossOCIIFRS" xlink:label="jpigp_cor_RemeasurementsOfDefinedBenefitPlansNetOfTaxItemsThatWillNotBeReclassifiedToProfitOrLossOCIIFRS" />
    <link:loc xlink:type="locator" xlink:href="http://disclosure.edinet-fsa.go.jp/taxonomy/jpigp/2024-11-01/jpigp_cor_2024-11-01.xsd#jpigp_cor_StatementOfComprehensiveIncomeIFRSLineItems" xlink:label="jpigp_cor_StatementOfComprehensiveIncomeIFRSLineItems" />
    <link:loc xlink:type="locator" xlink:href="http://disclosure.edinet-fsa.go.jp/taxonomy/jpigp/2024-11-01/jpigp_cor_2024-11-01.xsd#jpigp_cor_StatementOfComprehensiveIncomeIFRSTable" xlink:label="jpigp_cor_StatementOfComprehensiveIncomeIFRSTable" />
    <link:loc xlink:type="locator" xlink:href="http://disclosure.edinet-fsa.go.jp/taxonomy/jpigp/2024-11-01/jpigp_cor_2024-11-01.xsd#jpigp_cor_TotalOfItemsThatMayBeReclassifiedToProfitOrLossOCIIFRS" xlink:label="jpigp_cor_TotalOfItemsThatMayBeReclassifiedToProfitOrLossOCIIFRS" />
    <link:loc xlink:type="locator" xlink:href="http://disclosure.edinet-fsa.go.jp/taxonomy/jpigp/2024-11-01/jpigp_cor_2024-11-01.xsd#jpigp_cor_TotalOfItemsThatWillNotBeReclassifiedToProfitOrLossOCIIFRS" xlink:label="jpigp_cor_TotalOfItemsThatWillNotBeReclassifiedToProfitOrLossOCIIFRS" />
    <link:loc xlink:type="locator" xlink:href="http://disclosure.edinet-fsa.go.jp/taxonomy/jppfs/2024-11-01/jppfs_cor_2024-11-01.xsd#jppfs_cor_ConsolidatedMember" xlink:label="jppfs_cor_ConsolidatedMember" />
    <link:loc xlink:type="locator" xlink:href="http://disclosure.edinet-fsa.go.jp/taxonomy/jppfs/2024-11-01/jppfs_cor_2024-11-01.xsd#jppfs_cor_ConsolidatedOrNonConsolidatedAxis" xlink:label="jppfs_cor_ConsolidatedOrNonConsolidatedAxis" />
    <link:presentationArc xlink:type="arc" xlink:from="jpigp_cor_ComprehensiveIncomeAttributableToIFRSAbstract" xlink:to="jpigp_cor_ComprehensiveIncomeAttributableToOwnersOfParentIFRS" xlink:arcrole="http://www.xbrl.org/2003/arcrole/parent-child" order="1" />
    <link:presentationArc xlink:type="arc" xlink:from="jpigp_cor_ConsolidatedStatementOfComprehensiveIncomeIFRSHeading" xlink:to="jpigp_cor_StatementOfComprehensiveIncomeIFRSTable" xlink:arcrole="http://www.xbrl.org/2003/arcrole/parent-child" preferredLabel="http://disclosure.edinet-fsa.go.jp/jppfs/Consolidated/role/label" order="1" />
    <link:presentationArc xlink:type="arc" xlink:from="jpigp_cor_ConsolidatedStatementOfComprehensiveIncomeIFRSHeading" xlink:to="jpigp_cor_StatementOfComprehensiveIncomeIFRSLineItems" xlink:arcrole="http://www.xbrl.org/2003/arcrole/parent-child" preferredLabel="http://disclosure.edinet-fsa.go.jp/jppfs/Consolidated/role/label" order="2" />
    <link:presentationArc xlink:type="arc" xlink:from="jpigp_cor_StatementOfComprehensiveIncomeIFRSLineItems" xlink:to="jpigp_cor_OtherComprehensiveIncomeIFRSAbstract" xlink:arcrole="http://www.xbrl.org/2003/arcrole/parent-child" order="2" />
    <link:presentationArc xlink:type="arc" xlink:from="jpigp_cor_OtherComprehensiveIncomeIFRSAbstract" xlink:to="jpigp_cor_ItemsThatWillNotBeReclassifiedToProfitOrLossOCIIFRSAbstract" xlink:arcrole="http://www.xbrl.org/2003/arcrole/parent-child" order="1" />
    <link:presentationArc xlink:type="arc" xlink:from="jpigp_cor_ItemsThatWillNotBeReclassifiedToProfitOrLossOCIIFRSAbstract" xlink:to="jpigp_cor_RemeasurementsOfDefinedBenefitPlansNetOfTaxItemsThatWillNotBeReclassifiedToProfitOrLossOCIIFRS" xlink:arcrole="http://www.xbrl.org/2003/arcrole/parent-child" order="1" />
    <link:presentationArc xlink:type="arc" xlink:from="jpigp_cor_ItemsThatWillNotBeReclassifiedToProfitOrLossOCIIFRSAbstract" xlink:to="jpigp_cor_NetChangeInFairValueOfEquityInstrumentsDesignatedAsMeasuredAtFairValueThroughOtherComprehensiveIncomeNetOfTaxItemsThatWillNotBeReclassifiedToProfitOrLossOCIIFRS" xlink:arcrole="http://www.xbrl.org/2003/arcrole/parent-child" preferredLabel="http://disclosure.edinet-fsa.go.jp/jpcrp/std/alt/role/label" order="2" />
    <link:presentationArc xlink:type="arc" xlink:from="jpigp_cor_ItemsThatWillNotBeReclassifiedToProfitOrLossOCIIFRSAbstract" xlink:to="jpigp_cor_TotalOfItemsThatWillNotBeReclassifiedToProfitOrLossOCIIFRS" xlink:arcrole="http://www.xbrl.org/2003/arcrole/parent-child" preferredLabel="http://disclosure.edinet-fsa.go.jp/jpcrp/alt/role/totalLabel" order="3" />
    <link:presentationArc xlink:type="arc" xlink:from="jpigp_cor_OtherComprehensiveIncomeIFRSAbstract" xlink:to="jpigp_cor_ItemsThatMayBeReclassifiedToProfitOrLossOCIIFRSAbstract" xlink:arcrole="http://www.xbrl.org/2003/arcrole/parent-child" order="2" />
    <link:presentationArc xlink:type="arc" xlink:from="jpigp_cor_ItemsThatMayBeReclassifiedToProfitOrLossOCIIFRSAbstract" xlink:to="jpigp_cor_ExchangeDifferencesOnTranslationOfForeignOperationsNetOfTaxItemsThatMayBeReclassifiedToProfitOrLossOCIIFRS" xlink:arcrole="http://www.xbrl.org/2003/arcrole/parent-child" preferredLabel="http://disclosure.edinet-fsa.go.jp/jpcrp/std/alt/role/label" order="1" />
    <link:presentationArc xlink:type="arc" xlink:from="jpigp_cor_ItemsThatMayBeReclassifiedToProfitOrLossOCIIFRSAbstract" xlink:to="jpigp_cor_TotalOfItemsThatMayBeReclassifiedToProfitOrLossOCIIFRS" xlink:arcrole="http://www.xbrl.org/2003/arcrole/parent-child" preferredLabel="http://disclosure.edinet-fsa.go.jp/jpcrp/alt/role/totalLabel" order="2" />
    <link:presentationArc xlink:type="arc" xlink:from="jpigp_cor_OtherComprehensiveIncomeIFRSAbstract" xlink:to="jpigp_cor_OtherComprehensiveIncomeIFRS" xlink:arcrole="http://www.xbrl.org/2003/arcrole/parent-child" preferredLabel="http://www.xbrl.org/2003/role/totalLabel" order="3" />
    <link:presentationArc xlink:type="arc" xlink:from="jpigp_cor_StatementOfComprehensiveIncomeIFRSLineItems" xlink:to="jpigp_cor_ProfitLossIFRS" xlink:arcrole="http://www.xbrl.org/2003/arcrole/parent-child" preferredLabel="http://www.xbrl.org/2003/role/positiveLabel" order="1" />
    <link:presentationArc xlink:type="arc" xlink:from="jpigp_cor_StatementOfComprehensiveIncomeIFRSLineItems" xlink:to="jpigp_cor_ComprehensiveIncomeIFRS" xlink:arcrole="http://www.xbrl.org/2003/arcrole/parent-child" order="3" />
    <link:presentationArc xlink:type="arc" xlink:from="jpigp_cor_StatementOfComprehensiveIncomeIFRSLineItems" xlink:to="jpigp_cor_ComprehensiveIncomeAttributableToIFRSAbstract" xlink:arcrole="http://www.xbrl.org/2003/arcrole/parent-child" order="4" />
    <link:presentationArc xlink:type="arc" xlink:from="jpigp_cor_StatementOfComprehensiveIncomeIFRSTable" xlink:to="jppfs_cor_ConsolidatedOrNonConsolidatedAxis" xlink:arcrole="http://www.xbrl.org/2003/arcrole/parent-child" order="1" />
    <link:presentationArc xlink:type="arc" xlink:from="jppfs_cor_ConsolidatedOrNonConsolidatedAxis" xlink:to="jppfs_cor_ConsolidatedMember" xlink:arcrole="http://www.xbrl.org/2003/arcrole/parent-child" order="1" />
  </link:presentationLink>
  <link:presentationLink xlink:type="extended" xlink:role="http://disclosure.edinet-fsa.go.jp/role/jpigp/rol_ConsolidatedStatementOfChangesInEquityIFRS">
    <link:loc xlink:type="locator" xlink:href="http://disclosure.edinet-fsa.go.jp/taxonomy/jpigp/2024-11-01/jpigp_cor_2024-11-01.xsd#jpigp_cor_AccumulatedOtherComprehensiveIncomeIFRSMember" xlink:label="jpigp_cor_AccumulatedOtherComprehensiveIncomeIFRSMember" />
    <link:loc xlink:type="locator" xlink:href="http://disclosure.edinet-fsa.go.jp/taxonomy/jpigp/2024-11-01/jpigp_cor_2024-11-01.xsd#jpigp_cor_CapitalSurplusIFRSMember" xlink:label="jpigp_cor_CapitalSurplusIFRSMember" />
    <link:loc xlink:type="locator" xlink:href="http://disclosure.edinet-fsa.go.jp/taxonomy/jpigp/2024-11-01/jpigp_cor_2024-11-01.xsd#jpigp_cor_ComponentsOfEquityIFRSAxis" xlink:label="jpigp_cor_ComponentsOfEquityIFRSAxis" />
    <link:loc xlink:type="locator" xlink:href="http://disclosure.edinet-fsa.go.jp/taxonomy/jpigp/2024-11-01/jpigp_cor_2024-11-01.xsd#jpigp_cor_ComprehensiveIncomeIFRS" xlink:label="jpigp_cor_ComprehensiveIncomeIFRS" />
    <link:loc xlink:type="locator" xlink:href="http://disclosure.edinet-fsa.go.jp/taxonomy/jpigp/2024-11-01/jpigp_cor_2024-11-01.xsd#jpigp_cor_ComprehensiveIncomeIFRSAbstract" xlink:label="jpigp_cor_ComprehensiveIncomeIFRSAbstract" />
    <link:loc xlink:type="locator" xlink:href="http://disclosure.edinet-fsa.go.jp/taxonomy/jpigp/2024-11-01/jpigp_cor_2024-11-01.xsd#jpigp_cor_ConsolidatedStatementOfChangesInEquityIFRSHeading" xlink:label="jpigp_cor_ConsolidatedStatementOfChangesInEquityIFRSHeading" />
    <link:loc xlink:type="locator" xlink:href="http://disclosure.edinet-fsa.go.jp/taxonomy/jpigp/2024-11-01/jpigp_cor_2024-11-01.xsd#jpigp_cor_DividendsSSIFRS" xlink:label="jpigp_cor_DividendsSSIFRS" />
    <link:loc xlink:type="locator" xlink:href="http://disclosure.edinet-fsa.go.jp/taxonomy/jpigp/2024-11-01/jpigp_cor_2024-11-01.xsd#jpigp_cor_EquityAttributableToOwnersOfParentIFRSMember" xlink:label="jpigp_cor_EquityAttributableToOwnersOfParentIFRSMember" />
    <link:loc xlink:type="locator" xlink:href="http://disclosure.edinet-fsa.go.jp/taxonomy/jpigp/2024-11-01/jpigp_cor_2024-11-01.xsd#jpigp_cor_EquityIFRS" xlink:label="jpigp_cor_EquityIFRS" />
    <link:loc xlink:type="locator" xlink:href="http://disclosure.edinet-fsa.go.jp/taxonomy/jpigp/2024-11-01/jpigp_cor_2024-11-01.xsd#jpigp_cor_EquityIFRS" xlink:label="jpigp_cor_EquityIFRS_2" />
    <link:loc xlink:type="locator" xlink:href="http://disclosure.edinet-fsa.go.jp/taxonomy/jpigp/2024-11-01/jpigp_cor_2024-11-01.xsd#jpigp_cor_EquityIFRSMember" xlink:label="jpigp_cor_EquityIFRSMember" />
    <link:loc xlink:type="locator" xlink:href="http://disclosure.edinet-fsa.go.jp/taxonomy/jpigp/2024-11-01/jpigp_cor_2024-11-01.xsd#jpigp_cor_ExchangeDifferencesOnTranslationOfForeignOperationsIFRSMember" xlink:label="jpigp_cor_ExchangeDifferencesOnTranslationOfForeignOperationsIFRSMember" />
    <link:loc xlink:type="locator" xlink:href="http://disclosure.edinet-fsa.go.jp/taxonomy/jpigp/2024-11-01/jpigp_cor_2024-11-01.xsd#jpigp_cor_FinancialAssetsMeasuredAtFairValueThroughOtherComprehensiveIncomeIFRSMember" xlink:label="jpigp_cor_FinancialAssetsMeasuredAtFairValueThroughOtherComprehensiveIncomeIFRSMember" />
    <link:loc xlink:type="locator" xlink:href="http://disclosure.edinet-fsa.go.jp/taxonomy/jpigp/2024-11-01/jpigp_cor_2024-11-01.xsd#jpigp_cor_OtherComponentsOfEquityIFRSMember" xlink:label="jpigp_cor_OtherComponentsOfEquityIFRSMember" />
    <link:loc xlink:type="locator" xlink:href="http://disclosure.edinet-fsa.go.jp/taxonomy/jpigp/2024-11-01/jpigp_cor_2024-11-01.xsd#jpigp_cor_OtherComprehensiveIncomeIFRS" xlink:label="jpigp_cor_OtherComprehensiveIncomeIFRS" />
    <link:loc xlink:type="locator" xlink:href="http://disclosure.edinet-fsa.go.jp/taxonomy/jpigp/2024-11-01/jpigp_cor_2024-11-01.xsd#jpigp_cor_ProfitLossIFRS" xlink:label="jpigp_cor_ProfitLossIFRS" />
    <link:loc xlink:type="locator" xlink:href="http://disclosure.edinet-fsa.go.jp/taxonomy/jpigp/2024-11-01/jpigp_cor_2024-11-01.xsd#jpigp_cor_PurchaseOfTreasurySharesSSIFRS" xlink:label="jpigp_cor_PurchaseOfTreasurySharesSSIFRS" />
    <link:loc xlink:type="locator" xlink:href="http://disclosure.edinet-fsa.go.jp/taxonomy/jpigp/2024-11-01/jpigp_cor_2024-11-01.xsd#jpigp_cor_RemeasurementsOfDefinedBenefitPlansIFRSMember" xlink:label="jpigp_cor_RemeasurementsOfDefinedBenefitPlansIFRSMember" />
    <link:loc xlink:type="locator" xlink:href="http://disclosure.edinet-fsa.go.jp/taxonomy/jpigp/2024-11-01/jpigp_cor_2024-11-01.xsd#jpigp_cor_RetainedEarningsIFRSMember" xlink:label="jpigp_cor_RetainedEarningsIFRSMember" />
    <link:loc xlink:type="locator" xlink:href="http://disclosure.edinet-fsa.go.jp/taxonomy/jpigp/2024-11-01/jpigp_cor_2024-11-01.xsd#jpigp_cor_ShareCapitalIFRSMember" xlink:label="jpigp_cor_ShareCapitalIFRSMember" />
    <link:loc xlink:type="locator" xlink:href="http://disclosure.edinet-fsa.go.jp/taxonomy/jpigp/2024-11-01/jpigp_cor_2024-11-01.xsd#jpigp_cor_StatementOfChangesInEquityIFRSLineItems" xlink:label="jpigp_cor_StatementOfChangesInEquityIFRSLineItems" />
    <link:loc xlink:type="locator" xlink:href="http://disclosure.edinet-fsa.go.jp/taxonomy/jpigp/2024-11-01/jpigp_cor_2024-11-01.xsd#jpigp_cor_StatementOfChangesInEquityIFRSTable" xlink:label="jpigp_cor_StatementOfChangesInEquityIFRSTable" />
    <link:loc xlink:type="locator" xlink:href="http://disclosure.edinet-fsa.go.jp/taxonomy/jpigp/2024-11-01/jpigp_cor_2024-11-01.xsd#jpigp_cor_TotalTransactionsWithOwnersIFRS" xlink:label="jpigp_cor_TotalTransactionsWithOwnersIFRS" />
    <link:loc xlink:type="locator" xlink:href="http://disclosure.edinet-fsa.go.jp/taxonomy/jpigp/2024-11-01/jpigp_cor_2024-11-01.xsd#jpigp_cor_TransactionsWithOwnersIFRSAbstract" xlink:label="jpigp_cor_TransactionsWithOwnersIFRSAbstract" />
    <link:loc xlink:type="locator" xlink:href="http://disclosure.edinet-fsa.go.jp/taxonomy/jpigp/2024-11-01/jpigp_cor_2024-11-01.xsd#jpigp_cor_TransferFromOtherComponentsOfEquityToRetainedEarningsSSIFRS" xlink:label="jpigp_cor_TransferFromOtherComponentsOfEquityToRetainedEarningsSSIFRS" />
    <link:loc xlink:type="locator" xlink:href="http://disclosure.edinet-fsa.go.jp/taxonomy/jpigp/2024-11-01/jpigp_cor_2024-11-01.xsd#jpigp_cor_TreasurySharesIFRSMember" xlink:label="jpigp_cor_TreasurySharesIFRSMember" />
    <link:loc xlink:type="locator" xlink:href="http://disclosure.edinet-fsa.go.jp/taxonomy/jppfs/2024-11-01/jppfs_cor_2024-11-01.xsd#jppfs_cor_ConsolidatedMember" xlink:label="jppfs_cor_ConsolidatedMember" />
    <link:loc xlink:type="locator" xlink:href="http://disclosure.edinet-fsa.go.jp/taxonomy/jppfs/2024-11-01/jppfs_cor_2024-11-01.xsd#jppfs_cor_ConsolidatedOrNonConsolidatedAxis" xlink:label="jppfs_cor_ConsolidatedOrNonConsolidatedAxis" />
    <link:loc xlink:type="locator" xlink:href="tse-acediffr-60800-2025-09-30-01-2025-12-24.xsd#tse-acediffr-60800_IncreaseDecreaseInStockAcquisitionRightsSSIFRS" xlink:label="tse-acediffr-60800_IncreaseDecreaseInStockAcquisitionRightsSSIFRS" />
    <link:loc xlink:type="locator" xlink:href="tse-acediffr-60800-2025-09-30-01-2025-12-24.xsd#tse-acediffr-60800_ShareAcquisitionRights2IFRSMember" xlink:label="tse-acediffr-60800_ShareAcquisitionRights2IFRSMember" />
    <link:presentationArc xlink:type="arc" xlink:from="jpigp_cor_AccumulatedOtherComprehensiveIncomeIFRSMember" xlink:to="jpigp_cor_RemeasurementsOfDefinedBenefitPlansIFRSMember" xlink:arcrole="http://www.xbrl.org/2003/arcrole/parent-child" order="1" />
    <link:presentationArc xlink:type="arc" xlink:from="jpigp_cor_AccumulatedOtherComprehensiveIncomeIFRSMember" xlink:to="jpigp_cor_FinancialAssetsMeasuredAtFairValueThroughOtherComprehensiveIncomeIFRSMember" xlink:arcrole="http://www.xbrl.org/2003/arcrole/parent-child" order="2" />
    <link:presentationArc xlink:type="arc" xlink:from="jpigp_cor_AccumulatedOtherComprehensiveIncomeIFRSMember" xlink:to="jpigp_cor_ExchangeDifferencesOnTranslationOfForeignOperationsIFRSMember" xlink:arcrole="http://www.xbrl.org/2003/arcrole/parent-child" preferredLabel="http://disclosure.edinet-fsa.go.jp/jpcrp/std/alt/role/label" order="3" />
    <link:presentationArc xlink:type="arc" xlink:from="jpigp_cor_ComponentsOfEquityIFRSAxis" xlink:to="jpigp_cor_EquityIFRSMember" xlink:arcrole="http://www.xbrl.org/2003/arcrole/parent-child" preferredLabel="http://disclosure.edinet-fsa.go.jp/jpcrp/std/alt/role/totalLabel" order="1" />
    <link:presentationArc xlink:type="arc" xlink:from="jpigp_cor_ComprehensiveIncomeIFRSAbstract" xlink:to="jpigp_cor_ProfitLossIFRS" xlink:arcrole="http://www.xbrl.org/2003/arcrole/parent-child" preferredLabel="http://www.xbrl.org/2003/role/positiveLabel" order="1" />
    <link:presentationArc xlink:type="arc" xlink:from="jpigp_cor_ComprehensiveIncomeIFRSAbstract" xlink:to="jpigp_cor_OtherComprehensiveIncomeIFRS" xlink:arcrole="http://www.xbrl.org/2003/arcrole/parent-child" order="2" />
    <link:presentationArc xlink:type="arc" xlink:from="jpigp_cor_ComprehensiveIncomeIFRSAbstract" xlink:to="jpigp_cor_ComprehensiveIncomeIFRS" xlink:arcrole="http://www.xbrl.org/2003/arcrole/parent-child" preferredLabel="http://disclosure.edinet-fsa.go.jp/jpcrp/alt/role/label" order="3" />
    <link:presentationArc xlink:type="arc" xlink:from="jpigp_cor_ConsolidatedStatementOfChangesInEquityIFRSHeading" xlink:to="jpigp_cor_StatementOfChangesInEquityIFRSTable" xlink:arcrole="http://www.xbrl.org/2003/arcrole/parent-child" preferredLabel="http://disclosure.edinet-fsa.go.jp/jppfs/Consolidated/role/label" order="1" />
    <link:presentationArc xlink:type="arc" xlink:from="jpigp_cor_ConsolidatedStatementOfChangesInEquityIFRSHeading" xlink:to="jpigp_cor_StatementOfChangesInEquityIFRSLineItems" xlink:arcrole="http://www.xbrl.org/2003/arcrole/parent-child" preferredLabel="http://disclosure.edinet-fsa.go.jp/jppfs/Consolidated/role/label" order="2" />
    <link:presentationArc xlink:type="arc" xlink:from="jpigp_cor_EquityIFRSMember" xlink:to="jpigp_cor_EquityAttributableToOwnersOfParentIFRSMember" xlink:arcrole="http://www.xbrl.org/2003/arcrole/parent-child" order="1" />
    <link:presentationArc xlink:type="arc" xlink:from="jpigp_cor_EquityAttributableToOwnersOfParentIFRSMember" xlink:to="jpigp_cor_ShareCapitalIFRSMember" xlink:arcrole="http://www.xbrl.org/2003/arcrole/parent-child" order="1" />
    <link:presentationArc xlink:type="arc" xlink:from="jpigp_cor_EquityAttributableToOwnersOfParentIFRSMember" xlink:to="jpigp_cor_CapitalSurplusIFRSMember" xlink:arcrole="http://www.xbrl.org/2003/arcrole/parent-child" order="2" />
    <link:presentationArc xlink:type="arc" xlink:from="jpigp_cor_EquityAttributableToOwnersOfParentIFRSMember" xlink:to="jpigp_cor_RetainedEarningsIFRSMember" xlink:arcrole="http://www.xbrl.org/2003/arcrole/parent-child" order="3" />
    <link:presentationArc xlink:type="arc" xlink:from="jpigp_cor_EquityAttributableToOwnersOfParentIFRSMember" xlink:to="jpigp_cor_TreasurySharesIFRSMember" xlink:arcrole="http://www.xbrl.org/2003/arcrole/parent-child" order="4" />
    <link:presentationArc xlink:type="arc" xlink:from="jpigp_cor_EquityAttributableToOwnersOfParentIFRSMember" xlink:to="tse-acediffr-60800_ShareAcquisitionRights2IFRSMember" xlink:arcrole="http://www.xbrl.org/2003/arcrole/parent-child" order="5" />
    <link:presentationArc xlink:type="arc" xlink:from="jpigp_cor_EquityAttributableToOwnersOfParentIFRSMember" xlink:to="jpigp_cor_OtherComponentsOfEquityIFRSMember" xlink:arcrole="http://www.xbrl.org/2003/arcrole/parent-child" preferredLabel="http://www.xbrl.org/2003/role/totalLabel" order="6" />
    <link:presentationArc xlink:type="arc" xlink:from="jpigp_cor_OtherComponentsOfEquityIFRSMember" xlink:to="jpigp_cor_AccumulatedOtherComprehensiveIncomeIFRSMember" xlink:arcrole="http://www.xbrl.org/2003/arcrole/parent-child" order="1" />
    <link:presentationArc xlink:type="arc" xlink:from="jpigp_cor_StatementOfChangesInEquityIFRSLineItems" xlink:to="jpigp_cor_EquityIFRS" xlink:arcrole="http://www.xbrl.org/2003/arcrole/parent-child" preferredLabel="http://disclosure.edinet-fsa.go.jp/jpcrp/alt/role/periodStartLabel" order="1" />
    <link:presentationArc xlink:type="arc" xlink:from="jpigp_cor_StatementOfChangesInEquityIFRSLineItems" xlink:to="jpigp_cor_ComprehensiveIncomeIFRSAbstract" xlink:arcrole="http://www.xbrl.org/2003/arcrole/parent-child" preferredLabel="http://disclosure.edinet-fsa.go.jp/jpcrp/alt/role/label" order="2" />
    <link:presentationArc xlink:type="arc" xlink:from="jpigp_cor_StatementOfChangesInEquityIFRSLineItems" xlink:to="jpigp_cor_TransactionsWithOwnersIFRSAbstract" xlink:arcrole="http://www.xbrl.org/2003/arcrole/parent-child" preferredLabel="http://disclosure.edinet-fsa.go.jp/jpcrp/alt/role/label" order="3" />
    <link:presentationArc xlink:type="arc" xlink:from="jpigp_cor_StatementOfChangesInEquityIFRSLineItems" xlink:to="jpigp_cor_EquityIFRS_2" xlink:arcrole="http://www.xbrl.org/2003/arcrole/parent-child" preferredLabel="http://disclosure.edinet-fsa.go.jp/jpcrp/alt/role/periodEndLabel" order="4" />
    <link:presentationArc xlink:type="arc" xlink:from="jpigp_cor_StatementOfChangesInEquityIFRSTable" xlink:to="jppfs_cor_ConsolidatedOrNonConsolidatedAxis" xlink:arcrole="http://www.xbrl.org/2003/arcrole/parent-child" order="1" />
    <link:presentationArc xlink:type="arc" xlink:from="jpigp_cor_StatementOfChangesInEquityIFRSTable" xlink:to="jpigp_cor_ComponentsOfEquityIFRSAxis" xlink:arcrole="http://www.xbrl.org/2003/arcrole/parent-child" order="2" />
    <link:presentationArc xlink:type="arc" xlink:from="jpigp_cor_TransactionsWithOwnersIFRSAbstract" xlink:to="jpigp_cor_PurchaseOfTreasurySharesSSIFRS" xlink:arcrole="http://www.xbrl.org/2003/arcrole/parent-child" order="1" />
    <link:presentationArc xlink:type="arc" xlink:from="jpigp_cor_TransactionsWithOwnersIFRSAbstract" xlink:to="jpigp_cor_DividendsSSIFRS" xlink:arcrole="http://www.xbrl.org/2003/arcrole/parent-child" order="2" />
    <link:presentationArc xlink:type="arc" xlink:from="jpigp_cor_TransactionsWithOwnersIFRSAbstract" xlink:to="tse-acediffr-60800_IncreaseDecreaseInStockAcquisitionRightsSSIFRS" xlink:arcrole="http://www.xbrl.org/2003/arcrole/parent-child" order="3" />
    <link:presentationArc xlink:type="arc" xlink:from="jpigp_cor_TransactionsWithOwnersIFRSAbstract" xlink:to="jpigp_cor_TransferFromOtherComponentsOfEquityToRetainedEarningsSSIFRS" xlink:arcrole="http://www.xbrl.org/2003/arcrole/parent-child" order="4" />
    <link:presentationArc xlink:type="arc" xlink:from="jpigp_cor_TransactionsWithOwnersIFRSAbstract" xlink:to="jpigp_cor_TotalTransactionsWithOwnersIFRS" xlink:arcrole="http://www.xbrl.org/2003/arcrole/parent-child" preferredLabel="http://www.xbrl.org/2003/role/totalLabel" order="5" />
    <link:presentationArc xlink:type="arc" xlink:from="jppfs_cor_ConsolidatedOrNonConsolidatedAxis" xlink:to="jppfs_cor_ConsolidatedMember" xlink:arcrole="http://www.xbrl.org/2003/arcrole/parent-child" order="1" />
  </link:presentationLink>
  <link:presentationLink xlink:type="extended" xlink:role="http://disclosure.edinet-fsa.go.jp/role/jpigp/rol_ConsolidatedStatementOfCashFlowsIFRS">
    <link:loc xlink:type="locator" xlink:href="http://disclosure.edinet-fsa.go.jp/taxonomy/jpigp/2024-11-01/jpigp_cor_2024-11-01.xsd#jpigp_cor_CashAndCashEquivalentsIFRS" xlink:label="jpigp_cor_CashAndCashEquivalentsIFRS" />
    <link:loc xlink:type="locator" xlink:href="http://disclosure.edinet-fsa.go.jp/taxonomy/jpigp/2024-11-01/jpigp_cor_2024-11-01.xsd#jpigp_cor_CashAndCashEquivalentsIFRS" xlink:label="jpigp_cor_CashAndCashEquivalentsIFRS_2" />
    <link:loc xlink:type="locator" xlink:href="http://disclosure.edinet-fsa.go.jp/taxonomy/jpigp/2024-11-01/jpigp_cor_2024-11-01.xsd#jpigp_cor_CashFlowsFromFinancingActivitiesIFRSAbstract" xlink:label="jpigp_cor_CashFlowsFromFinancingActivitiesIFRSAbstract" />
    <link:loc xlink:type="locator" xlink:href="http://disclosure.edinet-fsa.go.jp/taxonomy/jpigp/2024-11-01/jpigp_cor_2024-11-01.xsd#jpigp_cor_CashFlowsFromInvestingActivitiesIFRSAbstract" xlink:label="jpigp_cor_CashFlowsFromInvestingActivitiesIFRSAbstract" />
    <link:loc xlink:type="locator" xlink:href="http://disclosure.edinet-fsa.go.jp/taxonomy/jpigp/2024-11-01/jpigp_cor_2024-11-01.xsd#jpigp_cor_CashFlowsFromOperatingActivitiesIFRSAbstract" xlink:label="jpigp_cor_CashFlowsFromOperatingActivitiesIFRSAbstract" />
    <link:loc xlink:type="locator" xlink:href="http://disclosure.edinet-fsa.go.jp/taxonomy/jpigp/2024-11-01/jpigp_cor_2024-11-01.xsd#jpigp_cor_ConsolidatedStatementOfCashFlowsIFRSHeading" xlink:label="jpigp_cor_ConsolidatedStatementOfCashFlowsIFRSHeading" />
    <link:loc xlink:type="locator" xlink:href="http://disclosure.edinet-fsa.go.jp/taxonomy/jpigp/2024-11-01/jpigp_cor_2024-11-01.xsd#jpigp_cor_DecreaseIncreaseInTradeAndOtherReceivablesOpeCFIFRS" xlink:label="jpigp_cor_DecreaseIncreaseInTradeAndOtherReceivablesOpeCFIFRS" />
    <link:loc xlink:type="locator" xlink:href="http://disclosure.edinet-fsa.go.jp/taxonomy/jpigp/2024-11-01/jpigp_cor_2024-11-01.xsd#jpigp_cor_DepreciationAndAmortizationOpeCFIFRS" xlink:label="jpigp_cor_DepreciationAndAmortizationOpeCFIFRS" />
    <link:loc xlink:type="locator" xlink:href="http://disclosure.edinet-fsa.go.jp/taxonomy/jpigp/2024-11-01/jpigp_cor_2024-11-01.xsd#jpigp_cor_DividendsPaidFinCFIFRS" xlink:label="jpigp_cor_DividendsPaidFinCFIFRS" />
    <link:loc xlink:type="locator" xlink:href="http://disclosure.edinet-fsa.go.jp/taxonomy/jpigp/2024-11-01/jpigp_cor_2024-11-01.xsd#jpigp_cor_EffectOfExchangeRateChangesOnCashAndCashEquivalentsIFRS" xlink:label="jpigp_cor_EffectOfExchangeRateChangesOnCashAndCashEquivalentsIFRS" />
    <link:loc xlink:type="locator" xlink:href="http://disclosure.edinet-fsa.go.jp/taxonomy/jpigp/2024-11-01/jpigp_cor_2024-11-01.xsd#jpigp_cor_FinanceIncomeAndFinanceCostsOpeCFIFRS" xlink:label="jpigp_cor_FinanceIncomeAndFinanceCostsOpeCFIFRS" />
    <link:loc xlink:type="locator" xlink:href="http://disclosure.edinet-fsa.go.jp/taxonomy/jpigp/2024-11-01/jpigp_cor_2024-11-01.xsd#jpigp_cor_ImpairmentLossesReversalOfImpairmentLossesOpeCFIFRS" xlink:label="jpigp_cor_ImpairmentLossesReversalOfImpairmentLossesOpeCFIFRS" />
    <link:loc xlink:type="locator" xlink:href="http://disclosure.edinet-fsa.go.jp/taxonomy/jpigp/2024-11-01/jpigp_cor_2024-11-01.xsd#jpigp_cor_IncomeTaxesPaidOpeCFIFRS" xlink:label="jpigp_cor_IncomeTaxesPaidOpeCFIFRS" />
    <link:loc xlink:type="locator" xlink:href="http://disclosure.edinet-fsa.go.jp/taxonomy/jpigp/2024-11-01/jpigp_cor_2024-11-01.xsd#jpigp_cor_IncreaseDecreaseInContractLiabilitiesOpeCFIFRS" xlink:label="jpigp_cor_IncreaseDecreaseInContractLiabilitiesOpeCFIFRS" />
    <link:loc xlink:type="locator" xlink:href="http://disclosure.edinet-fsa.go.jp/taxonomy/jpigp/2024-11-01/jpigp_cor_2024-11-01.xsd#jpigp_cor_IncreaseDecreaseInRetirementBenefitLiabilityOpeCFIFRS" xlink:label="jpigp_cor_IncreaseDecreaseInRetirementBenefitLiabilityOpeCFIFRS" />
    <link:loc xlink:type="locator" xlink:href="http://disclosure.edinet-fsa.go.jp/taxonomy/jpigp/2024-11-01/jpigp_cor_2024-11-01.xsd#jpigp_cor_IncreaseDecreaseInTradeAndOtherPayablesOpeCFIFRS" xlink:label="jpigp_cor_IncreaseDecreaseInTradeAndOtherPayablesOpeCFIFRS" />
    <link:loc xlink:type="locator" xlink:href="http://disclosure.edinet-fsa.go.jp/taxonomy/jpigp/2024-11-01/jpigp_cor_2024-11-01.xsd#jpigp_cor_InterestPaidOpeCFIFRS" xlink:label="jpigp_cor_InterestPaidOpeCFIFRS" />
    <link:loc xlink:type="locator" xlink:href="http://disclosure.edinet-fsa.go.jp/taxonomy/jpigp/2024-11-01/jpigp_cor_2024-11-01.xsd#jpigp_cor_InterestReceivedOpeCFIFRS" xlink:label="jpigp_cor_InterestReceivedOpeCFIFRS" />
    <link:loc xlink:type="locator" xlink:href="http://disclosure.edinet-fsa.go.jp/taxonomy/jpigp/2024-11-01/jpigp_cor_2024-11-01.xsd#jpigp_cor_LossOnRetirementOfFixedAssetsOpeCFIFRS" xlink:label="jpigp_cor_LossOnRetirementOfFixedAssetsOpeCFIFRS" />
    <link:loc xlink:type="locator" xlink:href="http://disclosure.edinet-fsa.go.jp/taxonomy/jpigp/2024-11-01/jpigp_cor_2024-11-01.xsd#jpigp_cor_NetCashProvidedByUsedInFinancingActivitiesIFRS" xlink:label="jpigp_cor_NetCashProvidedByUsedInFinancingActivitiesIFRS" />
    <link:loc xlink:type="locator" xlink:href="http://disclosure.edinet-fsa.go.jp/taxonomy/jpigp/2024-11-01/jpigp_cor_2024-11-01.xsd#jpigp_cor_NetCashProvidedByUsedInInvestingActivitiesIFRS" xlink:label="jpigp_cor_NetCashProvidedByUsedInInvestingActivitiesIFRS" />
    <link:loc xlink:type="locator" xlink:href="http://disclosure.edinet-fsa.go.jp/taxonomy/jpigp/2024-11-01/jpigp_cor_2024-11-01.xsd#jpigp_cor_NetCashProvidedByUsedInOperatingActivitiesIFRS" xlink:label="jpigp_cor_NetCashProvidedByUsedInOperatingActivitiesIFRS" />
    <link:loc xlink:type="locator" xlink:href="http://disclosure.edinet-fsa.go.jp/taxonomy/jpigp/2024-11-01/jpigp_cor_2024-11-01.xsd#jpigp_cor_NetIncreaseDecreaseInCashAndCashEquivalentsIFRS" xlink:label="jpigp_cor_NetIncreaseDecreaseInCashAndCashEquivalentsIFRS" />
    <link:loc xlink:type="locator" xlink:href="http://disclosure.edinet-fsa.go.jp/taxonomy/jpigp/2024-11-01/jpigp_cor_2024-11-01.xsd#jpigp_cor_OtherChangesInWorkingCapitalOpeCFIFRS" xlink:label="jpigp_cor_OtherChangesInWorkingCapitalOpeCFIFRS" />
    <link:loc xlink:type="locator" xlink:href="http://disclosure.edinet-fsa.go.jp/taxonomy/jpigp/2024-11-01/jpigp_cor_2024-11-01.xsd#jpigp_cor_PaymentsForLeaseholdDepositsAndGuaranteeDepositsInvCFIFRS" xlink:label="jpigp_cor_PaymentsForLeaseholdDepositsAndGuaranteeDepositsInvCFIFRS" />
    <link:loc xlink:type="locator" xlink:href="http://disclosure.edinet-fsa.go.jp/taxonomy/jpigp/2024-11-01/jpigp_cor_2024-11-01.xsd#jpigp_cor_PaymentsForPurchaseOfTreasurySharesFinCFIFRS" xlink:label="jpigp_cor_PaymentsForPurchaseOfTreasurySharesFinCFIFRS" />
    <link:loc xlink:type="locator" xlink:href="http://disclosure.edinet-fsa.go.jp/taxonomy/jpigp/2024-11-01/jpigp_cor_2024-11-01.xsd#jpigp_cor_PaymentsIntoTimeDepositsInvCFIFRS" xlink:label="jpigp_cor_PaymentsIntoTimeDepositsInvCFIFRS" />
    <link:loc xlink:type="locator" xlink:href="http://disclosure.edinet-fsa.go.jp/taxonomy/jpigp/2024-11-01/jpigp_cor_2024-11-01.xsd#jpigp_cor_ProceedsFromCollectionOfLeaseholdDepositsAndGuaranteeDepositsInvCFIFRS" xlink:label="jpigp_cor_ProceedsFromCollectionOfLeaseholdDepositsAndGuaranteeDepositsInvCFIFRS" />
    <link:loc xlink:type="locator" xlink:href="http://disclosure.edinet-fsa.go.jp/taxonomy/jpigp/2024-11-01/jpigp_cor_2024-11-01.xsd#jpigp_cor_ProceedsFromIssuanceOfShareAcquisitionRightsFinCFIFRS" xlink:label="jpigp_cor_ProceedsFromIssuanceOfShareAcquisitionRightsFinCFIFRS" />
    <link:loc xlink:type="locator" xlink:href="http://disclosure.edinet-fsa.go.jp/taxonomy/jpigp/2024-11-01/jpigp_cor_2024-11-01.xsd#jpigp_cor_ProceedsFromWithdrawalOfTimeDepositsInvCFIFRS" xlink:label="jpigp_cor_ProceedsFromWithdrawalOfTimeDepositsInvCFIFRS" />
    <link:loc xlink:type="locator" xlink:href="http://disclosure.edinet-fsa.go.jp/taxonomy/jpigp/2024-11-01/jpigp_cor_2024-11-01.xsd#jpigp_cor_ProfitLossBeforeTaxIFRS" xlink:label="jpigp_cor_ProfitLossBeforeTaxIFRS" />
    <link:loc xlink:type="locator" xlink:href="http://disclosure.edinet-fsa.go.jp/taxonomy/jpigp/2024-11-01/jpigp_cor_2024-11-01.xsd#jpigp_cor_PurchaseOfIntangibleAssetsInvCFIFRS" xlink:label="jpigp_cor_PurchaseOfIntangibleAssetsInvCFIFRS" />
    <link:loc xlink:type="locator" xlink:href="http://disclosure.edinet-fsa.go.jp/taxonomy/jpigp/2024-11-01/jpigp_cor_2024-11-01.xsd#jpigp_cor_PurchaseOfInvestmentSecuritiesInvCFIFRS" xlink:label="jpigp_cor_PurchaseOfInvestmentSecuritiesInvCFIFRS" />
    <link:loc xlink:type="locator" xlink:href="http://disclosure.edinet-fsa.go.jp/taxonomy/jpigp/2024-11-01/jpigp_cor_2024-11-01.xsd#jpigp_cor_PurchaseOfPropertyPlantAndEquipmentInvCFIFRS" xlink:label="jpigp_cor_PurchaseOfPropertyPlantAndEquipmentInvCFIFRS" />
    <link:loc xlink:type="locator" xlink:href="http://disclosure.edinet-fsa.go.jp/taxonomy/jpigp/2024-11-01/jpigp_cor_2024-11-01.xsd#jpigp_cor_RepaymentsOfLeaseObligationsFinCFIFRS" xlink:label="jpigp_cor_RepaymentsOfLeaseObligationsFinCFIFRS" />
    <link:loc xlink:type="locator" xlink:href="http://disclosure.edinet-fsa.go.jp/taxonomy/jpigp/2024-11-01/jpigp_cor_2024-11-01.xsd#jpigp_cor_StatementOfCashFlowsIFRSLineItems" xlink:label="jpigp_cor_StatementOfCashFlowsIFRSLineItems" />
    <link:loc xlink:type="locator" xlink:href="http://disclosure.edinet-fsa.go.jp/taxonomy/jpigp/2024-11-01/jpigp_cor_2024-11-01.xsd#jpigp_cor_StatementOfCashFlowsIFRSTable" xlink:label="jpigp_cor_StatementOfCashFlowsIFRSTable" />
    <link:loc xlink:type="locator" xlink:href="http://disclosure.edinet-fsa.go.jp/taxonomy/jpigp/2024-11-01/jpigp_cor_2024-11-01.xsd#jpigp_cor_SubtotalOpeCFIFRS" xlink:label="jpigp_cor_SubtotalOpeCFIFRS" />
    <link:loc xlink:type="locator" xlink:href="http://disclosure.edinet-fsa.go.jp/taxonomy/jppfs/2024-11-01/jppfs_cor_2024-11-01.xsd#jppfs_cor_ConsolidatedMember" xlink:label="jppfs_cor_ConsolidatedMember" />
    <link:loc xlink:type="locator" xlink:href="http://disclosure.edinet-fsa.go.jp/taxonomy/jppfs/2024-11-01/jppfs_cor_2024-11-01.xsd#jppfs_cor_ConsolidatedOrNonConsolidatedAxis" xlink:label="jppfs_cor_ConsolidatedOrNonConsolidatedAxis" />
    <link:loc xlink:type="locator" xlink:href="tse-acediffr-60800-2025-09-30-01-2025-12-24.xsd#tse-acediffr-60800_DecreaseIncreaseInOtherAssetsOpeCFIFRS" xlink:label="tse-acediffr-60800_DecreaseIncreaseInOtherAssetsOpeCFIFRS" />
    <link:loc xlink:type="locator" xlink:href="tse-acediffr-60800-2025-09-30-01-2025-12-24.xsd#tse-acediffr-60800_IncreaseDecreaseInOtherLiabilitiesOpeCFIFRS" xlink:label="tse-acediffr-60800_IncreaseDecreaseInOtherLiabilitiesOpeCFIFRS" />
    <link:presentationArc xlink:type="arc" xlink:from="jpigp_cor_CashFlowsFromFinancingActivitiesIFRSAbstract" xlink:to="jpigp_cor_PaymentsForPurchaseOfTreasurySharesFinCFIFRS" xlink:arcrole="http://www.xbrl.org/2003/arcrole/parent-child" order="1" />
    <link:presentationArc xlink:type="arc" xlink:from="jpigp_cor_CashFlowsFromFinancingActivitiesIFRSAbstract" xlink:to="jpigp_cor_RepaymentsOfLeaseObligationsFinCFIFRS" xlink:arcrole="http://www.xbrl.org/2003/arcrole/parent-child" order="2" />
    <link:presentationArc xlink:type="arc" xlink:from="jpigp_cor_CashFlowsFromFinancingActivitiesIFRSAbstract" xlink:to="jpigp_cor_ProceedsFromIssuanceOfShareAcquisitionRightsFinCFIFRS" xlink:arcrole="http://www.xbrl.org/2003/arcrole/parent-child" order="3" />
    <link:presentationArc xlink:type="arc" xlink:from="jpigp_cor_CashFlowsFromFinancingActivitiesIFRSAbstract" xlink:to="jpigp_cor_DividendsPaidFinCFIFRS" xlink:arcrole="http://www.xbrl.org/2003/arcrole/parent-child" order="4" />
    <link:presentationArc xlink:type="arc" xlink:from="jpigp_cor_CashFlowsFromFinancingActivitiesIFRSAbstract" xlink:to="jpigp_cor_NetCashProvidedByUsedInFinancingActivitiesIFRS" xlink:arcrole="http://www.xbrl.org/2003/arcrole/parent-child" order="5" />
    <link:presentationArc xlink:type="arc" xlink:from="jpigp_cor_CashFlowsFromInvestingActivitiesIFRSAbstract" xlink:to="jpigp_cor_PurchaseOfInvestmentSecuritiesInvCFIFRS" xlink:arcrole="http://www.xbrl.org/2003/arcrole/parent-child" order="1" />
    <link:presentationArc xlink:type="arc" xlink:from="jpigp_cor_CashFlowsFromInvestingActivitiesIFRSAbstract" xlink:to="jpigp_cor_PurchaseOfPropertyPlantAndEquipmentInvCFIFRS" xlink:arcrole="http://www.xbrl.org/2003/arcrole/parent-child" order="2" />
    <link:presentationArc xlink:type="arc" xlink:from="jpigp_cor_CashFlowsFromInvestingActivitiesIFRSAbstract" xlink:to="jpigp_cor_PurchaseOfIntangibleAssetsInvCFIFRS" xlink:arcrole="http://www.xbrl.org/2003/arcrole/parent-child" order="3" />
    <link:presentationArc xlink:type="arc" xlink:from="jpigp_cor_CashFlowsFromInvestingActivitiesIFRSAbstract" xlink:to="jpigp_cor_PaymentsIntoTimeDepositsInvCFIFRS" xlink:arcrole="http://www.xbrl.org/2003/arcrole/parent-child" order="4" />
    <link:presentationArc xlink:type="arc" xlink:from="jpigp_cor_CashFlowsFromInvestingActivitiesIFRSAbstract" xlink:to="jpigp_cor_ProceedsFromWithdrawalOfTimeDepositsInvCFIFRS" xlink:arcrole="http://www.xbrl.org/2003/arcrole/parent-child" order="5" />
    <link:presentationArc xlink:type="arc" xlink:from="jpigp_cor_CashFlowsFromInvestingActivitiesIFRSAbstract" xlink:to="jpigp_cor_PaymentsForLeaseholdDepositsAndGuaranteeDepositsInvCFIFRS" xlink:arcrole="http://www.xbrl.org/2003/arcrole/parent-child" order="6" />
    <link:presentationArc xlink:type="arc" xlink:from="jpigp_cor_CashFlowsFromInvestingActivitiesIFRSAbstract" xlink:to="jpigp_cor_ProceedsFromCollectionOfLeaseholdDepositsAndGuaranteeDepositsInvCFIFRS" xlink:arcrole="http://www.xbrl.org/2003/arcrole/parent-child" order="7" />
    <link:presentationArc xlink:type="arc" xlink:from="jpigp_cor_CashFlowsFromInvestingActivitiesIFRSAbstract" xlink:to="jpigp_cor_NetCashProvidedByUsedInInvestingActivitiesIFRS" xlink:arcrole="http://www.xbrl.org/2003/arcrole/parent-child" order="8" />
    <link:presentationArc xlink:type="arc" xlink:from="jpigp_cor_StatementOfCashFlowsIFRSLineItems" xlink:to="jpigp_cor_CashFlowsFromOperatingActivitiesIFRSAbstract" xlink:arcrole="http://www.xbrl.org/2003/arcrole/parent-child" order="1" />
    <link:presentationArc xlink:type="arc" xlink:from="jpigp_cor_CashFlowsFromOperatingActivitiesIFRSAbstract" xlink:to="jpigp_cor_ProfitLossBeforeTaxIFRS" xlink:arcrole="http://www.xbrl.org/2003/arcrole/parent-child" preferredLabel="http://www.xbrl.org/2003/role/positiveLabel" order="1" />
    <link:presentationArc xlink:type="arc" xlink:from="jpigp_cor_CashFlowsFromOperatingActivitiesIFRSAbstract" xlink:to="jpigp_cor_DepreciationAndAmortizationOpeCFIFRS" xlink:arcrole="http://www.xbrl.org/2003/arcrole/parent-child" order="2" />
    <link:presentationArc xlink:type="arc" xlink:from="jpigp_cor_CashFlowsFromOperatingActivitiesIFRSAbstract" xlink:to="jpigp_cor_ImpairmentLossesReversalOfImpairmentLossesOpeCFIFRS" xlink:arcrole="http://www.xbrl.org/2003/arcrole/parent-child" preferredLabel="http://www.xbrl.org/2003/role/positiveLabel" order="3" />
    <link:presentationArc xlink:type="arc" xlink:from="jpigp_cor_CashFlowsFromOperatingActivitiesIFRSAbstract" xlink:to="jpigp_cor_FinanceIncomeAndFinanceCostsOpeCFIFRS" xlink:arcrole="http://www.xbrl.org/2003/arcrole/parent-child" order="4" />
    <link:presentationArc xlink:type="arc" xlink:from="jpigp_cor_CashFlowsFromOperatingActivitiesIFRSAbstract" xlink:to="jpigp_cor_LossOnRetirementOfFixedAssetsOpeCFIFRS" xlink:arcrole="http://www.xbrl.org/2003/arcrole/parent-child" order="5" />
    <link:presentationArc xlink:type="arc" xlink:from="jpigp_cor_CashFlowsFromOperatingActivitiesIFRSAbstract" xlink:to="jpigp_cor_DecreaseIncreaseInTradeAndOtherReceivablesOpeCFIFRS" xlink:arcrole="http://www.xbrl.org/2003/arcrole/parent-child" order="6" />
    <link:presentationArc xlink:type="arc" xlink:from="jpigp_cor_CashFlowsFromOperatingActivitiesIFRSAbstract" xlink:to="jpigp_cor_IncreaseDecreaseInTradeAndOtherPayablesOpeCFIFRS" xlink:arcrole="http://www.xbrl.org/2003/arcrole/parent-child" order="7" />
    <link:presentationArc xlink:type="arc" xlink:from="jpigp_cor_CashFlowsFromOperatingActivitiesIFRSAbstract" xlink:to="tse-acediffr-60800_DecreaseIncreaseInOtherAssetsOpeCFIFRS" xlink:arcrole="http://www.xbrl.org/2003/arcrole/parent-child" order="8" />
    <link:presentationArc xlink:type="arc" xlink:from="jpigp_cor_CashFlowsFromOperatingActivitiesIFRSAbstract" xlink:to="tse-acediffr-60800_IncreaseDecreaseInOtherLiabilitiesOpeCFIFRS" xlink:arcrole="http://www.xbrl.org/2003/arcrole/parent-child" order="9" />
    <link:presentationArc xlink:type="arc" xlink:from="jpigp_cor_CashFlowsFromOperatingActivitiesIFRSAbstract" xlink:to="jpigp_cor_IncreaseDecreaseInRetirementBenefitLiabilityOpeCFIFRS" xlink:arcrole="http://www.xbrl.org/2003/arcrole/parent-child" order="10" />
    <link:presentationArc xlink:type="arc" xlink:from="jpigp_cor_CashFlowsFromOperatingActivitiesIFRSAbstract" xlink:to="jpigp_cor_IncreaseDecreaseInContractLiabilitiesOpeCFIFRS" xlink:arcrole="http://www.xbrl.org/2003/arcrole/parent-child" order="11" />
    <link:presentationArc xlink:type="arc" xlink:from="jpigp_cor_CashFlowsFromOperatingActivitiesIFRSAbstract" xlink:to="jpigp_cor_OtherChangesInWorkingCapitalOpeCFIFRS" xlink:arcrole="http://www.xbrl.org/2003/arcrole/parent-child" order="12" />
    <link:presentationArc xlink:type="arc" xlink:from="jpigp_cor_CashFlowsFromOperatingActivitiesIFRSAbstract" xlink:to="jpigp_cor_SubtotalOpeCFIFRS" xlink:arcrole="http://www.xbrl.org/2003/arcrole/parent-child" order="13" />
    <link:presentationArc xlink:type="arc" xlink:from="jpigp_cor_CashFlowsFromOperatingActivitiesIFRSAbstract" xlink:to="jpigp_cor_InterestReceivedOpeCFIFRS" xlink:arcrole="http://www.xbrl.org/2003/arcrole/parent-child" order="14" />
    <link:presentationArc xlink:type="arc" xlink:from="jpigp_cor_CashFlowsFromOperatingActivitiesIFRSAbstract" xlink:to="jpigp_cor_InterestPaidOpeCFIFRS" xlink:arcrole="http://www.xbrl.org/2003/arcrole/parent-child" order="15" />
    <link:presentationArc xlink:type="arc" xlink:from="jpigp_cor_CashFlowsFromOperatingActivitiesIFRSAbstract" xlink:to="jpigp_cor_IncomeTaxesPaidOpeCFIFRS" xlink:arcrole="http://www.xbrl.org/2003/arcrole/parent-child" order="16" />
    <link:presentationArc xlink:type="arc" xlink:from="jpigp_cor_CashFlowsFromOperatingActivitiesIFRSAbstract" xlink:to="jpigp_cor_NetCashProvidedByUsedInOperatingActivitiesIFRS" xlink:arcrole="http://www.xbrl.org/2003/arcrole/parent-child" order="17" />
    <link:presentationArc xlink:type="arc" xlink:from="jpigp_cor_ConsolidatedStatementOfCashFlowsIFRSHeading" xlink:to="jpigp_cor_StatementOfCashFlowsIFRSTable" xlink:arcrole="http://www.xbrl.org/2003/arcrole/parent-child" preferredLabel="http://disclosure.edinet-fsa.go.jp/jppfs/Consolidated/role/label" order="1" />
    <link:presentationArc xlink:type="arc" xlink:from="jpigp_cor_ConsolidatedStatementOfCashFlowsIFRSHeading" xlink:to="jpigp_cor_StatementOfCashFlowsIFRSLineItems" xlink:arcrole="http://www.xbrl.org/2003/arcrole/parent-child" preferredLabel="http://disclosure.edinet-fsa.go.jp/jppfs/Consolidated/role/label" order="2" />
    <link:presentationArc xlink:type="arc" xlink:from="jpigp_cor_StatementOfCashFlowsIFRSLineItems" xlink:to="jpigp_cor_CashFlowsFromInvestingActivitiesIFRSAbstract" xlink:arcrole="http://www.xbrl.org/2003/arcrole/parent-child" order="2" />
    <link:presentationArc xlink:type="arc" xlink:from="jpigp_cor_StatementOfCashFlowsIFRSLineItems" xlink:to="jpigp_cor_CashFlowsFromFinancingActivitiesIFRSAbstract" xlink:arcrole="http://www.xbrl.org/2003/arcrole/parent-child" order="3" />
    <link:presentationArc xlink:type="arc" xlink:from="jpigp_cor_StatementOfCashFlowsIFRSLineItems" xlink:to="jpigp_cor_EffectOfExchangeRateChangesOnCashAndCashEquivalentsIFRS" xlink:arcrole="http://www.xbrl.org/2003/arcrole/parent-child" preferredLabel="http://disclosure.edinet-fsa.go.jp/jpcrp/std/alt/role/label" order="4" />
    <link:presentationArc xlink:type="arc" xlink:from="jpigp_cor_StatementOfCashFlowsIFRSLineItems" xlink:to="jpigp_cor_NetIncreaseDecreaseInCashAndCashEquivalentsIFRS" xlink:arcrole="http://www.xbrl.org/2003/arcrole/parent-child" order="5" />
    <link:presentationArc xlink:type="arc" xlink:from="jpigp_cor_StatementOfCashFlowsIFRSLineItems" xlink:to="jpigp_cor_CashAndCashEquivalentsIFRS" xlink:arcrole="http://www.xbrl.org/2003/arcrole/parent-child" preferredLabel="http://www.xbrl.org/2003/role/periodStartLabel" order="6" />
    <link:presentationArc xlink:type="arc" xlink:from="jpigp_cor_StatementOfCashFlowsIFRSLineItems" xlink:to="jpigp_cor_CashAndCashEquivalentsIFRS_2" xlink:arcrole="http://www.xbrl.org/2003/arcrole/parent-child" preferredLabel="http://www.xbrl.org/2003/role/periodEndLabel" order="7" />
    <link:presentationArc xlink:type="arc" xlink:from="jpigp_cor_StatementOfCashFlowsIFRSTable" xlink:to="jppfs_cor_ConsolidatedOrNonConsolidatedAxis" xlink:arcrole="http://www.xbrl.org/2003/arcrole/parent-child" order="1" />
    <link:presentationArc xlink:type="arc" xlink:from="jppfs_cor_ConsolidatedOrNonConsolidatedAxis" xlink:to="jppfs_cor_ConsolidatedMember" xlink:arcrole="http://www.xbrl.org/2003/arcrole/parent-child" order="1" />
  </link:presentationLink>
  <link:presentationLink xlink:type="extended" xlink:role="http://disclosure.edinet-fsa.go.jp/role/jpigp/rol_NotesSegmentInformationConsolidatedFinancialStatementsIFRS-01">
    <link:loc xlink:type="locator" xlink:href="http://disclosure.edinet-fsa.go.jp/taxonomy/jpigp/2024-11-01/jpigp_cor_2024-11-01.xsd#jpigp_cor_DescriptionOfFactThatCompanysBusinessComprisesSingleSegmentIFRS" xlink:label="jpigp_cor_DescriptionOfFactThatCompanysBusinessComprisesSingleSegmentIFRS" />
    <link:loc xlink:type="locator" xlink:href="http://disclosure.edinet-fsa.go.jp/taxonomy/jpigp/2024-11-01/jpigp_cor_2024-11-01.xsd#jpigp_cor_DescriptionOfReportableSegmentsIFRSLineItems" xlink:label="jpigp_cor_DescriptionOfReportableSegmentsIFRSLineItems" />
    <link:loc xlink:type="locator" xlink:href="http://disclosure.edinet-fsa.go.jp/taxonomy/jpigp/2024-11-01/jpigp_cor_2024-11-01.xsd#jpigp_cor_DescriptionOfReportableSegmentsIFRSTable" xlink:label="jpigp_cor_DescriptionOfReportableSegmentsIFRSTable" />
    <link:loc xlink:type="locator" xlink:href="http://disclosure.edinet-fsa.go.jp/taxonomy/jpigp/2024-11-01/jpigp_cor_2024-11-01.xsd#jpigp_cor_NotesSegmentInformationConsolidatedFinancialStatementsIFRSHeading" xlink:label="jpigp_cor_NotesSegmentInformationConsolidatedFinancialStatementsIFRSHeading" />
    <link:loc xlink:type="locator" xlink:href="http://disclosure.edinet-fsa.go.jp/taxonomy/jppfs/2024-11-01/jppfs_cor_2024-11-01.xsd#jppfs_cor_ConsolidatedMember" xlink:label="jppfs_cor_ConsolidatedMember" />
    <link:loc xlink:type="locator" xlink:href="http://disclosure.edinet-fsa.go.jp/taxonomy/jppfs/2024-11-01/jppfs_cor_2024-11-01.xsd#jppfs_cor_ConsolidatedOrNonConsolidatedAxis" xlink:label="jppfs_cor_ConsolidatedOrNonConsolidatedAxis" />
    <link:presentationArc xlink:type="arc" xlink:from="jpigp_cor_DescriptionOfReportableSegmentsIFRSLineItems" xlink:to="jpigp_cor_DescriptionOfFactThatCompanysBusinessComprisesSingleSegmentIFRS" xlink:arcrole="http://www.xbrl.org/2003/arcrole/parent-child" order="1" />
    <link:presentationArc xlink:type="arc" xlink:from="jpigp_cor_NotesSegmentInformationConsolidatedFinancialStatementsIFRSHeading" xlink:to="jpigp_cor_DescriptionOfReportableSegmentsIFRSTable" xlink:arcrole="http://www.xbrl.org/2003/arcrole/parent-child" order="1" />
    <link:presentationArc xlink:type="arc" xlink:from="jpigp_cor_DescriptionOfReportableSegmentsIFRSTable" xlink:to="jppfs_cor_ConsolidatedOrNonConsolidatedAxis" xlink:arcrole="http://www.xbrl.org/2003/arcrole/parent-child" order="1" />
    <link:presentationArc xlink:type="arc" xlink:from="jpigp_cor_NotesSegmentInformationConsolidatedFinancialStatementsIFRSHeading" xlink:to="jpigp_cor_DescriptionOfReportableSegmentsIFRSLineItems" xlink:arcrole="http://www.xbrl.org/2003/arcrole/parent-child" order="2" />
    <link:presentationArc xlink:type="arc" xlink:from="jppfs_cor_ConsolidatedOrNonConsolidatedAxis" xlink:to="jppfs_cor_ConsolidatedMember" xlink:arcrole="http://www.xbrl.org/2003/arcrole/parent-child" order="1" />
  </link:presentationLink>
</link:linkbase>