﻿<?xml version="1.0" encoding="utf-8"?>
<!-- XBRL Document Created with WizLabo Platform -->
<link:linkbase xmlns:xlink="http://www.w3.org/1999/xlink" xmlns:xsi="http://www.w3.org/2001/XMLSchema-instance" xmlns:link="http://www.xbrl.org/2003/linkbase">
  <link:labelLink xlink:type="extended" xlink:role="http://www.xbrl.org/2003/role/link">
    <link:label xml:lang="en" xlink:type="resource" xlink:label="tse-qcedjpfr-79750_OfficeSuppliesBusinessReportableSegmentsMember_label" xlink:role="http://www.xbrl.org/2003/role/label">Office Supplies business</link:label>
    <link:label xml:lang="en" xlink:type="resource" xlink:label="tse-qcedjpfr-79750_OfficeSuppliesBusinessReportableSegmentsMember_label_1" xlink:role="http://www.xbrl.org/2003/role/verboseLabel">Office Supplies business, Reportable segments [member]</link:label>
    <link:label xml:lang="en" xlink:type="resource" xlink:label="tse-qcedjpfr-79750_RealEstateLeasingBusinessReportableSegmentsMember_label" xlink:role="http://www.xbrl.org/2003/role/label">Real estate leasing business</link:label>
    <link:label xml:lang="en" xlink:type="resource" xlink:label="tse-qcedjpfr-79750_RealEstateLeasingBusinessReportableSegmentsMember_label_1" xlink:role="http://www.xbrl.org/2003/role/verboseLabel">Real estate leasing business, Reportable segments [member]</link:label>
    <link:loc xlink:type="locator" xlink:href="tse-qcedjpfr-79750-2025-11-30-01-2026-01-09.xsd#tse-qcedjpfr-79750_OfficeSuppliesBusinessReportableSegmentsMember" xlink:label="tse-qcedjpfr-79750_OfficeSuppliesBusinessReportableSegmentsMember" />
    <link:loc xlink:type="locator" xlink:href="tse-qcedjpfr-79750-2025-11-30-01-2026-01-09.xsd#tse-qcedjpfr-79750_RealEstateLeasingBusinessReportableSegmentsMember" xlink:label="tse-qcedjpfr-79750_RealEstateLeasingBusinessReportableSegmentsMember" />
    <link:labelArc xlink:type="arc" xlink:from="tse-qcedjpfr-79750_OfficeSuppliesBusinessReportableSegmentsMember" xlink:to="tse-qcedjpfr-79750_OfficeSuppliesBusinessReportableSegmentsMember_label" xlink:arcrole="http://www.xbrl.org/2003/arcrole/concept-label" order="1" />
    <link:labelArc xlink:type="arc" xlink:from="tse-qcedjpfr-79750_OfficeSuppliesBusinessReportableSegmentsMember" xlink:to="tse-qcedjpfr-79750_OfficeSuppliesBusinessReportableSegmentsMember_label_1" xlink:arcrole="http://www.xbrl.org/2003/arcrole/concept-label" order="1" />
    <link:labelArc xlink:type="arc" xlink:from="tse-qcedjpfr-79750_RealEstateLeasingBusinessReportableSegmentsMember" xlink:to="tse-qcedjpfr-79750_RealEstateLeasingBusinessReportableSegmentsMember_label" xlink:arcrole="http://www.xbrl.org/2003/arcrole/concept-label" order="1" />
    <link:labelArc xlink:type="arc" xlink:from="tse-qcedjpfr-79750_RealEstateLeasingBusinessReportableSegmentsMember" xlink:to="tse-qcedjpfr-79750_RealEstateLeasingBusinessReportableSegmentsMember_label_1" xlink:arcrole="http://www.xbrl.org/2003/arcrole/concept-label" order="1" />
  </link:labelLink>
</link:linkbase>