<?xml version="1.0" encoding="utf-8"?>
<!-- Generated by PRONEXUS WORKS --><link:linkbase xmlns:link="http://www.xbrl.org/2003/linkbase" xmlns:xsi="http://www.w3.org/2001/XMLSchema-instance" xmlns:xbrli="http://www.xbrl.org/2003/instance" xmlns:xlink="http://www.w3.org/1999/xlink">  <link:labelLink xlink:type="extended" xlink:role="http://www.xbrl.org/2003/role/link">    <link:loc xlink:type="locator" xlink:href="tse-qnedjpfr-76110-2025-11-30-01-2026-01-06.xsd#tse-qnedjpfr-76110_SalesEntrustingMoney" xlink:label="SalesEntrustingMoney" />    <link:loc xlink:type="locator" xlink:href="tse-qnedjpfr-76110-2025-11-30-01-2026-01-06.xsd#tse-qnedjpfr-76110_StoreIngredient" xlink:label="StoreIngredient" />    <link:label xlink:type="resource" xlink:label="label_SalesEntrustingMoney" xml:lang="ja" xlink:role="http://www.xbrl.org/2003/role/label" id="label_SalesEntrustingMoney">売上預け金</link:label>    <link:labelArc xlink:type="arc" xlink:arcrole="http://www.xbrl.org/2003/arcrole/concept-label" xlink:from="SalesEntrustingMoney" xlink:to="label_SalesEntrustingMoney" />    <link:label xlink:type="resource" xlink:label="label_SalesEntrustingMoney_2" xml:lang="ja" xlink:role="http://www.xbrl.org/2003/role/verboseLabel" id="label_SalesEntrustingMoney_2">売上預け金、流動資産</link:label>    <link:labelArc xlink:type="arc" xlink:arcrole="http://www.xbrl.org/2003/arcrole/concept-label" xlink:from="SalesEntrustingMoney" xlink:to="label_SalesEntrustingMoney_2" />    <link:label xlink:type="resource" xlink:label="label_StoreIngredient" xml:lang="ja" xlink:role="http://www.xbrl.org/2003/role/label" id="label_StoreIngredient">店舗食材</link:label>    <link:labelArc xlink:type="arc" xlink:arcrole="http://www.xbrl.org/2003/arcrole/concept-label" xlink:from="StoreIngredient" xlink:to="label_StoreIngredient" />    <link:label xlink:type="resource" xlink:label="label_StoreIngredient_2" xml:lang="ja" xlink:role="http://www.xbrl.org/2003/role/verboseLabel" id="label_StoreIngredient_2">店舗食材、流動資産</link:label>    <link:labelArc xlink:type="arc" xlink:arcrole="http://www.xbrl.org/2003/arcrole/concept-label" xlink:from="StoreIngredient" xlink:to="label_StoreIngredient_2" />  </link:labelLink></link:linkbase>