<?xml version="1.0" encoding="utf-8"?>
<!-- Generated by PRONEXUS WORKS --><link:linkbase xmlns:link="http://www.xbrl.org/2003/linkbase" xmlns:xsi="http://www.w3.org/2001/XMLSchema-instance" xmlns:xbrli="http://www.xbrl.org/2003/instance" xmlns:xlink="http://www.w3.org/1999/xlink">  <link:labelLink xlink:type="extended" xlink:role="http://www.xbrl.org/2003/role/link">    <link:loc xlink:type="locator" xlink:href="tse-qcedjpfr-65780-2025-11-30-01-2026-01-14.xsd#tse-qcedjpfr-65780_RefundLiabilitiesCL" xlink:label="RefundLiabilitiesCL" />    <link:loc xlink:type="locator" xlink:href="tse-qcedjpfr-65780-2025-11-30-01-2026-01-14.xsd#tse-qcedjpfr-65780_MediaPlatformReportableSegmentMember" xlink:label="MediaPlatformReportableSegmentMember" />    <link:loc xlink:type="locator" xlink:href="tse-qcedjpfr-65780-2025-11-30-01-2026-01-14.xsd#tse-qcedjpfr-65780_OutsourcingBusinessReportableSegmentMember" xlink:label="OutsourcingBusinessReportableSegmentMember" />    <link:loc xlink:type="locator" xlink:href="tse-qcedjpfr-65780-2025-11-30-01-2026-01-14.xsd#tse-qcedjpfr-65780_EnergyReportableSegmentMember" xlink:label="EnergyReportableSegmentMember" />    <link:loc xlink:type="locator" xlink:href="tse-qcedjpfr-65780-2025-11-30-01-2026-01-14.xsd#tse-qcedjpfr-65780_BurdenOfApplyingForGrantsOnBehalfOfOthers" xlink:label="BurdenOfApplyingForGrantsOnBehalfOfOthers" />    <link:loc xlink:type="locator" xlink:href="tse-qcedjpfr-65780-2025-11-30-01-2026-01-14.xsd#tse-qcedjpfr-65780_SpecialInvestigationCostEL" xlink:label="SpecialInvestigationCostEL" />    <link:loc xlink:type="locator" xlink:href="tse-qcedjpfr-65780-2025-11-30-01-2026-01-14.xsd#tse-qcedjpfr-65780_ProvisionForBurdenOfApplyingForGrantsOnBehalfOfOthersEL" xlink:label="ProvisionForBurdenOfApplyingForGrantsOnBehalfOfOthersEL" />    <link:label xlink:type="resource" xlink:label="label_RefundLiabilitiesCL" xml:lang="ja" xlink:role="http://www.xbrl.org/2003/role/label" id="label_RefundLiabilitiesCL">返金負債</link:label>    <link:labelArc xlink:type="arc" xlink:arcrole="http://www.xbrl.org/2003/arcrole/concept-label" xlink:from="RefundLiabilitiesCL" xlink:to="label_RefundLiabilitiesCL" />    <link:label xlink:type="resource" xlink:label="label_RefundLiabilitiesCL_2" xml:lang="ja" xlink:role="http://www.xbrl.org/2003/role/verboseLabel" id="label_RefundLiabilitiesCL_2">返金負債、流動負債</link:label>    <link:labelArc xlink:type="arc" xlink:arcrole="http://www.xbrl.org/2003/arcrole/concept-label" xlink:from="RefundLiabilitiesCL" xlink:to="label_RefundLiabilitiesCL_2" />    <link:label xlink:type="resource" xlink:label="label_BurdenOfApplyingForGrantsOnBehalfOfOthers_2" xml:lang="ja" xlink:role="http://www.xbrl.org/2003/role/label" id="label_BurdenOfApplyingForGrantsOnBehalfOfOthers_2">助成金代行申請負担引当金</link:label>    <link:labelArc xlink:type="arc" xlink:arcrole="http://www.xbrl.org/2003/arcrole/concept-label" xlink:from="BurdenOfApplyingForGrantsOnBehalfOfOthers" xlink:to="label_BurdenOfApplyingForGrantsOnBehalfOfOthers_2" />    <link:label xlink:type="resource" xlink:label="label_BurdenOfApplyingForGrantsOnBehalfOfOthers" xml:lang="ja" xlink:role="http://www.xbrl.org/2003/role/verboseLabel" id="label_BurdenOfApplyingForGrantsOnBehalfOfOthers">助成金代行申請負担引当金</link:label>    <link:labelArc xlink:type="arc" xlink:arcrole="http://www.xbrl.org/2003/arcrole/concept-label" xlink:from="BurdenOfApplyingForGrantsOnBehalfOfOthers" xlink:to="label_BurdenOfApplyingForGrantsOnBehalfOfOthers" />    <link:loc xlink:type="locator" xlink:href="http://disclosure.edinet-fsa.go.jp/taxonomy/jppfs/2023-12-01/jppfs_cor_2023-12-01.xsd#jppfs_cor_OtherIOA" xlink:label="OtherIOA" />    <link:label xlink:type="resource" xlink:label="label_OtherIOA" xml:lang="ja" xlink:role="http://www.xbrl.org/2003/role/positiveLabel" id="label_OtherIOA">投資その他の資産</link:label>    <link:labelArc xlink:type="arc" xlink:arcrole="http://www.xbrl.org/2003/arcrole/concept-label" xlink:from="OtherIOA" xlink:to="label_OtherIOA" />    <link:label xlink:type="resource" xlink:label="label_ProvisionForBurdenOfApplyingForGrantsOnBehalfOfOthersEL_2" xml:lang="ja" xlink:role="http://www.xbrl.org/2003/role/label" id="label_ProvisionForBurdenOfApplyingForGrantsOnBehalfOfOthersEL_2">助成金代行申請負担引当金繰入額</link:label>    <link:labelArc xlink:type="arc" xlink:arcrole="http://www.xbrl.org/2003/arcrole/concept-label" xlink:from="ProvisionForBurdenOfApplyingForGrantsOnBehalfOfOthersEL" xlink:to="label_ProvisionForBurdenOfApplyingForGrantsOnBehalfOfOthersEL_2" />    <link:label xlink:type="resource" xlink:label="label_ProvisionForBurdenOfApplyingForGrantsOnBehalfOfOthersEL" xml:lang="ja" xlink:role="http://www.xbrl.org/2003/role/verboseLabel" id="label_ProvisionForBurdenOfApplyingForGrantsOnBehalfOfOthersEL">助成金代行申請負担引当金繰入額、特別損失</link:label>    <link:labelArc xlink:type="arc" xlink:arcrole="http://www.xbrl.org/2003/arcrole/concept-label" xlink:from="ProvisionForBurdenOfApplyingForGrantsOnBehalfOfOthersEL" xlink:to="label_ProvisionForBurdenOfApplyingForGrantsOnBehalfOfOthersEL" />    <link:label xlink:type="resource" xlink:label="label_SpecialInvestigationCostEL_2" xml:lang="ja" xlink:role="http://www.xbrl.org/2003/role/label" id="label_SpecialInvestigationCostEL_2">特別調査費用</link:label>    <link:labelArc xlink:type="arc" xlink:arcrole="http://www.xbrl.org/2003/arcrole/concept-label" xlink:from="SpecialInvestigationCostEL" xlink:to="label_SpecialInvestigationCostEL_2" />    <link:label xlink:type="resource" xlink:label="label_SpecialInvestigationCostEL" xml:lang="ja" xlink:role="http://www.xbrl.org/2003/role/verboseLabel" id="label_SpecialInvestigationCostEL">特別調査費用、特別損失</link:label>    <link:labelArc xlink:type="arc" xlink:arcrole="http://www.xbrl.org/2003/arcrole/concept-label" xlink:from="SpecialInvestigationCostEL" xlink:to="label_SpecialInvestigationCostEL" />    <link:label xlink:type="resource" xlink:label="label_EnergyReportableSegmentMember_2" xml:lang="ja" xlink:role="http://www.xbrl.org/2003/role/label" id="label_EnergyReportableSegmentMember_2">エネルギー</link:label>    <link:labelArc xlink:type="arc" xlink:arcrole="http://www.xbrl.org/2003/arcrole/concept-label" xlink:from="EnergyReportableSegmentMember" xlink:to="label_EnergyReportableSegmentMember_2" />    <link:label xlink:type="resource" xlink:label="label_EnergyReportableSegmentMember" xml:lang="ja" xlink:role="http://www.xbrl.org/2003/role/verboseLabel" id="label_EnergyReportableSegmentMember">エネルギー、報告セグメント [メンバー]</link:label>    <link:labelArc xlink:type="arc" xlink:arcrole="http://www.xbrl.org/2003/arcrole/concept-label" xlink:from="EnergyReportableSegmentMember" xlink:to="label_EnergyReportableSegmentMember" />    <link:label xlink:type="resource" xlink:label="label_OutsourcingBusinessReportableSegmentMember_2" xml:lang="ja" xlink:role="http://www.xbrl.org/2003/role/label" id="label_OutsourcingBusinessReportableSegmentMember_2">アウトソーシング</link:label>    <link:labelArc xlink:type="arc" xlink:arcrole="http://www.xbrl.org/2003/arcrole/concept-label" xlink:from="OutsourcingBusinessReportableSegmentMember" xlink:to="label_OutsourcingBusinessReportableSegmentMember_2" />    <link:label xlink:type="resource" xlink:label="label_OutsourcingBusinessReportableSegmentMember" xml:lang="ja" xlink:role="http://www.xbrl.org/2003/role/verboseLabel" id="label_OutsourcingBusinessReportableSegmentMember">アウトソーシング、報告セグメント [メンバー]</link:label>    <link:labelArc xlink:type="arc" xlink:arcrole="http://www.xbrl.org/2003/arcrole/concept-label" xlink:from="OutsourcingBusinessReportableSegmentMember" xlink:to="label_OutsourcingBusinessReportableSegmentMember" />    <link:label xlink:type="resource" xlink:label="label_MediaPlatformReportableSegmentMember_2" xml:lang="ja" xlink:role="http://www.xbrl.org/2003/role/label" id="label_MediaPlatformReportableSegmentMember_2">メディアプラットフォーム</link:label>    <link:labelArc xlink:type="arc" xlink:arcrole="http://www.xbrl.org/2003/arcrole/concept-label" xlink:from="MediaPlatformReportableSegmentMember" xlink:to="label_MediaPlatformReportableSegmentMember_2" />    <link:label xlink:type="resource" xlink:label="label_MediaPlatformReportableSegmentMember" xml:lang="ja" xlink:role="http://www.xbrl.org/2003/role/verboseLabel" id="label_MediaPlatformReportableSegmentMember">メディアプラットフォーム、報告セグメント [メンバー]</link:label>    <link:labelArc xlink:type="arc" xlink:arcrole="http://www.xbrl.org/2003/arcrole/concept-label" xlink:from="MediaPlatformReportableSegmentMember" xlink:to="label_MediaPlatformReportableSegmentMember" />  </link:labelLink></link:linkbase>