﻿<?xml version="1.0" encoding="utf-8"?>
<!-- XBRL Document Created with WizLabo Platform -->
<link:linkbase xmlns:xlink="http://www.w3.org/1999/xlink" xmlns:xsi="http://www.w3.org/2001/XMLSchema-instance" xmlns:link="http://www.xbrl.org/2003/linkbase">
  <link:roleRef xlink:type="simple" xlink:href="http://disclosure.edinet-fsa.go.jp/taxonomy/jppfs/2023-12-01/jppfs_rt_2023-12-01.xsd#rol_CTELabel" roleURI="http://disclosure.edinet-fsa.go.jp/jppfs/cte/role/label" />
  <link:labelLink xlink:type="extended" xlink:role="http://www.xbrl.org/2003/role/link">
    <link:label xml:lang="ja" xlink:type="resource" xlink:label="jppfs_cor_BuildingsAndStructuresNet_label" xlink:role="http://disclosure.edinet-fsa.go.jp/jppfs/cte/role/label">建物・構築物</link:label>
    <link:label xml:lang="ja" xlink:type="resource" xlink:label="jppfs_cor_MachineryEquipmentAndVehiclesNet_label" xlink:role="http://disclosure.edinet-fsa.go.jp/jppfs/cte/role/label">機械装置及び運搬具</link:label>
    <link:label xml:lang="ja" xlink:type="resource" xlink:label="tse-qcedjpfr-99460_DomesticReportableSegmentsMember_label" xlink:role="http://www.xbrl.org/2003/role/label">国内事業</link:label>
    <link:label xml:lang="ja" xlink:type="resource" xlink:label="tse-qcedjpfr-99460_DomesticReportableSegmentsMember_label_1" xlink:role="http://www.xbrl.org/2003/role/verboseLabel">国内事業、報告セグメント[メンバー]</link:label>
    <link:label xml:lang="ja" xlink:type="resource" xlink:label="tse-qcedjpfr-99460_FurnitureAndFixturesNet_label_1" xlink:role="http://www.xbrl.org/2003/role/label">器具及び備品（純額）</link:label>
    <link:label xml:lang="ja" xlink:type="resource" xlink:label="tse-qcedjpfr-99460_FurnitureAndFixturesNet_label_2" xlink:role="http://www.xbrl.org/2003/role/verboseLabel">器具及び備品（純額）</link:label>
    <link:label xml:lang="ja" xlink:type="resource" xlink:label="tse-qcedjpfr-99460_FurnitureAndFixturesNet_label" xlink:role="http://www.xbrl.org/2003/role/documentation">器具及び備品（純額）</link:label>
    <link:label xml:lang="ja" xlink:type="resource" xlink:label="tse-qcedjpfr-99460_GrossOperatingRevenueDisclosureOfSalesAndProfitLossForEachReportableSegment_label" xlink:role="http://www.xbrl.org/2003/role/label">営業総収入</link:label>
    <link:label xml:lang="ja" xlink:type="resource" xlink:label="tse-qcedjpfr-99460_GrossOperatingRevenueDisclosureOfSalesAndProfitLossForEachReportableSegment_label_1" xlink:role="http://www.xbrl.org/2003/role/verboseLabel">営業総収入、報告セグメントごとの売上高及び利益又は損失の金額に関する情報</link:label>
    <link:label xml:lang="ja" xlink:type="resource" xlink:label="tse-qcedjpfr-99460_OverseasReportableSegmentsMember_label" xlink:role="http://www.xbrl.org/2003/role/label">海外事業</link:label>
    <link:label xml:lang="ja" xlink:type="resource" xlink:label="tse-qcedjpfr-99460_OverseasReportableSegmentsMember_label_1" xlink:role="http://www.xbrl.org/2003/role/verboseLabel">海外事業、報告セグメント[メンバー]</link:label>
    <link:loc xlink:type="locator" xlink:href="http://disclosure.edinet-fsa.go.jp/taxonomy/jppfs/2023-12-01/jppfs_cor_2023-12-01.xsd#jppfs_cor_BuildingsAndStructuresNet" xlink:label="jppfs_cor_BuildingsAndStructuresNet" />
    <link:loc xlink:type="locator" xlink:href="http://disclosure.edinet-fsa.go.jp/taxonomy/jppfs/2023-12-01/jppfs_cor_2023-12-01.xsd#jppfs_cor_MachineryEquipmentAndVehiclesNet" xlink:label="jppfs_cor_MachineryEquipmentAndVehiclesNet" />
    <link:loc xlink:type="locator" xlink:href="tse-qcedjpfr-99460-2025-11-30-01-2026-01-08.xsd#tse-qcedjpfr-99460_DomesticReportableSegmentsMember" xlink:label="tse-qcedjpfr-99460_DomesticReportableSegmentsMember" />
    <link:loc xlink:type="locator" xlink:href="tse-qcedjpfr-99460-2025-11-30-01-2026-01-08.xsd#tse-qcedjpfr-99460_FurnitureAndFixturesNet" xlink:label="tse-qcedjpfr-99460_FurnitureAndFixturesNet" />
    <link:loc xlink:type="locator" xlink:href="tse-qcedjpfr-99460-2025-11-30-01-2026-01-08.xsd#tse-qcedjpfr-99460_GrossOperatingRevenueDisclosureOfSalesAndProfitLossForEachReportableSegment" xlink:label="tse-qcedjpfr-99460_GrossOperatingRevenueDisclosureOfSalesAndProfitLossForEachReportableSegment" />
    <link:loc xlink:type="locator" xlink:href="tse-qcedjpfr-99460-2025-11-30-01-2026-01-08.xsd#tse-qcedjpfr-99460_OverseasReportableSegmentsMember" xlink:label="tse-qcedjpfr-99460_OverseasReportableSegmentsMember" />
    <link:labelArc xlink:type="arc" xlink:from="jppfs_cor_BuildingsAndStructuresNet" xlink:to="jppfs_cor_BuildingsAndStructuresNet_label" xlink:arcrole="http://www.xbrl.org/2003/arcrole/concept-label" order="1" />
    <link:labelArc xlink:type="arc" xlink:from="jppfs_cor_MachineryEquipmentAndVehiclesNet" xlink:to="jppfs_cor_MachineryEquipmentAndVehiclesNet_label" xlink:arcrole="http://www.xbrl.org/2003/arcrole/concept-label" order="1" />
    <link:labelArc xlink:type="arc" xlink:from="tse-qcedjpfr-99460_DomesticReportableSegmentsMember" xlink:to="tse-qcedjpfr-99460_DomesticReportableSegmentsMember_label" xlink:arcrole="http://www.xbrl.org/2003/arcrole/concept-label" order="1" />
    <link:labelArc xlink:type="arc" xlink:from="tse-qcedjpfr-99460_DomesticReportableSegmentsMember" xlink:to="tse-qcedjpfr-99460_DomesticReportableSegmentsMember_label_1" xlink:arcrole="http://www.xbrl.org/2003/arcrole/concept-label" order="1" />
    <link:labelArc xlink:type="arc" xlink:from="tse-qcedjpfr-99460_FurnitureAndFixturesNet" xlink:to="tse-qcedjpfr-99460_FurnitureAndFixturesNet_label" xlink:arcrole="http://www.xbrl.org/2003/arcrole/concept-label" order="1" />
    <link:labelArc xlink:type="arc" xlink:from="tse-qcedjpfr-99460_FurnitureAndFixturesNet" xlink:to="tse-qcedjpfr-99460_FurnitureAndFixturesNet_label_1" xlink:arcrole="http://www.xbrl.org/2003/arcrole/concept-label" order="1" />
    <link:labelArc xlink:type="arc" xlink:from="tse-qcedjpfr-99460_FurnitureAndFixturesNet" xlink:to="tse-qcedjpfr-99460_FurnitureAndFixturesNet_label_2" xlink:arcrole="http://www.xbrl.org/2003/arcrole/concept-label" order="1" />
    <link:labelArc xlink:type="arc" xlink:from="tse-qcedjpfr-99460_GrossOperatingRevenueDisclosureOfSalesAndProfitLossForEachReportableSegment" xlink:to="tse-qcedjpfr-99460_GrossOperatingRevenueDisclosureOfSalesAndProfitLossForEachReportableSegment_label" xlink:arcrole="http://www.xbrl.org/2003/arcrole/concept-label" order="1" />
    <link:labelArc xlink:type="arc" xlink:from="tse-qcedjpfr-99460_GrossOperatingRevenueDisclosureOfSalesAndProfitLossForEachReportableSegment" xlink:to="tse-qcedjpfr-99460_GrossOperatingRevenueDisclosureOfSalesAndProfitLossForEachReportableSegment_label_1" xlink:arcrole="http://www.xbrl.org/2003/arcrole/concept-label" order="1" />
    <link:labelArc xlink:type="arc" xlink:from="tse-qcedjpfr-99460_OverseasReportableSegmentsMember" xlink:to="tse-qcedjpfr-99460_OverseasReportableSegmentsMember_label" xlink:arcrole="http://www.xbrl.org/2003/arcrole/concept-label" order="1" />
    <link:labelArc xlink:type="arc" xlink:from="tse-qcedjpfr-99460_OverseasReportableSegmentsMember" xlink:to="tse-qcedjpfr-99460_OverseasReportableSegmentsMember_label_1" xlink:arcrole="http://www.xbrl.org/2003/arcrole/concept-label" order="1" />
  </link:labelLink>
</link:linkbase>