﻿<?xml version="1.0" encoding="utf-8"?>
<!-- XBRL Document Created with WizLabo Platform -->
<link:linkbase xmlns:xlink="http://www.w3.org/1999/xlink" xmlns:xsi="http://www.w3.org/2001/XMLSchema-instance" xmlns:link="http://www.xbrl.org/2003/linkbase">
  <link:labelLink xlink:type="extended" xlink:role="http://www.xbrl.org/2003/role/link">
    <link:label xml:lang="en" xlink:type="resource" xlink:label="tse-qcedjpfr-82760_CompensationExpenseNOE_label" xlink:role="http://www.xbrl.org/2003/role/label">Compensation expense</link:label>
    <link:label xml:lang="en" xlink:type="resource" xlink:label="tse-qcedjpfr-82760_CompensationExpenseNOE_label_1" xlink:role="http://www.xbrl.org/2003/role/verboseLabel">Compensation expense-NOE</link:label>
    <link:label xml:lang="en" xlink:type="resource" xlink:label="tse-qcedjpfr-82760_ProvisionForLossOnShopCloseCL_label" xlink:role="http://www.xbrl.org/2003/role/label">Provision for loss on shop close</link:label>
    <link:label xml:lang="en" xlink:type="resource" xlink:label="tse-qcedjpfr-82760_ProvisionForLossOnShopCloseCL_label_1" xlink:role="http://www.xbrl.org/2003/role/verboseLabel">Provision for loss on shop close-CL</link:label>
    <link:label xml:lang="en" xlink:type="resource" xlink:label="tse-qcedjpfr-82760_ProvisionForLossOnStoresClosingEL_label_1" xlink:role="http://www.xbrl.org/2003/role/label">Provision for loss on stores closing</link:label>
    <link:label xml:lang="en" xlink:type="resource" xlink:label="tse-qcedjpfr-82760_ProvisionForLossOnStoresClosingEL_label_2" xlink:role="http://www.xbrl.org/2003/role/verboseLabel">Provision for loss on stores closing-EL</link:label>
    <link:label xml:lang="en" xlink:type="resource" xlink:label="tse-qcedjpfr-82760_ProvisionForLossOnStoresClosingEL_label" xlink:role="http://www.xbrl.org/2003/role/documentation">Provision for loss on stores closing-EL</link:label>
    <link:label xml:lang="en" xlink:type="resource" xlink:label="tse-qcedjpfr-82760_ReceiptSubsidyNOI_label_1" xlink:role="http://www.xbrl.org/2003/role/label">Receipt subsidy</link:label>
    <link:label xml:lang="en" xlink:type="resource" xlink:label="tse-qcedjpfr-82760_ReceiptSubsidyNOI_label_2" xlink:role="http://www.xbrl.org/2003/role/verboseLabel">Receipt subsidy-NOI</link:label>
    <link:label xml:lang="en" xlink:type="resource" xlink:label="tse-qcedjpfr-82760_ReceiptSubsidyNOI_label" xlink:role="http://www.xbrl.org/2003/role/documentation">Receipt subsidy-NOI</link:label>
    <link:label xml:lang="en" xlink:type="resource" xlink:label="tse-qcedjpfr-82760_RefundLiabilitiesCL_label" xlink:role="http://www.xbrl.org/2003/role/label">Refund liabilities</link:label>
    <link:label xml:lang="en" xlink:type="resource" xlink:label="tse-qcedjpfr-82760_RefundLiabilitiesCL_label_1" xlink:role="http://www.xbrl.org/2003/role/verboseLabel">Refund liabilities-CL</link:label>
    <link:label xml:lang="en" xlink:type="resource" xlink:label="tse-qcedjpfr-82760_RetailRelatedReportableSegmentsMember_label" xlink:role="http://www.xbrl.org/2003/role/label">Retail related</link:label>
    <link:label xml:lang="en" xlink:type="resource" xlink:label="tse-qcedjpfr-82760_RetailRelatedReportableSegmentsMember_label_1" xlink:role="http://www.xbrl.org/2003/role/verboseLabel">Retail related, Reportable segments[member]</link:label>
    <link:label xml:lang="en" xlink:type="resource" xlink:label="tse-qcedjpfr-82760_RetailReportableSegmentsMember_label" xlink:role="http://www.xbrl.org/2003/role/label">Retail</link:label>
    <link:label xml:lang="en" xlink:type="resource" xlink:label="tse-qcedjpfr-82760_RetailReportableSegmentsMember_label_1" xlink:role="http://www.xbrl.org/2003/role/verboseLabel">Retail, Reportable segments[member]</link:label>
    <link:loc xlink:type="locator" xlink:href="tse-qcedjpfr-82760-2025-11-20-01-2025-12-25.xsd#tse-qcedjpfr-82760_CompensationExpenseNOE" xlink:label="tse-qcedjpfr-82760_CompensationExpenseNOE" />
    <link:loc xlink:type="locator" xlink:href="tse-qcedjpfr-82760-2025-11-20-01-2025-12-25.xsd#tse-qcedjpfr-82760_ProvisionForLossOnShopCloseCL" xlink:label="tse-qcedjpfr-82760_ProvisionForLossOnShopCloseCL" />
    <link:loc xlink:type="locator" xlink:href="tse-qcedjpfr-82760-2025-11-20-01-2025-12-25.xsd#tse-qcedjpfr-82760_ProvisionForLossOnStoresClosingEL" xlink:label="tse-qcedjpfr-82760_ProvisionForLossOnStoresClosingEL" />
    <link:loc xlink:type="locator" xlink:href="tse-qcedjpfr-82760-2025-11-20-01-2025-12-25.xsd#tse-qcedjpfr-82760_ReceiptSubsidyNOI" xlink:label="tse-qcedjpfr-82760_ReceiptSubsidyNOI" />
    <link:loc xlink:type="locator" xlink:href="tse-qcedjpfr-82760-2025-11-20-01-2025-12-25.xsd#tse-qcedjpfr-82760_RefundLiabilitiesCL" xlink:label="tse-qcedjpfr-82760_RefundLiabilitiesCL" />
    <link:loc xlink:type="locator" xlink:href="tse-qcedjpfr-82760-2025-11-20-01-2025-12-25.xsd#tse-qcedjpfr-82760_RetailRelatedReportableSegmentsMember" xlink:label="tse-qcedjpfr-82760_RetailRelatedReportableSegmentsMember" />
    <link:loc xlink:type="locator" xlink:href="tse-qcedjpfr-82760-2025-11-20-01-2025-12-25.xsd#tse-qcedjpfr-82760_RetailReportableSegmentsMember" xlink:label="tse-qcedjpfr-82760_RetailReportableSegmentsMember" />
    <link:labelArc xlink:type="arc" xlink:from="tse-qcedjpfr-82760_CompensationExpenseNOE" xlink:to="tse-qcedjpfr-82760_CompensationExpenseNOE_label" xlink:arcrole="http://www.xbrl.org/2003/arcrole/concept-label" order="1" />
    <link:labelArc xlink:type="arc" xlink:from="tse-qcedjpfr-82760_CompensationExpenseNOE" xlink:to="tse-qcedjpfr-82760_CompensationExpenseNOE_label_1" xlink:arcrole="http://www.xbrl.org/2003/arcrole/concept-label" order="1" />
    <link:labelArc xlink:type="arc" xlink:from="tse-qcedjpfr-82760_ProvisionForLossOnShopCloseCL" xlink:to="tse-qcedjpfr-82760_ProvisionForLossOnShopCloseCL_label" xlink:arcrole="http://www.xbrl.org/2003/arcrole/concept-label" order="1" />
    <link:labelArc xlink:type="arc" xlink:from="tse-qcedjpfr-82760_ProvisionForLossOnShopCloseCL" xlink:to="tse-qcedjpfr-82760_ProvisionForLossOnShopCloseCL_label_1" xlink:arcrole="http://www.xbrl.org/2003/arcrole/concept-label" order="1" />
    <link:labelArc xlink:type="arc" xlink:from="tse-qcedjpfr-82760_ProvisionForLossOnStoresClosingEL" xlink:to="tse-qcedjpfr-82760_ProvisionForLossOnStoresClosingEL_label" xlink:arcrole="http://www.xbrl.org/2003/arcrole/concept-label" order="1" />
    <link:labelArc xlink:type="arc" xlink:from="tse-qcedjpfr-82760_ProvisionForLossOnStoresClosingEL" xlink:to="tse-qcedjpfr-82760_ProvisionForLossOnStoresClosingEL_label_1" xlink:arcrole="http://www.xbrl.org/2003/arcrole/concept-label" order="1" />
    <link:labelArc xlink:type="arc" xlink:from="tse-qcedjpfr-82760_ProvisionForLossOnStoresClosingEL" xlink:to="tse-qcedjpfr-82760_ProvisionForLossOnStoresClosingEL_label_2" xlink:arcrole="http://www.xbrl.org/2003/arcrole/concept-label" order="1" />
    <link:labelArc xlink:type="arc" xlink:from="tse-qcedjpfr-82760_ReceiptSubsidyNOI" xlink:to="tse-qcedjpfr-82760_ReceiptSubsidyNOI_label" xlink:arcrole="http://www.xbrl.org/2003/arcrole/concept-label" order="1" />
    <link:labelArc xlink:type="arc" xlink:from="tse-qcedjpfr-82760_ReceiptSubsidyNOI" xlink:to="tse-qcedjpfr-82760_ReceiptSubsidyNOI_label_1" xlink:arcrole="http://www.xbrl.org/2003/arcrole/concept-label" order="1" />
    <link:labelArc xlink:type="arc" xlink:from="tse-qcedjpfr-82760_ReceiptSubsidyNOI" xlink:to="tse-qcedjpfr-82760_ReceiptSubsidyNOI_label_2" xlink:arcrole="http://www.xbrl.org/2003/arcrole/concept-label" order="1" />
    <link:labelArc xlink:type="arc" xlink:from="tse-qcedjpfr-82760_RefundLiabilitiesCL" xlink:to="tse-qcedjpfr-82760_RefundLiabilitiesCL_label" xlink:arcrole="http://www.xbrl.org/2003/arcrole/concept-label" order="1" />
    <link:labelArc xlink:type="arc" xlink:from="tse-qcedjpfr-82760_RefundLiabilitiesCL" xlink:to="tse-qcedjpfr-82760_RefundLiabilitiesCL_label_1" xlink:arcrole="http://www.xbrl.org/2003/arcrole/concept-label" order="1" />
    <link:labelArc xlink:type="arc" xlink:from="tse-qcedjpfr-82760_RetailRelatedReportableSegmentsMember" xlink:to="tse-qcedjpfr-82760_RetailRelatedReportableSegmentsMember_label" xlink:arcrole="http://www.xbrl.org/2003/arcrole/concept-label" order="1" />
    <link:labelArc xlink:type="arc" xlink:from="tse-qcedjpfr-82760_RetailRelatedReportableSegmentsMember" xlink:to="tse-qcedjpfr-82760_RetailRelatedReportableSegmentsMember_label_1" xlink:arcrole="http://www.xbrl.org/2003/arcrole/concept-label" order="1" />
    <link:labelArc xlink:type="arc" xlink:from="tse-qcedjpfr-82760_RetailReportableSegmentsMember" xlink:to="tse-qcedjpfr-82760_RetailReportableSegmentsMember_label" xlink:arcrole="http://www.xbrl.org/2003/arcrole/concept-label" order="1" />
    <link:labelArc xlink:type="arc" xlink:from="tse-qcedjpfr-82760_RetailReportableSegmentsMember" xlink:to="tse-qcedjpfr-82760_RetailReportableSegmentsMember_label_1" xlink:arcrole="http://www.xbrl.org/2003/arcrole/concept-label" order="1" />
  </link:labelLink>
</link:linkbase>