<?xml version="1.0" encoding="utf-8"?>
<!-- Generated by PRONEXUS WORKS --><link:linkbase xmlns:link="http://www.xbrl.org/2003/linkbase" xmlns:xsi="http://www.w3.org/2001/XMLSchema-instance" xmlns:xbrli="http://www.xbrl.org/2003/instance" xmlns:xlink="http://www.w3.org/1999/xlink">  <link:labelLink xlink:type="extended" xlink:role="http://www.xbrl.org/2003/role/link">    <link:loc xlink:type="locator" xlink:href="tse-qcedjpfr-89040-2025-11-30-01-2026-01-13.xsd#tse-qcedjpfr-89040_NotesReceivableAccountsReceivableFromCompletedConstructionContractsAndOtherContractAssetsCACNS" xlink:label="NotesReceivableAccountsReceivableFromCompletedConstructionContractsAndOtherContractAssetsCACNS" />    <link:loc xlink:type="locator" xlink:href="tse-qcedjpfr-89040-2025-11-30-01-2026-01-13.xsd#tse-qcedjpfr-89040_RefundedRealEstateAcquisitionTaxNOI" xlink:label="RefundedRealEstateAcquisitionTaxNOI" />    <link:loc xlink:type="locator" xlink:href="tse-qcedjpfr-89040-2025-11-30-01-2026-01-13.xsd#tse-qcedjpfr-89040_GainOnDifferencesBetweenTheAssetRetirementObligationBalanceAndTheActualRetirementCostsEL" xlink:label="GainOnDifferencesBetweenTheAssetRetirementObligationBalanceAndTheActualRetirementCostsEL" />    <link:loc xlink:type="locator" xlink:href="tse-qcedjpfr-89040-2025-11-30-01-2026-01-13.xsd#tse-qcedjpfr-89040_RealEstateDistributionBusinessReportableSegmentsMember" xlink:label="RealEstateDistributionBusinessReportableSegmentsMember" />    <link:loc xlink:type="locator" xlink:href="tse-qcedjpfr-89040-2025-11-30-01-2026-01-13.xsd#tse-qcedjpfr-89040_ContractingBusinessReportableSegmentsMember" xlink:label="ContractingBusinessReportableSegmentsMember" />    <link:loc xlink:type="locator" xlink:href="tse-qcedjpfr-89040-2025-11-30-01-2026-01-13.xsd#tse-qcedjpfr-89040_ResidentialDevelopmentBusinessReportableSegmentsMember" xlink:label="ResidentialDevelopmentBusinessReportableSegmentsMember" />    <link:label xlink:type="resource" xlink:label="label_NotesReceivableAccountsReceivableFromCompletedConstructionContractsAndOtherContractAssetsCACNS" xml:lang="en" xlink:role="http://www.xbrl.org/2003/role/label" id="label_NotesReceivableAccountsReceivableFromCompletedConstructionContractsAndOtherContractAssetsCACNS">Notes receivable, accounts receivable from completed construction contracts and other, contract assets</link:label>    <link:labelArc xlink:type="arc" xlink:arcrole="http://www.xbrl.org/2003/arcrole/concept-label" xlink:from="NotesReceivableAccountsReceivableFromCompletedConstructionContractsAndOtherContractAssetsCACNS" xlink:to="label_NotesReceivableAccountsReceivableFromCompletedConstructionContractsAndOtherContractAssetsCACNS" />    <link:label xlink:type="resource" xlink:label="label_NotesReceivableAccountsReceivableFromCompletedConstructionContractsAndOtherContractAssetsCACNS_2" xml:lang="en" xlink:role="http://www.xbrl.org/2003/role/verboseLabel" id="label_NotesReceivableAccountsReceivableFromCompletedConstructionContractsAndOtherContractAssetsCACNS_2">Notes receivable, accounts receivable from completed construction contracts and other, contract assets-CA-CNS</link:label>    <link:labelArc xlink:type="arc" xlink:arcrole="http://www.xbrl.org/2003/arcrole/concept-label" xlink:from="NotesReceivableAccountsReceivableFromCompletedConstructionContractsAndOtherContractAssetsCACNS" xlink:to="label_NotesReceivableAccountsReceivableFromCompletedConstructionContractsAndOtherContractAssetsCACNS_2" />    <link:label xlink:type="resource" xlink:label="label_RefundedRealEstateAcquisitionTaxNOI" xml:lang="en" xlink:role="http://www.xbrl.org/2003/role/label" id="label_RefundedRealEstateAcquisitionTaxNOI">RefundedRealEstateAcquisitionTax</link:label>    <link:labelArc xlink:type="arc" xlink:arcrole="http://www.xbrl.org/2003/arcrole/concept-label" xlink:from="RefundedRealEstateAcquisitionTaxNOI" xlink:to="label_RefundedRealEstateAcquisitionTaxNOI" />    <link:label xlink:type="resource" xlink:label="label_RefundedRealEstateAcquisitionTaxNOI_2" xml:lang="en" xlink:role="http://www.xbrl.org/2003/role/verboseLabel" id="label_RefundedRealEstateAcquisitionTaxNOI_2">RefundedRealEstateAcquisitionTax-NOI</link:label>    <link:labelArc xlink:type="arc" xlink:arcrole="http://www.xbrl.org/2003/arcrole/concept-label" xlink:from="RefundedRealEstateAcquisitionTaxNOI" xlink:to="label_RefundedRealEstateAcquisitionTaxNOI_2" />    <link:label xlink:type="resource" xlink:label="label_GainOnDifferencesBetweenTheAssetRetirementObligationBalanceAndTheActualRetirementCostsEL_2" xml:lang="en" xlink:role="http://www.xbrl.org/2003/role/label" id="label_GainOnDifferencesBetweenTheAssetRetirementObligationBalanceAndTheActualRetirementCostsEL_2">gain on differences between the asset retirement obligation balance and the actual retirement costs</link:label>    <link:labelArc xlink:type="arc" xlink:arcrole="http://www.xbrl.org/2003/arcrole/concept-label" xlink:from="GainOnDifferencesBetweenTheAssetRetirementObligationBalanceAndTheActualRetirementCostsEL" xlink:to="label_GainOnDifferencesBetweenTheAssetRetirementObligationBalanceAndTheActualRetirementCostsEL_2" />    <link:label xlink:type="resource" xlink:label="label_GainOnDifferencesBetweenTheAssetRetirementObligationBalanceAndTheActualRetirementCostsEL" xml:lang="en" xlink:role="http://www.xbrl.org/2003/role/verboseLabel" id="label_GainOnDifferencesBetweenTheAssetRetirementObligationBalanceAndTheActualRetirementCostsEL">gain on differences between the asset retirement obligation balance and the actual retirement costs -EL</link:label>    <link:labelArc xlink:type="arc" xlink:arcrole="http://www.xbrl.org/2003/arcrole/concept-label" xlink:from="GainOnDifferencesBetweenTheAssetRetirementObligationBalanceAndTheActualRetirementCostsEL" xlink:to="label_GainOnDifferencesBetweenTheAssetRetirementObligationBalanceAndTheActualRetirementCostsEL" />    <link:label xlink:type="resource" xlink:label="label_ResidentialDevelopmentBusinessReportableSegmentsMember" xml:lang="en" xlink:role="http://www.xbrl.org/2003/role/label" id="label_ResidentialDevelopmentBusinessReportableSegmentsMember">Residential development business</link:label>    <link:labelArc xlink:type="arc" xlink:arcrole="http://www.xbrl.org/2003/arcrole/concept-label" xlink:from="ResidentialDevelopmentBusinessReportableSegmentsMember" xlink:to="label_ResidentialDevelopmentBusinessReportableSegmentsMember" />    <link:label xlink:type="resource" xlink:label="label_ResidentialDevelopmentBusinessReportableSegmentsMember_2" xml:lang="en" xlink:role="http://www.xbrl.org/2003/role/verboseLabel" id="label_ResidentialDevelopmentBusinessReportableSegmentsMember_2">Residential development business, Reportable segments [member]</link:label>    <link:labelArc xlink:type="arc" xlink:arcrole="http://www.xbrl.org/2003/arcrole/concept-label" xlink:from="ResidentialDevelopmentBusinessReportableSegmentsMember" xlink:to="label_ResidentialDevelopmentBusinessReportableSegmentsMember_2" />    <link:label xlink:type="resource" xlink:label="label_ContractingBusinessReportableSegmentsMember" xml:lang="en" xlink:role="http://www.xbrl.org/2003/role/label" id="label_ContractingBusinessReportableSegmentsMember">Contracting business</link:label>    <link:labelArc xlink:type="arc" xlink:arcrole="http://www.xbrl.org/2003/arcrole/concept-label" xlink:from="ContractingBusinessReportableSegmentsMember" xlink:to="label_ContractingBusinessReportableSegmentsMember" />    <link:label xlink:type="resource" xlink:label="label_ContractingBusinessReportableSegmentsMember_2" xml:lang="en" xlink:role="http://www.xbrl.org/2003/role/verboseLabel" id="label_ContractingBusinessReportableSegmentsMember_2">Contracting business, Reportable segments [member]</link:label>    <link:labelArc xlink:type="arc" xlink:arcrole="http://www.xbrl.org/2003/arcrole/concept-label" xlink:from="ContractingBusinessReportableSegmentsMember" xlink:to="label_ContractingBusinessReportableSegmentsMember_2" />    <link:label xlink:type="resource" xlink:label="label_RealEstateDistributionBusinessReportableSegmentsMember_2" xml:lang="en" xlink:role="http://www.xbrl.org/2003/role/label" id="label_RealEstateDistributionBusinessReportableSegmentsMember_2">Real estate distribution business</link:label>    <link:labelArc xlink:type="arc" xlink:arcrole="http://www.xbrl.org/2003/arcrole/concept-label" xlink:from="RealEstateDistributionBusinessReportableSegmentsMember" xlink:to="label_RealEstateDistributionBusinessReportableSegmentsMember_2" />    <link:label xlink:type="resource" xlink:label="label_RealEstateDistributionBusinessReportableSegmentsMember" xml:lang="en" xlink:role="http://www.xbrl.org/2003/role/verboseLabel" id="label_RealEstateDistributionBusinessReportableSegmentsMember">Real estate distribution business, Reportable segments [member]</link:label>    <link:labelArc xlink:type="arc" xlink:arcrole="http://www.xbrl.org/2003/arcrole/concept-label" xlink:from="RealEstateDistributionBusinessReportableSegmentsMember" xlink:to="label_RealEstateDistributionBusinessReportableSegmentsMember" />  </link:labelLink></link:linkbase>