﻿<?xml version="1.0" encoding="utf-8"?>
<!-- XBRL Document Created with WizLabo Platform -->
<link:linkbase xmlns:xlink="http://www.w3.org/1999/xlink" xmlns:xsi="http://www.w3.org/2001/XMLSchema-instance" xmlns:link="http://www.xbrl.org/2003/linkbase">
  <link:labelLink xlink:type="extended" xlink:role="http://www.xbrl.org/2003/role/link">
    <link:label xml:lang="ja" xlink:type="resource" xlink:label="tse-qcedjpfr-62240_AccountsPayableForConstructionContractsCL_label" xlink:role="http://www.xbrl.org/2003/role/label">工事未払金</link:label>
    <link:label xml:lang="ja" xlink:type="resource" xlink:label="tse-qcedjpfr-62240_AccountsPayableForConstructionContractsCL_label_1" xlink:role="http://www.xbrl.org/2003/role/verboseLabel">工事未払金、流動負債</link:label>
    <link:label xml:lang="ja" xlink:type="resource" xlink:label="tse-qcedjpfr-62240_AccountsReceivableFromCompletedConstructionContractsCA_label" xlink:role="http://www.xbrl.org/2003/role/label">完成工事未収入金</link:label>
    <link:label xml:lang="ja" xlink:type="resource" xlink:label="tse-qcedjpfr-62240_AccountsReceivableFromCompletedConstructionContractsCA_label_1" xlink:role="http://www.xbrl.org/2003/role/verboseLabel">完成工事未収入金、流動資産</link:label>
    <link:label xml:lang="ja" xlink:type="resource" xlink:label="tse-qcedjpfr-62240_AdvancesReceivedOnUncompletedConstructionContractsCL_label" xlink:role="http://www.xbrl.org/2003/role/label">未成工事受入金</link:label>
    <link:label xml:lang="ja" xlink:type="resource" xlink:label="tse-qcedjpfr-62240_AdvancesReceivedOnUncompletedConstructionContractsCL_label_1" xlink:role="http://www.xbrl.org/2003/role/verboseLabel">未成工事受入金、流動負債</link:label>
    <link:label xml:lang="ja" xlink:type="resource" xlink:label="tse-qcedjpfr-62240_ConveyorBusinessReportableSegmentMember_label" xlink:role="http://www.xbrl.org/2003/role/label">コンベヤ事業</link:label>
    <link:label xml:lang="ja" xlink:type="resource" xlink:label="tse-qcedjpfr-62240_ConveyorBusinessReportableSegmentMember_label_1" xlink:role="http://www.xbrl.org/2003/role/verboseLabel">コンベヤ事業、報告セグメント [メンバー]</link:label>
    <link:label xml:lang="ja" xlink:type="resource" xlink:label="tse-qcedjpfr-62240_CostsOnConstructionContractsInProgressCA_label" xlink:role="http://www.xbrl.org/2003/role/label">未成工事支出金</link:label>
    <link:label xml:lang="ja" xlink:type="resource" xlink:label="tse-qcedjpfr-62240_CostsOnConstructionContractsInProgressCA_label_1" xlink:role="http://www.xbrl.org/2003/role/verboseLabel">未成工事支出金、流動資産</link:label>
    <link:label xml:lang="ja" xlink:type="resource" xlink:label="tse-qcedjpfr-62240_EnvironmentalPlantsReportableSegmentMember_label" xlink:role="http://www.xbrl.org/2003/role/label">環境プラント事業</link:label>
    <link:label xml:lang="ja" xlink:type="resource" xlink:label="tse-qcedjpfr-62240_EnvironmentalPlantsReportableSegmentMember_label_1" xlink:role="http://www.xbrl.org/2003/role/verboseLabel">環境プラント事業、報告セグメント [メンバー]</link:label>
    <link:label xml:lang="ja" xlink:type="resource" xlink:label="tse-qcedjpfr-62240_RobotSIBusinessReportableSegmentMember_label" xlink:role="http://www.xbrl.org/2003/role/label">ロボットSI事業</link:label>
    <link:label xml:lang="ja" xlink:type="resource" xlink:label="tse-qcedjpfr-62240_RobotSIBusinessReportableSegmentMember_label_1" xlink:role="http://www.xbrl.org/2003/role/verboseLabel">ロボットSI事業、報告セグメント [メンバー]</link:label>
    <link:loc xlink:type="locator" xlink:href="tse-qcedjpfr-62240-2025-11-30-01-2026-01-14.xsd#tse-qcedjpfr-62240_AccountsPayableForConstructionContractsCL" xlink:label="tse-qcedjpfr-62240_AccountsPayableForConstructionContractsCL" />
    <link:loc xlink:type="locator" xlink:href="tse-qcedjpfr-62240-2025-11-30-01-2026-01-14.xsd#tse-qcedjpfr-62240_AccountsReceivableFromCompletedConstructionContractsCA" xlink:label="tse-qcedjpfr-62240_AccountsReceivableFromCompletedConstructionContractsCA" />
    <link:loc xlink:type="locator" xlink:href="tse-qcedjpfr-62240-2025-11-30-01-2026-01-14.xsd#tse-qcedjpfr-62240_AdvancesReceivedOnUncompletedConstructionContractsCL" xlink:label="tse-qcedjpfr-62240_AdvancesReceivedOnUncompletedConstructionContractsCL" />
    <link:loc xlink:type="locator" xlink:href="tse-qcedjpfr-62240-2025-11-30-01-2026-01-14.xsd#tse-qcedjpfr-62240_ConveyorBusinessReportableSegmentMember" xlink:label="tse-qcedjpfr-62240_ConveyorBusinessReportableSegmentMember" />
    <link:loc xlink:type="locator" xlink:href="tse-qcedjpfr-62240-2025-11-30-01-2026-01-14.xsd#tse-qcedjpfr-62240_CostsOnConstructionContractsInProgressCA" xlink:label="tse-qcedjpfr-62240_CostsOnConstructionContractsInProgressCA" />
    <link:loc xlink:type="locator" xlink:href="tse-qcedjpfr-62240-2025-11-30-01-2026-01-14.xsd#tse-qcedjpfr-62240_EnvironmentalPlantsReportableSegmentMember" xlink:label="tse-qcedjpfr-62240_EnvironmentalPlantsReportableSegmentMember" />
    <link:loc xlink:type="locator" xlink:href="tse-qcedjpfr-62240-2025-11-30-01-2026-01-14.xsd#tse-qcedjpfr-62240_RobotSIBusinessReportableSegmentMember" xlink:label="tse-qcedjpfr-62240_RobotSIBusinessReportableSegmentMember" />
    <link:labelArc xlink:type="arc" xlink:from="tse-qcedjpfr-62240_AccountsPayableForConstructionContractsCL" xlink:to="tse-qcedjpfr-62240_AccountsPayableForConstructionContractsCL_label" xlink:arcrole="http://www.xbrl.org/2003/arcrole/concept-label" order="1" />
    <link:labelArc xlink:type="arc" xlink:from="tse-qcedjpfr-62240_AccountsPayableForConstructionContractsCL" xlink:to="tse-qcedjpfr-62240_AccountsPayableForConstructionContractsCL_label_1" xlink:arcrole="http://www.xbrl.org/2003/arcrole/concept-label" order="1" />
    <link:labelArc xlink:type="arc" xlink:from="tse-qcedjpfr-62240_AccountsReceivableFromCompletedConstructionContractsCA" xlink:to="tse-qcedjpfr-62240_AccountsReceivableFromCompletedConstructionContractsCA_label" xlink:arcrole="http://www.xbrl.org/2003/arcrole/concept-label" order="1" />
    <link:labelArc xlink:type="arc" xlink:from="tse-qcedjpfr-62240_AccountsReceivableFromCompletedConstructionContractsCA" xlink:to="tse-qcedjpfr-62240_AccountsReceivableFromCompletedConstructionContractsCA_label_1" xlink:arcrole="http://www.xbrl.org/2003/arcrole/concept-label" order="1" />
    <link:labelArc xlink:type="arc" xlink:from="tse-qcedjpfr-62240_AdvancesReceivedOnUncompletedConstructionContractsCL" xlink:to="tse-qcedjpfr-62240_AdvancesReceivedOnUncompletedConstructionContractsCL_label" xlink:arcrole="http://www.xbrl.org/2003/arcrole/concept-label" order="1" />
    <link:labelArc xlink:type="arc" xlink:from="tse-qcedjpfr-62240_AdvancesReceivedOnUncompletedConstructionContractsCL" xlink:to="tse-qcedjpfr-62240_AdvancesReceivedOnUncompletedConstructionContractsCL_label_1" xlink:arcrole="http://www.xbrl.org/2003/arcrole/concept-label" order="1" />
    <link:labelArc xlink:type="arc" xlink:from="tse-qcedjpfr-62240_ConveyorBusinessReportableSegmentMember" xlink:to="tse-qcedjpfr-62240_ConveyorBusinessReportableSegmentMember_label" xlink:arcrole="http://www.xbrl.org/2003/arcrole/concept-label" order="1" />
    <link:labelArc xlink:type="arc" xlink:from="tse-qcedjpfr-62240_ConveyorBusinessReportableSegmentMember" xlink:to="tse-qcedjpfr-62240_ConveyorBusinessReportableSegmentMember_label_1" xlink:arcrole="http://www.xbrl.org/2003/arcrole/concept-label" order="1" />
    <link:labelArc xlink:type="arc" xlink:from="tse-qcedjpfr-62240_CostsOnConstructionContractsInProgressCA" xlink:to="tse-qcedjpfr-62240_CostsOnConstructionContractsInProgressCA_label" xlink:arcrole="http://www.xbrl.org/2003/arcrole/concept-label" order="1" />
    <link:labelArc xlink:type="arc" xlink:from="tse-qcedjpfr-62240_CostsOnConstructionContractsInProgressCA" xlink:to="tse-qcedjpfr-62240_CostsOnConstructionContractsInProgressCA_label_1" xlink:arcrole="http://www.xbrl.org/2003/arcrole/concept-label" order="1" />
    <link:labelArc xlink:type="arc" xlink:from="tse-qcedjpfr-62240_EnvironmentalPlantsReportableSegmentMember" xlink:to="tse-qcedjpfr-62240_EnvironmentalPlantsReportableSegmentMember_label" xlink:arcrole="http://www.xbrl.org/2003/arcrole/concept-label" order="1" />
    <link:labelArc xlink:type="arc" xlink:from="tse-qcedjpfr-62240_EnvironmentalPlantsReportableSegmentMember" xlink:to="tse-qcedjpfr-62240_EnvironmentalPlantsReportableSegmentMember_label_1" xlink:arcrole="http://www.xbrl.org/2003/arcrole/concept-label" order="1" />
    <link:labelArc xlink:type="arc" xlink:from="tse-qcedjpfr-62240_RobotSIBusinessReportableSegmentMember" xlink:to="tse-qcedjpfr-62240_RobotSIBusinessReportableSegmentMember_label" xlink:arcrole="http://www.xbrl.org/2003/arcrole/concept-label" order="1" />
    <link:labelArc xlink:type="arc" xlink:from="tse-qcedjpfr-62240_RobotSIBusinessReportableSegmentMember" xlink:to="tse-qcedjpfr-62240_RobotSIBusinessReportableSegmentMember_label_1" xlink:arcrole="http://www.xbrl.org/2003/arcrole/concept-label" order="1" />
  </link:labelLink>
</link:linkbase>