<?xml version="1.0" encoding="utf-8"?>
<!-- Generated by PRONEXUS WORKS --><link:linkbase xmlns:link="http://www.xbrl.org/2003/linkbase" xmlns:xsi="http://www.w3.org/2001/XMLSchema-instance" xmlns:xbrli="http://www.xbrl.org/2003/instance" xmlns:xlink="http://www.w3.org/1999/xlink">  <link:labelLink xlink:type="extended" xlink:role="http://www.xbrl.org/2003/role/link">    <link:loc xlink:type="locator" xlink:href="tse-qcedjpfr-44980-2025-12-31-01-2026-01-27.xsd#tse-qcedjpfr-44980_ContractLiabilitiesNCL" xlink:label="ContractLiabilitiesNCL" />    <link:label xlink:type="resource" xlink:label="label_ContractLiabilitiesNCL" xml:lang="ja" xlink:role="http://www.xbrl.org/2003/role/label" id="label_ContractLiabilitiesNCL">契約負債</link:label>    <link:labelArc xlink:type="arc" xlink:arcrole="http://www.xbrl.org/2003/arcrole/concept-label" xlink:from="ContractLiabilitiesNCL" xlink:to="label_ContractLiabilitiesNCL" />    <link:label xlink:type="resource" xlink:label="label_ContractLiabilitiesNCL_2" xml:lang="ja" xlink:role="http://www.xbrl.org/2003/role/verboseLabel" id="label_ContractLiabilitiesNCL_2">契約負債、固定負債</link:label>    <link:labelArc xlink:type="arc" xlink:arcrole="http://www.xbrl.org/2003/arcrole/concept-label" xlink:from="ContractLiabilitiesNCL" xlink:to="label_ContractLiabilitiesNCL_2" />  </link:labelLink></link:linkbase>