﻿<?xml version="1.0" encoding="utf-8"?>
<!-- XBRL Document Created with WizLabo Platform -->
<link:linkbase xmlns:xlink="http://www.w3.org/1999/xlink" xmlns:xsi="http://www.w3.org/2001/XMLSchema-instance" xmlns:link="http://www.xbrl.org/2003/linkbase">
  <link:labelLink xlink:type="extended" xlink:role="http://www.xbrl.org/2003/role/link">
    <link:label xml:lang="ja" xlink:type="resource" xlink:label="tse-scedjpfr-59320_AProductRepairReserveFundNCL_label_1" xlink:role="http://www.xbrl.org/2003/role/label">製品改修引当金</link:label>
    <link:label xml:lang="ja" xlink:type="resource" xlink:label="tse-scedjpfr-59320_AProductRepairReserveFundNCL_label_2" xlink:role="http://www.xbrl.org/2003/role/verboseLabel">製品改修引当金、固定負債</link:label>
    <link:label xml:lang="ja" xlink:type="resource" xlink:label="tse-scedjpfr-59320_AProductRepairReserveFundNCL_label" xlink:role="http://www.xbrl.org/2003/role/documentation">製品改修引当金、固定負債</link:label>
    <link:label xml:lang="ja" xlink:type="resource" xlink:label="tse-scedjpfr-59320_BusinessRestructuringExpensesEL_label" xlink:role="http://www.xbrl.org/2003/role/label">事業構造改革費用</link:label>
    <link:label xml:lang="ja" xlink:type="resource" xlink:label="tse-scedjpfr-59320_BusinessRestructuringExpensesEL_label_1" xlink:role="http://www.xbrl.org/2003/role/verboseLabel">事業構造改革費用、特別損失</link:label>
    <link:label xml:lang="ja" xlink:type="resource" xlink:label="tse-scedjpfr-59320_BusinessRestructuringExpensesOpeCF_label" xlink:role="http://www.xbrl.org/2003/role/label">事業構造改革費用</link:label>
    <link:label xml:lang="ja" xlink:type="resource" xlink:label="tse-scedjpfr-59320_BusinessRestructuringExpensesOpeCF_label_1" xlink:role="http://www.xbrl.org/2003/role/verboseLabel">事業構造改革費用、営業活動によるキャッシュ・フロー</link:label>
    <link:label xml:lang="ja" xlink:type="resource" xlink:label="tse-scedjpfr-59320_CommercialFacilityReportableSegmentsMember_label" xlink:role="http://www.xbrl.org/2003/role/label">商業施設事業</link:label>
    <link:label xml:lang="ja" xlink:type="resource" xlink:label="tse-scedjpfr-59320_CommercialFacilityReportableSegmentsMember_label_1" xlink:role="http://www.xbrl.org/2003/role/verboseLabel">商業施設事業、報告セグメント[メンバー]</link:label>
    <link:label xml:lang="ja" xlink:type="resource" xlink:label="tse-scedjpfr-59320_ConstructionMaterialsReportableSegmentsMember_label" xlink:role="http://www.xbrl.org/2003/role/label">建材事業</link:label>
    <link:label xml:lang="ja" xlink:type="resource" xlink:label="tse-scedjpfr-59320_ConstructionMaterialsReportableSegmentsMember_label_1" xlink:role="http://www.xbrl.org/2003/role/verboseLabel">建材事業、報告セグメント[メンバー]</link:label>
    <link:label xml:lang="ja" xlink:type="resource" xlink:label="tse-scedjpfr-59320_IncreaseDecreaseForRetirementBenefitsAssetLiabilityOpeCF_label" xlink:role="http://www.xbrl.org/2003/role/label">退職給付に係る資産負債の増減額</link:label>
    <link:label xml:lang="ja" xlink:type="resource" xlink:label="tse-scedjpfr-59320_IncreaseDecreaseForRetirementBenefitsAssetLiabilityOpeCF_label_1" xlink:role="http://www.xbrl.org/2003/role/verboseLabel">退職給付に係る資産負債の増減額、営業活動によるキャッシュ・フロー</link:label>
    <link:label xml:lang="ja" xlink:type="resource" xlink:label="tse-scedjpfr-59320_IncreaseDecreaseInProvisionForProductRepairOpeCF_label_1" xlink:role="http://www.xbrl.org/2003/role/label">製品改修引当金の増減額（△は減少）</link:label>
    <link:label xml:lang="ja" xlink:type="resource" xlink:label="tse-scedjpfr-59320_IncreaseDecreaseInProvisionForProductRepairOpeCF_label_2" xlink:role="http://www.xbrl.org/2003/role/verboseLabel">製品改修引当金の増減額（△は減少）、営業活動によるキャッシュ・フロー</link:label>
    <link:label xml:lang="ja" xlink:type="resource" xlink:label="tse-scedjpfr-59320_IncreaseDecreaseInProvisionForProductRepairOpeCF_label" xlink:role="http://www.xbrl.org/2003/role/documentation">製品改修引当金の増減額（△は減少）、営業活動によるキャッシュ・フロー</link:label>
    <link:label xml:lang="ja" xlink:type="resource" xlink:label="tse-scedjpfr-59320_InternationalReportableSegmentMember_label" xlink:role="http://www.xbrl.org/2003/role/label">国際事業</link:label>
    <link:label xml:lang="ja" xlink:type="resource" xlink:label="tse-scedjpfr-59320_InternationalReportableSegmentMember_label_1" xlink:role="http://www.xbrl.org/2003/role/verboseLabel">国際事業、報告セグメント [メンバー]</link:label>
    <link:label xml:lang="ja" xlink:type="resource" xlink:label="tse-scedjpfr-59320_MaterialReportableSegmentsMember_label" xlink:role="http://www.xbrl.org/2003/role/label">マテリアル事業</link:label>
    <link:label xml:lang="ja" xlink:type="resource" xlink:label="tse-scedjpfr-59320_MaterialReportableSegmentsMember_label_1" xlink:role="http://www.xbrl.org/2003/role/verboseLabel">マテリアル事業、報告セグメント[メンバー]</link:label>
    <link:loc xlink:type="locator" xlink:href="tse-scedjpfr-59320-2025-11-30-01-2026-01-08.xsd#tse-scedjpfr-59320_AProductRepairReserveFundNCL" xlink:label="tse-scedjpfr-59320_AProductRepairReserveFundNCL" />
    <link:loc xlink:type="locator" xlink:href="tse-scedjpfr-59320-2025-11-30-01-2026-01-08.xsd#tse-scedjpfr-59320_BusinessRestructuringExpensesEL" xlink:label="tse-scedjpfr-59320_BusinessRestructuringExpensesEL" />
    <link:loc xlink:type="locator" xlink:href="tse-scedjpfr-59320-2025-11-30-01-2026-01-08.xsd#tse-scedjpfr-59320_BusinessRestructuringExpensesOpeCF" xlink:label="tse-scedjpfr-59320_BusinessRestructuringExpensesOpeCF" />
    <link:loc xlink:type="locator" xlink:href="tse-scedjpfr-59320-2025-11-30-01-2026-01-08.xsd#tse-scedjpfr-59320_CommercialFacilityReportableSegmentsMember" xlink:label="tse-scedjpfr-59320_CommercialFacilityReportableSegmentsMember" />
    <link:loc xlink:type="locator" xlink:href="tse-scedjpfr-59320-2025-11-30-01-2026-01-08.xsd#tse-scedjpfr-59320_ConstructionMaterialsReportableSegmentsMember" xlink:label="tse-scedjpfr-59320_ConstructionMaterialsReportableSegmentsMember" />
    <link:loc xlink:type="locator" xlink:href="tse-scedjpfr-59320-2025-11-30-01-2026-01-08.xsd#tse-scedjpfr-59320_IncreaseDecreaseForRetirementBenefitsAssetLiabilityOpeCF" xlink:label="tse-scedjpfr-59320_IncreaseDecreaseForRetirementBenefitsAssetLiabilityOpeCF" />
    <link:loc xlink:type="locator" xlink:href="tse-scedjpfr-59320-2025-11-30-01-2026-01-08.xsd#tse-scedjpfr-59320_IncreaseDecreaseInProvisionForProductRepairOpeCF" xlink:label="tse-scedjpfr-59320_IncreaseDecreaseInProvisionForProductRepairOpeCF" />
    <link:loc xlink:type="locator" xlink:href="tse-scedjpfr-59320-2025-11-30-01-2026-01-08.xsd#tse-scedjpfr-59320_InternationalReportableSegmentMember" xlink:label="tse-scedjpfr-59320_InternationalReportableSegmentMember" />
    <link:loc xlink:type="locator" xlink:href="tse-scedjpfr-59320-2025-11-30-01-2026-01-08.xsd#tse-scedjpfr-59320_MaterialReportableSegmentsMember" xlink:label="tse-scedjpfr-59320_MaterialReportableSegmentsMember" />
    <link:labelArc xlink:type="arc" xlink:from="tse-scedjpfr-59320_AProductRepairReserveFundNCL" xlink:to="tse-scedjpfr-59320_AProductRepairReserveFundNCL_label" xlink:arcrole="http://www.xbrl.org/2003/arcrole/concept-label" order="1" />
    <link:labelArc xlink:type="arc" xlink:from="tse-scedjpfr-59320_AProductRepairReserveFundNCL" xlink:to="tse-scedjpfr-59320_AProductRepairReserveFundNCL_label_1" xlink:arcrole="http://www.xbrl.org/2003/arcrole/concept-label" order="1" />
    <link:labelArc xlink:type="arc" xlink:from="tse-scedjpfr-59320_AProductRepairReserveFundNCL" xlink:to="tse-scedjpfr-59320_AProductRepairReserveFundNCL_label_2" xlink:arcrole="http://www.xbrl.org/2003/arcrole/concept-label" order="1" />
    <link:labelArc xlink:type="arc" xlink:from="tse-scedjpfr-59320_BusinessRestructuringExpensesEL" xlink:to="tse-scedjpfr-59320_BusinessRestructuringExpensesEL_label" xlink:arcrole="http://www.xbrl.org/2003/arcrole/concept-label" order="1" />
    <link:labelArc xlink:type="arc" xlink:from="tse-scedjpfr-59320_BusinessRestructuringExpensesEL" xlink:to="tse-scedjpfr-59320_BusinessRestructuringExpensesEL_label_1" xlink:arcrole="http://www.xbrl.org/2003/arcrole/concept-label" order="1" />
    <link:labelArc xlink:type="arc" xlink:from="tse-scedjpfr-59320_BusinessRestructuringExpensesOpeCF" xlink:to="tse-scedjpfr-59320_BusinessRestructuringExpensesOpeCF_label" xlink:arcrole="http://www.xbrl.org/2003/arcrole/concept-label" order="1" />
    <link:labelArc xlink:type="arc" xlink:from="tse-scedjpfr-59320_BusinessRestructuringExpensesOpeCF" xlink:to="tse-scedjpfr-59320_BusinessRestructuringExpensesOpeCF_label_1" xlink:arcrole="http://www.xbrl.org/2003/arcrole/concept-label" order="1" />
    <link:labelArc xlink:type="arc" xlink:from="tse-scedjpfr-59320_CommercialFacilityReportableSegmentsMember" xlink:to="tse-scedjpfr-59320_CommercialFacilityReportableSegmentsMember_label" xlink:arcrole="http://www.xbrl.org/2003/arcrole/concept-label" order="1" />
    <link:labelArc xlink:type="arc" xlink:from="tse-scedjpfr-59320_CommercialFacilityReportableSegmentsMember" xlink:to="tse-scedjpfr-59320_CommercialFacilityReportableSegmentsMember_label_1" xlink:arcrole="http://www.xbrl.org/2003/arcrole/concept-label" order="1" />
    <link:labelArc xlink:type="arc" xlink:from="tse-scedjpfr-59320_ConstructionMaterialsReportableSegmentsMember" xlink:to="tse-scedjpfr-59320_ConstructionMaterialsReportableSegmentsMember_label_1" xlink:arcrole="http://www.xbrl.org/2003/arcrole/concept-label" order="1" />
    <link:labelArc xlink:type="arc" xlink:from="tse-scedjpfr-59320_ConstructionMaterialsReportableSegmentsMember" xlink:to="tse-scedjpfr-59320_ConstructionMaterialsReportableSegmentsMember_label" xlink:arcrole="http://www.xbrl.org/2003/arcrole/concept-label" order="1" />
    <link:labelArc xlink:type="arc" xlink:from="tse-scedjpfr-59320_IncreaseDecreaseForRetirementBenefitsAssetLiabilityOpeCF" xlink:to="tse-scedjpfr-59320_IncreaseDecreaseForRetirementBenefitsAssetLiabilityOpeCF_label" xlink:arcrole="http://www.xbrl.org/2003/arcrole/concept-label" order="1" />
    <link:labelArc xlink:type="arc" xlink:from="tse-scedjpfr-59320_IncreaseDecreaseForRetirementBenefitsAssetLiabilityOpeCF" xlink:to="tse-scedjpfr-59320_IncreaseDecreaseForRetirementBenefitsAssetLiabilityOpeCF_label_1" xlink:arcrole="http://www.xbrl.org/2003/arcrole/concept-label" order="1" />
    <link:labelArc xlink:type="arc" xlink:from="tse-scedjpfr-59320_IncreaseDecreaseInProvisionForProductRepairOpeCF" xlink:to="tse-scedjpfr-59320_IncreaseDecreaseInProvisionForProductRepairOpeCF_label" xlink:arcrole="http://www.xbrl.org/2003/arcrole/concept-label" order="1" />
    <link:labelArc xlink:type="arc" xlink:from="tse-scedjpfr-59320_IncreaseDecreaseInProvisionForProductRepairOpeCF" xlink:to="tse-scedjpfr-59320_IncreaseDecreaseInProvisionForProductRepairOpeCF_label_1" xlink:arcrole="http://www.xbrl.org/2003/arcrole/concept-label" order="1" />
    <link:labelArc xlink:type="arc" xlink:from="tse-scedjpfr-59320_IncreaseDecreaseInProvisionForProductRepairOpeCF" xlink:to="tse-scedjpfr-59320_IncreaseDecreaseInProvisionForProductRepairOpeCF_label_2" xlink:arcrole="http://www.xbrl.org/2003/arcrole/concept-label" order="1" />
    <link:labelArc xlink:type="arc" xlink:from="tse-scedjpfr-59320_InternationalReportableSegmentMember" xlink:to="tse-scedjpfr-59320_InternationalReportableSegmentMember_label" xlink:arcrole="http://www.xbrl.org/2003/arcrole/concept-label" order="1" />
    <link:labelArc xlink:type="arc" xlink:from="tse-scedjpfr-59320_InternationalReportableSegmentMember" xlink:to="tse-scedjpfr-59320_InternationalReportableSegmentMember_label_1" xlink:arcrole="http://www.xbrl.org/2003/arcrole/concept-label" order="1" />
    <link:labelArc xlink:type="arc" xlink:from="tse-scedjpfr-59320_MaterialReportableSegmentsMember" xlink:to="tse-scedjpfr-59320_MaterialReportableSegmentsMember_label" xlink:arcrole="http://www.xbrl.org/2003/arcrole/concept-label" order="1" />
    <link:labelArc xlink:type="arc" xlink:from="tse-scedjpfr-59320_MaterialReportableSegmentsMember" xlink:to="tse-scedjpfr-59320_MaterialReportableSegmentsMember_label_1" xlink:arcrole="http://www.xbrl.org/2003/arcrole/concept-label" order="1" />
  </link:labelLink>
</link:linkbase>