﻿<?xml version="1.0" encoding="utf-8"?>
<!-- XBRL Document Created with WizLabo Platform -->
<link:linkbase xmlns:xlink="http://www.w3.org/1999/xlink" xmlns:xsi="http://www.w3.org/2001/XMLSchema-instance" xmlns:link="http://www.xbrl.org/2003/linkbase">
  <link:roleRef xlink:type="simple" xlink:href="http://disclosure.edinet-fsa.go.jp/taxonomy/jppfs/2024-11-01/jppfs_rt_2024-11-01.xsd#rol_CNSConsolidatedLabel" roleURI="http://disclosure.edinet-fsa.go.jp/jppfs/cns/Consolidated/role/label" />
  <link:labelLink xlink:type="extended" xlink:role="http://www.xbrl.org/2003/role/link">
    <link:label xml:lang="en" xlink:type="resource" xlink:label="jppfs_cor_AdvancesReceivedOnUncompletedConstructionContractsCNS_label" xlink:role="http://disclosure.edinet-fsa.go.jp/jppfs/cns/Consolidated/role/label">Advances received on construction contracts in progress</link:label>
    <link:label xml:lang="en" xlink:type="resource" xlink:label="tse-scedjpfr-14190_EnergyBusinessReportableSegmentsMember_label" xlink:role="http://www.xbrl.org/2003/role/label">Energy business</link:label>
    <link:label xml:lang="en" xlink:type="resource" xlink:label="tse-scedjpfr-14190_EnergyBusinessReportableSegmentsMember_label_1" xlink:role="http://www.xbrl.org/2003/role/verboseLabel">Energy business, Reportable segments [member]</link:label>
    <link:label xml:lang="en" xlink:type="resource" xlink:label="tse-scedjpfr-14190_FinancingReportableSegmentsMember_label" xlink:role="http://www.xbrl.org/2003/role/label">Financing</link:label>
    <link:label xml:lang="en" xlink:type="resource" xlink:label="tse-scedjpfr-14190_FinancingReportableSegmentsMember_label_1" xlink:role="http://www.xbrl.org/2003/role/verboseLabel">Financing, Reportable segments[member]</link:label>
    <link:label xml:lang="en" xlink:type="resource" xlink:label="tse-scedjpfr-14190_GainOnLiquidationOfSubsidiariesAndAssociatesOpeCF_label" xlink:role="http://www.xbrl.org/2003/role/label">Gain on liquidation of subsidiaries and associates</link:label>
    <link:label xml:lang="en" xlink:type="resource" xlink:label="tse-scedjpfr-14190_GainOnLiquidationOfSubsidiariesAndAssociatesOpeCF_label_1" xlink:role="http://www.xbrl.org/2003/role/verboseLabel">Gain on liquidation of subsidiaries and associates-OpeCF</link:label>
    <link:label xml:lang="en" xlink:type="resource" xlink:label="tse-scedjpfr-14190_HousingReportableSegmentsMember_label" xlink:role="http://www.xbrl.org/2003/role/label">Housing</link:label>
    <link:label xml:lang="en" xlink:type="resource" xlink:label="tse-scedjpfr-14190_HousingReportableSegmentsMember_label_1" xlink:role="http://www.xbrl.org/2003/role/verboseLabel">Housing, Reportable segments[member]</link:label>
    <link:label xml:lang="en" xlink:type="resource" xlink:label="tse-scedjpfr-14190_IncreaseDecreaseInAdvancesReceivedOnUmcompletedConstructionContractsAndOtherOpeCF_label" xlink:role="http://www.xbrl.org/2003/role/label">Increase (decrease) in advances received on umcompleted construction contracts and other</link:label>
    <link:label xml:lang="en" xlink:type="resource" xlink:label="tse-scedjpfr-14190_IncreaseDecreaseInAdvancesReceivedOnUmcompletedConstructionContractsAndOtherOpeCF_label_1" xlink:role="http://www.xbrl.org/2003/role/verboseLabel">Increase (decrease) in advances received on umcompleted construction contracts and other-OpeCF</link:label>
    <link:label xml:lang="en" xlink:type="resource" xlink:label="tse-scedjpfr-14190_RealEstateReportableSegmentsMember_label" xlink:role="http://www.xbrl.org/2003/role/label">Real estate</link:label>
    <link:label xml:lang="en" xlink:type="resource" xlink:label="tse-scedjpfr-14190_RealEstateReportableSegmentsMember_label_1" xlink:role="http://www.xbrl.org/2003/role/verboseLabel">Real estate, Reportable segments[member]</link:label>
    <link:loc xlink:type="locator" xlink:href="http://disclosure.edinet-fsa.go.jp/taxonomy/jppfs/2024-11-01/jppfs_cor_2024-11-01.xsd#jppfs_cor_AdvancesReceivedOnUncompletedConstructionContractsCNS" xlink:label="jppfs_cor_AdvancesReceivedOnUncompletedConstructionContractsCNS" />
    <link:loc xlink:type="locator" xlink:href="tse-scedjpfr-14190-2025-11-30-01-2026-01-13.xsd#tse-scedjpfr-14190_EnergyBusinessReportableSegmentsMember" xlink:label="tse-scedjpfr-14190_EnergyBusinessReportableSegmentsMember" />
    <link:loc xlink:type="locator" xlink:href="tse-scedjpfr-14190-2025-11-30-01-2026-01-13.xsd#tse-scedjpfr-14190_FinancingReportableSegmentsMember" xlink:label="tse-scedjpfr-14190_FinancingReportableSegmentsMember" />
    <link:loc xlink:type="locator" xlink:href="tse-scedjpfr-14190-2025-11-30-01-2026-01-13.xsd#tse-scedjpfr-14190_GainOnLiquidationOfSubsidiariesAndAssociatesOpeCF" xlink:label="tse-scedjpfr-14190_GainOnLiquidationOfSubsidiariesAndAssociatesOpeCF" />
    <link:loc xlink:type="locator" xlink:href="tse-scedjpfr-14190-2025-11-30-01-2026-01-13.xsd#tse-scedjpfr-14190_HousingReportableSegmentsMember" xlink:label="tse-scedjpfr-14190_HousingReportableSegmentsMember" />
    <link:loc xlink:type="locator" xlink:href="tse-scedjpfr-14190-2025-11-30-01-2026-01-13.xsd#tse-scedjpfr-14190_IncreaseDecreaseInAdvancesReceivedOnUmcompletedConstructionContractsAndOtherOpeCF" xlink:label="tse-scedjpfr-14190_IncreaseDecreaseInAdvancesReceivedOnUmcompletedConstructionContractsAndOtherOpeCF" />
    <link:loc xlink:type="locator" xlink:href="tse-scedjpfr-14190-2025-11-30-01-2026-01-13.xsd#tse-scedjpfr-14190_RealEstateReportableSegmentsMember" xlink:label="tse-scedjpfr-14190_RealEstateReportableSegmentsMember" />
    <link:labelArc xlink:type="arc" xlink:from="jppfs_cor_AdvancesReceivedOnUncompletedConstructionContractsCNS" xlink:to="jppfs_cor_AdvancesReceivedOnUncompletedConstructionContractsCNS_label" xlink:arcrole="http://www.xbrl.org/2003/arcrole/concept-label" order="1" />
    <link:labelArc xlink:type="arc" xlink:from="tse-scedjpfr-14190_EnergyBusinessReportableSegmentsMember" xlink:to="tse-scedjpfr-14190_EnergyBusinessReportableSegmentsMember_label" xlink:arcrole="http://www.xbrl.org/2003/arcrole/concept-label" order="1" />
    <link:labelArc xlink:type="arc" xlink:from="tse-scedjpfr-14190_EnergyBusinessReportableSegmentsMember" xlink:to="tse-scedjpfr-14190_EnergyBusinessReportableSegmentsMember_label_1" xlink:arcrole="http://www.xbrl.org/2003/arcrole/concept-label" order="1" />
    <link:labelArc xlink:type="arc" xlink:from="tse-scedjpfr-14190_FinancingReportableSegmentsMember" xlink:to="tse-scedjpfr-14190_FinancingReportableSegmentsMember_label" xlink:arcrole="http://www.xbrl.org/2003/arcrole/concept-label" order="1" />
    <link:labelArc xlink:type="arc" xlink:from="tse-scedjpfr-14190_FinancingReportableSegmentsMember" xlink:to="tse-scedjpfr-14190_FinancingReportableSegmentsMember_label_1" xlink:arcrole="http://www.xbrl.org/2003/arcrole/concept-label" order="1" />
    <link:labelArc xlink:type="arc" xlink:from="tse-scedjpfr-14190_GainOnLiquidationOfSubsidiariesAndAssociatesOpeCF" xlink:to="tse-scedjpfr-14190_GainOnLiquidationOfSubsidiariesAndAssociatesOpeCF_label" xlink:arcrole="http://www.xbrl.org/2003/arcrole/concept-label" order="1" />
    <link:labelArc xlink:type="arc" xlink:from="tse-scedjpfr-14190_GainOnLiquidationOfSubsidiariesAndAssociatesOpeCF" xlink:to="tse-scedjpfr-14190_GainOnLiquidationOfSubsidiariesAndAssociatesOpeCF_label_1" xlink:arcrole="http://www.xbrl.org/2003/arcrole/concept-label" order="1" />
    <link:labelArc xlink:type="arc" xlink:from="tse-scedjpfr-14190_HousingReportableSegmentsMember" xlink:to="tse-scedjpfr-14190_HousingReportableSegmentsMember_label" xlink:arcrole="http://www.xbrl.org/2003/arcrole/concept-label" order="1" />
    <link:labelArc xlink:type="arc" xlink:from="tse-scedjpfr-14190_HousingReportableSegmentsMember" xlink:to="tse-scedjpfr-14190_HousingReportableSegmentsMember_label_1" xlink:arcrole="http://www.xbrl.org/2003/arcrole/concept-label" order="1" />
    <link:labelArc xlink:type="arc" xlink:from="tse-scedjpfr-14190_IncreaseDecreaseInAdvancesReceivedOnUmcompletedConstructionContractsAndOtherOpeCF" xlink:to="tse-scedjpfr-14190_IncreaseDecreaseInAdvancesReceivedOnUmcompletedConstructionContractsAndOtherOpeCF_label" xlink:arcrole="http://www.xbrl.org/2003/arcrole/concept-label" order="1" />
    <link:labelArc xlink:type="arc" xlink:from="tse-scedjpfr-14190_IncreaseDecreaseInAdvancesReceivedOnUmcompletedConstructionContractsAndOtherOpeCF" xlink:to="tse-scedjpfr-14190_IncreaseDecreaseInAdvancesReceivedOnUmcompletedConstructionContractsAndOtherOpeCF_label_1" xlink:arcrole="http://www.xbrl.org/2003/arcrole/concept-label" order="1" />
    <link:labelArc xlink:type="arc" xlink:from="tse-scedjpfr-14190_RealEstateReportableSegmentsMember" xlink:to="tse-scedjpfr-14190_RealEstateReportableSegmentsMember_label" xlink:arcrole="http://www.xbrl.org/2003/arcrole/concept-label" order="1" />
    <link:labelArc xlink:type="arc" xlink:from="tse-scedjpfr-14190_RealEstateReportableSegmentsMember" xlink:to="tse-scedjpfr-14190_RealEstateReportableSegmentsMember_label_1" xlink:arcrole="http://www.xbrl.org/2003/arcrole/concept-label" order="1" />
  </link:labelLink>
</link:linkbase>