﻿<?xml version="1.0" encoding="utf-8"?>
<!-- XBRL Document Created with WizLabo Platform -->
<link:linkbase xmlns:xlink="http://www.w3.org/1999/xlink" xmlns:xsi="http://www.w3.org/2001/XMLSchema-instance" xmlns:link="http://www.xbrl.org/2003/linkbase">
  <link:labelLink xlink:type="extended" xlink:role="http://www.xbrl.org/2003/role/link">
    <link:label xml:lang="en" xlink:type="resource" xlink:label="tse-scedjpfr-14300_ConstructionReportableSegmentMember_label" xlink:role="http://www.xbrl.org/2003/role/label">Construction</link:label>
    <link:label xml:lang="en" xlink:type="resource" xlink:label="tse-scedjpfr-14300_ConstructionReportableSegmentMember_label_1" xlink:role="http://www.xbrl.org/2003/role/verboseLabel">Construction, Reportable segment [member]</link:label>
    <link:label xml:lang="en" xlink:type="resource" xlink:label="tse-scedjpfr-14300_DecreaseIncreaseInAccountsReceivableFromCompletedConstructionContractsOpeCFCNS_label" xlink:role="http://www.xbrl.org/2003/role/label">Decrease (increase) in accounts receivable from completed construction contracts</link:label>
    <link:label xml:lang="en" xlink:type="resource" xlink:label="tse-scedjpfr-14300_DecreaseIncreaseInAccountsReceivableFromCompletedConstructionContractsOpeCFCNS_label_1" xlink:role="http://www.xbrl.org/2003/role/verboseLabel">Decrease (increase) in accounts receivable from completed construction contracts-OpeCF-CNS</link:label>
    <link:label xml:lang="en" xlink:type="resource" xlink:label="tse-scedjpfr-14300_IncreaseDecreaseInAccountsPayableForConstructionContractsOpeCFCNS_label" xlink:role="http://www.xbrl.org/2003/role/label">Increase (decrease) in accounts payable for construction contracts</link:label>
    <link:label xml:lang="en" xlink:type="resource" xlink:label="tse-scedjpfr-14300_IncreaseDecreaseInAccountsPayableForConstructionContractsOpeCFCNS_label_1" xlink:role="http://www.xbrl.org/2003/role/verboseLabel">Increase (decrease) in accounts payable for construction contracts-OpeCF-CNS</link:label>
    <link:label xml:lang="en" xlink:type="resource" xlink:label="tse-scedjpfr-14300_IncreaseDecreaseInProvisionForCostsAfterSalesOpeCF_label" xlink:role="http://www.xbrl.org/2003/role/label">Increase (decrease) in provision for costs after sales</link:label>
    <link:label xml:lang="en" xlink:type="resource" xlink:label="tse-scedjpfr-14300_IncreaseDecreaseInProvisionForCostsAfterSalesOpeCF_label_1" xlink:role="http://www.xbrl.org/2003/role/verboseLabel">Increase (decrease) in provision for costs after sales-OpeCF</link:label>
    <link:label xml:lang="en" xlink:type="resource" xlink:label="tse-scedjpfr-14300_ProvisionForCostsAfterSalesCL_label" xlink:role="http://www.xbrl.org/2003/role/label">Provision for costs after sales</link:label>
    <link:label xml:lang="en" xlink:type="resource" xlink:label="tse-scedjpfr-14300_ProvisionForCostsAfterSalesCL_label_1" xlink:role="http://www.xbrl.org/2003/role/verboseLabel">Provision for costs after sales-CL</link:label>
    <link:label xml:lang="en" xlink:type="resource" xlink:label="tse-scedjpfr-14300_RealEstateBusinessReportableSegmentMember_label" xlink:role="http://www.xbrl.org/2003/role/label">Real estate business</link:label>
    <link:label xml:lang="en" xlink:type="resource" xlink:label="tse-scedjpfr-14300_RealEstateBusinessReportableSegmentMember_label_1" xlink:role="http://www.xbrl.org/2003/role/verboseLabel">Real estate business, Reportable segment [member]</link:label>
    <link:loc xlink:type="locator" xlink:href="tse-scedjpfr-14300-2025-11-30-01-2026-01-14.xsd#tse-scedjpfr-14300_ConstructionReportableSegmentMember" xlink:label="tse-scedjpfr-14300_ConstructionReportableSegmentMember" />
    <link:loc xlink:type="locator" xlink:href="tse-scedjpfr-14300-2025-11-30-01-2026-01-14.xsd#tse-scedjpfr-14300_DecreaseIncreaseInAccountsReceivableFromCompletedConstructionContractsOpeCFCNS" xlink:label="tse-scedjpfr-14300_DecreaseIncreaseInAccountsReceivableFromCompletedConstructionContractsOpeCFCNS" />
    <link:loc xlink:type="locator" xlink:href="tse-scedjpfr-14300-2025-11-30-01-2026-01-14.xsd#tse-scedjpfr-14300_IncreaseDecreaseInAccountsPayableForConstructionContractsOpeCFCNS" xlink:label="tse-scedjpfr-14300_IncreaseDecreaseInAccountsPayableForConstructionContractsOpeCFCNS" />
    <link:loc xlink:type="locator" xlink:href="tse-scedjpfr-14300-2025-11-30-01-2026-01-14.xsd#tse-scedjpfr-14300_IncreaseDecreaseInProvisionForCostsAfterSalesOpeCF" xlink:label="tse-scedjpfr-14300_IncreaseDecreaseInProvisionForCostsAfterSalesOpeCF" />
    <link:loc xlink:type="locator" xlink:href="tse-scedjpfr-14300-2025-11-30-01-2026-01-14.xsd#tse-scedjpfr-14300_ProvisionForCostsAfterSalesCL" xlink:label="tse-scedjpfr-14300_ProvisionForCostsAfterSalesCL" />
    <link:loc xlink:type="locator" xlink:href="tse-scedjpfr-14300-2025-11-30-01-2026-01-14.xsd#tse-scedjpfr-14300_RealEstateBusinessReportableSegmentMember" xlink:label="tse-scedjpfr-14300_RealEstateBusinessReportableSegmentMember" />
    <link:labelArc xlink:type="arc" xlink:from="tse-scedjpfr-14300_ConstructionReportableSegmentMember" xlink:to="tse-scedjpfr-14300_ConstructionReportableSegmentMember_label" xlink:arcrole="http://www.xbrl.org/2003/arcrole/concept-label" order="1" />
    <link:labelArc xlink:type="arc" xlink:from="tse-scedjpfr-14300_ConstructionReportableSegmentMember" xlink:to="tse-scedjpfr-14300_ConstructionReportableSegmentMember_label_1" xlink:arcrole="http://www.xbrl.org/2003/arcrole/concept-label" order="1" />
    <link:labelArc xlink:type="arc" xlink:from="tse-scedjpfr-14300_DecreaseIncreaseInAccountsReceivableFromCompletedConstructionContractsOpeCFCNS" xlink:to="tse-scedjpfr-14300_DecreaseIncreaseInAccountsReceivableFromCompletedConstructionContractsOpeCFCNS_label" xlink:arcrole="http://www.xbrl.org/2003/arcrole/concept-label" order="1" />
    <link:labelArc xlink:type="arc" xlink:from="tse-scedjpfr-14300_DecreaseIncreaseInAccountsReceivableFromCompletedConstructionContractsOpeCFCNS" xlink:to="tse-scedjpfr-14300_DecreaseIncreaseInAccountsReceivableFromCompletedConstructionContractsOpeCFCNS_label_1" xlink:arcrole="http://www.xbrl.org/2003/arcrole/concept-label" order="1" />
    <link:labelArc xlink:type="arc" xlink:from="tse-scedjpfr-14300_IncreaseDecreaseInAccountsPayableForConstructionContractsOpeCFCNS" xlink:to="tse-scedjpfr-14300_IncreaseDecreaseInAccountsPayableForConstructionContractsOpeCFCNS_label" xlink:arcrole="http://www.xbrl.org/2003/arcrole/concept-label" order="1" />
    <link:labelArc xlink:type="arc" xlink:from="tse-scedjpfr-14300_IncreaseDecreaseInAccountsPayableForConstructionContractsOpeCFCNS" xlink:to="tse-scedjpfr-14300_IncreaseDecreaseInAccountsPayableForConstructionContractsOpeCFCNS_label_1" xlink:arcrole="http://www.xbrl.org/2003/arcrole/concept-label" order="1" />
    <link:labelArc xlink:type="arc" xlink:from="tse-scedjpfr-14300_IncreaseDecreaseInProvisionForCostsAfterSalesOpeCF" xlink:to="tse-scedjpfr-14300_IncreaseDecreaseInProvisionForCostsAfterSalesOpeCF_label" xlink:arcrole="http://www.xbrl.org/2003/arcrole/concept-label" order="1" />
    <link:labelArc xlink:type="arc" xlink:from="tse-scedjpfr-14300_IncreaseDecreaseInProvisionForCostsAfterSalesOpeCF" xlink:to="tse-scedjpfr-14300_IncreaseDecreaseInProvisionForCostsAfterSalesOpeCF_label_1" xlink:arcrole="http://www.xbrl.org/2003/arcrole/concept-label" order="1" />
    <link:labelArc xlink:type="arc" xlink:from="tse-scedjpfr-14300_ProvisionForCostsAfterSalesCL" xlink:to="tse-scedjpfr-14300_ProvisionForCostsAfterSalesCL_label" xlink:arcrole="http://www.xbrl.org/2003/arcrole/concept-label" order="1" />
    <link:labelArc xlink:type="arc" xlink:from="tse-scedjpfr-14300_ProvisionForCostsAfterSalesCL" xlink:to="tse-scedjpfr-14300_ProvisionForCostsAfterSalesCL_label_1" xlink:arcrole="http://www.xbrl.org/2003/arcrole/concept-label" order="1" />
    <link:labelArc xlink:type="arc" xlink:from="tse-scedjpfr-14300_RealEstateBusinessReportableSegmentMember" xlink:to="tse-scedjpfr-14300_RealEstateBusinessReportableSegmentMember_label" xlink:arcrole="http://www.xbrl.org/2003/arcrole/concept-label" order="1" />
    <link:labelArc xlink:type="arc" xlink:from="tse-scedjpfr-14300_RealEstateBusinessReportableSegmentMember" xlink:to="tse-scedjpfr-14300_RealEstateBusinessReportableSegmentMember_label_1" xlink:arcrole="http://www.xbrl.org/2003/arcrole/concept-label" order="1" />
  </link:labelLink>
</link:linkbase>