﻿<?xml version="1.0" encoding="utf-8"?>
<!-- XBRL Document Created with WizLabo Platform -->
<link:linkbase xmlns:xlink="http://www.w3.org/1999/xlink" xmlns:xsi="http://www.w3.org/2001/XMLSchema-instance" xmlns:link="http://www.xbrl.org/2003/linkbase">
  <link:labelLink xlink:type="extended" xlink:role="http://www.xbrl.org/2003/role/link">
    <link:label xml:lang="en" xlink:type="resource" xlink:label="tse-qnedjpfr-95600_IncomeFromPointCordNOI_label" xlink:role="http://www.xbrl.org/2003/role/label">Income from point cord</link:label>
    <link:label xml:lang="en" xlink:type="resource" xlink:label="tse-qnedjpfr-95600_IncomeFromPointCordNOI_label_1" xlink:role="http://www.xbrl.org/2003/role/verboseLabel">Income from point cord-NOI</link:label>
    <link:loc xlink:type="locator" xlink:href="tse-qnedjpfr-95600-2025-11-30-01-2026-01-14.xsd#tse-qnedjpfr-95600_IncomeFromPointCordNOI" xlink:label="tse-qnedjpfr-95600_IncomeFromPointCordNOI" />
    <link:labelArc xlink:type="arc" xlink:from="tse-qnedjpfr-95600_IncomeFromPointCordNOI" xlink:to="tse-qnedjpfr-95600_IncomeFromPointCordNOI_label" xlink:arcrole="http://www.xbrl.org/2003/arcrole/concept-label" order="1" />
    <link:labelArc xlink:type="arc" xlink:from="tse-qnedjpfr-95600_IncomeFromPointCordNOI" xlink:to="tse-qnedjpfr-95600_IncomeFromPointCordNOI_label_1" xlink:arcrole="http://www.xbrl.org/2003/arcrole/concept-label" order="1" />
  </link:labelLink>
</link:linkbase>