<?xml version="1.0" encoding="utf-8"?>
<!-- Generated by PRONEXUS WORKS --><link:linkbase xmlns:link="http://www.xbrl.org/2003/linkbase" xmlns:xsi="http://www.w3.org/2001/XMLSchema-instance" xmlns:xbrli="http://www.xbrl.org/2003/instance" xmlns:xlink="http://www.w3.org/1999/xlink">  <link:roleRef xlink:type="simple" roleURI="http://disclosure.edinet-fsa.go.jp/jppfs/cte/role/label" xlink:href="http://disclosure.edinet-fsa.go.jp/taxonomy/jppfs/2024-11-01/jppfs_rt_2024-11-01.xsd#rol_CTELabel" />  <link:labelLink xlink:type="extended" xlink:role="http://www.xbrl.org/2003/role/link">    <link:loc xlink:type="locator" xlink:href="tse-acedjpfr-53410-2025-11-30-01-2026-01-19.xsd#tse-acedjpfr-53410_GuaranteeDepositsNCL" xlink:label="GuaranteeDepositsNCL" />    <link:loc xlink:type="locator" xlink:href="tse-acedjpfr-53410-2025-11-30-01-2026-01-19.xsd#tse-acedjpfr-53410_ProceedsFromSurrenderValueOfInsurancePoliciesOpeCF" xlink:label="ProceedsFromSurrenderValueOfInsurancePoliciesOpeCF" />    <link:loc xlink:type="locator" xlink:href="tse-acedjpfr-53410-2025-11-30-01-2026-01-19.xsd#tse-acedjpfr-53410_HousingBusinessReportableSegmentsMember" xlink:label="HousingBusinessReportableSegmentsMember" />    <link:loc xlink:type="locator" xlink:href="tse-acedjpfr-53410-2025-11-30-01-2026-01-19.xsd#tse-acedjpfr-53410_LivingBusinessReportableSegmentsMember" xlink:label="LivingBusinessReportableSegmentsMember" />    <link:loc xlink:type="locator" xlink:href="tse-acedjpfr-53410-2025-11-30-01-2026-01-19.xsd#tse-acedjpfr-53410_InvestmentBusinessReportableSegmentsMember" xlink:label="InvestmentBusinessReportableSegmentsMember" />    <link:loc xlink:type="locator" xlink:href="tse-acedjpfr-53410-2025-11-30-01-2026-01-19.xsd#tse-acedjpfr-53410_CompanyHousesRentIncomeNOI" xlink:label="CompanyHousesRentIncomeNOI" />    <link:label xlink:type="resource" xlink:label="label_GuaranteeDepositsNCL" xml:lang="ja" xlink:role="http://www.xbrl.org/2003/role/label" id="label_GuaranteeDepositsNCL">預り営業保証金</link:label>    <link:labelArc xlink:type="arc" xlink:arcrole="http://www.xbrl.org/2003/arcrole/concept-label" xlink:from="GuaranteeDepositsNCL" xlink:to="label_GuaranteeDepositsNCL" />    <link:label xlink:type="resource" xlink:label="label_GuaranteeDepositsNCL_2" xml:lang="ja" xlink:role="http://www.xbrl.org/2003/role/verboseLabel" id="label_GuaranteeDepositsNCL_2">預り営業保証金、固定負債</link:label>    <link:labelArc xlink:type="arc" xlink:arcrole="http://www.xbrl.org/2003/arcrole/concept-label" xlink:from="GuaranteeDepositsNCL" xlink:to="label_GuaranteeDepositsNCL_2" />    <link:loc xlink:type="locator" xlink:href="http://disclosure.edinet-fsa.go.jp/taxonomy/jppfs/2024-11-01/jppfs_cor_2024-11-01.xsd#jppfs_cor_RealEstateForInvestmentNet" xlink:label="RealEstateForInvestmentNet" />    <link:label xlink:type="resource" xlink:label="label_RealEstateForInvestmentNet" xml:lang="ja" xlink:role="http://disclosure.edinet-fsa.go.jp/jppfs/cte/role/label" id="label_RealEstateForInvestmentNet">投資不動産</link:label>    <link:labelArc xlink:type="arc" xlink:arcrole="http://www.xbrl.org/2003/arcrole/concept-label" xlink:from="RealEstateForInvestmentNet" xlink:to="label_RealEstateForInvestmentNet" />    <link:label xlink:type="resource" xlink:label="label_CompanyHousesRentIncomeNOI" xml:lang="ja" xlink:role="http://www.xbrl.org/2003/role/label" id="label_CompanyHousesRentIncomeNOI">社宅使用料</link:label>    <link:labelArc xlink:type="arc" xlink:arcrole="http://www.xbrl.org/2003/arcrole/concept-label" xlink:from="CompanyHousesRentIncomeNOI" xlink:to="label_CompanyHousesRentIncomeNOI" />    <link:label xlink:type="resource" xlink:label="label_CompanyHousesRentIncomeNOI_2" xml:lang="ja" xlink:role="http://www.xbrl.org/2003/role/verboseLabel" id="label_CompanyHousesRentIncomeNOI_2">社宅使用料、営業外収益</link:label>    <link:labelArc xlink:type="arc" xlink:arcrole="http://www.xbrl.org/2003/arcrole/concept-label" xlink:from="CompanyHousesRentIncomeNOI" xlink:to="label_CompanyHousesRentIncomeNOI_2" />    <link:loc xlink:type="locator" xlink:href="http://disclosure.edinet-fsa.go.jp/taxonomy/jppfs/2024-11-01/jppfs_cor_2024-11-01.xsd#jppfs_cor_IncreaseByShareExchanges" xlink:label="IncreaseByShareExchanges" />    <link:label xlink:type="resource" xlink:label="label_IncreaseByShareExchanges" xml:lang="ja" xlink:role="http://disclosure.edinet-fsa.go.jp/jppfs/cte/role/label" id="label_IncreaseByShareExchanges">株式交付による増加</link:label>    <link:labelArc xlink:type="arc" xlink:arcrole="http://www.xbrl.org/2003/arcrole/concept-label" xlink:from="IncreaseByShareExchanges" xlink:to="label_IncreaseByShareExchanges" />    <link:label xlink:type="resource" xlink:label="label_ProceedsFromSurrenderValueOfInsurancePoliciesOpeCF" xml:lang="ja" xlink:role="http://www.xbrl.org/2003/role/label" id="label_ProceedsFromSurrenderValueOfInsurancePoliciesOpeCF">保険解約返戻金の受取額</link:label>    <link:labelArc xlink:type="arc" xlink:arcrole="http://www.xbrl.org/2003/arcrole/concept-label" xlink:from="ProceedsFromSurrenderValueOfInsurancePoliciesOpeCF" xlink:to="label_ProceedsFromSurrenderValueOfInsurancePoliciesOpeCF" />    <link:label xlink:type="resource" xlink:label="label_ProceedsFromSurrenderValueOfInsurancePoliciesOpeCF_2" xml:lang="ja" xlink:role="http://www.xbrl.org/2003/role/verboseLabel" id="label_ProceedsFromSurrenderValueOfInsurancePoliciesOpeCF_2">保険解約返戻金の受取額、営業活動によるキャッシュ・フロー</link:label>    <link:labelArc xlink:type="arc" xlink:arcrole="http://www.xbrl.org/2003/arcrole/concept-label" xlink:from="ProceedsFromSurrenderValueOfInsurancePoliciesOpeCF" xlink:to="label_ProceedsFromSurrenderValueOfInsurancePoliciesOpeCF_2" />    <link:label xlink:type="resource" xlink:label="label_HousingBusinessReportableSegmentsMember" xml:lang="ja" xlink:role="http://www.xbrl.org/2003/role/label" id="label_HousingBusinessReportableSegmentsMember">住まい事業</link:label>    <link:labelArc xlink:type="arc" xlink:arcrole="http://www.xbrl.org/2003/arcrole/concept-label" xlink:from="HousingBusinessReportableSegmentsMember" xlink:to="label_HousingBusinessReportableSegmentsMember" />    <link:label xlink:type="resource" xlink:label="label_HousingBusinessReportableSegmentsMember_2" xml:lang="ja" xlink:role="http://www.xbrl.org/2003/role/verboseLabel" id="label_HousingBusinessReportableSegmentsMember_2">住まい事業、報告セグメント [メンバー]</link:label>    <link:labelArc xlink:type="arc" xlink:arcrole="http://www.xbrl.org/2003/arcrole/concept-label" xlink:from="HousingBusinessReportableSegmentsMember" xlink:to="label_HousingBusinessReportableSegmentsMember_2" />    <link:label xlink:type="resource" xlink:label="label_LivingBusinessReportableSegmentsMember" xml:lang="ja" xlink:role="http://www.xbrl.org/2003/role/label" id="label_LivingBusinessReportableSegmentsMember">暮らし事業</link:label>    <link:labelArc xlink:type="arc" xlink:arcrole="http://www.xbrl.org/2003/arcrole/concept-label" xlink:from="LivingBusinessReportableSegmentsMember" xlink:to="label_LivingBusinessReportableSegmentsMember" />    <link:label xlink:type="resource" xlink:label="label_LivingBusinessReportableSegmentsMember_2" xml:lang="ja" xlink:role="http://www.xbrl.org/2003/role/verboseLabel" id="label_LivingBusinessReportableSegmentsMember_2">暮らし事業、報告セグメント [メンバー]</link:label>    <link:labelArc xlink:type="arc" xlink:arcrole="http://www.xbrl.org/2003/arcrole/concept-label" xlink:from="LivingBusinessReportableSegmentsMember" xlink:to="label_LivingBusinessReportableSegmentsMember_2" />    <link:label xlink:type="resource" xlink:label="label_InvestmentBusinessReportableSegmentsMember" xml:lang="ja" xlink:role="http://www.xbrl.org/2003/role/label" id="label_InvestmentBusinessReportableSegmentsMember">投資事業</link:label>    <link:labelArc xlink:type="arc" xlink:arcrole="http://www.xbrl.org/2003/arcrole/concept-label" xlink:from="InvestmentBusinessReportableSegmentsMember" xlink:to="label_InvestmentBusinessReportableSegmentsMember" />    <link:label xlink:type="resource" xlink:label="label_InvestmentBusinessReportableSegmentsMember_2" xml:lang="ja" xlink:role="http://www.xbrl.org/2003/role/verboseLabel" id="label_InvestmentBusinessReportableSegmentsMember_2">投資事業、報告セグメント [メンバー]</link:label>    <link:labelArc xlink:type="arc" xlink:arcrole="http://www.xbrl.org/2003/arcrole/concept-label" xlink:from="InvestmentBusinessReportableSegmentsMember" xlink:to="label_InvestmentBusinessReportableSegmentsMember_2" />  </link:labelLink></link:linkbase>