<?xml version="1.0" encoding="utf-8"?>
<!-- Generated by PRONEXUS WORKS --><link:linkbase xmlns:link="http://www.xbrl.org/2003/linkbase" xmlns:xsi="http://www.w3.org/2001/XMLSchema-instance" xmlns:xbrli="http://www.xbrl.org/2003/instance" xmlns:xlink="http://www.w3.org/1999/xlink">  <link:labelLink xlink:type="extended" xlink:role="http://www.xbrl.org/2003/role/link">    <link:loc xlink:type="locator" xlink:href="tse-qcedjpfr-47140-2025-11-30-01-2026-01-09.xsd#tse-qcedjpfr-47140_PhotoSalesProfitNOI" xlink:label="PhotoSalesProfitNOI" />    <link:loc xlink:type="locator" xlink:href="tse-qcedjpfr-47140-2025-11-30-01-2026-01-09.xsd#tse-qcedjpfr-47140_GainOnSalesOfParentCompanysStocksEI" xlink:label="GainOnSalesOfParentCompanysStocksEI" />    <link:loc xlink:type="locator" xlink:href="tse-qcedjpfr-47140-2025-11-30-01-2026-01-09.xsd#tse-qcedjpfr-47140_RelocationExpensesEL" xlink:label="RelocationExpensesEL" />    <link:loc xlink:type="locator" xlink:href="tse-qcedjpfr-47140-2025-11-30-01-2026-01-09.xsd#tse-qcedjpfr-47140_TenderOfferRelatedExpenses" xlink:label="TenderOfferRelatedExpenses" />    <link:loc xlink:type="locator" xlink:href="tse-qcedjpfr-47140-2025-11-30-01-2026-01-09.xsd#tse-qcedjpfr-47140_JukuBuisinessReportableSegmentsMember" xlink:label="JukuBuisinessReportableSegmentsMember" />    <link:loc xlink:type="locator" xlink:href="tse-qcedjpfr-47140-2025-11-30-01-2026-01-09.xsd#tse-qcedjpfr-47140_PrivateTutorDispatchBusinessReportableSegmentsMember" xlink:label="PrivateTutorDispatchBusinessReportableSegmentsMember" />    <link:loc xlink:type="locator" xlink:href="tse-qcedjpfr-47140-2025-11-30-01-2026-01-09.xsd#tse-qcedjpfr-47140_EarlyChildhoodEducationBusinessReportableSegmentsMember" xlink:label="EarlyChildhoodEducationBusinessReportableSegmentsMember" />    <link:loc xlink:type="locator" xlink:href="tse-qcedjpfr-47140-2025-11-30-01-2026-01-09.xsd#tse-qcedjpfr-47140_TutoringBusinessInSchoolReportableSegmentsMember" xlink:label="TutoringBusinessInSchoolReportableSegmentsMember" />    <link:loc xlink:type="locator" xlink:href="tse-qcedjpfr-47140-2025-11-30-01-2026-01-09.xsd#tse-qcedjpfr-47140_PersonalityEnrichmentCampEducationBusinessReportableSegmentsMember" xlink:label="PersonalityEnrichmentCampEducationBusinessReportableSegmentsMember" />    <link:loc xlink:type="locator" xlink:href="tse-qcedjpfr-47140-2025-11-30-01-2026-01-09.xsd#tse-qcedjpfr-47140_PenaltyLossNOE" xlink:label="PenaltyLossNOE" />    <link:loc xlink:type="locator" xlink:href="tse-qcedjpfr-47140-2025-11-30-01-2026-01-09.xsd#tse-qcedjpfr-47140_ReturnGainsOfDepositNOI" xlink:label="ReturnGainsOfDepositNOI" />    <link:label xlink:type="resource" xlink:label="label_PhotoSalesProfitNOI_2" xml:lang="en" xlink:role="http://www.xbrl.org/2003/role/label" id="label_PhotoSalesProfitNOI_2">Photo sales profit</link:label>    <link:labelArc xlink:type="arc" xlink:arcrole="http://www.xbrl.org/2003/arcrole/concept-label" xlink:from="PhotoSalesProfitNOI" xlink:to="label_PhotoSalesProfitNOI_2" />    <link:label xlink:type="resource" xlink:label="label_PhotoSalesProfitNOI" xml:lang="en" xlink:role="http://www.xbrl.org/2003/role/verboseLabel" id="label_PhotoSalesProfitNOI">Photo sales profit-NOI</link:label>    <link:labelArc xlink:type="arc" xlink:arcrole="http://www.xbrl.org/2003/arcrole/concept-label" xlink:from="PhotoSalesProfitNOI" xlink:to="label_PhotoSalesProfitNOI" />    <link:label xlink:type="resource" xlink:label="label_ReturnGainsOfDepositNOI_2" xml:lang="en" xlink:role="http://www.xbrl.org/2003/role/label" id="label_ReturnGainsOfDepositNOI_2">Return gains of deposit</link:label>    <link:labelArc xlink:type="arc" xlink:arcrole="http://www.xbrl.org/2003/arcrole/concept-label" xlink:from="ReturnGainsOfDepositNOI" xlink:to="label_ReturnGainsOfDepositNOI_2" />    <link:label xlink:type="resource" xlink:label="label_ReturnGainsOfDepositNOI" xml:lang="en" xlink:role="http://www.xbrl.org/2003/role/verboseLabel" id="label_ReturnGainsOfDepositNOI">Return gains of deposit -NOI</link:label>    <link:labelArc xlink:type="arc" xlink:arcrole="http://www.xbrl.org/2003/arcrole/concept-label" xlink:from="ReturnGainsOfDepositNOI" xlink:to="label_ReturnGainsOfDepositNOI" />    <link:label xlink:type="resource" xlink:label="label_PenaltyLossNOE_2" xml:lang="en" xlink:role="http://www.xbrl.org/2003/role/label" id="label_PenaltyLossNOE_2">Penalty loss</link:label>    <link:labelArc xlink:type="arc" xlink:arcrole="http://www.xbrl.org/2003/arcrole/concept-label" xlink:from="PenaltyLossNOE" xlink:to="label_PenaltyLossNOE_2" />    <link:label xlink:type="resource" xlink:label="label_PenaltyLossNOE" xml:lang="en" xlink:role="http://www.xbrl.org/2003/role/verboseLabel" id="label_PenaltyLossNOE">Penalty loss-NOE</link:label>    <link:labelArc xlink:type="arc" xlink:arcrole="http://www.xbrl.org/2003/arcrole/concept-label" xlink:from="PenaltyLossNOE" xlink:to="label_PenaltyLossNOE" />    <link:label xlink:type="resource" xlink:label="label_GainOnSalesOfParentCompanysStocksEI_2" xml:lang="en" xlink:role="http://www.xbrl.org/2003/role/label" id="label_GainOnSalesOfParentCompanysStocksEI_2">Gain on sales of parent company's stocks</link:label>    <link:labelArc xlink:type="arc" xlink:arcrole="http://www.xbrl.org/2003/arcrole/concept-label" xlink:from="GainOnSalesOfParentCompanysStocksEI" xlink:to="label_GainOnSalesOfParentCompanysStocksEI_2" />    <link:label xlink:type="resource" xlink:label="label_GainOnSalesOfParentCompanysStocksEI" xml:lang="en" xlink:role="http://www.xbrl.org/2003/role/verboseLabel" id="label_GainOnSalesOfParentCompanysStocksEI">Gain on sales of parent company's stocks- EI</link:label>    <link:labelArc xlink:type="arc" xlink:arcrole="http://www.xbrl.org/2003/arcrole/concept-label" xlink:from="GainOnSalesOfParentCompanysStocksEI" xlink:to="label_GainOnSalesOfParentCompanysStocksEI" />    <link:label xlink:type="resource" xlink:label="label_RelocationExpensesEL" xml:lang="en" xlink:role="http://www.xbrl.org/2003/role/label" id="label_RelocationExpensesEL">Relocation expenses</link:label>    <link:labelArc xlink:type="arc" xlink:arcrole="http://www.xbrl.org/2003/arcrole/concept-label" xlink:from="RelocationExpensesEL" xlink:to="label_RelocationExpensesEL" />    <link:label xlink:type="resource" xlink:label="label_RelocationExpensesEL_2" xml:lang="en" xlink:role="http://www.xbrl.org/2003/role/verboseLabel" id="label_RelocationExpensesEL_2">Relocation expenses-EL</link:label>    <link:labelArc xlink:type="arc" xlink:arcrole="http://www.xbrl.org/2003/arcrole/concept-label" xlink:from="RelocationExpensesEL" xlink:to="label_RelocationExpensesEL_2" />    <link:label xlink:type="resource" xlink:label="label_TenderOfferRelatedExpenses_2" xml:lang="en" xlink:role="http://www.xbrl.org/2003/role/label" id="label_TenderOfferRelatedExpenses_2">Tender offer related expenses</link:label>    <link:labelArc xlink:type="arc" xlink:arcrole="http://www.xbrl.org/2003/arcrole/concept-label" xlink:from="TenderOfferRelatedExpenses" xlink:to="label_TenderOfferRelatedExpenses_2" />    <link:label xlink:type="resource" xlink:label="label_TenderOfferRelatedExpenses" xml:lang="en" xlink:role="http://www.xbrl.org/2003/role/verboseLabel" id="label_TenderOfferRelatedExpenses">Tender offer related expenses</link:label>    <link:labelArc xlink:type="arc" xlink:arcrole="http://www.xbrl.org/2003/arcrole/concept-label" xlink:from="TenderOfferRelatedExpenses" xlink:to="label_TenderOfferRelatedExpenses" />    <link:label xlink:type="resource" xlink:label="label_JukuBuisinessReportableSegmentsMember" xml:lang="en" xlink:role="http://www.xbrl.org/2003/role/label" id="label_JukuBuisinessReportableSegmentsMember">Juku Buisiness</link:label>    <link:labelArc xlink:type="arc" xlink:arcrole="http://www.xbrl.org/2003/arcrole/concept-label" xlink:from="JukuBuisinessReportableSegmentsMember" xlink:to="label_JukuBuisinessReportableSegmentsMember" />    <link:label xlink:type="resource" xlink:label="label_JukuBuisinessReportableSegmentsMember_2" xml:lang="en" xlink:role="http://www.xbrl.org/2003/role/verboseLabel" id="label_JukuBuisinessReportableSegmentsMember_2">Juku Buisiness, Reportable segments [member]</link:label>    <link:labelArc xlink:type="arc" xlink:arcrole="http://www.xbrl.org/2003/arcrole/concept-label" xlink:from="JukuBuisinessReportableSegmentsMember" xlink:to="label_JukuBuisinessReportableSegmentsMember_2" />    <link:label xlink:type="resource" xlink:label="label_PrivateTutorDispatchBusinessReportableSegmentsMember" xml:lang="en" xlink:role="http://www.xbrl.org/2003/role/label" id="label_PrivateTutorDispatchBusinessReportableSegmentsMember">Private Tutor Dispatch Business</link:label>    <link:labelArc xlink:type="arc" xlink:arcrole="http://www.xbrl.org/2003/arcrole/concept-label" xlink:from="PrivateTutorDispatchBusinessReportableSegmentsMember" xlink:to="label_PrivateTutorDispatchBusinessReportableSegmentsMember" />    <link:label xlink:type="resource" xlink:label="label_PrivateTutorDispatchBusinessReportableSegmentsMember_2" xml:lang="en" xlink:role="http://www.xbrl.org/2003/role/verboseLabel" id="label_PrivateTutorDispatchBusinessReportableSegmentsMember_2">Private Tutor Dispatch Business, Reportable segments [member]</link:label>    <link:labelArc xlink:type="arc" xlink:arcrole="http://www.xbrl.org/2003/arcrole/concept-label" xlink:from="PrivateTutorDispatchBusinessReportableSegmentsMember" xlink:to="label_PrivateTutorDispatchBusinessReportableSegmentsMember_2" />    <link:label xlink:type="resource" xlink:label="label_EarlyChildhoodEducationBusinessReportableSegmentsMember" xml:lang="en" xlink:role="http://www.xbrl.org/2003/role/label" id="label_EarlyChildhoodEducationBusinessReportableSegmentsMember">Early Childhood Education Business</link:label>    <link:labelArc xlink:type="arc" xlink:arcrole="http://www.xbrl.org/2003/arcrole/concept-label" xlink:from="EarlyChildhoodEducationBusinessReportableSegmentsMember" xlink:to="label_EarlyChildhoodEducationBusinessReportableSegmentsMember" />    <link:label xlink:type="resource" xlink:label="label_EarlyChildhoodEducationBusinessReportableSegmentsMember_2" xml:lang="en" xlink:role="http://www.xbrl.org/2003/role/verboseLabel" id="label_EarlyChildhoodEducationBusinessReportableSegmentsMember_2">Early Childhood Education Business, Reportable segments [member]</link:label>    <link:labelArc xlink:type="arc" xlink:arcrole="http://www.xbrl.org/2003/arcrole/concept-label" xlink:from="EarlyChildhoodEducationBusinessReportableSegmentsMember" xlink:to="label_EarlyChildhoodEducationBusinessReportableSegmentsMember_2" />    <link:label xlink:type="resource" xlink:label="label_TutoringBusinessInSchoolReportableSegmentsMember" xml:lang="en" xlink:role="http://www.xbrl.org/2003/role/label" id="label_TutoringBusinessInSchoolReportableSegmentsMember">Tutoring Business In School</link:label>    <link:labelArc xlink:type="arc" xlink:arcrole="http://www.xbrl.org/2003/arcrole/concept-label" xlink:from="TutoringBusinessInSchoolReportableSegmentsMember" xlink:to="label_TutoringBusinessInSchoolReportableSegmentsMember" />    <link:label xlink:type="resource" xlink:label="label_TutoringBusinessInSchoolReportableSegmentsMember_2" xml:lang="en" xlink:role="http://www.xbrl.org/2003/role/verboseLabel" id="label_TutoringBusinessInSchoolReportableSegmentsMember_2">Tutoring Business In School, Reportable segments [member]</link:label>    <link:labelArc xlink:type="arc" xlink:arcrole="http://www.xbrl.org/2003/arcrole/concept-label" xlink:from="TutoringBusinessInSchoolReportableSegmentsMember" xlink:to="label_TutoringBusinessInSchoolReportableSegmentsMember_2" />    <link:label xlink:type="resource" xlink:label="label_PersonalityEnrichmentCampEducationBusinessReportableSegmentsMember" xml:lang="en" xlink:role="http://www.xbrl.org/2003/role/label" id="label_PersonalityEnrichmentCampEducationBusinessReportableSegmentsMember">Personality enrichment camp education business</link:label>    <link:labelArc xlink:type="arc" xlink:arcrole="http://www.xbrl.org/2003/arcrole/concept-label" xlink:from="PersonalityEnrichmentCampEducationBusinessReportableSegmentsMember" xlink:to="label_PersonalityEnrichmentCampEducationBusinessReportableSegmentsMember" />    <link:label xlink:type="resource" xlink:label="label_PersonalityEnrichmentCampEducationBusinessReportableSegmentsMember_2" xml:lang="en" xlink:role="http://www.xbrl.org/2003/role/verboseLabel" id="label_PersonalityEnrichmentCampEducationBusinessReportableSegmentsMember_2">Personality enrichment camp education business, Reportable segments [member]</link:label>    <link:labelArc xlink:type="arc" xlink:arcrole="http://www.xbrl.org/2003/arcrole/concept-label" xlink:from="PersonalityEnrichmentCampEducationBusinessReportableSegmentsMember" xlink:to="label_PersonalityEnrichmentCampEducationBusinessReportableSegmentsMember_2" />  </link:labelLink></link:linkbase>