﻿<?xml version="1.0" encoding="utf-8"?>
<!-- XBRL Document Created with WizLabo Platform -->
<link:linkbase xmlns:xlink="http://www.w3.org/1999/xlink" xmlns:xsi="http://www.w3.org/2001/XMLSchema-instance" xmlns:link="http://www.xbrl.org/2003/linkbase">
  <link:roleRef xlink:type="simple" xlink:href="http://disclosure.edinet-fsa.go.jp/taxonomy/jpcrp/2024-11-01/jpcrp_rt_2024-11-01.xsd#rol_NotesSegmentInformationEtcType1SemiAnnualConsolidatedFinancialStatements-01" roleURI="http://disclosure.edinet-fsa.go.jp/role/jpcrp/rol_NotesSegmentInformationEtcType1SemiAnnualConsolidatedFinancialStatements-01" />
  <link:roleRef xlink:type="simple" xlink:href="http://disclosure.edinet-fsa.go.jp/taxonomy/jppfs/2024-11-01/jppfs_rt_2024-11-01.xsd#rol_Type1SemiAnnualConsolidatedBalanceSheet" roleURI="http://disclosure.edinet-fsa.go.jp/role/jppfs/rol_Type1SemiAnnualConsolidatedBalanceSheet" />
  <link:roleRef xlink:type="simple" xlink:href="http://disclosure.edinet-fsa.go.jp/taxonomy/jppfs/2024-11-01/jppfs_rt_2024-11-01.xsd#rol_Type1SemiAnnualConsolidatedStatementOfCashFlows-indirect" roleURI="http://disclosure.edinet-fsa.go.jp/role/jppfs/rol_Type1SemiAnnualConsolidatedStatementOfCashFlows-indirect" />
  <link:roleRef xlink:type="simple" xlink:href="http://disclosure.edinet-fsa.go.jp/taxonomy/jppfs/2024-11-01/jppfs_rt_2024-11-01.xsd#rol_Type1SemiAnnualConsolidatedStatementOfComprehensiveIncome" roleURI="http://disclosure.edinet-fsa.go.jp/role/jppfs/rol_Type1SemiAnnualConsolidatedStatementOfComprehensiveIncome" />
  <link:roleRef xlink:type="simple" xlink:href="http://disclosure.edinet-fsa.go.jp/taxonomy/jppfs/2024-11-01/jppfs_rt_2024-11-01.xsd#rol_Type1SemiAnnualConsolidatedStatementOfIncome" roleURI="http://disclosure.edinet-fsa.go.jp/role/jppfs/rol_Type1SemiAnnualConsolidatedStatementOfIncome" />
  <link:roleRef xlink:type="simple" xlink:href="http://www.xbrl.tdnet.info/taxonomy/jp/tse/tdnet/at/o/rt/2014-01-12/tse-at-rt-2014-01-12.xsd#RoleAttachedDocument" roleURI="http://www.xbrl.tdnet.info/jp/tse/tdnet/role/RoleAttachedDocument" />
  <link:presentationLink xlink:type="extended" xlink:role="http://www.xbrl.tdnet.info/jp/tse/tdnet/role/RoleAttachedDocument">
    <link:loc xlink:type="locator" xlink:href="http://disclosure.edinet-fsa.go.jp/taxonomy/jpcrp/2024-11-01/jpcrp_cor_2024-11-01.xsd#jpcrp_cor_NotesSegmentInformationEtcType1SemiAnnualConsolidatedFinancialStatementsHeading" xlink:label="jpcrp_cor_NotesSegmentInformationEtcType1SemiAnnualConsolidatedFinancialStatementsHeading" />
    <link:loc xlink:type="locator" xlink:href="http://disclosure.edinet-fsa.go.jp/taxonomy/jpcrp/2024-11-01/jpcrp_cor_2024-11-01.xsd#jpcrp_cor_NotesSegmentInformationEtcType1SemiAnnualConsolidatedFinancialStatementsTextBlock" xlink:label="jpcrp_cor_NotesSegmentInformationEtcType1SemiAnnualConsolidatedFinancialStatementsTextBlock" />
    <link:loc xlink:type="locator" xlink:href="http://disclosure.edinet-fsa.go.jp/taxonomy/jpcrp/2024-11-01/jpcrp_cor_2024-11-01.xsd#jpcrp_cor_NotesType1SemiAnnualConsolidatedFinancialStatementsHeading" xlink:label="jpcrp_cor_NotesType1SemiAnnualConsolidatedFinancialStatementsHeading" />
    <link:loc xlink:type="locator" xlink:href="http://disclosure.edinet-fsa.go.jp/taxonomy/jpcrp/2024-11-01/jpcrp_cor_2024-11-01.xsd#jpcrp_cor_Type1SemiAnnualConsolidatedBalanceSheetTextBlock" xlink:label="jpcrp_cor_Type1SemiAnnualConsolidatedBalanceSheetTextBlock" />
    <link:loc xlink:type="locator" xlink:href="http://disclosure.edinet-fsa.go.jp/taxonomy/jpcrp/2024-11-01/jpcrp_cor_2024-11-01.xsd#jpcrp_cor_Type1SemiAnnualConsolidatedFinancialStatementsHeading" xlink:label="jpcrp_cor_Type1SemiAnnualConsolidatedFinancialStatementsHeading" />
    <link:loc xlink:type="locator" xlink:href="http://disclosure.edinet-fsa.go.jp/taxonomy/jpcrp/2024-11-01/jpcrp_cor_2024-11-01.xsd#jpcrp_cor_Type1SemiAnnualConsolidatedStatementOfCashFlowsTextBlock" xlink:label="jpcrp_cor_Type1SemiAnnualConsolidatedStatementOfCashFlowsTextBlock" />
    <link:loc xlink:type="locator" xlink:href="http://disclosure.edinet-fsa.go.jp/taxonomy/jpcrp/2024-11-01/jpcrp_cor_2024-11-01.xsd#jpcrp_cor_Type1SemiAnnualConsolidatedStatementOfComprehensiveIncomeTextBlock" xlink:label="jpcrp_cor_Type1SemiAnnualConsolidatedStatementOfComprehensiveIncomeTextBlock" />
    <link:loc xlink:type="locator" xlink:href="http://disclosure.edinet-fsa.go.jp/taxonomy/jpcrp/2024-11-01/jpcrp_cor_2024-11-01.xsd#jpcrp_cor_Type1SemiAnnualConsolidatedStatementOfIncomeTextBlock" xlink:label="jpcrp_cor_Type1SemiAnnualConsolidatedStatementOfIncomeTextBlock" />
    <link:loc xlink:type="locator" xlink:href="http://disclosure.edinet-fsa.go.jp/taxonomy/jppfs/2024-11-01/jppfs_cor_2024-11-01.xsd#jppfs_cor_Type1SemiAnnualConsolidatedBalanceSheetHeading" xlink:label="jppfs_cor_Type1SemiAnnualConsolidatedBalanceSheetHeading" />
    <link:loc xlink:type="locator" xlink:href="http://disclosure.edinet-fsa.go.jp/taxonomy/jppfs/2024-11-01/jppfs_cor_2024-11-01.xsd#jppfs_cor_Type1SemiAnnualConsolidatedStatementOfCashFlowsHeading" xlink:label="jppfs_cor_Type1SemiAnnualConsolidatedStatementOfCashFlowsHeading" />
    <link:loc xlink:type="locator" xlink:href="http://disclosure.edinet-fsa.go.jp/taxonomy/jppfs/2024-11-01/jppfs_cor_2024-11-01.xsd#jppfs_cor_Type1SemiAnnualConsolidatedStatementOfComprehensiveIncomeHeading" xlink:label="jppfs_cor_Type1SemiAnnualConsolidatedStatementOfComprehensiveIncomeHeading" />
    <link:loc xlink:type="locator" xlink:href="http://disclosure.edinet-fsa.go.jp/taxonomy/jppfs/2024-11-01/jppfs_cor_2024-11-01.xsd#jppfs_cor_Type1SemiAnnualConsolidatedStatementOfIncomeAndConsolidatedStatementOfComprehensiveIncomeHeading" xlink:label="jppfs_cor_Type1SemiAnnualConsolidatedStatementOfIncomeAndConsolidatedStatementOfComprehensiveIncomeHeading" />
    <link:loc xlink:type="locator" xlink:href="http://disclosure.edinet-fsa.go.jp/taxonomy/jppfs/2024-11-01/jppfs_cor_2024-11-01.xsd#jppfs_cor_Type1SemiAnnualConsolidatedStatementOfIncomeHeading" xlink:label="jppfs_cor_Type1SemiAnnualConsolidatedStatementOfIncomeHeading" />
    <link:loc xlink:type="locator" xlink:href="http://www.xbrl.tdnet.info/taxonomy/jp/tse/tdnet/at/t/2014-01-12/tse-at-t-2014-01-12.xsd#tse-at-t_AttachedDocumentHeading" xlink:label="tse-at-t_AttachedDocumentHeading" />
    <link:presentationArc xlink:type="arc" xlink:from="jpcrp_cor_NotesType1SemiAnnualConsolidatedFinancialStatementsHeading" xlink:to="jpcrp_cor_NotesSegmentInformationEtcType1SemiAnnualConsolidatedFinancialStatementsHeading" xlink:arcrole="http://www.xbrl.org/2003/arcrole/parent-child" order="1" />
    <link:presentationArc xlink:type="arc" xlink:from="jpcrp_cor_NotesSegmentInformationEtcType1SemiAnnualConsolidatedFinancialStatementsHeading" xlink:to="jpcrp_cor_NotesSegmentInformationEtcType1SemiAnnualConsolidatedFinancialStatementsTextBlock" xlink:arcrole="http://www.xbrl.org/2003/arcrole/parent-child" order="1" />
    <link:presentationArc xlink:type="arc" xlink:from="jpcrp_cor_Type1SemiAnnualConsolidatedFinancialStatementsHeading" xlink:to="jppfs_cor_Type1SemiAnnualConsolidatedBalanceSheetHeading" xlink:arcrole="http://www.xbrl.org/2003/arcrole/parent-child" order="1" />
    <link:presentationArc xlink:type="arc" xlink:from="jpcrp_cor_Type1SemiAnnualConsolidatedFinancialStatementsHeading" xlink:to="jppfs_cor_Type1SemiAnnualConsolidatedStatementOfIncomeAndConsolidatedStatementOfComprehensiveIncomeHeading" xlink:arcrole="http://www.xbrl.org/2003/arcrole/parent-child" order="2" />
    <link:presentationArc xlink:type="arc" xlink:from="jpcrp_cor_Type1SemiAnnualConsolidatedFinancialStatementsHeading" xlink:to="jppfs_cor_Type1SemiAnnualConsolidatedStatementOfCashFlowsHeading" xlink:arcrole="http://www.xbrl.org/2003/arcrole/parent-child" order="3" />
    <link:presentationArc xlink:type="arc" xlink:from="jpcrp_cor_Type1SemiAnnualConsolidatedFinancialStatementsHeading" xlink:to="jpcrp_cor_NotesType1SemiAnnualConsolidatedFinancialStatementsHeading" xlink:arcrole="http://www.xbrl.org/2003/arcrole/parent-child" order="4" />
    <link:presentationArc xlink:type="arc" xlink:from="jppfs_cor_Type1SemiAnnualConsolidatedBalanceSheetHeading" xlink:to="jpcrp_cor_Type1SemiAnnualConsolidatedBalanceSheetTextBlock" xlink:arcrole="http://www.xbrl.org/2003/arcrole/parent-child" order="1" />
    <link:presentationArc xlink:type="arc" xlink:from="jppfs_cor_Type1SemiAnnualConsolidatedStatementOfCashFlowsHeading" xlink:to="jpcrp_cor_Type1SemiAnnualConsolidatedStatementOfCashFlowsTextBlock" xlink:arcrole="http://www.xbrl.org/2003/arcrole/parent-child" order="1" />
    <link:presentationArc xlink:type="arc" xlink:from="jppfs_cor_Type1SemiAnnualConsolidatedStatementOfIncomeAndConsolidatedStatementOfComprehensiveIncomeHeading" xlink:to="jppfs_cor_Type1SemiAnnualConsolidatedStatementOfComprehensiveIncomeHeading" xlink:arcrole="http://www.xbrl.org/2003/arcrole/parent-child" order="2" />
    <link:presentationArc xlink:type="arc" xlink:from="jppfs_cor_Type1SemiAnnualConsolidatedStatementOfComprehensiveIncomeHeading" xlink:to="jpcrp_cor_Type1SemiAnnualConsolidatedStatementOfComprehensiveIncomeTextBlock" xlink:arcrole="http://www.xbrl.org/2003/arcrole/parent-child" order="1" />
    <link:presentationArc xlink:type="arc" xlink:from="jppfs_cor_Type1SemiAnnualConsolidatedStatementOfIncomeAndConsolidatedStatementOfComprehensiveIncomeHeading" xlink:to="jppfs_cor_Type1SemiAnnualConsolidatedStatementOfIncomeHeading" xlink:arcrole="http://www.xbrl.org/2003/arcrole/parent-child" order="1" />
    <link:presentationArc xlink:type="arc" xlink:from="jppfs_cor_Type1SemiAnnualConsolidatedStatementOfIncomeHeading" xlink:to="jpcrp_cor_Type1SemiAnnualConsolidatedStatementOfIncomeTextBlock" xlink:arcrole="http://www.xbrl.org/2003/arcrole/parent-child" order="1" />
    <link:presentationArc xlink:type="arc" xlink:from="tse-at-t_AttachedDocumentHeading" xlink:to="jpcrp_cor_Type1SemiAnnualConsolidatedFinancialStatementsHeading" xlink:arcrole="http://www.xbrl.org/2003/arcrole/parent-child" order="1" />
  </link:presentationLink>
  <link:presentationLink xlink:type="extended" xlink:role="http://disclosure.edinet-fsa.go.jp/role/jppfs/rol_Type1SemiAnnualConsolidatedBalanceSheet">
    <link:loc xlink:type="locator" xlink:href="http://disclosure.edinet-fsa.go.jp/taxonomy/jppfs/2024-11-01/jppfs_cor_2024-11-01.xsd#jppfs_cor_AccountsPayableOther" xlink:label="jppfs_cor_AccountsPayableOther" />
    <link:loc xlink:type="locator" xlink:href="http://disclosure.edinet-fsa.go.jp/taxonomy/jppfs/2024-11-01/jppfs_cor_2024-11-01.xsd#jppfs_cor_AccountsPayableTrade" xlink:label="jppfs_cor_AccountsPayableTrade" />
    <link:loc xlink:type="locator" xlink:href="http://disclosure.edinet-fsa.go.jp/taxonomy/jppfs/2024-11-01/jppfs_cor_2024-11-01.xsd#jppfs_cor_AccountsReceivableOperatingLoansCASPF" xlink:label="jppfs_cor_AccountsReceivableOperatingLoansCASPF" />
    <link:loc xlink:type="locator" xlink:href="http://disclosure.edinet-fsa.go.jp/taxonomy/jppfs/2024-11-01/jppfs_cor_2024-11-01.xsd#jppfs_cor_AccountsReceivableTrade" xlink:label="jppfs_cor_AccountsReceivableTrade" />
    <link:loc xlink:type="locator" xlink:href="http://disclosure.edinet-fsa.go.jp/taxonomy/jppfs/2024-11-01/jppfs_cor_2024-11-01.xsd#jppfs_cor_AccruedConsumptionTaxes" xlink:label="jppfs_cor_AccruedConsumptionTaxes" />
    <link:loc xlink:type="locator" xlink:href="http://disclosure.edinet-fsa.go.jp/taxonomy/jppfs/2024-11-01/jppfs_cor_2024-11-01.xsd#jppfs_cor_AllowanceForDoubtfulAccountsCA" xlink:label="jppfs_cor_AllowanceForDoubtfulAccountsCA" />
    <link:loc xlink:type="locator" xlink:href="http://disclosure.edinet-fsa.go.jp/taxonomy/jppfs/2024-11-01/jppfs_cor_2024-11-01.xsd#jppfs_cor_AllowanceForDoubtfulAccountsIOAByGroup" xlink:label="jppfs_cor_AllowanceForDoubtfulAccountsIOAByGroup" />
    <link:loc xlink:type="locator" xlink:href="http://disclosure.edinet-fsa.go.jp/taxonomy/jppfs/2024-11-01/jppfs_cor_2024-11-01.xsd#jppfs_cor_AssetRetirementObligationsNCL" xlink:label="jppfs_cor_AssetRetirementObligationsNCL" />
    <link:loc xlink:type="locator" xlink:href="http://disclosure.edinet-fsa.go.jp/taxonomy/jppfs/2024-11-01/jppfs_cor_2024-11-01.xsd#jppfs_cor_Assets" xlink:label="jppfs_cor_Assets" />
    <link:loc xlink:type="locator" xlink:href="http://disclosure.edinet-fsa.go.jp/taxonomy/jppfs/2024-11-01/jppfs_cor_2024-11-01.xsd#jppfs_cor_AssetsAbstract" xlink:label="jppfs_cor_AssetsAbstract" />
    <link:loc xlink:type="locator" xlink:href="http://disclosure.edinet-fsa.go.jp/taxonomy/jppfs/2024-11-01/jppfs_cor_2024-11-01.xsd#jppfs_cor_BalanceSheetLineItems" xlink:label="jppfs_cor_BalanceSheetLineItems" />
    <link:loc xlink:type="locator" xlink:href="http://disclosure.edinet-fsa.go.jp/taxonomy/jppfs/2024-11-01/jppfs_cor_2024-11-01.xsd#jppfs_cor_BalanceSheetTable" xlink:label="jppfs_cor_BalanceSheetTable" />
    <link:loc xlink:type="locator" xlink:href="http://disclosure.edinet-fsa.go.jp/taxonomy/jppfs/2024-11-01/jppfs_cor_2024-11-01.xsd#jppfs_cor_CapitalStock" xlink:label="jppfs_cor_CapitalStock" />
    <link:loc xlink:type="locator" xlink:href="http://disclosure.edinet-fsa.go.jp/taxonomy/jppfs/2024-11-01/jppfs_cor_2024-11-01.xsd#jppfs_cor_CapitalSurplus" xlink:label="jppfs_cor_CapitalSurplus" />
    <link:loc xlink:type="locator" xlink:href="http://disclosure.edinet-fsa.go.jp/taxonomy/jppfs/2024-11-01/jppfs_cor_2024-11-01.xsd#jppfs_cor_CashAndDeposits" xlink:label="jppfs_cor_CashAndDeposits" />
    <link:loc xlink:type="locator" xlink:href="http://disclosure.edinet-fsa.go.jp/taxonomy/jppfs/2024-11-01/jppfs_cor_2024-11-01.xsd#jppfs_cor_ConsolidatedMember" xlink:label="jppfs_cor_ConsolidatedMember" />
    <link:loc xlink:type="locator" xlink:href="http://disclosure.edinet-fsa.go.jp/taxonomy/jppfs/2024-11-01/jppfs_cor_2024-11-01.xsd#jppfs_cor_ConsolidatedOrNonConsolidatedAxis" xlink:label="jppfs_cor_ConsolidatedOrNonConsolidatedAxis" />
    <link:loc xlink:type="locator" xlink:href="http://disclosure.edinet-fsa.go.jp/taxonomy/jppfs/2024-11-01/jppfs_cor_2024-11-01.xsd#jppfs_cor_ConvertibleBondTypeBondsWithSubscriptionRightsToShares" xlink:label="jppfs_cor_ConvertibleBondTypeBondsWithSubscriptionRightsToShares" />
    <link:loc xlink:type="locator" xlink:href="http://disclosure.edinet-fsa.go.jp/taxonomy/jppfs/2024-11-01/jppfs_cor_2024-11-01.xsd#jppfs_cor_CurrentAssets" xlink:label="jppfs_cor_CurrentAssets" />
    <link:loc xlink:type="locator" xlink:href="http://disclosure.edinet-fsa.go.jp/taxonomy/jppfs/2024-11-01/jppfs_cor_2024-11-01.xsd#jppfs_cor_CurrentAssetsAbstract" xlink:label="jppfs_cor_CurrentAssetsAbstract" />
    <link:loc xlink:type="locator" xlink:href="http://disclosure.edinet-fsa.go.jp/taxonomy/jppfs/2024-11-01/jppfs_cor_2024-11-01.xsd#jppfs_cor_CurrentLiabilities" xlink:label="jppfs_cor_CurrentLiabilities" />
    <link:loc xlink:type="locator" xlink:href="http://disclosure.edinet-fsa.go.jp/taxonomy/jppfs/2024-11-01/jppfs_cor_2024-11-01.xsd#jppfs_cor_CurrentLiabilitiesAbstract" xlink:label="jppfs_cor_CurrentLiabilitiesAbstract" />
    <link:loc xlink:type="locator" xlink:href="http://disclosure.edinet-fsa.go.jp/taxonomy/jppfs/2024-11-01/jppfs_cor_2024-11-01.xsd#jppfs_cor_CurrentPortionOfLongTermLoansPayable" xlink:label="jppfs_cor_CurrentPortionOfLongTermLoansPayable" />
    <link:loc xlink:type="locator" xlink:href="http://disclosure.edinet-fsa.go.jp/taxonomy/jppfs/2024-11-01/jppfs_cor_2024-11-01.xsd#jppfs_cor_DeferredAssets" xlink:label="jppfs_cor_DeferredAssets" />
    <link:loc xlink:type="locator" xlink:href="http://disclosure.edinet-fsa.go.jp/taxonomy/jppfs/2024-11-01/jppfs_cor_2024-11-01.xsd#jppfs_cor_IncomeTaxesPayable" xlink:label="jppfs_cor_IncomeTaxesPayable" />
    <link:loc xlink:type="locator" xlink:href="http://disclosure.edinet-fsa.go.jp/taxonomy/jppfs/2024-11-01/jppfs_cor_2024-11-01.xsd#jppfs_cor_IntangibleAssets" xlink:label="jppfs_cor_IntangibleAssets" />
    <link:loc xlink:type="locator" xlink:href="http://disclosure.edinet-fsa.go.jp/taxonomy/jppfs/2024-11-01/jppfs_cor_2024-11-01.xsd#jppfs_cor_InvestmentsAndOtherAssets" xlink:label="jppfs_cor_InvestmentsAndOtherAssets" />
    <link:loc xlink:type="locator" xlink:href="http://disclosure.edinet-fsa.go.jp/taxonomy/jppfs/2024-11-01/jppfs_cor_2024-11-01.xsd#jppfs_cor_InvestmentsAndOtherAssetsAbstract" xlink:label="jppfs_cor_InvestmentsAndOtherAssetsAbstract" />
    <link:loc xlink:type="locator" xlink:href="http://disclosure.edinet-fsa.go.jp/taxonomy/jppfs/2024-11-01/jppfs_cor_2024-11-01.xsd#jppfs_cor_InvestmentsAndOtherAssetsGross" xlink:label="jppfs_cor_InvestmentsAndOtherAssetsGross" />
    <link:loc xlink:type="locator" xlink:href="http://disclosure.edinet-fsa.go.jp/taxonomy/jppfs/2024-11-01/jppfs_cor_2024-11-01.xsd#jppfs_cor_LeaseObligationsCL" xlink:label="jppfs_cor_LeaseObligationsCL" />
    <link:loc xlink:type="locator" xlink:href="http://disclosure.edinet-fsa.go.jp/taxonomy/jppfs/2024-11-01/jppfs_cor_2024-11-01.xsd#jppfs_cor_LeaseObligationsNCL" xlink:label="jppfs_cor_LeaseObligationsNCL" />
    <link:loc xlink:type="locator" xlink:href="http://disclosure.edinet-fsa.go.jp/taxonomy/jppfs/2024-11-01/jppfs_cor_2024-11-01.xsd#jppfs_cor_LeaseReceivablesAndInvestmentAssetsCA" xlink:label="jppfs_cor_LeaseReceivablesAndInvestmentAssetsCA" />
    <link:loc xlink:type="locator" xlink:href="http://disclosure.edinet-fsa.go.jp/taxonomy/jppfs/2024-11-01/jppfs_cor_2024-11-01.xsd#jppfs_cor_Liabilities" xlink:label="jppfs_cor_Liabilities" />
    <link:loc xlink:type="locator" xlink:href="http://disclosure.edinet-fsa.go.jp/taxonomy/jppfs/2024-11-01/jppfs_cor_2024-11-01.xsd#jppfs_cor_LiabilitiesAbstract" xlink:label="jppfs_cor_LiabilitiesAbstract" />
    <link:loc xlink:type="locator" xlink:href="http://disclosure.edinet-fsa.go.jp/taxonomy/jppfs/2024-11-01/jppfs_cor_2024-11-01.xsd#jppfs_cor_LiabilitiesAndNetAssets" xlink:label="jppfs_cor_LiabilitiesAndNetAssets" />
    <link:loc xlink:type="locator" xlink:href="http://disclosure.edinet-fsa.go.jp/taxonomy/jppfs/2024-11-01/jppfs_cor_2024-11-01.xsd#jppfs_cor_LongTermLoansPayable" xlink:label="jppfs_cor_LongTermLoansPayable" />
    <link:loc xlink:type="locator" xlink:href="http://disclosure.edinet-fsa.go.jp/taxonomy/jppfs/2024-11-01/jppfs_cor_2024-11-01.xsd#jppfs_cor_NetAssets" xlink:label="jppfs_cor_NetAssets" />
    <link:loc xlink:type="locator" xlink:href="http://disclosure.edinet-fsa.go.jp/taxonomy/jppfs/2024-11-01/jppfs_cor_2024-11-01.xsd#jppfs_cor_NetAssetsAbstract" xlink:label="jppfs_cor_NetAssetsAbstract" />
    <link:loc xlink:type="locator" xlink:href="http://disclosure.edinet-fsa.go.jp/taxonomy/jppfs/2024-11-01/jppfs_cor_2024-11-01.xsd#jppfs_cor_NoncurrentAssets" xlink:label="jppfs_cor_NoncurrentAssets" />
    <link:loc xlink:type="locator" xlink:href="http://disclosure.edinet-fsa.go.jp/taxonomy/jppfs/2024-11-01/jppfs_cor_2024-11-01.xsd#jppfs_cor_NoncurrentAssetsAbstract" xlink:label="jppfs_cor_NoncurrentAssetsAbstract" />
    <link:loc xlink:type="locator" xlink:href="http://disclosure.edinet-fsa.go.jp/taxonomy/jppfs/2024-11-01/jppfs_cor_2024-11-01.xsd#jppfs_cor_NoncurrentLiabilities" xlink:label="jppfs_cor_NoncurrentLiabilities" />
    <link:loc xlink:type="locator" xlink:href="http://disclosure.edinet-fsa.go.jp/taxonomy/jppfs/2024-11-01/jppfs_cor_2024-11-01.xsd#jppfs_cor_NoncurrentLiabilitiesAbstract" xlink:label="jppfs_cor_NoncurrentLiabilitiesAbstract" />
    <link:loc xlink:type="locator" xlink:href="http://disclosure.edinet-fsa.go.jp/taxonomy/jppfs/2024-11-01/jppfs_cor_2024-11-01.xsd#jppfs_cor_OtherCA" xlink:label="jppfs_cor_OtherCA" />
    <link:loc xlink:type="locator" xlink:href="http://disclosure.edinet-fsa.go.jp/taxonomy/jppfs/2024-11-01/jppfs_cor_2024-11-01.xsd#jppfs_cor_OtherCL" xlink:label="jppfs_cor_OtherCL" />
    <link:loc xlink:type="locator" xlink:href="http://disclosure.edinet-fsa.go.jp/taxonomy/jppfs/2024-11-01/jppfs_cor_2024-11-01.xsd#jppfs_cor_PropertyPlantAndEquipment" xlink:label="jppfs_cor_PropertyPlantAndEquipment" />
    <link:loc xlink:type="locator" xlink:href="http://disclosure.edinet-fsa.go.jp/taxonomy/jppfs/2024-11-01/jppfs_cor_2024-11-01.xsd#jppfs_cor_ProvisionForBonuses" xlink:label="jppfs_cor_ProvisionForBonuses" />
    <link:loc xlink:type="locator" xlink:href="http://disclosure.edinet-fsa.go.jp/taxonomy/jppfs/2024-11-01/jppfs_cor_2024-11-01.xsd#jppfs_cor_ProvisionForDirectorsBonuses" xlink:label="jppfs_cor_ProvisionForDirectorsBonuses" />
    <link:loc xlink:type="locator" xlink:href="http://disclosure.edinet-fsa.go.jp/taxonomy/jppfs/2024-11-01/jppfs_cor_2024-11-01.xsd#jppfs_cor_PurchasedReceivablesCA" xlink:label="jppfs_cor_PurchasedReceivablesCA" />
    <link:loc xlink:type="locator" xlink:href="http://disclosure.edinet-fsa.go.jp/taxonomy/jppfs/2024-11-01/jppfs_cor_2024-11-01.xsd#jppfs_cor_RetainedEarnings" xlink:label="jppfs_cor_RetainedEarnings" />
    <link:loc xlink:type="locator" xlink:href="http://disclosure.edinet-fsa.go.jp/taxonomy/jppfs/2024-11-01/jppfs_cor_2024-11-01.xsd#jppfs_cor_ShareholdersEquity" xlink:label="jppfs_cor_ShareholdersEquity" />
    <link:loc xlink:type="locator" xlink:href="http://disclosure.edinet-fsa.go.jp/taxonomy/jppfs/2024-11-01/jppfs_cor_2024-11-01.xsd#jppfs_cor_ShareholdersEquityAbstract" xlink:label="jppfs_cor_ShareholdersEquityAbstract" />
    <link:loc xlink:type="locator" xlink:href="http://disclosure.edinet-fsa.go.jp/taxonomy/jppfs/2024-11-01/jppfs_cor_2024-11-01.xsd#jppfs_cor_ShortTermLoansPayable" xlink:label="jppfs_cor_ShortTermLoansPayable" />
    <link:loc xlink:type="locator" xlink:href="http://disclosure.edinet-fsa.go.jp/taxonomy/jppfs/2024-11-01/jppfs_cor_2024-11-01.xsd#jppfs_cor_SubscriptionRightsToShares" xlink:label="jppfs_cor_SubscriptionRightsToShares" />
    <link:loc xlink:type="locator" xlink:href="http://disclosure.edinet-fsa.go.jp/taxonomy/jppfs/2024-11-01/jppfs_cor_2024-11-01.xsd#jppfs_cor_Type1SemiAnnualConsolidatedBalanceSheetHeading" xlink:label="jppfs_cor_Type1SemiAnnualConsolidatedBalanceSheetHeading" />
    <link:presentationArc xlink:type="arc" xlink:from="jppfs_cor_BalanceSheetLineItems" xlink:to="jppfs_cor_AssetsAbstract" xlink:arcrole="http://www.xbrl.org/2003/arcrole/parent-child" order="1" />
    <link:presentationArc xlink:type="arc" xlink:from="jppfs_cor_AssetsAbstract" xlink:to="jppfs_cor_CurrentAssetsAbstract" xlink:arcrole="http://www.xbrl.org/2003/arcrole/parent-child" order="1" />
    <link:presentationArc xlink:type="arc" xlink:from="jppfs_cor_AssetsAbstract" xlink:to="jppfs_cor_NoncurrentAssetsAbstract" xlink:arcrole="http://www.xbrl.org/2003/arcrole/parent-child" order="2" />
    <link:presentationArc xlink:type="arc" xlink:from="jppfs_cor_AssetsAbstract" xlink:to="jppfs_cor_DeferredAssets" xlink:arcrole="http://www.xbrl.org/2003/arcrole/parent-child" order="3" />
    <link:presentationArc xlink:type="arc" xlink:from="jppfs_cor_AssetsAbstract" xlink:to="jppfs_cor_Assets" xlink:arcrole="http://www.xbrl.org/2003/arcrole/parent-child" preferredLabel="http://www.xbrl.org/2003/role/totalLabel" order="4" />
    <link:presentationArc xlink:type="arc" xlink:from="jppfs_cor_BalanceSheetLineItems" xlink:to="jppfs_cor_LiabilitiesAbstract" xlink:arcrole="http://www.xbrl.org/2003/arcrole/parent-child" order="2" />
    <link:presentationArc xlink:type="arc" xlink:from="jppfs_cor_BalanceSheetLineItems" xlink:to="jppfs_cor_NetAssetsAbstract" xlink:arcrole="http://www.xbrl.org/2003/arcrole/parent-child" order="3" />
    <link:presentationArc xlink:type="arc" xlink:from="jppfs_cor_BalanceSheetLineItems" xlink:to="jppfs_cor_LiabilitiesAndNetAssets" xlink:arcrole="http://www.xbrl.org/2003/arcrole/parent-child" preferredLabel="http://www.xbrl.org/2003/role/totalLabel" order="4" />
    <link:presentationArc xlink:type="arc" xlink:from="jppfs_cor_BalanceSheetTable" xlink:to="jppfs_cor_ConsolidatedOrNonConsolidatedAxis" xlink:arcrole="http://www.xbrl.org/2003/arcrole/parent-child" order="1" />
    <link:presentationArc xlink:type="arc" xlink:from="jppfs_cor_ConsolidatedOrNonConsolidatedAxis" xlink:to="jppfs_cor_ConsolidatedMember" xlink:arcrole="http://www.xbrl.org/2003/arcrole/parent-child" order="1" />
    <link:presentationArc xlink:type="arc" xlink:from="jppfs_cor_CurrentAssetsAbstract" xlink:to="jppfs_cor_CashAndDeposits" xlink:arcrole="http://www.xbrl.org/2003/arcrole/parent-child" order="1" />
    <link:presentationArc xlink:type="arc" xlink:from="jppfs_cor_CurrentAssetsAbstract" xlink:to="jppfs_cor_AccountsReceivableTrade" xlink:arcrole="http://www.xbrl.org/2003/arcrole/parent-child" order="2" />
    <link:presentationArc xlink:type="arc" xlink:from="jppfs_cor_CurrentAssetsAbstract" xlink:to="jppfs_cor_PurchasedReceivablesCA" xlink:arcrole="http://www.xbrl.org/2003/arcrole/parent-child" order="3" />
    <link:presentationArc xlink:type="arc" xlink:from="jppfs_cor_CurrentAssetsAbstract" xlink:to="jppfs_cor_LeaseReceivablesAndInvestmentAssetsCA" xlink:arcrole="http://www.xbrl.org/2003/arcrole/parent-child" order="4" />
    <link:presentationArc xlink:type="arc" xlink:from="jppfs_cor_CurrentAssetsAbstract" xlink:to="jppfs_cor_AccountsReceivableOperatingLoansCASPF" xlink:arcrole="http://www.xbrl.org/2003/arcrole/parent-child" order="5" />
    <link:presentationArc xlink:type="arc" xlink:from="jppfs_cor_CurrentAssetsAbstract" xlink:to="jppfs_cor_OtherCA" xlink:arcrole="http://www.xbrl.org/2003/arcrole/parent-child" order="6" />
    <link:presentationArc xlink:type="arc" xlink:from="jppfs_cor_CurrentAssetsAbstract" xlink:to="jppfs_cor_AllowanceForDoubtfulAccountsCA" xlink:arcrole="http://www.xbrl.org/2003/arcrole/parent-child" order="7" />
    <link:presentationArc xlink:type="arc" xlink:from="jppfs_cor_CurrentAssetsAbstract" xlink:to="jppfs_cor_CurrentAssets" xlink:arcrole="http://www.xbrl.org/2003/arcrole/parent-child" preferredLabel="http://www.xbrl.org/2003/role/totalLabel" order="8" />
    <link:presentationArc xlink:type="arc" xlink:from="jppfs_cor_LiabilitiesAbstract" xlink:to="jppfs_cor_CurrentLiabilitiesAbstract" xlink:arcrole="http://www.xbrl.org/2003/arcrole/parent-child" order="1" />
    <link:presentationArc xlink:type="arc" xlink:from="jppfs_cor_CurrentLiabilitiesAbstract" xlink:to="jppfs_cor_AccountsPayableTrade" xlink:arcrole="http://www.xbrl.org/2003/arcrole/parent-child" order="1" />
    <link:presentationArc xlink:type="arc" xlink:from="jppfs_cor_CurrentLiabilitiesAbstract" xlink:to="jppfs_cor_ShortTermLoansPayable" xlink:arcrole="http://www.xbrl.org/2003/arcrole/parent-child" order="2" />
    <link:presentationArc xlink:type="arc" xlink:from="jppfs_cor_CurrentLiabilitiesAbstract" xlink:to="jppfs_cor_CurrentPortionOfLongTermLoansPayable" xlink:arcrole="http://www.xbrl.org/2003/arcrole/parent-child" order="3" />
    <link:presentationArc xlink:type="arc" xlink:from="jppfs_cor_CurrentLiabilitiesAbstract" xlink:to="jppfs_cor_LeaseObligationsCL" xlink:arcrole="http://www.xbrl.org/2003/arcrole/parent-child" order="4" />
    <link:presentationArc xlink:type="arc" xlink:from="jppfs_cor_CurrentLiabilitiesAbstract" xlink:to="jppfs_cor_AccountsPayableOther" xlink:arcrole="http://www.xbrl.org/2003/arcrole/parent-child" order="5" />
    <link:presentationArc xlink:type="arc" xlink:from="jppfs_cor_CurrentLiabilitiesAbstract" xlink:to="jppfs_cor_IncomeTaxesPayable" xlink:arcrole="http://www.xbrl.org/2003/arcrole/parent-child" order="6" />
    <link:presentationArc xlink:type="arc" xlink:from="jppfs_cor_CurrentLiabilitiesAbstract" xlink:to="jppfs_cor_AccruedConsumptionTaxes" xlink:arcrole="http://www.xbrl.org/2003/arcrole/parent-child" order="7" />
    <link:presentationArc xlink:type="arc" xlink:from="jppfs_cor_CurrentLiabilitiesAbstract" xlink:to="jppfs_cor_ProvisionForBonuses" xlink:arcrole="http://www.xbrl.org/2003/arcrole/parent-child" order="8" />
    <link:presentationArc xlink:type="arc" xlink:from="jppfs_cor_CurrentLiabilitiesAbstract" xlink:to="jppfs_cor_ProvisionForDirectorsBonuses" xlink:arcrole="http://www.xbrl.org/2003/arcrole/parent-child" order="9" />
    <link:presentationArc xlink:type="arc" xlink:from="jppfs_cor_CurrentLiabilitiesAbstract" xlink:to="jppfs_cor_OtherCL" xlink:arcrole="http://www.xbrl.org/2003/arcrole/parent-child" order="10" />
    <link:presentationArc xlink:type="arc" xlink:from="jppfs_cor_CurrentLiabilitiesAbstract" xlink:to="jppfs_cor_CurrentLiabilities" xlink:arcrole="http://www.xbrl.org/2003/arcrole/parent-child" preferredLabel="http://www.xbrl.org/2003/role/totalLabel" order="11" />
    <link:presentationArc xlink:type="arc" xlink:from="jppfs_cor_LiabilitiesAbstract" xlink:to="jppfs_cor_NoncurrentLiabilitiesAbstract" xlink:arcrole="http://www.xbrl.org/2003/arcrole/parent-child" order="2" />
    <link:presentationArc xlink:type="arc" xlink:from="jppfs_cor_LiabilitiesAbstract" xlink:to="jppfs_cor_Liabilities" xlink:arcrole="http://www.xbrl.org/2003/arcrole/parent-child" preferredLabel="http://www.xbrl.org/2003/role/totalLabel" order="3" />
    <link:presentationArc xlink:type="arc" xlink:from="jppfs_cor_NetAssetsAbstract" xlink:to="jppfs_cor_ShareholdersEquityAbstract" xlink:arcrole="http://www.xbrl.org/2003/arcrole/parent-child" order="1" />
    <link:presentationArc xlink:type="arc" xlink:from="jppfs_cor_NetAssetsAbstract" xlink:to="jppfs_cor_SubscriptionRightsToShares" xlink:arcrole="http://www.xbrl.org/2003/arcrole/parent-child" order="2" />
    <link:presentationArc xlink:type="arc" xlink:from="jppfs_cor_NetAssetsAbstract" xlink:to="jppfs_cor_NetAssets" xlink:arcrole="http://www.xbrl.org/2003/arcrole/parent-child" preferredLabel="http://www.xbrl.org/2003/role/totalLabel" order="3" />
    <link:presentationArc xlink:type="arc" xlink:from="jppfs_cor_NoncurrentAssetsAbstract" xlink:to="jppfs_cor_PropertyPlantAndEquipment" xlink:arcrole="http://www.xbrl.org/2003/arcrole/parent-child" order="1" />
    <link:presentationArc xlink:type="arc" xlink:from="jppfs_cor_NoncurrentAssetsAbstract" xlink:to="jppfs_cor_IntangibleAssets" xlink:arcrole="http://www.xbrl.org/2003/arcrole/parent-child" order="2" />
    <link:presentationArc xlink:type="arc" xlink:from="jppfs_cor_NoncurrentAssetsAbstract" xlink:to="jppfs_cor_InvestmentsAndOtherAssetsAbstract" xlink:arcrole="http://www.xbrl.org/2003/arcrole/parent-child" order="3" />
    <link:presentationArc xlink:type="arc" xlink:from="jppfs_cor_InvestmentsAndOtherAssetsAbstract" xlink:to="jppfs_cor_InvestmentsAndOtherAssetsGross" xlink:arcrole="http://www.xbrl.org/2003/arcrole/parent-child" order="1" />
    <link:presentationArc xlink:type="arc" xlink:from="jppfs_cor_InvestmentsAndOtherAssetsAbstract" xlink:to="jppfs_cor_AllowanceForDoubtfulAccountsIOAByGroup" xlink:arcrole="http://www.xbrl.org/2003/arcrole/parent-child" order="2" />
    <link:presentationArc xlink:type="arc" xlink:from="jppfs_cor_InvestmentsAndOtherAssetsAbstract" xlink:to="jppfs_cor_InvestmentsAndOtherAssets" xlink:arcrole="http://www.xbrl.org/2003/arcrole/parent-child" preferredLabel="http://www.xbrl.org/2003/role/totalLabel" order="3" />
    <link:presentationArc xlink:type="arc" xlink:from="jppfs_cor_NoncurrentAssetsAbstract" xlink:to="jppfs_cor_NoncurrentAssets" xlink:arcrole="http://www.xbrl.org/2003/arcrole/parent-child" preferredLabel="http://www.xbrl.org/2003/role/totalLabel" order="4" />
    <link:presentationArc xlink:type="arc" xlink:from="jppfs_cor_NoncurrentLiabilitiesAbstract" xlink:to="jppfs_cor_ConvertibleBondTypeBondsWithSubscriptionRightsToShares" xlink:arcrole="http://www.xbrl.org/2003/arcrole/parent-child" order="1" />
    <link:presentationArc xlink:type="arc" xlink:from="jppfs_cor_NoncurrentLiabilitiesAbstract" xlink:to="jppfs_cor_LongTermLoansPayable" xlink:arcrole="http://www.xbrl.org/2003/arcrole/parent-child" order="2" />
    <link:presentationArc xlink:type="arc" xlink:from="jppfs_cor_NoncurrentLiabilitiesAbstract" xlink:to="jppfs_cor_LeaseObligationsNCL" xlink:arcrole="http://www.xbrl.org/2003/arcrole/parent-child" order="3" />
    <link:presentationArc xlink:type="arc" xlink:from="jppfs_cor_NoncurrentLiabilitiesAbstract" xlink:to="jppfs_cor_AssetRetirementObligationsNCL" xlink:arcrole="http://www.xbrl.org/2003/arcrole/parent-child" order="4" />
    <link:presentationArc xlink:type="arc" xlink:from="jppfs_cor_NoncurrentLiabilitiesAbstract" xlink:to="jppfs_cor_NoncurrentLiabilities" xlink:arcrole="http://www.xbrl.org/2003/arcrole/parent-child" preferredLabel="http://www.xbrl.org/2003/role/totalLabel" order="5" />
    <link:presentationArc xlink:type="arc" xlink:from="jppfs_cor_ShareholdersEquityAbstract" xlink:to="jppfs_cor_CapitalStock" xlink:arcrole="http://www.xbrl.org/2003/arcrole/parent-child" order="1" />
    <link:presentationArc xlink:type="arc" xlink:from="jppfs_cor_ShareholdersEquityAbstract" xlink:to="jppfs_cor_CapitalSurplus" xlink:arcrole="http://www.xbrl.org/2003/arcrole/parent-child" order="2" />
    <link:presentationArc xlink:type="arc" xlink:from="jppfs_cor_ShareholdersEquityAbstract" xlink:to="jppfs_cor_RetainedEarnings" xlink:arcrole="http://www.xbrl.org/2003/arcrole/parent-child" order="3" />
    <link:presentationArc xlink:type="arc" xlink:from="jppfs_cor_ShareholdersEquityAbstract" xlink:to="jppfs_cor_ShareholdersEquity" xlink:arcrole="http://www.xbrl.org/2003/arcrole/parent-child" preferredLabel="http://www.xbrl.org/2003/role/totalLabel" order="4" />
    <link:presentationArc xlink:type="arc" xlink:from="jppfs_cor_Type1SemiAnnualConsolidatedBalanceSheetHeading" xlink:to="jppfs_cor_BalanceSheetTable" xlink:arcrole="http://www.xbrl.org/2003/arcrole/parent-child" preferredLabel="http://disclosure.edinet-fsa.go.jp/jppfs/ConsolidatedInterim/role/label" order="1" />
    <link:presentationArc xlink:type="arc" xlink:from="jppfs_cor_Type1SemiAnnualConsolidatedBalanceSheetHeading" xlink:to="jppfs_cor_BalanceSheetLineItems" xlink:arcrole="http://www.xbrl.org/2003/arcrole/parent-child" preferredLabel="http://disclosure.edinet-fsa.go.jp/jppfs/ConsolidatedInterim/role/label" order="2" />
  </link:presentationLink>
  <link:presentationLink xlink:type="extended" xlink:role="http://disclosure.edinet-fsa.go.jp/role/jppfs/rol_Type1SemiAnnualConsolidatedStatementOfIncome">
    <link:loc xlink:type="locator" xlink:href="http://disclosure.edinet-fsa.go.jp/taxonomy/jppfs/2024-11-01/jppfs_cor_2024-11-01.xsd#jppfs_cor_ConsolidatedMember" xlink:label="jppfs_cor_ConsolidatedMember" />
    <link:loc xlink:type="locator" xlink:href="http://disclosure.edinet-fsa.go.jp/taxonomy/jppfs/2024-11-01/jppfs_cor_2024-11-01.xsd#jppfs_cor_ConsolidatedOrNonConsolidatedAxis" xlink:label="jppfs_cor_ConsolidatedOrNonConsolidatedAxis" />
    <link:loc xlink:type="locator" xlink:href="http://disclosure.edinet-fsa.go.jp/taxonomy/jppfs/2024-11-01/jppfs_cor_2024-11-01.xsd#jppfs_cor_CostOfSales" xlink:label="jppfs_cor_CostOfSales" />
    <link:loc xlink:type="locator" xlink:href="http://disclosure.edinet-fsa.go.jp/taxonomy/jppfs/2024-11-01/jppfs_cor_2024-11-01.xsd#jppfs_cor_GrossProfit" xlink:label="jppfs_cor_GrossProfit" />
    <link:loc xlink:type="locator" xlink:href="http://disclosure.edinet-fsa.go.jp/taxonomy/jppfs/2024-11-01/jppfs_cor_2024-11-01.xsd#jppfs_cor_IncomeBeforeIncomeTaxes" xlink:label="jppfs_cor_IncomeBeforeIncomeTaxes" />
    <link:loc xlink:type="locator" xlink:href="http://disclosure.edinet-fsa.go.jp/taxonomy/jppfs/2024-11-01/jppfs_cor_2024-11-01.xsd#jppfs_cor_IncomeTaxes" xlink:label="jppfs_cor_IncomeTaxes" />
    <link:loc xlink:type="locator" xlink:href="http://disclosure.edinet-fsa.go.jp/taxonomy/jppfs/2024-11-01/jppfs_cor_2024-11-01.xsd#jppfs_cor_IncomeTaxesCurrent" xlink:label="jppfs_cor_IncomeTaxesCurrent" />
    <link:loc xlink:type="locator" xlink:href="http://disclosure.edinet-fsa.go.jp/taxonomy/jppfs/2024-11-01/jppfs_cor_2024-11-01.xsd#jppfs_cor_IncomeTaxesDeferred" xlink:label="jppfs_cor_IncomeTaxesDeferred" />
    <link:loc xlink:type="locator" xlink:href="http://disclosure.edinet-fsa.go.jp/taxonomy/jppfs/2024-11-01/jppfs_cor_2024-11-01.xsd#jppfs_cor_InsurancePremiumsRefundedCancellationNOI" xlink:label="jppfs_cor_InsurancePremiumsRefundedCancellationNOI" />
    <link:loc xlink:type="locator" xlink:href="http://disclosure.edinet-fsa.go.jp/taxonomy/jppfs/2024-11-01/jppfs_cor_2024-11-01.xsd#jppfs_cor_InterestAndDividendsIncomeNOI" xlink:label="jppfs_cor_InterestAndDividendsIncomeNOI" />
    <link:loc xlink:type="locator" xlink:href="http://disclosure.edinet-fsa.go.jp/taxonomy/jppfs/2024-11-01/jppfs_cor_2024-11-01.xsd#jppfs_cor_InterestExpensesNOE" xlink:label="jppfs_cor_InterestExpensesNOE" />
    <link:loc xlink:type="locator" xlink:href="http://disclosure.edinet-fsa.go.jp/taxonomy/jppfs/2024-11-01/jppfs_cor_2024-11-01.xsd#jppfs_cor_ListingExpensesNOE" xlink:label="jppfs_cor_ListingExpensesNOE" />
    <link:loc xlink:type="locator" xlink:href="http://disclosure.edinet-fsa.go.jp/taxonomy/jppfs/2024-11-01/jppfs_cor_2024-11-01.xsd#jppfs_cor_MiscellaneousIncomeNOI" xlink:label="jppfs_cor_MiscellaneousIncomeNOI" />
    <link:loc xlink:type="locator" xlink:href="http://disclosure.edinet-fsa.go.jp/taxonomy/jppfs/2024-11-01/jppfs_cor_2024-11-01.xsd#jppfs_cor_MiscellaneousLossNOE" xlink:label="jppfs_cor_MiscellaneousLossNOE" />
    <link:loc xlink:type="locator" xlink:href="http://disclosure.edinet-fsa.go.jp/taxonomy/jppfs/2024-11-01/jppfs_cor_2024-11-01.xsd#jppfs_cor_NetSales" xlink:label="jppfs_cor_NetSales" />
    <link:loc xlink:type="locator" xlink:href="http://disclosure.edinet-fsa.go.jp/taxonomy/jppfs/2024-11-01/jppfs_cor_2024-11-01.xsd#jppfs_cor_NonOperatingExpenses" xlink:label="jppfs_cor_NonOperatingExpenses" />
    <link:loc xlink:type="locator" xlink:href="http://disclosure.edinet-fsa.go.jp/taxonomy/jppfs/2024-11-01/jppfs_cor_2024-11-01.xsd#jppfs_cor_NonOperatingExpensesAbstract" xlink:label="jppfs_cor_NonOperatingExpensesAbstract" />
    <link:loc xlink:type="locator" xlink:href="http://disclosure.edinet-fsa.go.jp/taxonomy/jppfs/2024-11-01/jppfs_cor_2024-11-01.xsd#jppfs_cor_NonOperatingIncome" xlink:label="jppfs_cor_NonOperatingIncome" />
    <link:loc xlink:type="locator" xlink:href="http://disclosure.edinet-fsa.go.jp/taxonomy/jppfs/2024-11-01/jppfs_cor_2024-11-01.xsd#jppfs_cor_NonOperatingIncomeAbstract" xlink:label="jppfs_cor_NonOperatingIncomeAbstract" />
    <link:loc xlink:type="locator" xlink:href="http://disclosure.edinet-fsa.go.jp/taxonomy/jppfs/2024-11-01/jppfs_cor_2024-11-01.xsd#jppfs_cor_OperatingIncome" xlink:label="jppfs_cor_OperatingIncome" />
    <link:loc xlink:type="locator" xlink:href="http://disclosure.edinet-fsa.go.jp/taxonomy/jppfs/2024-11-01/jppfs_cor_2024-11-01.xsd#jppfs_cor_OrdinaryIncome" xlink:label="jppfs_cor_OrdinaryIncome" />
    <link:loc xlink:type="locator" xlink:href="http://disclosure.edinet-fsa.go.jp/taxonomy/jppfs/2024-11-01/jppfs_cor_2024-11-01.xsd#jppfs_cor_ProfitLoss" xlink:label="jppfs_cor_ProfitLoss" />
    <link:loc xlink:type="locator" xlink:href="http://disclosure.edinet-fsa.go.jp/taxonomy/jppfs/2024-11-01/jppfs_cor_2024-11-01.xsd#jppfs_cor_ProfitLossAttributableToOwnersOfParent" xlink:label="jppfs_cor_ProfitLossAttributableToOwnersOfParent" />
    <link:loc xlink:type="locator" xlink:href="http://disclosure.edinet-fsa.go.jp/taxonomy/jppfs/2024-11-01/jppfs_cor_2024-11-01.xsd#jppfs_cor_ProvisionOfAllowanceForDoubtfulAccountsNOE" xlink:label="jppfs_cor_ProvisionOfAllowanceForDoubtfulAccountsNOE" />
    <link:loc xlink:type="locator" xlink:href="http://disclosure.edinet-fsa.go.jp/taxonomy/jppfs/2024-11-01/jppfs_cor_2024-11-01.xsd#jppfs_cor_SellingGeneralAndAdministrativeExpenses" xlink:label="jppfs_cor_SellingGeneralAndAdministrativeExpenses" />
    <link:loc xlink:type="locator" xlink:href="http://disclosure.edinet-fsa.go.jp/taxonomy/jppfs/2024-11-01/jppfs_cor_2024-11-01.xsd#jppfs_cor_StatementOfIncomeLineItems" xlink:label="jppfs_cor_StatementOfIncomeLineItems" />
    <link:loc xlink:type="locator" xlink:href="http://disclosure.edinet-fsa.go.jp/taxonomy/jppfs/2024-11-01/jppfs_cor_2024-11-01.xsd#jppfs_cor_StatementOfIncomeTable" xlink:label="jppfs_cor_StatementOfIncomeTable" />
    <link:loc xlink:type="locator" xlink:href="http://disclosure.edinet-fsa.go.jp/taxonomy/jppfs/2024-11-01/jppfs_cor_2024-11-01.xsd#jppfs_cor_Type1SemiAnnualConsolidatedStatementOfIncomeHeading" xlink:label="jppfs_cor_Type1SemiAnnualConsolidatedStatementOfIncomeHeading" />
    <link:presentationArc xlink:type="arc" xlink:from="jppfs_cor_ConsolidatedOrNonConsolidatedAxis" xlink:to="jppfs_cor_ConsolidatedMember" xlink:arcrole="http://www.xbrl.org/2003/arcrole/parent-child" order="1" />
    <link:presentationArc xlink:type="arc" xlink:from="jppfs_cor_NonOperatingExpensesAbstract" xlink:to="jppfs_cor_InterestExpensesNOE" xlink:arcrole="http://www.xbrl.org/2003/arcrole/parent-child" order="1" />
    <link:presentationArc xlink:type="arc" xlink:from="jppfs_cor_NonOperatingExpensesAbstract" xlink:to="jppfs_cor_ProvisionOfAllowanceForDoubtfulAccountsNOE" xlink:arcrole="http://www.xbrl.org/2003/arcrole/parent-child" order="2" />
    <link:presentationArc xlink:type="arc" xlink:from="jppfs_cor_NonOperatingExpensesAbstract" xlink:to="jppfs_cor_ListingExpensesNOE" xlink:arcrole="http://www.xbrl.org/2003/arcrole/parent-child" order="3" />
    <link:presentationArc xlink:type="arc" xlink:from="jppfs_cor_NonOperatingExpensesAbstract" xlink:to="jppfs_cor_MiscellaneousLossNOE" xlink:arcrole="http://www.xbrl.org/2003/arcrole/parent-child" order="4" />
    <link:presentationArc xlink:type="arc" xlink:from="jppfs_cor_NonOperatingExpensesAbstract" xlink:to="jppfs_cor_NonOperatingExpenses" xlink:arcrole="http://www.xbrl.org/2003/arcrole/parent-child" preferredLabel="http://www.xbrl.org/2003/role/totalLabel" order="5" />
    <link:presentationArc xlink:type="arc" xlink:from="jppfs_cor_NonOperatingIncomeAbstract" xlink:to="jppfs_cor_InterestAndDividendsIncomeNOI" xlink:arcrole="http://www.xbrl.org/2003/arcrole/parent-child" order="1" />
    <link:presentationArc xlink:type="arc" xlink:from="jppfs_cor_NonOperatingIncomeAbstract" xlink:to="jppfs_cor_InsurancePremiumsRefundedCancellationNOI" xlink:arcrole="http://www.xbrl.org/2003/arcrole/parent-child" order="2" />
    <link:presentationArc xlink:type="arc" xlink:from="jppfs_cor_NonOperatingIncomeAbstract" xlink:to="jppfs_cor_MiscellaneousIncomeNOI" xlink:arcrole="http://www.xbrl.org/2003/arcrole/parent-child" order="3" />
    <link:presentationArc xlink:type="arc" xlink:from="jppfs_cor_NonOperatingIncomeAbstract" xlink:to="jppfs_cor_NonOperatingIncome" xlink:arcrole="http://www.xbrl.org/2003/arcrole/parent-child" preferredLabel="http://www.xbrl.org/2003/role/totalLabel" order="4" />
    <link:presentationArc xlink:type="arc" xlink:from="jppfs_cor_Type1SemiAnnualConsolidatedStatementOfIncomeHeading" xlink:to="jppfs_cor_StatementOfIncomeLineItems" xlink:arcrole="http://www.xbrl.org/2003/arcrole/parent-child" preferredLabel="http://disclosure.edinet-fsa.go.jp/jppfs/ConsolidatedInterim/role/label" order="2" />
    <link:presentationArc xlink:type="arc" xlink:from="jppfs_cor_StatementOfIncomeLineItems" xlink:to="jppfs_cor_NetSales" xlink:arcrole="http://www.xbrl.org/2003/arcrole/parent-child" order="1" />
    <link:presentationArc xlink:type="arc" xlink:from="jppfs_cor_StatementOfIncomeLineItems" xlink:to="jppfs_cor_CostOfSales" xlink:arcrole="http://www.xbrl.org/2003/arcrole/parent-child" order="2" />
    <link:presentationArc xlink:type="arc" xlink:from="jppfs_cor_StatementOfIncomeLineItems" xlink:to="jppfs_cor_GrossProfit" xlink:arcrole="http://www.xbrl.org/2003/arcrole/parent-child" preferredLabel="http://www.xbrl.org/2003/role/positiveLabel" order="3" />
    <link:presentationArc xlink:type="arc" xlink:from="jppfs_cor_StatementOfIncomeLineItems" xlink:to="jppfs_cor_SellingGeneralAndAdministrativeExpenses" xlink:arcrole="http://www.xbrl.org/2003/arcrole/parent-child" order="4" />
    <link:presentationArc xlink:type="arc" xlink:from="jppfs_cor_StatementOfIncomeLineItems" xlink:to="jppfs_cor_OperatingIncome" xlink:arcrole="http://www.xbrl.org/2003/arcrole/parent-child" preferredLabel="http://www.xbrl.org/2003/role/positiveLabel" order="5" />
    <link:presentationArc xlink:type="arc" xlink:from="jppfs_cor_StatementOfIncomeLineItems" xlink:to="jppfs_cor_NonOperatingIncomeAbstract" xlink:arcrole="http://www.xbrl.org/2003/arcrole/parent-child" order="6" />
    <link:presentationArc xlink:type="arc" xlink:from="jppfs_cor_StatementOfIncomeLineItems" xlink:to="jppfs_cor_NonOperatingExpensesAbstract" xlink:arcrole="http://www.xbrl.org/2003/arcrole/parent-child" order="7" />
    <link:presentationArc xlink:type="arc" xlink:from="jppfs_cor_StatementOfIncomeLineItems" xlink:to="jppfs_cor_OrdinaryIncome" xlink:arcrole="http://www.xbrl.org/2003/arcrole/parent-child" preferredLabel="http://www.xbrl.org/2003/role/positiveLabel" order="8" />
    <link:presentationArc xlink:type="arc" xlink:from="jppfs_cor_StatementOfIncomeLineItems" xlink:to="jppfs_cor_IncomeBeforeIncomeTaxes" xlink:arcrole="http://www.xbrl.org/2003/arcrole/parent-child" preferredLabel="http://disclosure.edinet-fsa.go.jp/jppfs/ConsolidatedInterim/role/positiveLabel" order="9" />
    <link:presentationArc xlink:type="arc" xlink:from="jppfs_cor_StatementOfIncomeLineItems" xlink:to="jppfs_cor_IncomeTaxesCurrent" xlink:arcrole="http://www.xbrl.org/2003/arcrole/parent-child" order="10" />
    <link:presentationArc xlink:type="arc" xlink:from="jppfs_cor_StatementOfIncomeLineItems" xlink:to="jppfs_cor_IncomeTaxesDeferred" xlink:arcrole="http://www.xbrl.org/2003/arcrole/parent-child" order="11" />
    <link:presentationArc xlink:type="arc" xlink:from="jppfs_cor_StatementOfIncomeLineItems" xlink:to="jppfs_cor_IncomeTaxes" xlink:arcrole="http://www.xbrl.org/2003/arcrole/parent-child" preferredLabel="http://www.xbrl.org/2003/role/totalLabel" order="12" />
    <link:presentationArc xlink:type="arc" xlink:from="jppfs_cor_StatementOfIncomeLineItems" xlink:to="jppfs_cor_ProfitLoss" xlink:arcrole="http://www.xbrl.org/2003/arcrole/parent-child" preferredLabel="http://disclosure.edinet-fsa.go.jp/jppfs/ConsolidatedInterim/role/positiveLabel" order="13" />
    <link:presentationArc xlink:type="arc" xlink:from="jppfs_cor_StatementOfIncomeLineItems" xlink:to="jppfs_cor_ProfitLossAttributableToOwnersOfParent" xlink:arcrole="http://www.xbrl.org/2003/arcrole/parent-child" preferredLabel="http://disclosure.edinet-fsa.go.jp/jppfs/ConsolidatedInterim/role/positiveLabel" order="14" />
    <link:presentationArc xlink:type="arc" xlink:from="jppfs_cor_Type1SemiAnnualConsolidatedStatementOfIncomeHeading" xlink:to="jppfs_cor_StatementOfIncomeTable" xlink:arcrole="http://www.xbrl.org/2003/arcrole/parent-child" preferredLabel="http://disclosure.edinet-fsa.go.jp/jppfs/ConsolidatedInterim/role/label" order="1" />
    <link:presentationArc xlink:type="arc" xlink:from="jppfs_cor_StatementOfIncomeTable" xlink:to="jppfs_cor_ConsolidatedOrNonConsolidatedAxis" xlink:arcrole="http://www.xbrl.org/2003/arcrole/parent-child" order="1" />
  </link:presentationLink>
  <link:presentationLink xlink:type="extended" xlink:role="http://disclosure.edinet-fsa.go.jp/role/jppfs/rol_Type1SemiAnnualConsolidatedStatementOfComprehensiveIncome">
    <link:loc xlink:type="locator" xlink:href="http://disclosure.edinet-fsa.go.jp/taxonomy/jppfs/2024-11-01/jppfs_cor_2024-11-01.xsd#jppfs_cor_ComprehensiveIncome" xlink:label="jppfs_cor_ComprehensiveIncome" />
    <link:loc xlink:type="locator" xlink:href="http://disclosure.edinet-fsa.go.jp/taxonomy/jppfs/2024-11-01/jppfs_cor_2024-11-01.xsd#jppfs_cor_ComprehensiveIncomeAttributableToAbstract" xlink:label="jppfs_cor_ComprehensiveIncomeAttributableToAbstract" />
    <link:loc xlink:type="locator" xlink:href="http://disclosure.edinet-fsa.go.jp/taxonomy/jppfs/2024-11-01/jppfs_cor_2024-11-01.xsd#jppfs_cor_ComprehensiveIncomeAttributableToOwnersOfTheParent" xlink:label="jppfs_cor_ComprehensiveIncomeAttributableToOwnersOfTheParent" />
    <link:loc xlink:type="locator" xlink:href="http://disclosure.edinet-fsa.go.jp/taxonomy/jppfs/2024-11-01/jppfs_cor_2024-11-01.xsd#jppfs_cor_ConsolidatedMember" xlink:label="jppfs_cor_ConsolidatedMember" />
    <link:loc xlink:type="locator" xlink:href="http://disclosure.edinet-fsa.go.jp/taxonomy/jppfs/2024-11-01/jppfs_cor_2024-11-01.xsd#jppfs_cor_ConsolidatedOrNonConsolidatedAxis" xlink:label="jppfs_cor_ConsolidatedOrNonConsolidatedAxis" />
    <link:loc xlink:type="locator" xlink:href="http://disclosure.edinet-fsa.go.jp/taxonomy/jppfs/2024-11-01/jppfs_cor_2024-11-01.xsd#jppfs_cor_ProfitLoss" xlink:label="jppfs_cor_ProfitLoss" />
    <link:loc xlink:type="locator" xlink:href="http://disclosure.edinet-fsa.go.jp/taxonomy/jppfs/2024-11-01/jppfs_cor_2024-11-01.xsd#jppfs_cor_StatementOfComprehensiveIncomeLineItems" xlink:label="jppfs_cor_StatementOfComprehensiveIncomeLineItems" />
    <link:loc xlink:type="locator" xlink:href="http://disclosure.edinet-fsa.go.jp/taxonomy/jppfs/2024-11-01/jppfs_cor_2024-11-01.xsd#jppfs_cor_StatementOfComprehensiveIncomeTable" xlink:label="jppfs_cor_StatementOfComprehensiveIncomeTable" />
    <link:loc xlink:type="locator" xlink:href="http://disclosure.edinet-fsa.go.jp/taxonomy/jppfs/2024-11-01/jppfs_cor_2024-11-01.xsd#jppfs_cor_Type1SemiAnnualConsolidatedStatementOfComprehensiveIncomeHeading" xlink:label="jppfs_cor_Type1SemiAnnualConsolidatedStatementOfComprehensiveIncomeHeading" />
    <link:presentationArc xlink:type="arc" xlink:from="jppfs_cor_ComprehensiveIncome" xlink:to="jppfs_cor_ComprehensiveIncomeAttributableToAbstract" xlink:arcrole="http://www.xbrl.org/2003/arcrole/parent-child" order="1" />
    <link:presentationArc xlink:type="arc" xlink:from="jppfs_cor_ComprehensiveIncome" xlink:to="jppfs_cor_ComprehensiveIncomeAttributableToOwnersOfTheParent" xlink:arcrole="http://www.xbrl.org/2003/arcrole/parent-child" preferredLabel="http://disclosure.edinet-fsa.go.jp/jppfs/ConsolidatedInterim/role/label" order="2" />
    <link:presentationArc xlink:type="arc" xlink:from="jppfs_cor_ConsolidatedOrNonConsolidatedAxis" xlink:to="jppfs_cor_ConsolidatedMember" xlink:arcrole="http://www.xbrl.org/2003/arcrole/parent-child" order="1" />
    <link:presentationArc xlink:type="arc" xlink:from="jppfs_cor_StatementOfComprehensiveIncomeLineItems" xlink:to="jppfs_cor_ProfitLoss" xlink:arcrole="http://www.xbrl.org/2003/arcrole/parent-child" preferredLabel="http://disclosure.edinet-fsa.go.jp/jppfs/ConsolidatedInterim/role/positiveLabel" order="1" />
    <link:presentationArc xlink:type="arc" xlink:from="jppfs_cor_StatementOfComprehensiveIncomeLineItems" xlink:to="jppfs_cor_ComprehensiveIncome" xlink:arcrole="http://www.xbrl.org/2003/arcrole/parent-child" preferredLabel="http://disclosure.edinet-fsa.go.jp/jppfs/ConsolidatedInterim/role/label" order="2" />
    <link:presentationArc xlink:type="arc" xlink:from="jppfs_cor_Type1SemiAnnualConsolidatedStatementOfComprehensiveIncomeHeading" xlink:to="jppfs_cor_StatementOfComprehensiveIncomeTable" xlink:arcrole="http://www.xbrl.org/2003/arcrole/parent-child" preferredLabel="http://disclosure.edinet-fsa.go.jp/jppfs/ConsolidatedInterim/role/label" order="1" />
    <link:presentationArc xlink:type="arc" xlink:from="jppfs_cor_StatementOfComprehensiveIncomeTable" xlink:to="jppfs_cor_ConsolidatedOrNonConsolidatedAxis" xlink:arcrole="http://www.xbrl.org/2003/arcrole/parent-child" order="1" />
    <link:presentationArc xlink:type="arc" xlink:from="jppfs_cor_Type1SemiAnnualConsolidatedStatementOfComprehensiveIncomeHeading" xlink:to="jppfs_cor_StatementOfComprehensiveIncomeLineItems" xlink:arcrole="http://www.xbrl.org/2003/arcrole/parent-child" preferredLabel="http://disclosure.edinet-fsa.go.jp/jppfs/ConsolidatedInterim/role/label" order="2" />
  </link:presentationLink>
  <link:presentationLink xlink:type="extended" xlink:role="http://disclosure.edinet-fsa.go.jp/role/jppfs/rol_Type1SemiAnnualConsolidatedStatementOfCashFlows-indirect">
    <link:loc xlink:type="locator" xlink:href="http://disclosure.edinet-fsa.go.jp/taxonomy/jppfs/2024-11-01/jppfs_cor_2024-11-01.xsd#jppfs_cor_CashAndCashEquivalents" xlink:label="jppfs_cor_CashAndCashEquivalents" />
    <link:loc xlink:type="locator" xlink:href="http://disclosure.edinet-fsa.go.jp/taxonomy/jppfs/2024-11-01/jppfs_cor_2024-11-01.xsd#jppfs_cor_CashAndCashEquivalents" xlink:label="jppfs_cor_CashAndCashEquivalents_2" />
    <link:loc xlink:type="locator" xlink:href="http://disclosure.edinet-fsa.go.jp/taxonomy/jppfs/2024-11-01/jppfs_cor_2024-11-01.xsd#jppfs_cor_CashDividendsPaidFinCF" xlink:label="jppfs_cor_CashDividendsPaidFinCF" />
    <link:loc xlink:type="locator" xlink:href="http://disclosure.edinet-fsa.go.jp/taxonomy/jppfs/2024-11-01/jppfs_cor_2024-11-01.xsd#jppfs_cor_ConsolidatedMember" xlink:label="jppfs_cor_ConsolidatedMember" />
    <link:loc xlink:type="locator" xlink:href="http://disclosure.edinet-fsa.go.jp/taxonomy/jppfs/2024-11-01/jppfs_cor_2024-11-01.xsd#jppfs_cor_ConsolidatedOrNonConsolidatedAxis" xlink:label="jppfs_cor_ConsolidatedOrNonConsolidatedAxis" />
    <link:loc xlink:type="locator" xlink:href="http://disclosure.edinet-fsa.go.jp/taxonomy/jppfs/2024-11-01/jppfs_cor_2024-11-01.xsd#jppfs_cor_DecreaseIncreaseInNotesAndAccountsReceivableTradeOpeCF" xlink:label="jppfs_cor_DecreaseIncreaseInNotesAndAccountsReceivableTradeOpeCF" />
    <link:loc xlink:type="locator" xlink:href="http://disclosure.edinet-fsa.go.jp/taxonomy/jppfs/2024-11-01/jppfs_cor_2024-11-01.xsd#jppfs_cor_DecreaseIncreaseInOperatingLoansOpeCFSPF" xlink:label="jppfs_cor_DecreaseIncreaseInOperatingLoansOpeCFSPF" />
    <link:loc xlink:type="locator" xlink:href="http://disclosure.edinet-fsa.go.jp/taxonomy/jppfs/2024-11-01/jppfs_cor_2024-11-01.xsd#jppfs_cor_DepreciationAndAmortizationOpeCF" xlink:label="jppfs_cor_DepreciationAndAmortizationOpeCF" />
    <link:loc xlink:type="locator" xlink:href="http://disclosure.edinet-fsa.go.jp/taxonomy/jppfs/2024-11-01/jppfs_cor_2024-11-01.xsd#jppfs_cor_IncomeBeforeIncomeTaxes" xlink:label="jppfs_cor_IncomeBeforeIncomeTaxes" />
    <link:loc xlink:type="locator" xlink:href="http://disclosure.edinet-fsa.go.jp/taxonomy/jppfs/2024-11-01/jppfs_cor_2024-11-01.xsd#jppfs_cor_IncomeTaxesPaidOpeCF" xlink:label="jppfs_cor_IncomeTaxesPaidOpeCF" />
    <link:loc xlink:type="locator" xlink:href="http://disclosure.edinet-fsa.go.jp/taxonomy/jppfs/2024-11-01/jppfs_cor_2024-11-01.xsd#jppfs_cor_IncomeTaxesRefundOpeCF" xlink:label="jppfs_cor_IncomeTaxesRefundOpeCF" />
    <link:loc xlink:type="locator" xlink:href="http://disclosure.edinet-fsa.go.jp/taxonomy/jppfs/2024-11-01/jppfs_cor_2024-11-01.xsd#jppfs_cor_IncreaseDecreaseInAccruedConsumptionTaxesOpeCF" xlink:label="jppfs_cor_IncreaseDecreaseInAccruedConsumptionTaxesOpeCF" />
    <link:loc xlink:type="locator" xlink:href="http://disclosure.edinet-fsa.go.jp/taxonomy/jppfs/2024-11-01/jppfs_cor_2024-11-01.xsd#jppfs_cor_IncreaseDecreaseInAllowanceForDoubtfulAccountsOpeCF" xlink:label="jppfs_cor_IncreaseDecreaseInAllowanceForDoubtfulAccountsOpeCF" />
    <link:loc xlink:type="locator" xlink:href="http://disclosure.edinet-fsa.go.jp/taxonomy/jppfs/2024-11-01/jppfs_cor_2024-11-01.xsd#jppfs_cor_IncreaseDecreaseInNotesAndAccountsPayableTradeOpeCF" xlink:label="jppfs_cor_IncreaseDecreaseInNotesAndAccountsPayableTradeOpeCF" />
    <link:loc xlink:type="locator" xlink:href="http://disclosure.edinet-fsa.go.jp/taxonomy/jppfs/2024-11-01/jppfs_cor_2024-11-01.xsd#jppfs_cor_IncreaseDecreaseInProvisionForBonusesOpeCF" xlink:label="jppfs_cor_IncreaseDecreaseInProvisionForBonusesOpeCF" />
    <link:loc xlink:type="locator" xlink:href="http://disclosure.edinet-fsa.go.jp/taxonomy/jppfs/2024-11-01/jppfs_cor_2024-11-01.xsd#jppfs_cor_IncreaseDecreaseInProvisionForDirectorsBonusesOpeCF" xlink:label="jppfs_cor_IncreaseDecreaseInProvisionForDirectorsBonusesOpeCF" />
    <link:loc xlink:type="locator" xlink:href="http://disclosure.edinet-fsa.go.jp/taxonomy/jppfs/2024-11-01/jppfs_cor_2024-11-01.xsd#jppfs_cor_InterestAndDividendsIncomeOpeCF" xlink:label="jppfs_cor_InterestAndDividendsIncomeOpeCF" />
    <link:loc xlink:type="locator" xlink:href="http://disclosure.edinet-fsa.go.jp/taxonomy/jppfs/2024-11-01/jppfs_cor_2024-11-01.xsd#jppfs_cor_InterestAndDividendsIncomeReceivedOpeCFInvCF" xlink:label="jppfs_cor_InterestAndDividendsIncomeReceivedOpeCFInvCF" />
    <link:loc xlink:type="locator" xlink:href="http://disclosure.edinet-fsa.go.jp/taxonomy/jppfs/2024-11-01/jppfs_cor_2024-11-01.xsd#jppfs_cor_InterestExpensesOpeCF" xlink:label="jppfs_cor_InterestExpensesOpeCF" />
    <link:loc xlink:type="locator" xlink:href="http://disclosure.edinet-fsa.go.jp/taxonomy/jppfs/2024-11-01/jppfs_cor_2024-11-01.xsd#jppfs_cor_InterestExpensesPaidOpeCFFinCF" xlink:label="jppfs_cor_InterestExpensesPaidOpeCFFinCF" />
    <link:loc xlink:type="locator" xlink:href="http://disclosure.edinet-fsa.go.jp/taxonomy/jppfs/2024-11-01/jppfs_cor_2024-11-01.xsd#jppfs_cor_NetCashProvidedByUsedInFinancingActivities" xlink:label="jppfs_cor_NetCashProvidedByUsedInFinancingActivities" />
    <link:loc xlink:type="locator" xlink:href="http://disclosure.edinet-fsa.go.jp/taxonomy/jppfs/2024-11-01/jppfs_cor_2024-11-01.xsd#jppfs_cor_NetCashProvidedByUsedInFinancingActivitiesAbstract" xlink:label="jppfs_cor_NetCashProvidedByUsedInFinancingActivitiesAbstract" />
    <link:loc xlink:type="locator" xlink:href="http://disclosure.edinet-fsa.go.jp/taxonomy/jppfs/2024-11-01/jppfs_cor_2024-11-01.xsd#jppfs_cor_NetCashProvidedByUsedInInvestmentActivities" xlink:label="jppfs_cor_NetCashProvidedByUsedInInvestmentActivities" />
    <link:loc xlink:type="locator" xlink:href="http://disclosure.edinet-fsa.go.jp/taxonomy/jppfs/2024-11-01/jppfs_cor_2024-11-01.xsd#jppfs_cor_NetCashProvidedByUsedInInvestmentActivitiesAbstract" xlink:label="jppfs_cor_NetCashProvidedByUsedInInvestmentActivitiesAbstract" />
    <link:loc xlink:type="locator" xlink:href="http://disclosure.edinet-fsa.go.jp/taxonomy/jppfs/2024-11-01/jppfs_cor_2024-11-01.xsd#jppfs_cor_NetCashProvidedByUsedInOperatingActivities" xlink:label="jppfs_cor_NetCashProvidedByUsedInOperatingActivities" />
    <link:loc xlink:type="locator" xlink:href="http://disclosure.edinet-fsa.go.jp/taxonomy/jppfs/2024-11-01/jppfs_cor_2024-11-01.xsd#jppfs_cor_NetCashProvidedByUsedInOperatingActivitiesAbstract" xlink:label="jppfs_cor_NetCashProvidedByUsedInOperatingActivitiesAbstract" />
    <link:loc xlink:type="locator" xlink:href="http://disclosure.edinet-fsa.go.jp/taxonomy/jppfs/2024-11-01/jppfs_cor_2024-11-01.xsd#jppfs_cor_NetDecreaseIncreaseInLeaseReceivablesAndInvestmentAssetsOpeCF" xlink:label="jppfs_cor_NetDecreaseIncreaseInLeaseReceivablesAndInvestmentAssetsOpeCF" />
    <link:loc xlink:type="locator" xlink:href="http://disclosure.edinet-fsa.go.jp/taxonomy/jppfs/2024-11-01/jppfs_cor_2024-11-01.xsd#jppfs_cor_NetIncreaseDecreaseInCashAndCashEquivalents" xlink:label="jppfs_cor_NetIncreaseDecreaseInCashAndCashEquivalents" />
    <link:loc xlink:type="locator" xlink:href="http://disclosure.edinet-fsa.go.jp/taxonomy/jppfs/2024-11-01/jppfs_cor_2024-11-01.xsd#jppfs_cor_NetIncreaseDecreaseInShortTermLoansPayableFinCF" xlink:label="jppfs_cor_NetIncreaseDecreaseInShortTermLoansPayableFinCF" />
    <link:loc xlink:type="locator" xlink:href="http://disclosure.edinet-fsa.go.jp/taxonomy/jppfs/2024-11-01/jppfs_cor_2024-11-01.xsd#jppfs_cor_OtherNetOpeCF" xlink:label="jppfs_cor_OtherNetOpeCF" />
    <link:loc xlink:type="locator" xlink:href="http://disclosure.edinet-fsa.go.jp/taxonomy/jppfs/2024-11-01/jppfs_cor_2024-11-01.xsd#jppfs_cor_PaymentsForGuaranteeDepositsInvCF" xlink:label="jppfs_cor_PaymentsForGuaranteeDepositsInvCF" />
    <link:loc xlink:type="locator" xlink:href="http://disclosure.edinet-fsa.go.jp/taxonomy/jppfs/2024-11-01/jppfs_cor_2024-11-01.xsd#jppfs_cor_PaymentsForInvestmentsInCapitalInvCF" xlink:label="jppfs_cor_PaymentsForInvestmentsInCapitalInvCF" />
    <link:loc xlink:type="locator" xlink:href="http://disclosure.edinet-fsa.go.jp/taxonomy/jppfs/2024-11-01/jppfs_cor_2024-11-01.xsd#jppfs_cor_PaymentsIntoTimeDepositsInvCF" xlink:label="jppfs_cor_PaymentsIntoTimeDepositsInvCF" />
    <link:loc xlink:type="locator" xlink:href="http://disclosure.edinet-fsa.go.jp/taxonomy/jppfs/2024-11-01/jppfs_cor_2024-11-01.xsd#jppfs_cor_ProceedsFromIssuanceOfCommonStockFinCF" xlink:label="jppfs_cor_ProceedsFromIssuanceOfCommonStockFinCF" />
    <link:loc xlink:type="locator" xlink:href="http://disclosure.edinet-fsa.go.jp/taxonomy/jppfs/2024-11-01/jppfs_cor_2024-11-01.xsd#jppfs_cor_ProceedsFromIssuanceOfStockResultingFromExerciseOfSubscriptionRightsToSharesFinCF" xlink:label="jppfs_cor_ProceedsFromIssuanceOfStockResultingFromExerciseOfSubscriptionRightsToSharesFinCF" />
    <link:loc xlink:type="locator" xlink:href="http://disclosure.edinet-fsa.go.jp/taxonomy/jppfs/2024-11-01/jppfs_cor_2024-11-01.xsd#jppfs_cor_ProceedsFromLongTermLoansPayableFinCF" xlink:label="jppfs_cor_ProceedsFromLongTermLoansPayableFinCF" />
    <link:loc xlink:type="locator" xlink:href="http://disclosure.edinet-fsa.go.jp/taxonomy/jppfs/2024-11-01/jppfs_cor_2024-11-01.xsd#jppfs_cor_ProceedsFromSalesOfPropertyPlantAndEquipmentInvCF" xlink:label="jppfs_cor_ProceedsFromSalesOfPropertyPlantAndEquipmentInvCF" />
    <link:loc xlink:type="locator" xlink:href="http://disclosure.edinet-fsa.go.jp/taxonomy/jppfs/2024-11-01/jppfs_cor_2024-11-01.xsd#jppfs_cor_PurchaseOfIntangibleAssetsInvCF" xlink:label="jppfs_cor_PurchaseOfIntangibleAssetsInvCF" />
    <link:loc xlink:type="locator" xlink:href="http://disclosure.edinet-fsa.go.jp/taxonomy/jppfs/2024-11-01/jppfs_cor_2024-11-01.xsd#jppfs_cor_PurchaseOfPropertyPlantAndEquipmentInvCF" xlink:label="jppfs_cor_PurchaseOfPropertyPlantAndEquipmentInvCF" />
    <link:loc xlink:type="locator" xlink:href="http://disclosure.edinet-fsa.go.jp/taxonomy/jppfs/2024-11-01/jppfs_cor_2024-11-01.xsd#jppfs_cor_RepaymentOfLongTermLoansPayableFinCF" xlink:label="jppfs_cor_RepaymentOfLongTermLoansPayableFinCF" />
    <link:loc xlink:type="locator" xlink:href="http://disclosure.edinet-fsa.go.jp/taxonomy/jppfs/2024-11-01/jppfs_cor_2024-11-01.xsd#jppfs_cor_RepaymentsOfLeaseObligationsFinCF" xlink:label="jppfs_cor_RepaymentsOfLeaseObligationsFinCF" />
    <link:loc xlink:type="locator" xlink:href="http://disclosure.edinet-fsa.go.jp/taxonomy/jppfs/2024-11-01/jppfs_cor_2024-11-01.xsd#jppfs_cor_StatementOfCashFlowsLineItems" xlink:label="jppfs_cor_StatementOfCashFlowsLineItems" />
    <link:loc xlink:type="locator" xlink:href="http://disclosure.edinet-fsa.go.jp/taxonomy/jppfs/2024-11-01/jppfs_cor_2024-11-01.xsd#jppfs_cor_StatementOfCashFlowsTable" xlink:label="jppfs_cor_StatementOfCashFlowsTable" />
    <link:loc xlink:type="locator" xlink:href="http://disclosure.edinet-fsa.go.jp/taxonomy/jppfs/2024-11-01/jppfs_cor_2024-11-01.xsd#jppfs_cor_SubtotalOpeCF" xlink:label="jppfs_cor_SubtotalOpeCF" />
    <link:loc xlink:type="locator" xlink:href="http://disclosure.edinet-fsa.go.jp/taxonomy/jppfs/2024-11-01/jppfs_cor_2024-11-01.xsd#jppfs_cor_Type1SemiAnnualConsolidatedStatementOfCashFlowsHeading" xlink:label="jppfs_cor_Type1SemiAnnualConsolidatedStatementOfCashFlowsHeading" />
    <link:loc xlink:type="locator" xlink:href="tse-scedjpfr-189A0-2025-11-30-01-2026-01-13.xsd#tse-scedjpfr-189A0_DecreaseIncreaseInPurchasedReceivablesOpeCF" xlink:label="tse-scedjpfr-189A0_DecreaseIncreaseInPurchasedReceivablesOpeCF" />
    <link:loc xlink:type="locator" xlink:href="tse-scedjpfr-189A0-2025-11-30-01-2026-01-13.xsd#tse-scedjpfr-189A0_PaymentsForIssuanceOfShareAcquisitionRightsFinCF" xlink:label="tse-scedjpfr-189A0_PaymentsForIssuanceOfShareAcquisitionRightsFinCF" />
    <link:loc xlink:type="locator" xlink:href="tse-scedjpfr-189A0-2025-11-30-01-2026-01-13.xsd#tse-scedjpfr-189A0_ProceedsFromCancellationOfTimeDepositsInvCF" xlink:label="tse-scedjpfr-189A0_ProceedsFromCancellationOfTimeDepositsInvCF" />
    <link:loc xlink:type="locator" xlink:href="tse-scedjpfr-189A0-2025-11-30-01-2026-01-13.xsd#tse-scedjpfr-189A0_ProceedsFromIssuanceOfConvertibleBondsFinCF" xlink:label="tse-scedjpfr-189A0_ProceedsFromIssuanceOfConvertibleBondsFinCF" />
    <link:presentationArc xlink:type="arc" xlink:from="jppfs_cor_ConsolidatedOrNonConsolidatedAxis" xlink:to="jppfs_cor_ConsolidatedMember" xlink:arcrole="http://www.xbrl.org/2003/arcrole/parent-child" order="1" />
    <link:presentationArc xlink:type="arc" xlink:from="jppfs_cor_NetCashProvidedByUsedInFinancingActivitiesAbstract" xlink:to="jppfs_cor_NetIncreaseDecreaseInShortTermLoansPayableFinCF" xlink:arcrole="http://www.xbrl.org/2003/arcrole/parent-child" order="1" />
    <link:presentationArc xlink:type="arc" xlink:from="jppfs_cor_NetCashProvidedByUsedInFinancingActivitiesAbstract" xlink:to="jppfs_cor_ProceedsFromLongTermLoansPayableFinCF" xlink:arcrole="http://www.xbrl.org/2003/arcrole/parent-child" order="2" />
    <link:presentationArc xlink:type="arc" xlink:from="jppfs_cor_NetCashProvidedByUsedInFinancingActivitiesAbstract" xlink:to="jppfs_cor_RepaymentOfLongTermLoansPayableFinCF" xlink:arcrole="http://www.xbrl.org/2003/arcrole/parent-child" order="3" />
    <link:presentationArc xlink:type="arc" xlink:from="jppfs_cor_NetCashProvidedByUsedInFinancingActivitiesAbstract" xlink:to="tse-scedjpfr-189A0_ProceedsFromIssuanceOfConvertibleBondsFinCF" xlink:arcrole="http://www.xbrl.org/2003/arcrole/parent-child" order="4" />
    <link:presentationArc xlink:type="arc" xlink:from="jppfs_cor_NetCashProvidedByUsedInFinancingActivitiesAbstract" xlink:to="jppfs_cor_RepaymentsOfLeaseObligationsFinCF" xlink:arcrole="http://www.xbrl.org/2003/arcrole/parent-child" order="5" />
    <link:presentationArc xlink:type="arc" xlink:from="jppfs_cor_NetCashProvidedByUsedInFinancingActivitiesAbstract" xlink:to="jppfs_cor_ProceedsFromIssuanceOfCommonStockFinCF" xlink:arcrole="http://www.xbrl.org/2003/arcrole/parent-child" order="6" />
    <link:presentationArc xlink:type="arc" xlink:from="jppfs_cor_NetCashProvidedByUsedInFinancingActivitiesAbstract" xlink:to="jppfs_cor_ProceedsFromIssuanceOfStockResultingFromExerciseOfSubscriptionRightsToSharesFinCF" xlink:arcrole="http://www.xbrl.org/2003/arcrole/parent-child" order="7" />
    <link:presentationArc xlink:type="arc" xlink:from="jppfs_cor_NetCashProvidedByUsedInFinancingActivitiesAbstract" xlink:to="tse-scedjpfr-189A0_PaymentsForIssuanceOfShareAcquisitionRightsFinCF" xlink:arcrole="http://www.xbrl.org/2003/arcrole/parent-child" order="8" />
    <link:presentationArc xlink:type="arc" xlink:from="jppfs_cor_NetCashProvidedByUsedInFinancingActivitiesAbstract" xlink:to="jppfs_cor_CashDividendsPaidFinCF" xlink:arcrole="http://www.xbrl.org/2003/arcrole/parent-child" order="9" />
    <link:presentationArc xlink:type="arc" xlink:from="jppfs_cor_NetCashProvidedByUsedInFinancingActivitiesAbstract" xlink:to="jppfs_cor_NetCashProvidedByUsedInFinancingActivities" xlink:arcrole="http://www.xbrl.org/2003/arcrole/parent-child" order="10" />
    <link:presentationArc xlink:type="arc" xlink:from="jppfs_cor_NetCashProvidedByUsedInInvestmentActivitiesAbstract" xlink:to="jppfs_cor_PaymentsIntoTimeDepositsInvCF" xlink:arcrole="http://www.xbrl.org/2003/arcrole/parent-child" order="1" />
    <link:presentationArc xlink:type="arc" xlink:from="jppfs_cor_NetCashProvidedByUsedInInvestmentActivitiesAbstract" xlink:to="tse-scedjpfr-189A0_ProceedsFromCancellationOfTimeDepositsInvCF" xlink:arcrole="http://www.xbrl.org/2003/arcrole/parent-child" order="2" />
    <link:presentationArc xlink:type="arc" xlink:from="jppfs_cor_NetCashProvidedByUsedInInvestmentActivitiesAbstract" xlink:to="jppfs_cor_PaymentsForInvestmentsInCapitalInvCF" xlink:arcrole="http://www.xbrl.org/2003/arcrole/parent-child" order="3" />
    <link:presentationArc xlink:type="arc" xlink:from="jppfs_cor_NetCashProvidedByUsedInInvestmentActivitiesAbstract" xlink:to="jppfs_cor_PaymentsForGuaranteeDepositsInvCF" xlink:arcrole="http://www.xbrl.org/2003/arcrole/parent-child" order="4" />
    <link:presentationArc xlink:type="arc" xlink:from="jppfs_cor_NetCashProvidedByUsedInInvestmentActivitiesAbstract" xlink:to="jppfs_cor_PurchaseOfPropertyPlantAndEquipmentInvCF" xlink:arcrole="http://www.xbrl.org/2003/arcrole/parent-child" order="5" />
    <link:presentationArc xlink:type="arc" xlink:from="jppfs_cor_NetCashProvidedByUsedInInvestmentActivitiesAbstract" xlink:to="jppfs_cor_ProceedsFromSalesOfPropertyPlantAndEquipmentInvCF" xlink:arcrole="http://www.xbrl.org/2003/arcrole/parent-child" order="6" />
    <link:presentationArc xlink:type="arc" xlink:from="jppfs_cor_NetCashProvidedByUsedInInvestmentActivitiesAbstract" xlink:to="jppfs_cor_PurchaseOfIntangibleAssetsInvCF" xlink:arcrole="http://www.xbrl.org/2003/arcrole/parent-child" order="7" />
    <link:presentationArc xlink:type="arc" xlink:from="jppfs_cor_NetCashProvidedByUsedInInvestmentActivitiesAbstract" xlink:to="jppfs_cor_NetCashProvidedByUsedInInvestmentActivities" xlink:arcrole="http://www.xbrl.org/2003/arcrole/parent-child" order="8" />
    <link:presentationArc xlink:type="arc" xlink:from="jppfs_cor_StatementOfCashFlowsLineItems" xlink:to="jppfs_cor_NetCashProvidedByUsedInOperatingActivitiesAbstract" xlink:arcrole="http://www.xbrl.org/2003/arcrole/parent-child" order="1" />
    <link:presentationArc xlink:type="arc" xlink:from="jppfs_cor_NetCashProvidedByUsedInOperatingActivitiesAbstract" xlink:to="jppfs_cor_IncomeBeforeIncomeTaxes" xlink:arcrole="http://www.xbrl.org/2003/arcrole/parent-child" preferredLabel="http://disclosure.edinet-fsa.go.jp/jppfs/ConsolidatedInterim/role/positiveLabel" order="1" />
    <link:presentationArc xlink:type="arc" xlink:from="jppfs_cor_NetCashProvidedByUsedInOperatingActivitiesAbstract" xlink:to="jppfs_cor_DepreciationAndAmortizationOpeCF" xlink:arcrole="http://www.xbrl.org/2003/arcrole/parent-child" order="2" />
    <link:presentationArc xlink:type="arc" xlink:from="jppfs_cor_NetCashProvidedByUsedInOperatingActivitiesAbstract" xlink:to="jppfs_cor_IncreaseDecreaseInAllowanceForDoubtfulAccountsOpeCF" xlink:arcrole="http://www.xbrl.org/2003/arcrole/parent-child" order="3" />
    <link:presentationArc xlink:type="arc" xlink:from="jppfs_cor_NetCashProvidedByUsedInOperatingActivitiesAbstract" xlink:to="jppfs_cor_IncreaseDecreaseInProvisionForBonusesOpeCF" xlink:arcrole="http://www.xbrl.org/2003/arcrole/parent-child" order="4" />
    <link:presentationArc xlink:type="arc" xlink:from="jppfs_cor_NetCashProvidedByUsedInOperatingActivitiesAbstract" xlink:to="jppfs_cor_IncreaseDecreaseInProvisionForDirectorsBonusesOpeCF" xlink:arcrole="http://www.xbrl.org/2003/arcrole/parent-child" order="5" />
    <link:presentationArc xlink:type="arc" xlink:from="jppfs_cor_NetCashProvidedByUsedInOperatingActivitiesAbstract" xlink:to="jppfs_cor_InterestAndDividendsIncomeOpeCF" xlink:arcrole="http://www.xbrl.org/2003/arcrole/parent-child" order="6" />
    <link:presentationArc xlink:type="arc" xlink:from="jppfs_cor_NetCashProvidedByUsedInOperatingActivitiesAbstract" xlink:to="jppfs_cor_InterestExpensesOpeCF" xlink:arcrole="http://www.xbrl.org/2003/arcrole/parent-child" order="7" />
    <link:presentationArc xlink:type="arc" xlink:from="jppfs_cor_NetCashProvidedByUsedInOperatingActivitiesAbstract" xlink:to="jppfs_cor_DecreaseIncreaseInNotesAndAccountsReceivableTradeOpeCF" xlink:arcrole="http://www.xbrl.org/2003/arcrole/parent-child" order="8" />
    <link:presentationArc xlink:type="arc" xlink:from="jppfs_cor_NetCashProvidedByUsedInOperatingActivitiesAbstract" xlink:to="jppfs_cor_NetDecreaseIncreaseInLeaseReceivablesAndInvestmentAssetsOpeCF" xlink:arcrole="http://www.xbrl.org/2003/arcrole/parent-child" order="9" />
    <link:presentationArc xlink:type="arc" xlink:from="jppfs_cor_NetCashProvidedByUsedInOperatingActivitiesAbstract" xlink:to="tse-scedjpfr-189A0_DecreaseIncreaseInPurchasedReceivablesOpeCF" xlink:arcrole="http://www.xbrl.org/2003/arcrole/parent-child" order="10" />
    <link:presentationArc xlink:type="arc" xlink:from="jppfs_cor_NetCashProvidedByUsedInOperatingActivitiesAbstract" xlink:to="jppfs_cor_DecreaseIncreaseInOperatingLoansOpeCFSPF" xlink:arcrole="http://www.xbrl.org/2003/arcrole/parent-child" order="11" />
    <link:presentationArc xlink:type="arc" xlink:from="jppfs_cor_NetCashProvidedByUsedInOperatingActivitiesAbstract" xlink:to="jppfs_cor_IncreaseDecreaseInNotesAndAccountsPayableTradeOpeCF" xlink:arcrole="http://www.xbrl.org/2003/arcrole/parent-child" order="12" />
    <link:presentationArc xlink:type="arc" xlink:from="jppfs_cor_NetCashProvidedByUsedInOperatingActivitiesAbstract" xlink:to="jppfs_cor_IncreaseDecreaseInAccruedConsumptionTaxesOpeCF" xlink:arcrole="http://www.xbrl.org/2003/arcrole/parent-child" order="13" />
    <link:presentationArc xlink:type="arc" xlink:from="jppfs_cor_NetCashProvidedByUsedInOperatingActivitiesAbstract" xlink:to="jppfs_cor_OtherNetOpeCF" xlink:arcrole="http://www.xbrl.org/2003/arcrole/parent-child" order="14" />
    <link:presentationArc xlink:type="arc" xlink:from="jppfs_cor_NetCashProvidedByUsedInOperatingActivitiesAbstract" xlink:to="jppfs_cor_SubtotalOpeCF" xlink:arcrole="http://www.xbrl.org/2003/arcrole/parent-child" order="15" />
    <link:presentationArc xlink:type="arc" xlink:from="jppfs_cor_NetCashProvidedByUsedInOperatingActivitiesAbstract" xlink:to="jppfs_cor_InterestAndDividendsIncomeReceivedOpeCFInvCF" xlink:arcrole="http://www.xbrl.org/2003/arcrole/parent-child" order="16" />
    <link:presentationArc xlink:type="arc" xlink:from="jppfs_cor_NetCashProvidedByUsedInOperatingActivitiesAbstract" xlink:to="jppfs_cor_InterestExpensesPaidOpeCFFinCF" xlink:arcrole="http://www.xbrl.org/2003/arcrole/parent-child" order="17" />
    <link:presentationArc xlink:type="arc" xlink:from="jppfs_cor_NetCashProvidedByUsedInOperatingActivitiesAbstract" xlink:to="jppfs_cor_IncomeTaxesRefundOpeCF" xlink:arcrole="http://www.xbrl.org/2003/arcrole/parent-child" order="18" />
    <link:presentationArc xlink:type="arc" xlink:from="jppfs_cor_NetCashProvidedByUsedInOperatingActivitiesAbstract" xlink:to="jppfs_cor_IncomeTaxesPaidOpeCF" xlink:arcrole="http://www.xbrl.org/2003/arcrole/parent-child" preferredLabel="http://disclosure.edinet-fsa.go.jp/jppfs/spf/role/label" order="19" />
    <link:presentationArc xlink:type="arc" xlink:from="jppfs_cor_NetCashProvidedByUsedInOperatingActivitiesAbstract" xlink:to="jppfs_cor_NetCashProvidedByUsedInOperatingActivities" xlink:arcrole="http://www.xbrl.org/2003/arcrole/parent-child" order="20" />
    <link:presentationArc xlink:type="arc" xlink:from="jppfs_cor_Type1SemiAnnualConsolidatedStatementOfCashFlowsHeading" xlink:to="jppfs_cor_StatementOfCashFlowsLineItems" xlink:arcrole="http://www.xbrl.org/2003/arcrole/parent-child" preferredLabel="http://disclosure.edinet-fsa.go.jp/jppfs/ConsolidatedInterim/role/label" order="2" />
    <link:presentationArc xlink:type="arc" xlink:from="jppfs_cor_StatementOfCashFlowsLineItems" xlink:to="jppfs_cor_NetCashProvidedByUsedInInvestmentActivitiesAbstract" xlink:arcrole="http://www.xbrl.org/2003/arcrole/parent-child" order="2" />
    <link:presentationArc xlink:type="arc" xlink:from="jppfs_cor_StatementOfCashFlowsLineItems" xlink:to="jppfs_cor_NetCashProvidedByUsedInFinancingActivitiesAbstract" xlink:arcrole="http://www.xbrl.org/2003/arcrole/parent-child" order="3" />
    <link:presentationArc xlink:type="arc" xlink:from="jppfs_cor_StatementOfCashFlowsLineItems" xlink:to="jppfs_cor_NetIncreaseDecreaseInCashAndCashEquivalents" xlink:arcrole="http://www.xbrl.org/2003/arcrole/parent-child" order="4" />
    <link:presentationArc xlink:type="arc" xlink:from="jppfs_cor_StatementOfCashFlowsLineItems" xlink:to="jppfs_cor_CashAndCashEquivalents" xlink:arcrole="http://www.xbrl.org/2003/arcrole/parent-child" preferredLabel="http://disclosure.edinet-fsa.go.jp/jppfs/ConsolidatedInterim/role/periodStartLabel" order="5" />
    <link:presentationArc xlink:type="arc" xlink:from="jppfs_cor_StatementOfCashFlowsLineItems" xlink:to="jppfs_cor_CashAndCashEquivalents_2" xlink:arcrole="http://www.xbrl.org/2003/arcrole/parent-child" preferredLabel="http://disclosure.edinet-fsa.go.jp/jppfs/ConsolidatedInterim/role/periodEndLabel" order="6" />
    <link:presentationArc xlink:type="arc" xlink:from="jppfs_cor_Type1SemiAnnualConsolidatedStatementOfCashFlowsHeading" xlink:to="jppfs_cor_StatementOfCashFlowsTable" xlink:arcrole="http://www.xbrl.org/2003/arcrole/parent-child" preferredLabel="http://disclosure.edinet-fsa.go.jp/jppfs/ConsolidatedInterim/role/label" order="1" />
    <link:presentationArc xlink:type="arc" xlink:from="jppfs_cor_StatementOfCashFlowsTable" xlink:to="jppfs_cor_ConsolidatedOrNonConsolidatedAxis" xlink:arcrole="http://www.xbrl.org/2003/arcrole/parent-child" order="1" />
  </link:presentationLink>
  <link:presentationLink xlink:type="extended" xlink:role="http://disclosure.edinet-fsa.go.jp/role/jpcrp/rol_NotesSegmentInformationEtcType1SemiAnnualConsolidatedFinancialStatements-01">
    <link:loc xlink:type="locator" xlink:href="http://disclosure.edinet-fsa.go.jp/taxonomy/jpcrp/2024-11-01/jpcrp_cor_2024-11-01.xsd#jpcrp_cor_DescriptionOfFactThatCompanysBusinessComprisesSingleSegment" xlink:label="jpcrp_cor_DescriptionOfFactThatCompanysBusinessComprisesSingleSegment" />
    <link:loc xlink:type="locator" xlink:href="http://disclosure.edinet-fsa.go.jp/taxonomy/jpcrp/2024-11-01/jpcrp_cor_2024-11-01.xsd#jpcrp_cor_NotesSegmentInformationEtcType1SemiAnnualConsolidatedFinancialStatementsHeading" xlink:label="jpcrp_cor_NotesSegmentInformationEtcType1SemiAnnualConsolidatedFinancialStatementsHeading" />
    <link:loc xlink:type="locator" xlink:href="http://disclosure.edinet-fsa.go.jp/taxonomy/jpcrp/2024-11-01/jpcrp_cor_2024-11-01.xsd#jpcrp_cor_NotesSegmentInformationEtcType1SemiAnnualConsolidatedFinancialStatementsLineItems" xlink:label="jpcrp_cor_NotesSegmentInformationEtcType1SemiAnnualConsolidatedFinancialStatementsLineItems" />
    <link:loc xlink:type="locator" xlink:href="http://disclosure.edinet-fsa.go.jp/taxonomy/jpcrp/2024-11-01/jpcrp_cor_2024-11-01.xsd#jpcrp_cor_NotesSegmentInformationEtcType1SemiAnnualConsolidatedFinancialStatementsTable" xlink:label="jpcrp_cor_NotesSegmentInformationEtcType1SemiAnnualConsolidatedFinancialStatementsTable" />
    <link:loc xlink:type="locator" xlink:href="http://disclosure.edinet-fsa.go.jp/taxonomy/jpcrp/2024-11-01/jpcrp_cor_2024-11-01.xsd#jpcrp_cor_SegmentInformationAbstract" xlink:label="jpcrp_cor_SegmentInformationAbstract" />
    <link:loc xlink:type="locator" xlink:href="http://disclosure.edinet-fsa.go.jp/taxonomy/jppfs/2024-11-01/jppfs_cor_2024-11-01.xsd#jppfs_cor_ConsolidatedMember" xlink:label="jppfs_cor_ConsolidatedMember" />
    <link:loc xlink:type="locator" xlink:href="http://disclosure.edinet-fsa.go.jp/taxonomy/jppfs/2024-11-01/jppfs_cor_2024-11-01.xsd#jppfs_cor_ConsolidatedOrNonConsolidatedAxis" xlink:label="jppfs_cor_ConsolidatedOrNonConsolidatedAxis" />
    <link:presentationArc xlink:type="arc" xlink:from="jpcrp_cor_NotesSegmentInformationEtcType1SemiAnnualConsolidatedFinancialStatementsHeading" xlink:to="jpcrp_cor_NotesSegmentInformationEtcType1SemiAnnualConsolidatedFinancialStatementsTable" xlink:arcrole="http://www.xbrl.org/2003/arcrole/parent-child" order="1" />
    <link:presentationArc xlink:type="arc" xlink:from="jpcrp_cor_NotesSegmentInformationEtcType1SemiAnnualConsolidatedFinancialStatementsHeading" xlink:to="jpcrp_cor_NotesSegmentInformationEtcType1SemiAnnualConsolidatedFinancialStatementsLineItems" xlink:arcrole="http://www.xbrl.org/2003/arcrole/parent-child" order="2" />
    <link:presentationArc xlink:type="arc" xlink:from="jpcrp_cor_NotesSegmentInformationEtcType1SemiAnnualConsolidatedFinancialStatementsLineItems" xlink:to="jpcrp_cor_SegmentInformationAbstract" xlink:arcrole="http://www.xbrl.org/2003/arcrole/parent-child" order="1" />
    <link:presentationArc xlink:type="arc" xlink:from="jpcrp_cor_NotesSegmentInformationEtcType1SemiAnnualConsolidatedFinancialStatementsTable" xlink:to="jppfs_cor_ConsolidatedOrNonConsolidatedAxis" xlink:arcrole="http://www.xbrl.org/2003/arcrole/parent-child" order="1" />
    <link:presentationArc xlink:type="arc" xlink:from="jpcrp_cor_SegmentInformationAbstract" xlink:to="jpcrp_cor_DescriptionOfFactThatCompanysBusinessComprisesSingleSegment" xlink:arcrole="http://www.xbrl.org/2003/arcrole/parent-child" order="1" />
    <link:presentationArc xlink:type="arc" xlink:from="jppfs_cor_ConsolidatedOrNonConsolidatedAxis" xlink:to="jppfs_cor_ConsolidatedMember" xlink:arcrole="http://www.xbrl.org/2003/arcrole/parent-child" order="1" />
  </link:presentationLink>
</link:linkbase>