﻿<?xml version="1.0" encoding="utf-8"?>
<!-- XBRL Document Created with WizLabo Platform -->
<link:linkbase xmlns:xlink="http://www.w3.org/1999/xlink" xmlns:xsi="http://www.w3.org/2001/XMLSchema-instance" xmlns:link="http://www.xbrl.org/2003/linkbase">
  <link:labelLink xlink:type="extended" xlink:role="http://www.xbrl.org/2003/role/link">
    <link:label xml:lang="en" xlink:type="resource" xlink:label="tse-qcedjpfr-323A0_ConsumerBusinessReportableSegmentMember_label" xlink:role="http://www.xbrl.org/2003/role/label">Consumer business</link:label>
    <link:label xml:lang="en" xlink:type="resource" xlink:label="tse-qcedjpfr-323A0_ConsumerBusinessReportableSegmentMember_label_1" xlink:role="http://www.xbrl.org/2003/role/verboseLabel">Consumer business, Reportable segment [member]</link:label>
    <link:label xml:lang="en" xlink:type="resource" xlink:label="tse-qcedjpfr-323A0_EnterpriseBusinessReportableSegmentMember_label" xlink:role="http://www.xbrl.org/2003/role/label">Enterprise business</link:label>
    <link:label xml:lang="en" xlink:type="resource" xlink:label="tse-qcedjpfr-323A0_EnterpriseBusinessReportableSegmentMember_label_1" xlink:role="http://www.xbrl.org/2003/role/verboseLabel">Enterprise business, Reportable segment [member]</link:label>
    <link:loc xlink:type="locator" xlink:href="tse-qcedjpfr-323A0-2025-11-30-01-2026-01-14.xsd#tse-qcedjpfr-323A0_ConsumerBusinessReportableSegmentMember" xlink:label="tse-qcedjpfr-323A0_ConsumerBusinessReportableSegmentMember" />
    <link:loc xlink:type="locator" xlink:href="tse-qcedjpfr-323A0-2025-11-30-01-2026-01-14.xsd#tse-qcedjpfr-323A0_EnterpriseBusinessReportableSegmentMember" xlink:label="tse-qcedjpfr-323A0_EnterpriseBusinessReportableSegmentMember" />
    <link:labelArc xlink:type="arc" xlink:from="tse-qcedjpfr-323A0_ConsumerBusinessReportableSegmentMember" xlink:to="tse-qcedjpfr-323A0_ConsumerBusinessReportableSegmentMember_label" xlink:arcrole="http://www.xbrl.org/2003/arcrole/concept-label" order="1" />
    <link:labelArc xlink:type="arc" xlink:from="tse-qcedjpfr-323A0_ConsumerBusinessReportableSegmentMember" xlink:to="tse-qcedjpfr-323A0_ConsumerBusinessReportableSegmentMember_label_1" xlink:arcrole="http://www.xbrl.org/2003/arcrole/concept-label" order="1" />
    <link:labelArc xlink:type="arc" xlink:from="tse-qcedjpfr-323A0_EnterpriseBusinessReportableSegmentMember" xlink:to="tse-qcedjpfr-323A0_EnterpriseBusinessReportableSegmentMember_label" xlink:arcrole="http://www.xbrl.org/2003/arcrole/concept-label" order="1" />
    <link:labelArc xlink:type="arc" xlink:from="tse-qcedjpfr-323A0_EnterpriseBusinessReportableSegmentMember" xlink:to="tse-qcedjpfr-323A0_EnterpriseBusinessReportableSegmentMember_label_1" xlink:arcrole="http://www.xbrl.org/2003/arcrole/concept-label" order="1" />
  </link:labelLink>
</link:linkbase>