﻿<?xml version="1.0" encoding="utf-8"?>
<!-- XBRL Document Created with WizLabo Platform -->
<link:linkbase xmlns:xlink="http://www.w3.org/1999/xlink" xmlns:xsi="http://www.w3.org/2001/XMLSchema-instance" xmlns:link="http://www.xbrl.org/2003/linkbase">
  <link:labelLink xlink:type="extended" xlink:role="http://www.xbrl.org/2003/role/link">
    <link:label xml:lang="ja" xlink:type="resource" xlink:label="tse-qcedjpfr-98610_DomesticReportableSegmentsMember_label" xlink:role="http://www.xbrl.org/2003/role/label">吉野家</link:label>
    <link:label xml:lang="ja" xlink:type="resource" xlink:label="tse-qcedjpfr-98610_DomesticReportableSegmentsMember_label_1" xlink:role="http://www.xbrl.org/2003/role/verboseLabel">吉野家、報告セグメント [メンバー]</link:label>
    <link:label xml:lang="ja" xlink:type="resource" xlink:label="tse-qcedjpfr-98610_GainOnSaleOfInvestmentsInCapitalOfSubsidiariesAndAssociatesEI_label" xlink:role="http://www.xbrl.org/2003/role/label">関係会社出資金売却益</link:label>
    <link:label xml:lang="ja" xlink:type="resource" xlink:label="tse-qcedjpfr-98610_GainOnSaleOfInvestmentsInCapitalOfSubsidiariesAndAssociatesEI_label_1" xlink:role="http://www.xbrl.org/2003/role/verboseLabel">関係会社出資金売却益、特別利益</link:label>
    <link:label xml:lang="ja" xlink:type="resource" xlink:label="tse-qcedjpfr-98610_HanamaruReportableSegmentsMember_label" xlink:role="http://www.xbrl.org/2003/role/label">はなまる</link:label>
    <link:label xml:lang="ja" xlink:type="resource" xlink:label="tse-qcedjpfr-98610_HanamaruReportableSegmentsMember_label_1" xlink:role="http://www.xbrl.org/2003/role/verboseLabel">はなまる、報告セグメント[メンバー]</link:label>
    <link:label xml:lang="ja" xlink:type="resource" xlink:label="tse-qcedjpfr-98610_IncomeOfRentNOI_label" xlink:role="http://www.xbrl.org/2003/role/label">賃貸収入</link:label>
    <link:label xml:lang="ja" xlink:type="resource" xlink:label="tse-qcedjpfr-98610_IncomeOfRentNOI_label_1" xlink:role="http://www.xbrl.org/2003/role/verboseLabel">賃貸収入、営業外収益</link:label>
    <link:label xml:lang="ja" xlink:type="resource" xlink:label="tse-qcedjpfr-98610_LossOnCancellationOfContractsEL_label_1" xlink:role="http://www.xbrl.org/2003/role/label">契約解約損</link:label>
    <link:label xml:lang="ja" xlink:type="resource" xlink:label="tse-qcedjpfr-98610_LossOnCancellationOfContractsEL_label_2" xlink:role="http://www.xbrl.org/2003/role/verboseLabel">契約解約損、特別損失</link:label>
    <link:label xml:lang="ja" xlink:type="resource" xlink:label="tse-qcedjpfr-98610_LossOnCancellationOfContractsEL_label" xlink:role="http://www.xbrl.org/2003/role/documentation">契約解約損、特別損失</link:label>
    <link:label xml:lang="ja" xlink:type="resource" xlink:label="tse-qcedjpfr-98610_OverseasReportableSegmentsMember_label" xlink:role="http://www.xbrl.org/2003/role/label">海外</link:label>
    <link:label xml:lang="ja" xlink:type="resource" xlink:label="tse-qcedjpfr-98610_OverseasReportableSegmentsMember_label_1" xlink:role="http://www.xbrl.org/2003/role/verboseLabel">海外、報告セグメント [メンバー]</link:label>
    <link:label xml:lang="ja" xlink:type="resource" xlink:label="tse-qcedjpfr-98610_RightsOfUseAssetsNetPPE_label" xlink:role="http://www.xbrl.org/2003/role/label">使用権資産（純額）</link:label>
    <link:label xml:lang="ja" xlink:type="resource" xlink:label="tse-qcedjpfr-98610_RightsOfUseAssetsNetPPE_label_1" xlink:role="http://www.xbrl.org/2003/role/verboseLabel">使用権資産（純額）、有形固定資産</link:label>
    <link:loc xlink:type="locator" xlink:href="tse-qcedjpfr-98610-2025-11-30-01-2026-01-07.xsd#tse-qcedjpfr-98610_DomesticReportableSegmentsMember" xlink:label="tse-qcedjpfr-98610_DomesticReportableSegmentsMember" />
    <link:loc xlink:type="locator" xlink:href="tse-qcedjpfr-98610-2025-11-30-01-2026-01-07.xsd#tse-qcedjpfr-98610_GainOnSaleOfInvestmentsInCapitalOfSubsidiariesAndAssociatesEI" xlink:label="tse-qcedjpfr-98610_GainOnSaleOfInvestmentsInCapitalOfSubsidiariesAndAssociatesEI" />
    <link:loc xlink:type="locator" xlink:href="tse-qcedjpfr-98610-2025-11-30-01-2026-01-07.xsd#tse-qcedjpfr-98610_HanamaruReportableSegmentsMember" xlink:label="tse-qcedjpfr-98610_HanamaruReportableSegmentsMember" />
    <link:loc xlink:type="locator" xlink:href="tse-qcedjpfr-98610-2025-11-30-01-2026-01-07.xsd#tse-qcedjpfr-98610_IncomeOfRentNOI" xlink:label="tse-qcedjpfr-98610_IncomeOfRentNOI" />
    <link:loc xlink:type="locator" xlink:href="tse-qcedjpfr-98610-2025-11-30-01-2026-01-07.xsd#tse-qcedjpfr-98610_LossOnCancellationOfContractsEL" xlink:label="tse-qcedjpfr-98610_LossOnCancellationOfContractsEL" />
    <link:loc xlink:type="locator" xlink:href="tse-qcedjpfr-98610-2025-11-30-01-2026-01-07.xsd#tse-qcedjpfr-98610_OverseasReportableSegmentsMember" xlink:label="tse-qcedjpfr-98610_OverseasReportableSegmentsMember" />
    <link:loc xlink:type="locator" xlink:href="tse-qcedjpfr-98610-2025-11-30-01-2026-01-07.xsd#tse-qcedjpfr-98610_RightsOfUseAssetsNetPPE" xlink:label="tse-qcedjpfr-98610_RightsOfUseAssetsNetPPE" />
    <link:labelArc xlink:type="arc" xlink:from="tse-qcedjpfr-98610_DomesticReportableSegmentsMember" xlink:to="tse-qcedjpfr-98610_DomesticReportableSegmentsMember_label" xlink:arcrole="http://www.xbrl.org/2003/arcrole/concept-label" order="1" />
    <link:labelArc xlink:type="arc" xlink:from="tse-qcedjpfr-98610_DomesticReportableSegmentsMember" xlink:to="tse-qcedjpfr-98610_DomesticReportableSegmentsMember_label_1" xlink:arcrole="http://www.xbrl.org/2003/arcrole/concept-label" order="1" />
    <link:labelArc xlink:type="arc" xlink:from="tse-qcedjpfr-98610_GainOnSaleOfInvestmentsInCapitalOfSubsidiariesAndAssociatesEI" xlink:to="tse-qcedjpfr-98610_GainOnSaleOfInvestmentsInCapitalOfSubsidiariesAndAssociatesEI_label" xlink:arcrole="http://www.xbrl.org/2003/arcrole/concept-label" order="1" />
    <link:labelArc xlink:type="arc" xlink:from="tse-qcedjpfr-98610_GainOnSaleOfInvestmentsInCapitalOfSubsidiariesAndAssociatesEI" xlink:to="tse-qcedjpfr-98610_GainOnSaleOfInvestmentsInCapitalOfSubsidiariesAndAssociatesEI_label_1" xlink:arcrole="http://www.xbrl.org/2003/arcrole/concept-label" order="1" />
    <link:labelArc xlink:type="arc" xlink:from="tse-qcedjpfr-98610_HanamaruReportableSegmentsMember" xlink:to="tse-qcedjpfr-98610_HanamaruReportableSegmentsMember_label" xlink:arcrole="http://www.xbrl.org/2003/arcrole/concept-label" order="1" />
    <link:labelArc xlink:type="arc" xlink:from="tse-qcedjpfr-98610_HanamaruReportableSegmentsMember" xlink:to="tse-qcedjpfr-98610_HanamaruReportableSegmentsMember_label_1" xlink:arcrole="http://www.xbrl.org/2003/arcrole/concept-label" order="1" />
    <link:labelArc xlink:type="arc" xlink:from="tse-qcedjpfr-98610_IncomeOfRentNOI" xlink:to="tse-qcedjpfr-98610_IncomeOfRentNOI_label" xlink:arcrole="http://www.xbrl.org/2003/arcrole/concept-label" order="1" />
    <link:labelArc xlink:type="arc" xlink:from="tse-qcedjpfr-98610_IncomeOfRentNOI" xlink:to="tse-qcedjpfr-98610_IncomeOfRentNOI_label_1" xlink:arcrole="http://www.xbrl.org/2003/arcrole/concept-label" order="1" />
    <link:labelArc xlink:type="arc" xlink:from="tse-qcedjpfr-98610_LossOnCancellationOfContractsEL" xlink:to="tse-qcedjpfr-98610_LossOnCancellationOfContractsEL_label" xlink:arcrole="http://www.xbrl.org/2003/arcrole/concept-label" order="1" />
    <link:labelArc xlink:type="arc" xlink:from="tse-qcedjpfr-98610_LossOnCancellationOfContractsEL" xlink:to="tse-qcedjpfr-98610_LossOnCancellationOfContractsEL_label_1" xlink:arcrole="http://www.xbrl.org/2003/arcrole/concept-label" order="1" />
    <link:labelArc xlink:type="arc" xlink:from="tse-qcedjpfr-98610_LossOnCancellationOfContractsEL" xlink:to="tse-qcedjpfr-98610_LossOnCancellationOfContractsEL_label_2" xlink:arcrole="http://www.xbrl.org/2003/arcrole/concept-label" order="1" />
    <link:labelArc xlink:type="arc" xlink:from="tse-qcedjpfr-98610_OverseasReportableSegmentsMember" xlink:to="tse-qcedjpfr-98610_OverseasReportableSegmentsMember_label" xlink:arcrole="http://www.xbrl.org/2003/arcrole/concept-label" order="1" />
    <link:labelArc xlink:type="arc" xlink:from="tse-qcedjpfr-98610_OverseasReportableSegmentsMember" xlink:to="tse-qcedjpfr-98610_OverseasReportableSegmentsMember_label_1" xlink:arcrole="http://www.xbrl.org/2003/arcrole/concept-label" order="1" />
    <link:labelArc xlink:type="arc" xlink:from="tse-qcedjpfr-98610_RightsOfUseAssetsNetPPE" xlink:to="tse-qcedjpfr-98610_RightsOfUseAssetsNetPPE_label" xlink:arcrole="http://www.xbrl.org/2003/arcrole/concept-label" order="1" />
    <link:labelArc xlink:type="arc" xlink:from="tse-qcedjpfr-98610_RightsOfUseAssetsNetPPE" xlink:to="tse-qcedjpfr-98610_RightsOfUseAssetsNetPPE_label_1" xlink:arcrole="http://www.xbrl.org/2003/arcrole/concept-label" order="1" />
  </link:labelLink>
</link:linkbase>