﻿<?xml version="1.0" encoding="utf-8"?>
<!-- XBRL Document Created with WizLabo Platform -->
<link:linkbase xmlns:xlink="http://www.w3.org/1999/xlink" xmlns:xsi="http://www.w3.org/2001/XMLSchema-instance" xmlns:link="http://www.xbrl.org/2003/linkbase">
  <link:roleRef xlink:type="simple" xlink:href="http://www.xbrl.tdnet.info/taxonomy/jp/tse/tdnet/atigp/2025-01-31/tse-atigp-rt-2025-01-31.xsd#rol_CondensedQuarterlyConsolidatedStatementOfChangesInEquityTDnetIFRS" roleURI="http://www.xbrl.tdnet.info/jp/tse/tdnet/role/atigp/rol_CondensedQuarterlyConsolidatedStatementOfChangesInEquityTDnetIFRS" />
  <link:roleRef xlink:type="simple" xlink:href="http://www.xbrl.tdnet.info/taxonomy/jp/tse/tdnet/atigp/2025-01-31/tse-atigp-rt-2025-01-31.xsd#rol_CondensedQuarterlyConsolidatedStatementOfFinancialPositionTDnetIFRS" roleURI="http://www.xbrl.tdnet.info/jp/tse/tdnet/role/atigp/rol_CondensedQuarterlyConsolidatedStatementOfFinancialPositionTDnetIFRS" />
  <link:roleRef xlink:type="simple" xlink:href="http://www.xbrl.tdnet.info/taxonomy/jp/tse/tdnet/atigp/2025-01-31/tse-atigp-rt-2025-01-31.xsd#rol_CondensedYearToQuarterEndConsolidatedStatementOfComprehensiveIncomeTDnetIFRS" roleURI="http://www.xbrl.tdnet.info/jp/tse/tdnet/role/atigp/rol_CondensedYearToQuarterEndConsolidatedStatementOfComprehensiveIncomeTDnetIFRS" />
  <link:roleRef xlink:type="simple" xlink:href="http://www.xbrl.tdnet.info/taxonomy/jp/tse/tdnet/atigp/2025-01-31/tse-atigp-rt-2025-01-31.xsd#rol_CondensedYearToQuarterEndConsolidatedStatementOfProfitOrLossTDnetIFRS" roleURI="http://www.xbrl.tdnet.info/jp/tse/tdnet/role/atigp/rol_CondensedYearToQuarterEndConsolidatedStatementOfProfitOrLossTDnetIFRS" />
  <link:roleRef xlink:type="simple" xlink:href="http://www.xbrl.tdnet.info/taxonomy/jp/tse/tdnet/atigp/2025-01-31/tse-atigp-rt-2025-01-31.xsd#rol_NotesSegmentInformationCondensedQuarterlyConsolidatedFinancialStatementsTDnetIFRS-02" roleURI="http://www.xbrl.tdnet.info/jp/tse/tdnet/role/atigp/rol_NotesSegmentInformationCondensedQuarterlyConsolidatedFinancialStatementsTDnetIFRS-02" />
  <link:roleRef xlink:type="simple" xlink:href="http://www.xbrl.tdnet.info/taxonomy/jp/tse/tdnet/at/o/rt/2014-01-12/tse-at-rt-2014-01-12.xsd#RoleAttachedDocument" roleURI="http://www.xbrl.tdnet.info/jp/tse/tdnet/role/RoleAttachedDocument" />
  <link:presentationLink xlink:type="extended" xlink:role="http://www.xbrl.tdnet.info/jp/tse/tdnet/role/RoleAttachedDocument">
    <link:loc xlink:type="locator" xlink:href="http://www.xbrl.tdnet.info/taxonomy/jp/tse/tdnet/at/t/2014-01-12/tse-at-t-2014-01-12.xsd#tse-at-t_AttachedDocumentHeading" xlink:label="tse-at-t_AttachedDocumentHeading" />
    <link:loc xlink:type="locator" xlink:href="http://www.xbrl.tdnet.info/taxonomy/jp/tse/tdnet/atigp/2025-01-31/tse-atigp-t-2025-01-31.xsd#tse-atigp-t_CondensedQuarterlyConsolidatedFinancialStatementIFRSHeading" xlink:label="tse-atigp-t_CondensedQuarterlyConsolidatedFinancialStatementIFRSHeading" />
    <link:loc xlink:type="locator" xlink:href="http://www.xbrl.tdnet.info/taxonomy/jp/tse/tdnet/atigp/2025-01-31/tse-atigp-t-2025-01-31.xsd#tse-atigp-t_CondensedQuarterlyConsolidatedStatementOfChangesInEquityIFRSHeading" xlink:label="tse-atigp-t_CondensedQuarterlyConsolidatedStatementOfChangesInEquityIFRSHeading" />
    <link:loc xlink:type="locator" xlink:href="http://www.xbrl.tdnet.info/taxonomy/jp/tse/tdnet/atigp/2025-01-31/tse-atigp-t-2025-01-31.xsd#tse-atigp-t_CondensedQuarterlyConsolidatedStatementOfChangesInEquityIFRSTextBlock" xlink:label="tse-atigp-t_CondensedQuarterlyConsolidatedStatementOfChangesInEquityIFRSTextBlock" />
    <link:loc xlink:type="locator" xlink:href="http://www.xbrl.tdnet.info/taxonomy/jp/tse/tdnet/atigp/2025-01-31/tse-atigp-t-2025-01-31.xsd#tse-atigp-t_CondensedQuarterlyConsolidatedStatementOfComprehensiveIncomeIFRSHeading" xlink:label="tse-atigp-t_CondensedQuarterlyConsolidatedStatementOfComprehensiveIncomeIFRSHeading" />
    <link:loc xlink:type="locator" xlink:href="http://www.xbrl.tdnet.info/taxonomy/jp/tse/tdnet/atigp/2025-01-31/tse-atigp-t-2025-01-31.xsd#tse-atigp-t_CondensedQuarterlyConsolidatedStatementOfFinancialPositionIFRSHeading" xlink:label="tse-atigp-t_CondensedQuarterlyConsolidatedStatementOfFinancialPositionIFRSHeading" />
    <link:loc xlink:type="locator" xlink:href="http://www.xbrl.tdnet.info/taxonomy/jp/tse/tdnet/atigp/2025-01-31/tse-atigp-t-2025-01-31.xsd#tse-atigp-t_CondensedQuarterlyConsolidatedStatementOfFinancialPositionIFRSTextBlock" xlink:label="tse-atigp-t_CondensedQuarterlyConsolidatedStatementOfFinancialPositionIFRSTextBlock" />
    <link:loc xlink:type="locator" xlink:href="http://www.xbrl.tdnet.info/taxonomy/jp/tse/tdnet/atigp/2025-01-31/tse-atigp-t-2025-01-31.xsd#tse-atigp-t_CondensedQuarterlyConsolidatedStatementOfProfitOrLossAndCondensedQuarterlyConsolidatedStatementOfComprehensiveIncomeIFRSHeading" xlink:label="tse-atigp-t_CondensedQuarterlyConsolidatedStatementOfProfitOrLossAndCondensedQuarterlyConsolidatedStatementOfComprehensiveIncomeIFRSHeading" />
    <link:loc xlink:type="locator" xlink:href="http://www.xbrl.tdnet.info/taxonomy/jp/tse/tdnet/atigp/2025-01-31/tse-atigp-t-2025-01-31.xsd#tse-atigp-t_CondensedQuarterlyConsolidatedStatementOfProfitOrLossIFRSHeading" xlink:label="tse-atigp-t_CondensedQuarterlyConsolidatedStatementOfProfitOrLossIFRSHeading" />
    <link:loc xlink:type="locator" xlink:href="http://www.xbrl.tdnet.info/taxonomy/jp/tse/tdnet/atigp/2025-01-31/tse-atigp-t-2025-01-31.xsd#tse-atigp-t_CondensedYearToQuarterEndConsolidatedStatementOfComprehensiveIncomeIFRSHeading" xlink:label="tse-atigp-t_CondensedYearToQuarterEndConsolidatedStatementOfComprehensiveIncomeIFRSHeading" />
    <link:loc xlink:type="locator" xlink:href="http://www.xbrl.tdnet.info/taxonomy/jp/tse/tdnet/atigp/2025-01-31/tse-atigp-t-2025-01-31.xsd#tse-atigp-t_CondensedYearToQuarterEndConsolidatedStatementOfComprehensiveIncomeIFRSTextBlock" xlink:label="tse-atigp-t_CondensedYearToQuarterEndConsolidatedStatementOfComprehensiveIncomeIFRSTextBlock" />
    <link:loc xlink:type="locator" xlink:href="http://www.xbrl.tdnet.info/taxonomy/jp/tse/tdnet/atigp/2025-01-31/tse-atigp-t-2025-01-31.xsd#tse-atigp-t_CondensedYearToQuarterEndConsolidatedStatementOfProfitOrLossIFRSHeading" xlink:label="tse-atigp-t_CondensedYearToQuarterEndConsolidatedStatementOfProfitOrLossIFRSHeading" />
    <link:loc xlink:type="locator" xlink:href="http://www.xbrl.tdnet.info/taxonomy/jp/tse/tdnet/atigp/2025-01-31/tse-atigp-t-2025-01-31.xsd#tse-atigp-t_CondensedYearToQuarterEndConsolidatedStatementOfProfitOrLossIFRSTextBlock" xlink:label="tse-atigp-t_CondensedYearToQuarterEndConsolidatedStatementOfProfitOrLossIFRSTextBlock" />
    <link:loc xlink:type="locator" xlink:href="http://www.xbrl.tdnet.info/taxonomy/jp/tse/tdnet/atigp/2025-01-31/tse-atigp-t-2025-01-31.xsd#tse-atigp-t_NotesSegmentInformationCondensedQuarterlyConsolidatedFinancialStatementsIFRSHeading" xlink:label="tse-atigp-t_NotesSegmentInformationCondensedQuarterlyConsolidatedFinancialStatementsIFRSHeading" />
    <link:loc xlink:type="locator" xlink:href="http://www.xbrl.tdnet.info/taxonomy/jp/tse/tdnet/atigp/2025-01-31/tse-atigp-t-2025-01-31.xsd#tse-atigp-t_NotesSegmentInformationCondensedQuarterlyConsolidatedFinancialStatementsIFRSTextBlock" xlink:label="tse-atigp-t_NotesSegmentInformationCondensedQuarterlyConsolidatedFinancialStatementsIFRSTextBlock" />
    <link:loc xlink:type="locator" xlink:href="http://www.xbrl.tdnet.info/taxonomy/jp/tse/tdnet/atigp/2025-01-31/tse-atigp-t-2025-01-31.xsd#tse-atigp-t_NotesToCondensedQuarterlyConsolidatedFinancialStatementsIFRSHeading" xlink:label="tse-atigp-t_NotesToCondensedQuarterlyConsolidatedFinancialStatementsIFRSHeading" />
    <link:presentationArc xlink:type="arc" xlink:from="tse-atigp-t_CondensedQuarterlyConsolidatedFinancialStatementIFRSHeading" xlink:to="tse-atigp-t_CondensedQuarterlyConsolidatedStatementOfFinancialPositionIFRSHeading" xlink:arcrole="http://www.xbrl.org/2003/arcrole/parent-child" order="1" />
    <link:presentationArc xlink:type="arc" xlink:from="tse-atigp-t_CondensedQuarterlyConsolidatedFinancialStatementIFRSHeading" xlink:to="tse-atigp-t_CondensedQuarterlyConsolidatedStatementOfProfitOrLossAndCondensedQuarterlyConsolidatedStatementOfComprehensiveIncomeIFRSHeading" xlink:arcrole="http://www.xbrl.org/2003/arcrole/parent-child" order="2" />
    <link:presentationArc xlink:type="arc" xlink:from="tse-atigp-t_CondensedQuarterlyConsolidatedFinancialStatementIFRSHeading" xlink:to="tse-atigp-t_CondensedQuarterlyConsolidatedStatementOfChangesInEquityIFRSHeading" xlink:arcrole="http://www.xbrl.org/2003/arcrole/parent-child" order="3" />
    <link:presentationArc xlink:type="arc" xlink:from="tse-atigp-t_CondensedQuarterlyConsolidatedFinancialStatementIFRSHeading" xlink:to="tse-atigp-t_NotesToCondensedQuarterlyConsolidatedFinancialStatementsIFRSHeading" xlink:arcrole="http://www.xbrl.org/2003/arcrole/parent-child" order="4" />
    <link:presentationArc xlink:type="arc" xlink:from="tse-atigp-t_CondensedQuarterlyConsolidatedStatementOfChangesInEquityIFRSHeading" xlink:to="tse-atigp-t_CondensedQuarterlyConsolidatedStatementOfChangesInEquityIFRSTextBlock" xlink:arcrole="http://www.xbrl.org/2003/arcrole/parent-child" order="1" />
    <link:presentationArc xlink:type="arc" xlink:from="tse-atigp-t_CondensedQuarterlyConsolidatedStatementOfComprehensiveIncomeIFRSHeading" xlink:to="tse-atigp-t_CondensedYearToQuarterEndConsolidatedStatementOfComprehensiveIncomeIFRSHeading" xlink:arcrole="http://www.xbrl.org/2003/arcrole/parent-child" order="1" />
    <link:presentationArc xlink:type="arc" xlink:from="tse-atigp-t_CondensedQuarterlyConsolidatedStatementOfFinancialPositionIFRSHeading" xlink:to="tse-atigp-t_CondensedQuarterlyConsolidatedStatementOfFinancialPositionIFRSTextBlock" xlink:arcrole="http://www.xbrl.org/2003/arcrole/parent-child" order="1" />
    <link:presentationArc xlink:type="arc" xlink:from="tse-atigp-t_CondensedQuarterlyConsolidatedStatementOfProfitOrLossAndCondensedQuarterlyConsolidatedStatementOfComprehensiveIncomeIFRSHeading" xlink:to="tse-atigp-t_CondensedQuarterlyConsolidatedStatementOfProfitOrLossIFRSHeading" xlink:arcrole="http://www.xbrl.org/2003/arcrole/parent-child" order="1" />
    <link:presentationArc xlink:type="arc" xlink:from="tse-atigp-t_CondensedQuarterlyConsolidatedStatementOfProfitOrLossAndCondensedQuarterlyConsolidatedStatementOfComprehensiveIncomeIFRSHeading" xlink:to="tse-atigp-t_CondensedQuarterlyConsolidatedStatementOfComprehensiveIncomeIFRSHeading" xlink:arcrole="http://www.xbrl.org/2003/arcrole/parent-child" order="2" />
    <link:presentationArc xlink:type="arc" xlink:from="tse-atigp-t_CondensedQuarterlyConsolidatedStatementOfProfitOrLossIFRSHeading" xlink:to="tse-atigp-t_CondensedYearToQuarterEndConsolidatedStatementOfProfitOrLossIFRSHeading" xlink:arcrole="http://www.xbrl.org/2003/arcrole/parent-child" order="1" />
    <link:presentationArc xlink:type="arc" xlink:from="tse-atigp-t_CondensedYearToQuarterEndConsolidatedStatementOfComprehensiveIncomeIFRSHeading" xlink:to="tse-atigp-t_CondensedYearToQuarterEndConsolidatedStatementOfComprehensiveIncomeIFRSTextBlock" xlink:arcrole="http://www.xbrl.org/2003/arcrole/parent-child" order="1" />
    <link:presentationArc xlink:type="arc" xlink:from="tse-atigp-t_CondensedYearToQuarterEndConsolidatedStatementOfProfitOrLossIFRSHeading" xlink:to="tse-atigp-t_CondensedYearToQuarterEndConsolidatedStatementOfProfitOrLossIFRSTextBlock" xlink:arcrole="http://www.xbrl.org/2003/arcrole/parent-child" order="1" />
    <link:presentationArc xlink:type="arc" xlink:from="tse-atigp-t_NotesToCondensedQuarterlyConsolidatedFinancialStatementsIFRSHeading" xlink:to="tse-atigp-t_NotesSegmentInformationCondensedQuarterlyConsolidatedFinancialStatementsIFRSHeading" xlink:arcrole="http://www.xbrl.org/2003/arcrole/parent-child" order="1" />
    <link:presentationArc xlink:type="arc" xlink:from="tse-atigp-t_NotesSegmentInformationCondensedQuarterlyConsolidatedFinancialStatementsIFRSHeading" xlink:to="tse-atigp-t_NotesSegmentInformationCondensedQuarterlyConsolidatedFinancialStatementsIFRSTextBlock" xlink:arcrole="http://www.xbrl.org/2003/arcrole/parent-child" order="1" />
    <link:presentationArc xlink:type="arc" xlink:from="tse-at-t_AttachedDocumentHeading" xlink:to="tse-atigp-t_CondensedQuarterlyConsolidatedFinancialStatementIFRSHeading" xlink:arcrole="http://www.xbrl.org/2003/arcrole/parent-child" order="1" />
  </link:presentationLink>
  <link:presentationLink xlink:type="extended" xlink:role="http://www.xbrl.tdnet.info/jp/tse/tdnet/role/atigp/rol_CondensedQuarterlyConsolidatedStatementOfFinancialPositionTDnetIFRS">
    <link:loc xlink:type="locator" xlink:href="http://disclosure.edinet-fsa.go.jp/taxonomy/jpigp/2024-11-01/jpigp_cor_2024-11-01.xsd#jpigp_cor_AssetsIFRS" xlink:label="jpigp_cor_AssetsIFRS" />
    <link:loc xlink:type="locator" xlink:href="http://disclosure.edinet-fsa.go.jp/taxonomy/jpigp/2024-11-01/jpigp_cor_2024-11-01.xsd#jpigp_cor_AssetsIFRSAbstract" xlink:label="jpigp_cor_AssetsIFRSAbstract" />
    <link:loc xlink:type="locator" xlink:href="http://disclosure.edinet-fsa.go.jp/taxonomy/jpigp/2024-11-01/jpigp_cor_2024-11-01.xsd#jpigp_cor_BorrowingsCLIFRS" xlink:label="jpigp_cor_BorrowingsCLIFRS" />
    <link:loc xlink:type="locator" xlink:href="http://disclosure.edinet-fsa.go.jp/taxonomy/jpigp/2024-11-01/jpigp_cor_2024-11-01.xsd#jpigp_cor_BorrowingsNCLIFRS" xlink:label="jpigp_cor_BorrowingsNCLIFRS" />
    <link:loc xlink:type="locator" xlink:href="http://disclosure.edinet-fsa.go.jp/taxonomy/jpigp/2024-11-01/jpigp_cor_2024-11-01.xsd#jpigp_cor_CapitalSurplusIFRS" xlink:label="jpigp_cor_CapitalSurplusIFRS" />
    <link:loc xlink:type="locator" xlink:href="http://disclosure.edinet-fsa.go.jp/taxonomy/jpigp/2024-11-01/jpigp_cor_2024-11-01.xsd#jpigp_cor_CashAndCashEquivalentsIFRS" xlink:label="jpigp_cor_CashAndCashEquivalentsIFRS" />
    <link:loc xlink:type="locator" xlink:href="http://disclosure.edinet-fsa.go.jp/taxonomy/jpigp/2024-11-01/jpigp_cor_2024-11-01.xsd#jpigp_cor_CurrentAssetsIFRS" xlink:label="jpigp_cor_CurrentAssetsIFRS" />
    <link:loc xlink:type="locator" xlink:href="http://disclosure.edinet-fsa.go.jp/taxonomy/jpigp/2024-11-01/jpigp_cor_2024-11-01.xsd#jpigp_cor_CurrentAssetsIFRSAbstract" xlink:label="jpigp_cor_CurrentAssetsIFRSAbstract" />
    <link:loc xlink:type="locator" xlink:href="http://disclosure.edinet-fsa.go.jp/taxonomy/jpigp/2024-11-01/jpigp_cor_2024-11-01.xsd#jpigp_cor_CurrentLiabilitiesIFRSAbstract" xlink:label="jpigp_cor_CurrentLiabilitiesIFRSAbstract" />
    <link:loc xlink:type="locator" xlink:href="http://disclosure.edinet-fsa.go.jp/taxonomy/jpigp/2024-11-01/jpigp_cor_2024-11-01.xsd#jpigp_cor_DeferredTaxAssetsIFRS" xlink:label="jpigp_cor_DeferredTaxAssetsIFRS" />
    <link:loc xlink:type="locator" xlink:href="http://disclosure.edinet-fsa.go.jp/taxonomy/jpigp/2024-11-01/jpigp_cor_2024-11-01.xsd#jpigp_cor_DeferredTaxLiabilitiesIFRS" xlink:label="jpigp_cor_DeferredTaxLiabilitiesIFRS" />
    <link:loc xlink:type="locator" xlink:href="http://disclosure.edinet-fsa.go.jp/taxonomy/jpigp/2024-11-01/jpigp_cor_2024-11-01.xsd#jpigp_cor_EquityAttributableToOwnersOfParentIFRS" xlink:label="jpigp_cor_EquityAttributableToOwnersOfParentIFRS" />
    <link:loc xlink:type="locator" xlink:href="http://disclosure.edinet-fsa.go.jp/taxonomy/jpigp/2024-11-01/jpigp_cor_2024-11-01.xsd#jpigp_cor_EquityIFRS" xlink:label="jpigp_cor_EquityIFRS" />
    <link:loc xlink:type="locator" xlink:href="http://disclosure.edinet-fsa.go.jp/taxonomy/jpigp/2024-11-01/jpigp_cor_2024-11-01.xsd#jpigp_cor_EquityIFRSAbstract" xlink:label="jpigp_cor_EquityIFRSAbstract" />
    <link:loc xlink:type="locator" xlink:href="http://disclosure.edinet-fsa.go.jp/taxonomy/jpigp/2024-11-01/jpigp_cor_2024-11-01.xsd#jpigp_cor_GoodwillIFRS" xlink:label="jpigp_cor_GoodwillIFRS" />
    <link:loc xlink:type="locator" xlink:href="http://disclosure.edinet-fsa.go.jp/taxonomy/jpigp/2024-11-01/jpigp_cor_2024-11-01.xsd#jpigp_cor_IncomeTaxesPayableCLIFRS" xlink:label="jpigp_cor_IncomeTaxesPayableCLIFRS" />
    <link:loc xlink:type="locator" xlink:href="http://disclosure.edinet-fsa.go.jp/taxonomy/jpigp/2024-11-01/jpigp_cor_2024-11-01.xsd#jpigp_cor_IntangibleAssetsIFRS" xlink:label="jpigp_cor_IntangibleAssetsIFRS" />
    <link:loc xlink:type="locator" xlink:href="http://disclosure.edinet-fsa.go.jp/taxonomy/jpigp/2024-11-01/jpigp_cor_2024-11-01.xsd#jpigp_cor_LeaseLiabilitiesCLIFRS" xlink:label="jpigp_cor_LeaseLiabilitiesCLIFRS" />
    <link:loc xlink:type="locator" xlink:href="http://disclosure.edinet-fsa.go.jp/taxonomy/jpigp/2024-11-01/jpigp_cor_2024-11-01.xsd#jpigp_cor_LeaseLiabilitiesNCLIFRS" xlink:label="jpigp_cor_LeaseLiabilitiesNCLIFRS" />
    <link:loc xlink:type="locator" xlink:href="http://disclosure.edinet-fsa.go.jp/taxonomy/jpigp/2024-11-01/jpigp_cor_2024-11-01.xsd#jpigp_cor_LiabilitiesAndEquityIFRS" xlink:label="jpigp_cor_LiabilitiesAndEquityIFRS" />
    <link:loc xlink:type="locator" xlink:href="http://disclosure.edinet-fsa.go.jp/taxonomy/jpigp/2024-11-01/jpigp_cor_2024-11-01.xsd#jpigp_cor_LiabilitiesAndEquityIFRSAbstract" xlink:label="jpigp_cor_LiabilitiesAndEquityIFRSAbstract" />
    <link:loc xlink:type="locator" xlink:href="http://disclosure.edinet-fsa.go.jp/taxonomy/jpigp/2024-11-01/jpigp_cor_2024-11-01.xsd#jpigp_cor_LiabilitiesIFRS" xlink:label="jpigp_cor_LiabilitiesIFRS" />
    <link:loc xlink:type="locator" xlink:href="http://disclosure.edinet-fsa.go.jp/taxonomy/jpigp/2024-11-01/jpigp_cor_2024-11-01.xsd#jpigp_cor_LiabilitiesIFRSAbstract" xlink:label="jpigp_cor_LiabilitiesIFRSAbstract" />
    <link:loc xlink:type="locator" xlink:href="http://disclosure.edinet-fsa.go.jp/taxonomy/jpigp/2024-11-01/jpigp_cor_2024-11-01.xsd#jpigp_cor_NonCurrentAssetsIFRS" xlink:label="jpigp_cor_NonCurrentAssetsIFRS" />
    <link:loc xlink:type="locator" xlink:href="http://disclosure.edinet-fsa.go.jp/taxonomy/jpigp/2024-11-01/jpigp_cor_2024-11-01.xsd#jpigp_cor_NonCurrentAssetsIFRSAbstract" xlink:label="jpigp_cor_NonCurrentAssetsIFRSAbstract" />
    <link:loc xlink:type="locator" xlink:href="http://disclosure.edinet-fsa.go.jp/taxonomy/jpigp/2024-11-01/jpigp_cor_2024-11-01.xsd#jpigp_cor_NonCurrentLabilitiesIFRS" xlink:label="jpigp_cor_NonCurrentLabilitiesIFRS" />
    <link:loc xlink:type="locator" xlink:href="http://disclosure.edinet-fsa.go.jp/taxonomy/jpigp/2024-11-01/jpigp_cor_2024-11-01.xsd#jpigp_cor_NonCurrentLiabilitiesIFRSAbstract" xlink:label="jpigp_cor_NonCurrentLiabilitiesIFRSAbstract" />
    <link:loc xlink:type="locator" xlink:href="http://disclosure.edinet-fsa.go.jp/taxonomy/jpigp/2024-11-01/jpigp_cor_2024-11-01.xsd#jpigp_cor_OtherComponentsOfEquityIFRS" xlink:label="jpigp_cor_OtherComponentsOfEquityIFRS" />
    <link:loc xlink:type="locator" xlink:href="http://disclosure.edinet-fsa.go.jp/taxonomy/jpigp/2024-11-01/jpigp_cor_2024-11-01.xsd#jpigp_cor_OtherCurrentAssetsCAIFRS" xlink:label="jpigp_cor_OtherCurrentAssetsCAIFRS" />
    <link:loc xlink:type="locator" xlink:href="http://disclosure.edinet-fsa.go.jp/taxonomy/jpigp/2024-11-01/jpigp_cor_2024-11-01.xsd#jpigp_cor_OtherCurrentLiabilitiesCLIFRS" xlink:label="jpigp_cor_OtherCurrentLiabilitiesCLIFRS" />
    <link:loc xlink:type="locator" xlink:href="http://disclosure.edinet-fsa.go.jp/taxonomy/jpigp/2024-11-01/jpigp_cor_2024-11-01.xsd#jpigp_cor_OtherFinancialAssetsNCAIFRS" xlink:label="jpigp_cor_OtherFinancialAssetsNCAIFRS" />
    <link:loc xlink:type="locator" xlink:href="http://disclosure.edinet-fsa.go.jp/taxonomy/jpigp/2024-11-01/jpigp_cor_2024-11-01.xsd#jpigp_cor_OtherFinancialLiabilitiesCLIFRS" xlink:label="jpigp_cor_OtherFinancialLiabilitiesCLIFRS" />
    <link:loc xlink:type="locator" xlink:href="http://disclosure.edinet-fsa.go.jp/taxonomy/jpigp/2024-11-01/jpigp_cor_2024-11-01.xsd#jpigp_cor_OtherNonCurrentAssetsNCAIFRS" xlink:label="jpigp_cor_OtherNonCurrentAssetsNCAIFRS" />
    <link:loc xlink:type="locator" xlink:href="http://disclosure.edinet-fsa.go.jp/taxonomy/jpigp/2024-11-01/jpigp_cor_2024-11-01.xsd#jpigp_cor_OtherNonCurrentLiabilitiesNCLIFRS" xlink:label="jpigp_cor_OtherNonCurrentLiabilitiesNCLIFRS" />
    <link:loc xlink:type="locator" xlink:href="http://disclosure.edinet-fsa.go.jp/taxonomy/jpigp/2024-11-01/jpigp_cor_2024-11-01.xsd#jpigp_cor_PropertyPlantAndEquipmentIFRS" xlink:label="jpigp_cor_PropertyPlantAndEquipmentIFRS" />
    <link:loc xlink:type="locator" xlink:href="http://disclosure.edinet-fsa.go.jp/taxonomy/jpigp/2024-11-01/jpigp_cor_2024-11-01.xsd#jpigp_cor_ProvisionsCLIFRS" xlink:label="jpigp_cor_ProvisionsCLIFRS" />
    <link:loc xlink:type="locator" xlink:href="http://disclosure.edinet-fsa.go.jp/taxonomy/jpigp/2024-11-01/jpigp_cor_2024-11-01.xsd#jpigp_cor_RetainedEarningsIFRS" xlink:label="jpigp_cor_RetainedEarningsIFRS" />
    <link:loc xlink:type="locator" xlink:href="http://disclosure.edinet-fsa.go.jp/taxonomy/jpigp/2024-11-01/jpigp_cor_2024-11-01.xsd#jpigp_cor_RightOfUseAssetsIFRS" xlink:label="jpigp_cor_RightOfUseAssetsIFRS" />
    <link:loc xlink:type="locator" xlink:href="http://disclosure.edinet-fsa.go.jp/taxonomy/jpigp/2024-11-01/jpigp_cor_2024-11-01.xsd#jpigp_cor_ShareCapitalIFRS" xlink:label="jpigp_cor_ShareCapitalIFRS" />
    <link:loc xlink:type="locator" xlink:href="http://disclosure.edinet-fsa.go.jp/taxonomy/jpigp/2024-11-01/jpigp_cor_2024-11-01.xsd#jpigp_cor_StatementOfFinancialPositionIFRSLineItems" xlink:label="jpigp_cor_StatementOfFinancialPositionIFRSLineItems" />
    <link:loc xlink:type="locator" xlink:href="http://disclosure.edinet-fsa.go.jp/taxonomy/jpigp/2024-11-01/jpigp_cor_2024-11-01.xsd#jpigp_cor_StatementOfFinancialPositionIFRSTable" xlink:label="jpigp_cor_StatementOfFinancialPositionIFRSTable" />
    <link:loc xlink:type="locator" xlink:href="http://disclosure.edinet-fsa.go.jp/taxonomy/jpigp/2024-11-01/jpigp_cor_2024-11-01.xsd#jpigp_cor_TotalCurrentLiabilitiesIFRS" xlink:label="jpigp_cor_TotalCurrentLiabilitiesIFRS" />
    <link:loc xlink:type="locator" xlink:href="http://disclosure.edinet-fsa.go.jp/taxonomy/jpigp/2024-11-01/jpigp_cor_2024-11-01.xsd#jpigp_cor_TradeAndOtherPayablesCLIFRS" xlink:label="jpigp_cor_TradeAndOtherPayablesCLIFRS" />
    <link:loc xlink:type="locator" xlink:href="http://disclosure.edinet-fsa.go.jp/taxonomy/jpigp/2024-11-01/jpigp_cor_2024-11-01.xsd#jpigp_cor_TradeAndOtherReceivablesCAIFRS" xlink:label="jpigp_cor_TradeAndOtherReceivablesCAIFRS" />
    <link:loc xlink:type="locator" xlink:href="http://disclosure.edinet-fsa.go.jp/taxonomy/jpigp/2024-11-01/jpigp_cor_2024-11-01.xsd#jpigp_cor_TreasurySharesIFRS" xlink:label="jpigp_cor_TreasurySharesIFRS" />
    <link:loc xlink:type="locator" xlink:href="http://disclosure.edinet-fsa.go.jp/taxonomy/jppfs/2024-11-01/jppfs_cor_2024-11-01.xsd#jppfs_cor_ConsolidatedMember" xlink:label="jppfs_cor_ConsolidatedMember" />
    <link:loc xlink:type="locator" xlink:href="http://disclosure.edinet-fsa.go.jp/taxonomy/jppfs/2024-11-01/jppfs_cor_2024-11-01.xsd#jppfs_cor_ConsolidatedOrNonConsolidatedAxis" xlink:label="jppfs_cor_ConsolidatedOrNonConsolidatedAxis" />
    <link:loc xlink:type="locator" xlink:href="http://www.xbrl.tdnet.info/taxonomy/jp/tse/tdnet/atigp/2025-01-31/tse-atigp-t-2025-01-31.xsd#tse-atigp-t_CondensedQuarterlyConsolidatedStatementOfFinancialPositionIFRSHeading" xlink:label="tse-atigp-t_CondensedQuarterlyConsolidatedStatementOfFinancialPositionIFRSHeading" />
    <link:loc xlink:type="locator" xlink:href="tse-qcediffr-73660-2025-12-31-01-2026-01-26.xsd#tse-qcediffr-73660_OtherLongTermFinancialLiabilitiesNCLIFRS" xlink:label="tse-qcediffr-73660_OtherLongTermFinancialLiabilitiesNCLIFRS" />
    <link:presentationArc xlink:type="arc" xlink:from="jpigp_cor_AssetsIFRSAbstract" xlink:to="jpigp_cor_CurrentAssetsIFRSAbstract" xlink:arcrole="http://www.xbrl.org/2003/arcrole/parent-child" order="1" />
    <link:presentationArc xlink:type="arc" xlink:from="jpigp_cor_AssetsIFRSAbstract" xlink:to="jpigp_cor_NonCurrentAssetsIFRSAbstract" xlink:arcrole="http://www.xbrl.org/2003/arcrole/parent-child" order="2" />
    <link:presentationArc xlink:type="arc" xlink:from="jpigp_cor_AssetsIFRSAbstract" xlink:to="jpigp_cor_AssetsIFRS" xlink:arcrole="http://www.xbrl.org/2003/arcrole/parent-child" preferredLabel="http://www.xbrl.org/2003/role/totalLabel" order="3" />
    <link:presentationArc xlink:type="arc" xlink:from="jpigp_cor_CurrentAssetsIFRSAbstract" xlink:to="jpigp_cor_CashAndCashEquivalentsIFRS" xlink:arcrole="http://www.xbrl.org/2003/arcrole/parent-child" order="1" />
    <link:presentationArc xlink:type="arc" xlink:from="jpigp_cor_CurrentAssetsIFRSAbstract" xlink:to="jpigp_cor_TradeAndOtherReceivablesCAIFRS" xlink:arcrole="http://www.xbrl.org/2003/arcrole/parent-child" order="2" />
    <link:presentationArc xlink:type="arc" xlink:from="jpigp_cor_CurrentAssetsIFRSAbstract" xlink:to="jpigp_cor_OtherCurrentAssetsCAIFRS" xlink:arcrole="http://www.xbrl.org/2003/arcrole/parent-child" order="3" />
    <link:presentationArc xlink:type="arc" xlink:from="jpigp_cor_CurrentAssetsIFRSAbstract" xlink:to="jpigp_cor_CurrentAssetsIFRS" xlink:arcrole="http://www.xbrl.org/2003/arcrole/parent-child" preferredLabel="http://www.xbrl.org/2003/role/totalLabel" order="4" />
    <link:presentationArc xlink:type="arc" xlink:from="jpigp_cor_CurrentLiabilitiesIFRSAbstract" xlink:to="jpigp_cor_TradeAndOtherPayablesCLIFRS" xlink:arcrole="http://www.xbrl.org/2003/arcrole/parent-child" order="1" />
    <link:presentationArc xlink:type="arc" xlink:from="jpigp_cor_CurrentLiabilitiesIFRSAbstract" xlink:to="jpigp_cor_BorrowingsCLIFRS" xlink:arcrole="http://www.xbrl.org/2003/arcrole/parent-child" order="2" />
    <link:presentationArc xlink:type="arc" xlink:from="jpigp_cor_CurrentLiabilitiesIFRSAbstract" xlink:to="jpigp_cor_LeaseLiabilitiesCLIFRS" xlink:arcrole="http://www.xbrl.org/2003/arcrole/parent-child" order="3" />
    <link:presentationArc xlink:type="arc" xlink:from="jpigp_cor_CurrentLiabilitiesIFRSAbstract" xlink:to="jpigp_cor_IncomeTaxesPayableCLIFRS" xlink:arcrole="http://www.xbrl.org/2003/arcrole/parent-child" order="4" />
    <link:presentationArc xlink:type="arc" xlink:from="jpigp_cor_CurrentLiabilitiesIFRSAbstract" xlink:to="jpigp_cor_ProvisionsCLIFRS" xlink:arcrole="http://www.xbrl.org/2003/arcrole/parent-child" order="5" />
    <link:presentationArc xlink:type="arc" xlink:from="jpigp_cor_CurrentLiabilitiesIFRSAbstract" xlink:to="jpigp_cor_OtherFinancialLiabilitiesCLIFRS" xlink:arcrole="http://www.xbrl.org/2003/arcrole/parent-child" order="6" />
    <link:presentationArc xlink:type="arc" xlink:from="jpigp_cor_CurrentLiabilitiesIFRSAbstract" xlink:to="jpigp_cor_OtherCurrentLiabilitiesCLIFRS" xlink:arcrole="http://www.xbrl.org/2003/arcrole/parent-child" order="7" />
    <link:presentationArc xlink:type="arc" xlink:from="jpigp_cor_CurrentLiabilitiesIFRSAbstract" xlink:to="jpigp_cor_TotalCurrentLiabilitiesIFRS" xlink:arcrole="http://www.xbrl.org/2003/arcrole/parent-child" preferredLabel="http://www.xbrl.org/2003/role/totalLabel" order="8" />
    <link:presentationArc xlink:type="arc" xlink:from="jpigp_cor_EquityIFRSAbstract" xlink:to="jpigp_cor_ShareCapitalIFRS" xlink:arcrole="http://www.xbrl.org/2003/arcrole/parent-child" order="1" />
    <link:presentationArc xlink:type="arc" xlink:from="jpigp_cor_EquityIFRSAbstract" xlink:to="jpigp_cor_CapitalSurplusIFRS" xlink:arcrole="http://www.xbrl.org/2003/arcrole/parent-child" order="2" />
    <link:presentationArc xlink:type="arc" xlink:from="jpigp_cor_EquityIFRSAbstract" xlink:to="jpigp_cor_RetainedEarningsIFRS" xlink:arcrole="http://www.xbrl.org/2003/arcrole/parent-child" order="3" />
    <link:presentationArc xlink:type="arc" xlink:from="jpigp_cor_EquityIFRSAbstract" xlink:to="jpigp_cor_TreasurySharesIFRS" xlink:arcrole="http://www.xbrl.org/2003/arcrole/parent-child" order="4" />
    <link:presentationArc xlink:type="arc" xlink:from="jpigp_cor_EquityIFRSAbstract" xlink:to="jpigp_cor_OtherComponentsOfEquityIFRS" xlink:arcrole="http://www.xbrl.org/2003/arcrole/parent-child" order="5" />
    <link:presentationArc xlink:type="arc" xlink:from="jpigp_cor_EquityIFRSAbstract" xlink:to="jpigp_cor_EquityAttributableToOwnersOfParentIFRS" xlink:arcrole="http://www.xbrl.org/2003/arcrole/parent-child" preferredLabel="http://www.xbrl.org/2003/role/totalLabel" order="6" />
    <link:presentationArc xlink:type="arc" xlink:from="jpigp_cor_EquityIFRSAbstract" xlink:to="jpigp_cor_EquityIFRS" xlink:arcrole="http://www.xbrl.org/2003/arcrole/parent-child" preferredLabel="http://www.xbrl.org/2003/role/totalLabel" order="7" />
    <link:presentationArc xlink:type="arc" xlink:from="jpigp_cor_StatementOfFinancialPositionIFRSLineItems" xlink:to="jpigp_cor_LiabilitiesAndEquityIFRSAbstract" xlink:arcrole="http://www.xbrl.org/2003/arcrole/parent-child" order="2" />
    <link:presentationArc xlink:type="arc" xlink:from="jpigp_cor_LiabilitiesAndEquityIFRSAbstract" xlink:to="jpigp_cor_LiabilitiesIFRSAbstract" xlink:arcrole="http://www.xbrl.org/2003/arcrole/parent-child" order="1" />
    <link:presentationArc xlink:type="arc" xlink:from="jpigp_cor_LiabilitiesAndEquityIFRSAbstract" xlink:to="jpigp_cor_EquityIFRSAbstract" xlink:arcrole="http://www.xbrl.org/2003/arcrole/parent-child" order="2" />
    <link:presentationArc xlink:type="arc" xlink:from="jpigp_cor_LiabilitiesAndEquityIFRSAbstract" xlink:to="jpigp_cor_LiabilitiesAndEquityIFRS" xlink:arcrole="http://www.xbrl.org/2003/arcrole/parent-child" preferredLabel="http://www.xbrl.org/2003/role/totalLabel" order="3" />
    <link:presentationArc xlink:type="arc" xlink:from="jpigp_cor_LiabilitiesIFRSAbstract" xlink:to="jpigp_cor_CurrentLiabilitiesIFRSAbstract" xlink:arcrole="http://www.xbrl.org/2003/arcrole/parent-child" order="1" />
    <link:presentationArc xlink:type="arc" xlink:from="jpigp_cor_LiabilitiesIFRSAbstract" xlink:to="jpigp_cor_NonCurrentLiabilitiesIFRSAbstract" xlink:arcrole="http://www.xbrl.org/2003/arcrole/parent-child" order="2" />
    <link:presentationArc xlink:type="arc" xlink:from="jpigp_cor_LiabilitiesIFRSAbstract" xlink:to="jpigp_cor_LiabilitiesIFRS" xlink:arcrole="http://www.xbrl.org/2003/arcrole/parent-child" preferredLabel="http://www.xbrl.org/2003/role/totalLabel" order="3" />
    <link:presentationArc xlink:type="arc" xlink:from="jpigp_cor_NonCurrentAssetsIFRSAbstract" xlink:to="jpigp_cor_PropertyPlantAndEquipmentIFRS" xlink:arcrole="http://www.xbrl.org/2003/arcrole/parent-child" order="1" />
    <link:presentationArc xlink:type="arc" xlink:from="jpigp_cor_NonCurrentAssetsIFRSAbstract" xlink:to="jpigp_cor_RightOfUseAssetsIFRS" xlink:arcrole="http://www.xbrl.org/2003/arcrole/parent-child" order="2" />
    <link:presentationArc xlink:type="arc" xlink:from="jpigp_cor_NonCurrentAssetsIFRSAbstract" xlink:to="jpigp_cor_GoodwillIFRS" xlink:arcrole="http://www.xbrl.org/2003/arcrole/parent-child" order="3" />
    <link:presentationArc xlink:type="arc" xlink:from="jpigp_cor_NonCurrentAssetsIFRSAbstract" xlink:to="jpigp_cor_IntangibleAssetsIFRS" xlink:arcrole="http://www.xbrl.org/2003/arcrole/parent-child" order="4" />
    <link:presentationArc xlink:type="arc" xlink:from="jpigp_cor_NonCurrentAssetsIFRSAbstract" xlink:to="jpigp_cor_OtherFinancialAssetsNCAIFRS" xlink:arcrole="http://www.xbrl.org/2003/arcrole/parent-child" order="5" />
    <link:presentationArc xlink:type="arc" xlink:from="jpigp_cor_NonCurrentAssetsIFRSAbstract" xlink:to="jpigp_cor_DeferredTaxAssetsIFRS" xlink:arcrole="http://www.xbrl.org/2003/arcrole/parent-child" order="6" />
    <link:presentationArc xlink:type="arc" xlink:from="jpigp_cor_NonCurrentAssetsIFRSAbstract" xlink:to="jpigp_cor_OtherNonCurrentAssetsNCAIFRS" xlink:arcrole="http://www.xbrl.org/2003/arcrole/parent-child" order="7" />
    <link:presentationArc xlink:type="arc" xlink:from="jpigp_cor_NonCurrentAssetsIFRSAbstract" xlink:to="jpigp_cor_NonCurrentAssetsIFRS" xlink:arcrole="http://www.xbrl.org/2003/arcrole/parent-child" preferredLabel="http://www.xbrl.org/2003/role/totalLabel" order="8" />
    <link:presentationArc xlink:type="arc" xlink:from="jpigp_cor_NonCurrentLiabilitiesIFRSAbstract" xlink:to="jpigp_cor_BorrowingsNCLIFRS" xlink:arcrole="http://www.xbrl.org/2003/arcrole/parent-child" order="1" />
    <link:presentationArc xlink:type="arc" xlink:from="jpigp_cor_NonCurrentLiabilitiesIFRSAbstract" xlink:to="jpigp_cor_LeaseLiabilitiesNCLIFRS" xlink:arcrole="http://www.xbrl.org/2003/arcrole/parent-child" order="2" />
    <link:presentationArc xlink:type="arc" xlink:from="jpigp_cor_NonCurrentLiabilitiesIFRSAbstract" xlink:to="jpigp_cor_DeferredTaxLiabilitiesIFRS" xlink:arcrole="http://www.xbrl.org/2003/arcrole/parent-child" order="3" />
    <link:presentationArc xlink:type="arc" xlink:from="jpigp_cor_NonCurrentLiabilitiesIFRSAbstract" xlink:to="tse-qcediffr-73660_OtherLongTermFinancialLiabilitiesNCLIFRS" xlink:arcrole="http://www.xbrl.org/2003/arcrole/parent-child" order="4" />
    <link:presentationArc xlink:type="arc" xlink:from="jpigp_cor_NonCurrentLiabilitiesIFRSAbstract" xlink:to="jpigp_cor_OtherNonCurrentLiabilitiesNCLIFRS" xlink:arcrole="http://www.xbrl.org/2003/arcrole/parent-child" order="5" />
    <link:presentationArc xlink:type="arc" xlink:from="jpigp_cor_NonCurrentLiabilitiesIFRSAbstract" xlink:to="jpigp_cor_NonCurrentLabilitiesIFRS" xlink:arcrole="http://www.xbrl.org/2003/arcrole/parent-child" preferredLabel="http://www.xbrl.org/2003/role/totalLabel" order="6" />
    <link:presentationArc xlink:type="arc" xlink:from="tse-atigp-t_CondensedQuarterlyConsolidatedStatementOfFinancialPositionIFRSHeading" xlink:to="jpigp_cor_StatementOfFinancialPositionIFRSLineItems" xlink:arcrole="http://www.xbrl.org/2003/arcrole/parent-child" preferredLabel="http://www.xbrl.tdnet.info/jp/tse/tdnet/atpfs/ConsolidatedQuarterlyTDnet/role/label" order="2" />
    <link:presentationArc xlink:type="arc" xlink:from="jpigp_cor_StatementOfFinancialPositionIFRSLineItems" xlink:to="jpigp_cor_AssetsIFRSAbstract" xlink:arcrole="http://www.xbrl.org/2003/arcrole/parent-child" order="1" />
    <link:presentationArc xlink:type="arc" xlink:from="jpigp_cor_StatementOfFinancialPositionIFRSTable" xlink:to="jppfs_cor_ConsolidatedOrNonConsolidatedAxis" xlink:arcrole="http://www.xbrl.org/2003/arcrole/parent-child" order="1" />
    <link:presentationArc xlink:type="arc" xlink:from="jppfs_cor_ConsolidatedOrNonConsolidatedAxis" xlink:to="jppfs_cor_ConsolidatedMember" xlink:arcrole="http://www.xbrl.org/2003/arcrole/parent-child" order="1" />
    <link:presentationArc xlink:type="arc" xlink:from="tse-atigp-t_CondensedQuarterlyConsolidatedStatementOfFinancialPositionIFRSHeading" xlink:to="jpigp_cor_StatementOfFinancialPositionIFRSTable" xlink:arcrole="http://www.xbrl.org/2003/arcrole/parent-child" preferredLabel="http://www.xbrl.tdnet.info/jp/tse/tdnet/atpfs/ConsolidatedQuarterlyTDnet/role/label" order="1" />
  </link:presentationLink>
  <link:presentationLink xlink:type="extended" xlink:role="http://www.xbrl.tdnet.info/jp/tse/tdnet/role/atigp/rol_CondensedYearToQuarterEndConsolidatedStatementOfProfitOrLossTDnetIFRS">
    <link:loc xlink:type="locator" xlink:href="http://disclosure.edinet-fsa.go.jp/taxonomy/jpigp/2024-11-01/jpigp_cor_2024-11-01.xsd#jpigp_cor_BasicEarningsLossPerShareIFRS" xlink:label="jpigp_cor_BasicEarningsLossPerShareIFRS" />
    <link:loc xlink:type="locator" xlink:href="http://disclosure.edinet-fsa.go.jp/taxonomy/jpigp/2024-11-01/jpigp_cor_2024-11-01.xsd#jpigp_cor_BasicEarningsLossPerShareIFRSAbstract" xlink:label="jpigp_cor_BasicEarningsLossPerShareIFRSAbstract" />
    <link:loc xlink:type="locator" xlink:href="http://disclosure.edinet-fsa.go.jp/taxonomy/jpigp/2024-11-01/jpigp_cor_2024-11-01.xsd#jpigp_cor_ContinuingOperationsBasicEarningsLossPerShareIFRS" xlink:label="jpigp_cor_ContinuingOperationsBasicEarningsLossPerShareIFRS" />
    <link:loc xlink:type="locator" xlink:href="http://disclosure.edinet-fsa.go.jp/taxonomy/jpigp/2024-11-01/jpigp_cor_2024-11-01.xsd#jpigp_cor_ContinuingOperationsDilutedEarningsLossPerShareIFRS" xlink:label="jpigp_cor_ContinuingOperationsDilutedEarningsLossPerShareIFRS" />
    <link:loc xlink:type="locator" xlink:href="http://disclosure.edinet-fsa.go.jp/taxonomy/jpigp/2024-11-01/jpigp_cor_2024-11-01.xsd#jpigp_cor_ContinuingOperationsIFRSAbstract" xlink:label="jpigp_cor_ContinuingOperationsIFRSAbstract" />
    <link:loc xlink:type="locator" xlink:href="http://disclosure.edinet-fsa.go.jp/taxonomy/jpigp/2024-11-01/jpigp_cor_2024-11-01.xsd#jpigp_cor_CostOfSalesIFRS" xlink:label="jpigp_cor_CostOfSalesIFRS" />
    <link:loc xlink:type="locator" xlink:href="http://disclosure.edinet-fsa.go.jp/taxonomy/jpigp/2024-11-01/jpigp_cor_2024-11-01.xsd#jpigp_cor_DilutedEarningsLossPerShareIFRS" xlink:label="jpigp_cor_DilutedEarningsLossPerShareIFRS" />
    <link:loc xlink:type="locator" xlink:href="http://disclosure.edinet-fsa.go.jp/taxonomy/jpigp/2024-11-01/jpigp_cor_2024-11-01.xsd#jpigp_cor_DilutedEarningsLossPerShareIFRSAbstract" xlink:label="jpigp_cor_DilutedEarningsLossPerShareIFRSAbstract" />
    <link:loc xlink:type="locator" xlink:href="http://disclosure.edinet-fsa.go.jp/taxonomy/jpigp/2024-11-01/jpigp_cor_2024-11-01.xsd#jpigp_cor_DiscontinuedOperationsBasicEarningsLossPerShareIFRS" xlink:label="jpigp_cor_DiscontinuedOperationsBasicEarningsLossPerShareIFRS" />
    <link:loc xlink:type="locator" xlink:href="http://disclosure.edinet-fsa.go.jp/taxonomy/jpigp/2024-11-01/jpigp_cor_2024-11-01.xsd#jpigp_cor_DiscontinuedOperationsDilutedEarningsLossPerShareIFRS" xlink:label="jpigp_cor_DiscontinuedOperationsDilutedEarningsLossPerShareIFRS" />
    <link:loc xlink:type="locator" xlink:href="http://disclosure.edinet-fsa.go.jp/taxonomy/jpigp/2024-11-01/jpigp_cor_2024-11-01.xsd#jpigp_cor_DiscontinuedOperationsIFRSAbstract" xlink:label="jpigp_cor_DiscontinuedOperationsIFRSAbstract" />
    <link:loc xlink:type="locator" xlink:href="http://disclosure.edinet-fsa.go.jp/taxonomy/jpigp/2024-11-01/jpigp_cor_2024-11-01.xsd#jpigp_cor_EarningsLossPerShareIFRSAbstract" xlink:label="jpigp_cor_EarningsLossPerShareIFRSAbstract" />
    <link:loc xlink:type="locator" xlink:href="http://disclosure.edinet-fsa.go.jp/taxonomy/jpigp/2024-11-01/jpigp_cor_2024-11-01.xsd#jpigp_cor_FinanceCostsIFRS" xlink:label="jpigp_cor_FinanceCostsIFRS" />
    <link:loc xlink:type="locator" xlink:href="http://disclosure.edinet-fsa.go.jp/taxonomy/jpigp/2024-11-01/jpigp_cor_2024-11-01.xsd#jpigp_cor_FinanceIncomeIFRS" xlink:label="jpigp_cor_FinanceIncomeIFRS" />
    <link:loc xlink:type="locator" xlink:href="http://disclosure.edinet-fsa.go.jp/taxonomy/jpigp/2024-11-01/jpigp_cor_2024-11-01.xsd#jpigp_cor_GrossProfitIFRS" xlink:label="jpigp_cor_GrossProfitIFRS" />
    <link:loc xlink:type="locator" xlink:href="http://disclosure.edinet-fsa.go.jp/taxonomy/jpigp/2024-11-01/jpigp_cor_2024-11-01.xsd#jpigp_cor_IncomeTaxExpenseIFRS" xlink:label="jpigp_cor_IncomeTaxExpenseIFRS" />
    <link:loc xlink:type="locator" xlink:href="http://disclosure.edinet-fsa.go.jp/taxonomy/jpigp/2024-11-01/jpigp_cor_2024-11-01.xsd#jpigp_cor_OperatingProfitLossIFRS" xlink:label="jpigp_cor_OperatingProfitLossIFRS" />
    <link:loc xlink:type="locator" xlink:href="http://disclosure.edinet-fsa.go.jp/taxonomy/jpigp/2024-11-01/jpigp_cor_2024-11-01.xsd#jpigp_cor_OtherExpensesIFRS" xlink:label="jpigp_cor_OtherExpensesIFRS" />
    <link:loc xlink:type="locator" xlink:href="http://disclosure.edinet-fsa.go.jp/taxonomy/jpigp/2024-11-01/jpigp_cor_2024-11-01.xsd#jpigp_cor_OtherIncomeIFRS" xlink:label="jpigp_cor_OtherIncomeIFRS" />
    <link:loc xlink:type="locator" xlink:href="http://disclosure.edinet-fsa.go.jp/taxonomy/jpigp/2024-11-01/jpigp_cor_2024-11-01.xsd#jpigp_cor_ProfitLossAttributableToIFRSAbstract" xlink:label="jpigp_cor_ProfitLossAttributableToIFRSAbstract" />
    <link:loc xlink:type="locator" xlink:href="http://disclosure.edinet-fsa.go.jp/taxonomy/jpigp/2024-11-01/jpigp_cor_2024-11-01.xsd#jpigp_cor_ProfitLossAttributableToOwnersOfParentIFRS" xlink:label="jpigp_cor_ProfitLossAttributableToOwnersOfParentIFRS" />
    <link:loc xlink:type="locator" xlink:href="http://disclosure.edinet-fsa.go.jp/taxonomy/jpigp/2024-11-01/jpigp_cor_2024-11-01.xsd#jpigp_cor_ProfitLossBeforeTaxIFRS" xlink:label="jpigp_cor_ProfitLossBeforeTaxIFRS" />
    <link:loc xlink:type="locator" xlink:href="http://disclosure.edinet-fsa.go.jp/taxonomy/jpigp/2024-11-01/jpigp_cor_2024-11-01.xsd#jpigp_cor_ProfitLossFromContinuingOperationsIFRS" xlink:label="jpigp_cor_ProfitLossFromContinuingOperationsIFRS" />
    <link:loc xlink:type="locator" xlink:href="http://disclosure.edinet-fsa.go.jp/taxonomy/jpigp/2024-11-01/jpigp_cor_2024-11-01.xsd#jpigp_cor_ProfitLossFromDiscontinuedOperationsIFRS" xlink:label="jpigp_cor_ProfitLossFromDiscontinuedOperationsIFRS" />
    <link:loc xlink:type="locator" xlink:href="http://disclosure.edinet-fsa.go.jp/taxonomy/jpigp/2024-11-01/jpigp_cor_2024-11-01.xsd#jpigp_cor_ProfitLossIFRS" xlink:label="jpigp_cor_ProfitLossIFRS" />
    <link:loc xlink:type="locator" xlink:href="http://disclosure.edinet-fsa.go.jp/taxonomy/jpigp/2024-11-01/jpigp_cor_2024-11-01.xsd#jpigp_cor_RevenueIFRS" xlink:label="jpigp_cor_RevenueIFRS" />
    <link:loc xlink:type="locator" xlink:href="http://disclosure.edinet-fsa.go.jp/taxonomy/jpigp/2024-11-01/jpigp_cor_2024-11-01.xsd#jpigp_cor_SellingGeneralAndAdministrativeExpensesIFRS" xlink:label="jpigp_cor_SellingGeneralAndAdministrativeExpensesIFRS" />
    <link:loc xlink:type="locator" xlink:href="http://disclosure.edinet-fsa.go.jp/taxonomy/jpigp/2024-11-01/jpigp_cor_2024-11-01.xsd#jpigp_cor_StatementOfProfitOrLossIFRSLineItems" xlink:label="jpigp_cor_StatementOfProfitOrLossIFRSLineItems" />
    <link:loc xlink:type="locator" xlink:href="http://disclosure.edinet-fsa.go.jp/taxonomy/jpigp/2024-11-01/jpigp_cor_2024-11-01.xsd#jpigp_cor_StatementOfProfitOrLossIFRSTable" xlink:label="jpigp_cor_StatementOfProfitOrLossIFRSTable" />
    <link:loc xlink:type="locator" xlink:href="http://disclosure.edinet-fsa.go.jp/taxonomy/jppfs/2024-11-01/jppfs_cor_2024-11-01.xsd#jppfs_cor_ConsolidatedMember" xlink:label="jppfs_cor_ConsolidatedMember" />
    <link:loc xlink:type="locator" xlink:href="http://disclosure.edinet-fsa.go.jp/taxonomy/jppfs/2024-11-01/jppfs_cor_2024-11-01.xsd#jppfs_cor_ConsolidatedOrNonConsolidatedAxis" xlink:label="jppfs_cor_ConsolidatedOrNonConsolidatedAxis" />
    <link:loc xlink:type="locator" xlink:href="http://www.xbrl.tdnet.info/taxonomy/jp/tse/tdnet/atigp/2025-01-31/tse-atigp-t-2025-01-31.xsd#tse-atigp-t_CondensedYearToQuarterEndConsolidatedStatementOfProfitOrLossIFRSHeading" xlink:label="tse-atigp-t_CondensedYearToQuarterEndConsolidatedStatementOfProfitOrLossIFRSHeading" />
    <link:presentationArc xlink:type="arc" xlink:from="jpigp_cor_BasicEarningsLossPerShareIFRSAbstract" xlink:to="jpigp_cor_ContinuingOperationsBasicEarningsLossPerShareIFRS" xlink:arcrole="http://www.xbrl.org/2003/arcrole/parent-child" order="1" />
    <link:presentationArc xlink:type="arc" xlink:from="jpigp_cor_BasicEarningsLossPerShareIFRSAbstract" xlink:to="jpigp_cor_DiscontinuedOperationsBasicEarningsLossPerShareIFRS" xlink:arcrole="http://www.xbrl.org/2003/arcrole/parent-child" order="2" />
    <link:presentationArc xlink:type="arc" xlink:from="jpigp_cor_BasicEarningsLossPerShareIFRSAbstract" xlink:to="jpigp_cor_BasicEarningsLossPerShareIFRS" xlink:arcrole="http://www.xbrl.org/2003/arcrole/parent-child" order="3" />
    <link:presentationArc xlink:type="arc" xlink:from="jpigp_cor_ContinuingOperationsIFRSAbstract" xlink:to="jpigp_cor_RevenueIFRS" xlink:arcrole="http://www.xbrl.org/2003/arcrole/parent-child" order="1" />
    <link:presentationArc xlink:type="arc" xlink:from="jpigp_cor_ContinuingOperationsIFRSAbstract" xlink:to="jpigp_cor_CostOfSalesIFRS" xlink:arcrole="http://www.xbrl.org/2003/arcrole/parent-child" order="2" />
    <link:presentationArc xlink:type="arc" xlink:from="jpigp_cor_ContinuingOperationsIFRSAbstract" xlink:to="jpigp_cor_GrossProfitIFRS" xlink:arcrole="http://www.xbrl.org/2003/arcrole/parent-child" order="3" />
    <link:presentationArc xlink:type="arc" xlink:from="jpigp_cor_ContinuingOperationsIFRSAbstract" xlink:to="jpigp_cor_SellingGeneralAndAdministrativeExpensesIFRS" xlink:arcrole="http://www.xbrl.org/2003/arcrole/parent-child" order="4" />
    <link:presentationArc xlink:type="arc" xlink:from="jpigp_cor_ContinuingOperationsIFRSAbstract" xlink:to="jpigp_cor_OtherIncomeIFRS" xlink:arcrole="http://www.xbrl.org/2003/arcrole/parent-child" order="5" />
    <link:presentationArc xlink:type="arc" xlink:from="jpigp_cor_ContinuingOperationsIFRSAbstract" xlink:to="jpigp_cor_OtherExpensesIFRS" xlink:arcrole="http://www.xbrl.org/2003/arcrole/parent-child" order="6" />
    <link:presentationArc xlink:type="arc" xlink:from="jpigp_cor_ContinuingOperationsIFRSAbstract" xlink:to="jpigp_cor_OperatingProfitLossIFRS" xlink:arcrole="http://www.xbrl.org/2003/arcrole/parent-child" preferredLabel="http://www.xbrl.org/2003/role/positiveLabel" order="7" />
    <link:presentationArc xlink:type="arc" xlink:from="jpigp_cor_ContinuingOperationsIFRSAbstract" xlink:to="jpigp_cor_FinanceIncomeIFRS" xlink:arcrole="http://www.xbrl.org/2003/arcrole/parent-child" order="8" />
    <link:presentationArc xlink:type="arc" xlink:from="jpigp_cor_ContinuingOperationsIFRSAbstract" xlink:to="jpigp_cor_FinanceCostsIFRS" xlink:arcrole="http://www.xbrl.org/2003/arcrole/parent-child" order="9" />
    <link:presentationArc xlink:type="arc" xlink:from="jpigp_cor_ContinuingOperationsIFRSAbstract" xlink:to="jpigp_cor_ProfitLossBeforeTaxIFRS" xlink:arcrole="http://www.xbrl.org/2003/arcrole/parent-child" preferredLabel="http://www.xbrl.tdnet.info/jp/tse/tdnet/atpfs/ConsolidatedQuarterlyTDnet/role/positiveLabel" order="10" />
    <link:presentationArc xlink:type="arc" xlink:from="jpigp_cor_ContinuingOperationsIFRSAbstract" xlink:to="jpigp_cor_IncomeTaxExpenseIFRS" xlink:arcrole="http://www.xbrl.org/2003/arcrole/parent-child" order="11" />
    <link:presentationArc xlink:type="arc" xlink:from="jpigp_cor_ContinuingOperationsIFRSAbstract" xlink:to="jpigp_cor_ProfitLossFromContinuingOperationsIFRS" xlink:arcrole="http://www.xbrl.org/2003/arcrole/parent-child" preferredLabel="http://www.xbrl.tdnet.info/jp/tse/tdnet/atpfs/ConsolidatedQuarterlyTDnet/role/positiveLabel" order="12" />
    <link:presentationArc xlink:type="arc" xlink:from="jpigp_cor_EarningsLossPerShareIFRSAbstract" xlink:to="jpigp_cor_DilutedEarningsLossPerShareIFRSAbstract" xlink:arcrole="http://www.xbrl.org/2003/arcrole/parent-child" preferredLabel="http://www.xbrl.tdnet.info/jp/tse/tdnet/atpfs/ConsolidatedQuarterlyTDnet/role/label" order="2" />
    <link:presentationArc xlink:type="arc" xlink:from="jpigp_cor_DilutedEarningsLossPerShareIFRSAbstract" xlink:to="jpigp_cor_ContinuingOperationsDilutedEarningsLossPerShareIFRS" xlink:arcrole="http://www.xbrl.org/2003/arcrole/parent-child" order="1" />
    <link:presentationArc xlink:type="arc" xlink:from="jpigp_cor_DilutedEarningsLossPerShareIFRSAbstract" xlink:to="jpigp_cor_DiscontinuedOperationsDilutedEarningsLossPerShareIFRS" xlink:arcrole="http://www.xbrl.org/2003/arcrole/parent-child" order="2" />
    <link:presentationArc xlink:type="arc" xlink:from="jpigp_cor_DilutedEarningsLossPerShareIFRSAbstract" xlink:to="jpigp_cor_DilutedEarningsLossPerShareIFRS" xlink:arcrole="http://www.xbrl.org/2003/arcrole/parent-child" order="3" />
    <link:presentationArc xlink:type="arc" xlink:from="jpigp_cor_DiscontinuedOperationsIFRSAbstract" xlink:to="jpigp_cor_ProfitLossFromDiscontinuedOperationsIFRS" xlink:arcrole="http://www.xbrl.org/2003/arcrole/parent-child" preferredLabel="http://www.xbrl.tdnet.info/jp/tse/tdnet/atpfs/ConsolidatedQuarterlyTDnet/role/label" order="1" />
    <link:presentationArc xlink:type="arc" xlink:from="jpigp_cor_EarningsLossPerShareIFRSAbstract" xlink:to="jpigp_cor_BasicEarningsLossPerShareIFRSAbstract" xlink:arcrole="http://www.xbrl.org/2003/arcrole/parent-child" preferredLabel="http://www.xbrl.tdnet.info/jp/tse/tdnet/atpfs/ConsolidatedQuarterlyTDnet/role/label" order="1" />
    <link:presentationArc xlink:type="arc" xlink:from="jpigp_cor_ProfitLossAttributableToIFRSAbstract" xlink:to="jpigp_cor_ProfitLossAttributableToOwnersOfParentIFRS" xlink:arcrole="http://www.xbrl.org/2003/arcrole/parent-child" order="1" />
    <link:presentationArc xlink:type="arc" xlink:from="jpigp_cor_ProfitLossAttributableToIFRSAbstract" xlink:to="jpigp_cor_ProfitLossIFRS" xlink:arcrole="http://www.xbrl.org/2003/arcrole/parent-child" preferredLabel="http://www.xbrl.tdnet.info/jp/tse/tdnet/atpfs/ConsolidatedQuarterlyTDnet/role/positiveLabel" order="2" />
    <link:presentationArc xlink:type="arc" xlink:from="tse-atigp-t_CondensedYearToQuarterEndConsolidatedStatementOfProfitOrLossIFRSHeading" xlink:to="jpigp_cor_StatementOfProfitOrLossIFRSLineItems" xlink:arcrole="http://www.xbrl.org/2003/arcrole/parent-child" preferredLabel="http://www.xbrl.tdnet.info/jp/tse/tdnet/atpfs/ConsolidatedQuarterlyTDnet/role/label" order="2" />
    <link:presentationArc xlink:type="arc" xlink:from="jpigp_cor_StatementOfProfitOrLossIFRSLineItems" xlink:to="jpigp_cor_ContinuingOperationsIFRSAbstract" xlink:arcrole="http://www.xbrl.org/2003/arcrole/parent-child" order="1" />
    <link:presentationArc xlink:type="arc" xlink:from="jpigp_cor_StatementOfProfitOrLossIFRSLineItems" xlink:to="jpigp_cor_DiscontinuedOperationsIFRSAbstract" xlink:arcrole="http://www.xbrl.org/2003/arcrole/parent-child" order="2" />
    <link:presentationArc xlink:type="arc" xlink:from="jpigp_cor_StatementOfProfitOrLossIFRSLineItems" xlink:to="jpigp_cor_ProfitLossIFRS" xlink:arcrole="http://www.xbrl.org/2003/arcrole/parent-child" preferredLabel="http://www.xbrl.tdnet.info/jp/tse/tdnet/atpfs/ConsolidatedQuarterlyTDnet/role/positiveLabel" order="3" />
    <link:presentationArc xlink:type="arc" xlink:from="jpigp_cor_StatementOfProfitOrLossIFRSLineItems" xlink:to="jpigp_cor_ProfitLossAttributableToIFRSAbstract" xlink:arcrole="http://www.xbrl.org/2003/arcrole/parent-child" preferredLabel="http://www.xbrl.tdnet.info/jp/tse/tdnet/atpfs/ConsolidatedQuarterlyTDnet/role/positiveLabel" order="4" />
    <link:presentationArc xlink:type="arc" xlink:from="jpigp_cor_StatementOfProfitOrLossIFRSLineItems" xlink:to="jpigp_cor_EarningsLossPerShareIFRSAbstract" xlink:arcrole="http://www.xbrl.org/2003/arcrole/parent-child" preferredLabel="http://www.xbrl.tdnet.info/jp/tse/tdnet/atpfs/ConsolidatedQuarterlyTDnet/role/positiveLabel" order="5" />
    <link:presentationArc xlink:type="arc" xlink:from="jpigp_cor_StatementOfProfitOrLossIFRSTable" xlink:to="jppfs_cor_ConsolidatedOrNonConsolidatedAxis" xlink:arcrole="http://www.xbrl.org/2003/arcrole/parent-child" order="1" />
    <link:presentationArc xlink:type="arc" xlink:from="jppfs_cor_ConsolidatedOrNonConsolidatedAxis" xlink:to="jppfs_cor_ConsolidatedMember" xlink:arcrole="http://www.xbrl.org/2003/arcrole/parent-child" order="1" />
    <link:presentationArc xlink:type="arc" xlink:from="tse-atigp-t_CondensedYearToQuarterEndConsolidatedStatementOfProfitOrLossIFRSHeading" xlink:to="jpigp_cor_StatementOfProfitOrLossIFRSTable" xlink:arcrole="http://www.xbrl.org/2003/arcrole/parent-child" preferredLabel="http://www.xbrl.tdnet.info/jp/tse/tdnet/atpfs/ConsolidatedQuarterlyTDnet/role/label" order="1" />
  </link:presentationLink>
  <link:presentationLink xlink:type="extended" xlink:role="http://www.xbrl.tdnet.info/jp/tse/tdnet/role/atigp/rol_CondensedYearToQuarterEndConsolidatedStatementOfComprehensiveIncomeTDnetIFRS">
    <link:loc xlink:type="locator" xlink:href="http://disclosure.edinet-fsa.go.jp/taxonomy/jpigp/2024-11-01/jpigp_cor_2024-11-01.xsd#jpigp_cor_ComprehensiveIncomeAttributableToIFRSAbstract" xlink:label="jpigp_cor_ComprehensiveIncomeAttributableToIFRSAbstract" />
    <link:loc xlink:type="locator" xlink:href="http://disclosure.edinet-fsa.go.jp/taxonomy/jpigp/2024-11-01/jpigp_cor_2024-11-01.xsd#jpigp_cor_ComprehensiveIncomeAttributableToOwnersOfParentIFRS" xlink:label="jpigp_cor_ComprehensiveIncomeAttributableToOwnersOfParentIFRS" />
    <link:loc xlink:type="locator" xlink:href="http://disclosure.edinet-fsa.go.jp/taxonomy/jpigp/2024-11-01/jpigp_cor_2024-11-01.xsd#jpigp_cor_ComprehensiveIncomeIFRS" xlink:label="jpigp_cor_ComprehensiveIncomeIFRS" />
    <link:loc xlink:type="locator" xlink:href="http://disclosure.edinet-fsa.go.jp/taxonomy/jpigp/2024-11-01/jpigp_cor_2024-11-01.xsd#jpigp_cor_ExchangeDifferencesOnTranslationOfForeignOperationsNetOfTaxItemsThatMayBeReclassifiedToProfitOrLossOCIIFRS" xlink:label="jpigp_cor_ExchangeDifferencesOnTranslationOfForeignOperationsNetOfTaxItemsThatMayBeReclassifiedToProfitOrLossOCIIFRS" />
    <link:loc xlink:type="locator" xlink:href="http://disclosure.edinet-fsa.go.jp/taxonomy/jpigp/2024-11-01/jpigp_cor_2024-11-01.xsd#jpigp_cor_ItemsThatMayBeReclassifiedToProfitOrLossOCIIFRSAbstract" xlink:label="jpigp_cor_ItemsThatMayBeReclassifiedToProfitOrLossOCIIFRSAbstract" />
    <link:loc xlink:type="locator" xlink:href="http://disclosure.edinet-fsa.go.jp/taxonomy/jpigp/2024-11-01/jpigp_cor_2024-11-01.xsd#jpigp_cor_ItemsThatWillNotBeReclassifiedToProfitOrLossOCIIFRSAbstract" xlink:label="jpigp_cor_ItemsThatWillNotBeReclassifiedToProfitOrLossOCIIFRSAbstract" />
    <link:loc xlink:type="locator" xlink:href="http://disclosure.edinet-fsa.go.jp/taxonomy/jpigp/2024-11-01/jpigp_cor_2024-11-01.xsd#jpigp_cor_NetChangeInFairValueOfEquityInstrumentsDesignatedAsMeasuredAtFairValueThroughOtherComprehensiveIncomeNetOfTaxItemsThatWillNotBeReclassifiedToProfitOrLossOCIIFRS" xlink:label="jpigp_cor_NetChangeInFairValueOfEquityInstrumentsDesignatedAsMeasuredAtFairValueThroughOtherComprehensiveIncomeNetOfTaxItemsThatWillNotBeReclassifiedToProfitOrLossOCIIFRS" />
    <link:loc xlink:type="locator" xlink:href="http://disclosure.edinet-fsa.go.jp/taxonomy/jpigp/2024-11-01/jpigp_cor_2024-11-01.xsd#jpigp_cor_OtherComprehensiveIncomeIFRS" xlink:label="jpigp_cor_OtherComprehensiveIncomeIFRS" />
    <link:loc xlink:type="locator" xlink:href="http://disclosure.edinet-fsa.go.jp/taxonomy/jpigp/2024-11-01/jpigp_cor_2024-11-01.xsd#jpigp_cor_OtherComprehensiveIncomeIFRSAbstract" xlink:label="jpigp_cor_OtherComprehensiveIncomeIFRSAbstract" />
    <link:loc xlink:type="locator" xlink:href="http://disclosure.edinet-fsa.go.jp/taxonomy/jpigp/2024-11-01/jpigp_cor_2024-11-01.xsd#jpigp_cor_ProfitLossIFRS" xlink:label="jpigp_cor_ProfitLossIFRS" />
    <link:loc xlink:type="locator" xlink:href="http://disclosure.edinet-fsa.go.jp/taxonomy/jpigp/2024-11-01/jpigp_cor_2024-11-01.xsd#jpigp_cor_StatementOfComprehensiveIncomeIFRSLineItems" xlink:label="jpigp_cor_StatementOfComprehensiveIncomeIFRSLineItems" />
    <link:loc xlink:type="locator" xlink:href="http://disclosure.edinet-fsa.go.jp/taxonomy/jpigp/2024-11-01/jpigp_cor_2024-11-01.xsd#jpigp_cor_StatementOfComprehensiveIncomeIFRSTable" xlink:label="jpigp_cor_StatementOfComprehensiveIncomeIFRSTable" />
    <link:loc xlink:type="locator" xlink:href="http://disclosure.edinet-fsa.go.jp/taxonomy/jppfs/2024-11-01/jppfs_cor_2024-11-01.xsd#jppfs_cor_ConsolidatedMember" xlink:label="jppfs_cor_ConsolidatedMember" />
    <link:loc xlink:type="locator" xlink:href="http://disclosure.edinet-fsa.go.jp/taxonomy/jppfs/2024-11-01/jppfs_cor_2024-11-01.xsd#jppfs_cor_ConsolidatedOrNonConsolidatedAxis" xlink:label="jppfs_cor_ConsolidatedOrNonConsolidatedAxis" />
    <link:loc xlink:type="locator" xlink:href="http://www.xbrl.tdnet.info/taxonomy/jp/tse/tdnet/atigp/2025-01-31/tse-atigp-t-2025-01-31.xsd#tse-atigp-t_CondensedYearToQuarterEndConsolidatedStatementOfComprehensiveIncomeIFRSHeading" xlink:label="tse-atigp-t_CondensedYearToQuarterEndConsolidatedStatementOfComprehensiveIncomeIFRSHeading" />
    <link:presentationArc xlink:type="arc" xlink:from="jpigp_cor_ComprehensiveIncomeAttributableToIFRSAbstract" xlink:to="jpigp_cor_ComprehensiveIncomeAttributableToOwnersOfParentIFRS" xlink:arcrole="http://www.xbrl.org/2003/arcrole/parent-child" order="1" />
    <link:presentationArc xlink:type="arc" xlink:from="jpigp_cor_ComprehensiveIncomeAttributableToIFRSAbstract" xlink:to="jpigp_cor_ComprehensiveIncomeIFRS" xlink:arcrole="http://www.xbrl.org/2003/arcrole/parent-child" preferredLabel="http://www.xbrl.tdnet.info/jp/tse/tdnet/atpfs/ConsolidatedQuarterlyTDnet/role/label" order="2" />
    <link:presentationArc xlink:type="arc" xlink:from="jpigp_cor_ItemsThatMayBeReclassifiedToProfitOrLossOCIIFRSAbstract" xlink:to="jpigp_cor_ExchangeDifferencesOnTranslationOfForeignOperationsNetOfTaxItemsThatMayBeReclassifiedToProfitOrLossOCIIFRS" xlink:arcrole="http://www.xbrl.org/2003/arcrole/parent-child" preferredLabel="http://disclosure.edinet-fsa.go.jp/jpcrp/std/alt/role/label" order="1" />
    <link:presentationArc xlink:type="arc" xlink:from="jpigp_cor_OtherComprehensiveIncomeIFRSAbstract" xlink:to="jpigp_cor_ItemsThatWillNotBeReclassifiedToProfitOrLossOCIIFRSAbstract" xlink:arcrole="http://www.xbrl.org/2003/arcrole/parent-child" order="1" />
    <link:presentationArc xlink:type="arc" xlink:from="jpigp_cor_ItemsThatWillNotBeReclassifiedToProfitOrLossOCIIFRSAbstract" xlink:to="jpigp_cor_NetChangeInFairValueOfEquityInstrumentsDesignatedAsMeasuredAtFairValueThroughOtherComprehensiveIncomeNetOfTaxItemsThatWillNotBeReclassifiedToProfitOrLossOCIIFRS" xlink:arcrole="http://www.xbrl.org/2003/arcrole/parent-child" preferredLabel="http://disclosure.edinet-fsa.go.jp/jpcrp/std/alt/role/label" order="1" />
    <link:presentationArc xlink:type="arc" xlink:from="jpigp_cor_StatementOfComprehensiveIncomeIFRSLineItems" xlink:to="jpigp_cor_OtherComprehensiveIncomeIFRSAbstract" xlink:arcrole="http://www.xbrl.org/2003/arcrole/parent-child" order="2" />
    <link:presentationArc xlink:type="arc" xlink:from="jpigp_cor_OtherComprehensiveIncomeIFRSAbstract" xlink:to="jpigp_cor_ItemsThatMayBeReclassifiedToProfitOrLossOCIIFRSAbstract" xlink:arcrole="http://www.xbrl.org/2003/arcrole/parent-child" order="2" />
    <link:presentationArc xlink:type="arc" xlink:from="jpigp_cor_OtherComprehensiveIncomeIFRSAbstract" xlink:to="jpigp_cor_OtherComprehensiveIncomeIFRS" xlink:arcrole="http://www.xbrl.org/2003/arcrole/parent-child" preferredLabel="http://www.xbrl.org/2003/role/totalLabel" order="3" />
    <link:presentationArc xlink:type="arc" xlink:from="jpigp_cor_StatementOfComprehensiveIncomeIFRSLineItems" xlink:to="jpigp_cor_ProfitLossIFRS" xlink:arcrole="http://www.xbrl.org/2003/arcrole/parent-child" preferredLabel="http://www.xbrl.tdnet.info/jp/tse/tdnet/atpfs/ConsolidatedQuarterlyTDnet/role/positiveLabel" order="1" />
    <link:presentationArc xlink:type="arc" xlink:from="jpigp_cor_StatementOfComprehensiveIncomeIFRSLineItems" xlink:to="jpigp_cor_ComprehensiveIncomeIFRS" xlink:arcrole="http://www.xbrl.org/2003/arcrole/parent-child" preferredLabel="http://www.xbrl.tdnet.info/jp/tse/tdnet/atpfs/ConsolidatedQuarterlyTDnet/role/label" order="3" />
    <link:presentationArc xlink:type="arc" xlink:from="jpigp_cor_StatementOfComprehensiveIncomeIFRSLineItems" xlink:to="jpigp_cor_ComprehensiveIncomeAttributableToIFRSAbstract" xlink:arcrole="http://www.xbrl.org/2003/arcrole/parent-child" preferredLabel="http://www.xbrl.tdnet.info/jp/tse/tdnet/atpfs/ConsolidatedQuarterlyTDnet/role/label" order="4" />
    <link:presentationArc xlink:type="arc" xlink:from="jpigp_cor_StatementOfComprehensiveIncomeIFRSTable" xlink:to="jppfs_cor_ConsolidatedOrNonConsolidatedAxis" xlink:arcrole="http://www.xbrl.org/2003/arcrole/parent-child" order="1" />
    <link:presentationArc xlink:type="arc" xlink:from="jppfs_cor_ConsolidatedOrNonConsolidatedAxis" xlink:to="jppfs_cor_ConsolidatedMember" xlink:arcrole="http://www.xbrl.org/2003/arcrole/parent-child" order="1" />
    <link:presentationArc xlink:type="arc" xlink:from="tse-atigp-t_CondensedYearToQuarterEndConsolidatedStatementOfComprehensiveIncomeIFRSHeading" xlink:to="jpigp_cor_StatementOfComprehensiveIncomeIFRSTable" xlink:arcrole="http://www.xbrl.org/2003/arcrole/parent-child" preferredLabel="http://www.xbrl.tdnet.info/jp/tse/tdnet/atpfs/ConsolidatedQuarterlyTDnet/role/label" order="1" />
    <link:presentationArc xlink:type="arc" xlink:from="tse-atigp-t_CondensedYearToQuarterEndConsolidatedStatementOfComprehensiveIncomeIFRSHeading" xlink:to="jpigp_cor_StatementOfComprehensiveIncomeIFRSLineItems" xlink:arcrole="http://www.xbrl.org/2003/arcrole/parent-child" preferredLabel="http://www.xbrl.tdnet.info/jp/tse/tdnet/atpfs/ConsolidatedQuarterlyTDnet/role/label" order="2" />
  </link:presentationLink>
  <link:presentationLink xlink:type="extended" xlink:role="http://www.xbrl.tdnet.info/jp/tse/tdnet/role/atigp/rol_CondensedQuarterlyConsolidatedStatementOfChangesInEquityTDnetIFRS">
    <link:loc xlink:type="locator" xlink:href="http://disclosure.edinet-fsa.go.jp/taxonomy/jpigp/2024-11-01/jpigp_cor_2024-11-01.xsd#jpigp_cor_CapitalSurplusIFRSMember" xlink:label="jpigp_cor_CapitalSurplusIFRSMember" />
    <link:loc xlink:type="locator" xlink:href="http://disclosure.edinet-fsa.go.jp/taxonomy/jpigp/2024-11-01/jpigp_cor_2024-11-01.xsd#jpigp_cor_ComponentsOfEquityIFRSAxis" xlink:label="jpigp_cor_ComponentsOfEquityIFRSAxis" />
    <link:loc xlink:type="locator" xlink:href="http://disclosure.edinet-fsa.go.jp/taxonomy/jpigp/2024-11-01/jpigp_cor_2024-11-01.xsd#jpigp_cor_ComprehensiveIncomeIFRS" xlink:label="jpigp_cor_ComprehensiveIncomeIFRS" />
    <link:loc xlink:type="locator" xlink:href="http://disclosure.edinet-fsa.go.jp/taxonomy/jpigp/2024-11-01/jpigp_cor_2024-11-01.xsd#jpigp_cor_ComprehensiveIncomeIFRSAbstract" xlink:label="jpigp_cor_ComprehensiveIncomeIFRSAbstract" />
    <link:loc xlink:type="locator" xlink:href="http://disclosure.edinet-fsa.go.jp/taxonomy/jpigp/2024-11-01/jpigp_cor_2024-11-01.xsd#jpigp_cor_DividendsSSIFRS" xlink:label="jpigp_cor_DividendsSSIFRS" />
    <link:loc xlink:type="locator" xlink:href="http://disclosure.edinet-fsa.go.jp/taxonomy/jpigp/2024-11-01/jpigp_cor_2024-11-01.xsd#jpigp_cor_EquityAttributableToOwnersOfParentIFRSMember" xlink:label="jpigp_cor_EquityAttributableToOwnersOfParentIFRSMember" />
    <link:loc xlink:type="locator" xlink:href="http://disclosure.edinet-fsa.go.jp/taxonomy/jpigp/2024-11-01/jpigp_cor_2024-11-01.xsd#jpigp_cor_EquityIFRS" xlink:label="jpigp_cor_EquityIFRS" />
    <link:loc xlink:type="locator" xlink:href="http://disclosure.edinet-fsa.go.jp/taxonomy/jpigp/2024-11-01/jpigp_cor_2024-11-01.xsd#jpigp_cor_EquityIFRS" xlink:label="jpigp_cor_EquityIFRS_2" />
    <link:loc xlink:type="locator" xlink:href="http://disclosure.edinet-fsa.go.jp/taxonomy/jpigp/2024-11-01/jpigp_cor_2024-11-01.xsd#jpigp_cor_EquityIFRSMember" xlink:label="jpigp_cor_EquityIFRSMember" />
    <link:loc xlink:type="locator" xlink:href="http://disclosure.edinet-fsa.go.jp/taxonomy/jpigp/2024-11-01/jpigp_cor_2024-11-01.xsd#jpigp_cor_IssuanceOfNewSharesSSIFRS" xlink:label="jpigp_cor_IssuanceOfNewSharesSSIFRS" />
    <link:loc xlink:type="locator" xlink:href="http://disclosure.edinet-fsa.go.jp/taxonomy/jpigp/2024-11-01/jpigp_cor_2024-11-01.xsd#jpigp_cor_OtherComponentsOfEquityIFRSMember" xlink:label="jpigp_cor_OtherComponentsOfEquityIFRSMember" />
    <link:loc xlink:type="locator" xlink:href="http://disclosure.edinet-fsa.go.jp/taxonomy/jpigp/2024-11-01/jpigp_cor_2024-11-01.xsd#jpigp_cor_OtherComprehensiveIncomeIFRS" xlink:label="jpigp_cor_OtherComprehensiveIncomeIFRS" />
    <link:loc xlink:type="locator" xlink:href="http://disclosure.edinet-fsa.go.jp/taxonomy/jpigp/2024-11-01/jpigp_cor_2024-11-01.xsd#jpigp_cor_OtherSSIFRS" xlink:label="jpigp_cor_OtherSSIFRS" />
    <link:loc xlink:type="locator" xlink:href="http://disclosure.edinet-fsa.go.jp/taxonomy/jpigp/2024-11-01/jpigp_cor_2024-11-01.xsd#jpigp_cor_ProfitLossIFRS" xlink:label="jpigp_cor_ProfitLossIFRS" />
    <link:loc xlink:type="locator" xlink:href="http://disclosure.edinet-fsa.go.jp/taxonomy/jpigp/2024-11-01/jpigp_cor_2024-11-01.xsd#jpigp_cor_PurchaseAndDisposalOfTreasurySharesSSIFRS" xlink:label="jpigp_cor_PurchaseAndDisposalOfTreasurySharesSSIFRS" />
    <link:loc xlink:type="locator" xlink:href="http://disclosure.edinet-fsa.go.jp/taxonomy/jpigp/2024-11-01/jpigp_cor_2024-11-01.xsd#jpigp_cor_RetainedEarningsIFRSMember" xlink:label="jpigp_cor_RetainedEarningsIFRSMember" />
    <link:loc xlink:type="locator" xlink:href="http://disclosure.edinet-fsa.go.jp/taxonomy/jpigp/2024-11-01/jpigp_cor_2024-11-01.xsd#jpigp_cor_ShareBasedPaymentTransactionsSSIFRS" xlink:label="jpigp_cor_ShareBasedPaymentTransactionsSSIFRS" />
    <link:loc xlink:type="locator" xlink:href="http://disclosure.edinet-fsa.go.jp/taxonomy/jpigp/2024-11-01/jpigp_cor_2024-11-01.xsd#jpigp_cor_ShareCapitalIFRSMember" xlink:label="jpigp_cor_ShareCapitalIFRSMember" />
    <link:loc xlink:type="locator" xlink:href="http://disclosure.edinet-fsa.go.jp/taxonomy/jpigp/2024-11-01/jpigp_cor_2024-11-01.xsd#jpigp_cor_StatementOfChangesInEquityIFRSLineItems" xlink:label="jpigp_cor_StatementOfChangesInEquityIFRSLineItems" />
    <link:loc xlink:type="locator" xlink:href="http://disclosure.edinet-fsa.go.jp/taxonomy/jpigp/2024-11-01/jpigp_cor_2024-11-01.xsd#jpigp_cor_StatementOfChangesInEquityIFRSTable" xlink:label="jpigp_cor_StatementOfChangesInEquityIFRSTable" />
    <link:loc xlink:type="locator" xlink:href="http://disclosure.edinet-fsa.go.jp/taxonomy/jpigp/2024-11-01/jpigp_cor_2024-11-01.xsd#jpigp_cor_TotalTransactionsWithOwnersIFRS" xlink:label="jpigp_cor_TotalTransactionsWithOwnersIFRS" />
    <link:loc xlink:type="locator" xlink:href="http://disclosure.edinet-fsa.go.jp/taxonomy/jpigp/2024-11-01/jpigp_cor_2024-11-01.xsd#jpigp_cor_TransactionsWithOwnersIFRSAbstract" xlink:label="jpigp_cor_TransactionsWithOwnersIFRSAbstract" />
    <link:loc xlink:type="locator" xlink:href="http://disclosure.edinet-fsa.go.jp/taxonomy/jpigp/2024-11-01/jpigp_cor_2024-11-01.xsd#jpigp_cor_TransferFromOtherComponentsOfEquityToRetainedEarningsSSIFRS" xlink:label="jpigp_cor_TransferFromOtherComponentsOfEquityToRetainedEarningsSSIFRS" />
    <link:loc xlink:type="locator" xlink:href="http://disclosure.edinet-fsa.go.jp/taxonomy/jpigp/2024-11-01/jpigp_cor_2024-11-01.xsd#jpigp_cor_TreasurySharesIFRSMember" xlink:label="jpigp_cor_TreasurySharesIFRSMember" />
    <link:loc xlink:type="locator" xlink:href="http://disclosure.edinet-fsa.go.jp/taxonomy/jppfs/2024-11-01/jppfs_cor_2024-11-01.xsd#jppfs_cor_ConsolidatedMember" xlink:label="jppfs_cor_ConsolidatedMember" />
    <link:loc xlink:type="locator" xlink:href="http://disclosure.edinet-fsa.go.jp/taxonomy/jppfs/2024-11-01/jppfs_cor_2024-11-01.xsd#jppfs_cor_ConsolidatedOrNonConsolidatedAxis" xlink:label="jppfs_cor_ConsolidatedOrNonConsolidatedAxis" />
    <link:loc xlink:type="locator" xlink:href="http://www.xbrl.tdnet.info/taxonomy/jp/tse/tdnet/atigp/2025-01-31/tse-atigp-t-2025-01-31.xsd#tse-atigp-t_CondensedQuarterlyConsolidatedStatementOfChangesInEquityIFRSHeading" xlink:label="tse-atigp-t_CondensedQuarterlyConsolidatedStatementOfChangesInEquityIFRSHeading" />
    <link:loc xlink:type="locator" xlink:href="tse-qcediffr-73660-2025-12-31-01-2026-01-26.xsd#tse-qcediffr-73660_CapitalReductionIFRS" xlink:label="tse-qcediffr-73660_CapitalReductionIFRS" />
    <link:presentationArc xlink:type="arc" xlink:from="jpigp_cor_ComponentsOfEquityIFRSAxis" xlink:to="jpigp_cor_EquityIFRSMember" xlink:arcrole="http://www.xbrl.org/2003/arcrole/parent-child" preferredLabel="http://disclosure.edinet-fsa.go.jp/jpcrp/std/alt/role/totalLabel" order="1" />
    <link:presentationArc xlink:type="arc" xlink:from="jpigp_cor_ComprehensiveIncomeIFRSAbstract" xlink:to="jpigp_cor_ProfitLossIFRS" xlink:arcrole="http://www.xbrl.org/2003/arcrole/parent-child" preferredLabel="http://www.xbrl.tdnet.info/jp/tse/tdnet/atpfs/ConsolidatedQuarterlyTDnet/role/positiveLabel" order="1" />
    <link:presentationArc xlink:type="arc" xlink:from="jpigp_cor_ComprehensiveIncomeIFRSAbstract" xlink:to="jpigp_cor_OtherComprehensiveIncomeIFRS" xlink:arcrole="http://www.xbrl.org/2003/arcrole/parent-child" order="2" />
    <link:presentationArc xlink:type="arc" xlink:from="jpigp_cor_ComprehensiveIncomeIFRSAbstract" xlink:to="jpigp_cor_ComprehensiveIncomeIFRS" xlink:arcrole="http://www.xbrl.org/2003/arcrole/parent-child" preferredLabel="http://www.xbrl.tdnet.info/jp/tse/tdnet/atpfs/ConsolidatedQuarterlyTDnet/role/label" order="3" />
    <link:presentationArc xlink:type="arc" xlink:from="jpigp_cor_EquityIFRSMember" xlink:to="jpigp_cor_EquityAttributableToOwnersOfParentIFRSMember" xlink:arcrole="http://www.xbrl.org/2003/arcrole/parent-child" preferredLabel="http://www.xbrl.org/2003/role/totalLabel" order="1" />
    <link:presentationArc xlink:type="arc" xlink:from="jpigp_cor_EquityAttributableToOwnersOfParentIFRSMember" xlink:to="jpigp_cor_ShareCapitalIFRSMember" xlink:arcrole="http://www.xbrl.org/2003/arcrole/parent-child" order="1" />
    <link:presentationArc xlink:type="arc" xlink:from="jpigp_cor_EquityAttributableToOwnersOfParentIFRSMember" xlink:to="jpigp_cor_CapitalSurplusIFRSMember" xlink:arcrole="http://www.xbrl.org/2003/arcrole/parent-child" order="2" />
    <link:presentationArc xlink:type="arc" xlink:from="jpigp_cor_EquityAttributableToOwnersOfParentIFRSMember" xlink:to="jpigp_cor_RetainedEarningsIFRSMember" xlink:arcrole="http://www.xbrl.org/2003/arcrole/parent-child" order="3" />
    <link:presentationArc xlink:type="arc" xlink:from="jpigp_cor_EquityAttributableToOwnersOfParentIFRSMember" xlink:to="jpigp_cor_TreasurySharesIFRSMember" xlink:arcrole="http://www.xbrl.org/2003/arcrole/parent-child" order="4" />
    <link:presentationArc xlink:type="arc" xlink:from="jpigp_cor_EquityAttributableToOwnersOfParentIFRSMember" xlink:to="jpigp_cor_OtherComponentsOfEquityIFRSMember" xlink:arcrole="http://www.xbrl.org/2003/arcrole/parent-child" order="5" />
    <link:presentationArc xlink:type="arc" xlink:from="tse-atigp-t_CondensedQuarterlyConsolidatedStatementOfChangesInEquityIFRSHeading" xlink:to="jpigp_cor_StatementOfChangesInEquityIFRSLineItems" xlink:arcrole="http://www.xbrl.org/2003/arcrole/parent-child" preferredLabel="http://www.xbrl.tdnet.info/jp/tse/tdnet/atpfs/ConsolidatedQuarterlyTDnet/role/label" order="2" />
    <link:presentationArc xlink:type="arc" xlink:from="jpigp_cor_StatementOfChangesInEquityIFRSLineItems" xlink:to="jpigp_cor_EquityIFRS_2" xlink:arcrole="http://www.xbrl.org/2003/arcrole/parent-child" preferredLabel="http://www.xbrl.org/2003/role/periodStartLabel" order="1" />
    <link:presentationArc xlink:type="arc" xlink:from="jpigp_cor_StatementOfChangesInEquityIFRSLineItems" xlink:to="jpigp_cor_ComprehensiveIncomeIFRSAbstract" xlink:arcrole="http://www.xbrl.org/2003/arcrole/parent-child" preferredLabel="http://www.xbrl.tdnet.info/jp/tse/tdnet/atpfs/ConsolidatedQuarterlyTDnet/role/label" order="2" />
    <link:presentationArc xlink:type="arc" xlink:from="jpigp_cor_StatementOfChangesInEquityIFRSLineItems" xlink:to="jpigp_cor_TransactionsWithOwnersIFRSAbstract" xlink:arcrole="http://www.xbrl.org/2003/arcrole/parent-child" preferredLabel="http://disclosure.edinet-fsa.go.jp/jpcrp/alt/role/label" order="3" />
    <link:presentationArc xlink:type="arc" xlink:from="jpigp_cor_StatementOfChangesInEquityIFRSLineItems" xlink:to="jpigp_cor_EquityIFRS" xlink:arcrole="http://www.xbrl.org/2003/arcrole/parent-child" preferredLabel="http://www.xbrl.tdnet.info/jp/tse/tdnet/atpfs/ConsolidatedQuarterlyTDnet/role/periodEndLabel" order="4" />
    <link:presentationArc xlink:type="arc" xlink:from="jpigp_cor_StatementOfChangesInEquityIFRSTable" xlink:to="jppfs_cor_ConsolidatedOrNonConsolidatedAxis" xlink:arcrole="http://www.xbrl.org/2003/arcrole/parent-child" order="1" />
    <link:presentationArc xlink:type="arc" xlink:from="jpigp_cor_StatementOfChangesInEquityIFRSTable" xlink:to="jpigp_cor_ComponentsOfEquityIFRSAxis" xlink:arcrole="http://www.xbrl.org/2003/arcrole/parent-child" order="2" />
    <link:presentationArc xlink:type="arc" xlink:from="jpigp_cor_TransactionsWithOwnersIFRSAbstract" xlink:to="tse-qcediffr-73660_CapitalReductionIFRS" xlink:arcrole="http://www.xbrl.org/2003/arcrole/parent-child" order="1" />
    <link:presentationArc xlink:type="arc" xlink:from="jpigp_cor_TransactionsWithOwnersIFRSAbstract" xlink:to="jpigp_cor_DividendsSSIFRS" xlink:arcrole="http://www.xbrl.org/2003/arcrole/parent-child" preferredLabel="http://disclosure.edinet-fsa.go.jp/jpcrp/std/alt/role/label" order="2" />
    <link:presentationArc xlink:type="arc" xlink:from="jpigp_cor_TransactionsWithOwnersIFRSAbstract" xlink:to="jpigp_cor_PurchaseAndDisposalOfTreasurySharesSSIFRS" xlink:arcrole="http://www.xbrl.org/2003/arcrole/parent-child" order="3" />
    <link:presentationArc xlink:type="arc" xlink:from="jpigp_cor_TransactionsWithOwnersIFRSAbstract" xlink:to="jpigp_cor_IssuanceOfNewSharesSSIFRS" xlink:arcrole="http://www.xbrl.org/2003/arcrole/parent-child" order="4" />
    <link:presentationArc xlink:type="arc" xlink:from="jpigp_cor_TransactionsWithOwnersIFRSAbstract" xlink:to="jpigp_cor_TransferFromOtherComponentsOfEquityToRetainedEarningsSSIFRS" xlink:arcrole="http://www.xbrl.org/2003/arcrole/parent-child" order="5" />
    <link:presentationArc xlink:type="arc" xlink:from="jpigp_cor_TransactionsWithOwnersIFRSAbstract" xlink:to="jpigp_cor_ShareBasedPaymentTransactionsSSIFRS" xlink:arcrole="http://www.xbrl.org/2003/arcrole/parent-child" order="6" />
    <link:presentationArc xlink:type="arc" xlink:from="jpigp_cor_TransactionsWithOwnersIFRSAbstract" xlink:to="jpigp_cor_OtherSSIFRS" xlink:arcrole="http://www.xbrl.org/2003/arcrole/parent-child" order="7" />
    <link:presentationArc xlink:type="arc" xlink:from="jpigp_cor_TransactionsWithOwnersIFRSAbstract" xlink:to="jpigp_cor_TotalTransactionsWithOwnersIFRS" xlink:arcrole="http://www.xbrl.org/2003/arcrole/parent-child" preferredLabel="http://www.xbrl.org/2003/role/totalLabel" order="8" />
    <link:presentationArc xlink:type="arc" xlink:from="jppfs_cor_ConsolidatedOrNonConsolidatedAxis" xlink:to="jppfs_cor_ConsolidatedMember" xlink:arcrole="http://www.xbrl.org/2003/arcrole/parent-child" order="1" />
    <link:presentationArc xlink:type="arc" xlink:from="tse-atigp-t_CondensedQuarterlyConsolidatedStatementOfChangesInEquityIFRSHeading" xlink:to="jpigp_cor_StatementOfChangesInEquityIFRSTable" xlink:arcrole="http://www.xbrl.org/2003/arcrole/parent-child" preferredLabel="http://www.xbrl.tdnet.info/jp/tse/tdnet/atpfs/ConsolidatedQuarterlyTDnet/role/label" order="1" />
  </link:presentationLink>
  <link:presentationLink xlink:type="extended" xlink:role="http://www.xbrl.tdnet.info/jp/tse/tdnet/role/atigp/rol_NotesSegmentInformationCondensedQuarterlyConsolidatedFinancialStatementsTDnetIFRS-02">
    <link:loc xlink:type="locator" xlink:href="http://disclosure.edinet-fsa.go.jp/taxonomy/jpcrp/2024-11-01/jpcrp_cor_2024-11-01.xsd#jpcrp_cor_EntityTotalMember" xlink:label="jpcrp_cor_EntityTotalMember" />
    <link:loc xlink:type="locator" xlink:href="http://disclosure.edinet-fsa.go.jp/taxonomy/jpcrp/2024-11-01/jpcrp_cor_2024-11-01.xsd#jpcrp_cor_OperatingSegmentsAxis" xlink:label="jpcrp_cor_OperatingSegmentsAxis" />
    <link:loc xlink:type="locator" xlink:href="http://disclosure.edinet-fsa.go.jp/taxonomy/jpcrp/2024-11-01/jpcrp_cor_2024-11-01.xsd#jpcrp_cor_OperatingSegmentsNotIncludedInReportableSegmentsAndOtherRevenueGeneratingBusinessActivitiesMember" xlink:label="jpcrp_cor_OperatingSegmentsNotIncludedInReportableSegmentsAndOtherRevenueGeneratingBusinessActivitiesMember" />
    <link:loc xlink:type="locator" xlink:href="http://disclosure.edinet-fsa.go.jp/taxonomy/jpcrp/2024-11-01/jpcrp_cor_2024-11-01.xsd#jpcrp_cor_ReconcilingItemsMember" xlink:label="jpcrp_cor_ReconcilingItemsMember" />
    <link:loc xlink:type="locator" xlink:href="http://disclosure.edinet-fsa.go.jp/taxonomy/jpcrp/2024-11-01/jpcrp_cor_2024-11-01.xsd#jpcrp_cor_ReportableSegmentsMember" xlink:label="jpcrp_cor_ReportableSegmentsMember" />
    <link:loc xlink:type="locator" xlink:href="http://disclosure.edinet-fsa.go.jp/taxonomy/jpcrp/2024-11-01/jpcrp_cor_2024-11-01.xsd#jpcrp_cor_TotalOfReportableSegmentsAndOthersMember" xlink:label="jpcrp_cor_TotalOfReportableSegmentsAndOthersMember" />
    <link:loc xlink:type="locator" xlink:href="http://disclosure.edinet-fsa.go.jp/taxonomy/jpigp/2024-11-01/jpigp_cor_2024-11-01.xsd#jpigp_cor_FinanceCostsIFRS" xlink:label="jpigp_cor_FinanceCostsIFRS" />
    <link:loc xlink:type="locator" xlink:href="http://disclosure.edinet-fsa.go.jp/taxonomy/jpigp/2024-11-01/jpigp_cor_2024-11-01.xsd#jpigp_cor_FinanceIncomeIFRS" xlink:label="jpigp_cor_FinanceIncomeIFRS" />
    <link:loc xlink:type="locator" xlink:href="http://disclosure.edinet-fsa.go.jp/taxonomy/jpigp/2024-11-01/jpigp_cor_2024-11-01.xsd#jpigp_cor_IntersegmentRevenueIFRS" xlink:label="jpigp_cor_IntersegmentRevenueIFRS" />
    <link:loc xlink:type="locator" xlink:href="http://disclosure.edinet-fsa.go.jp/taxonomy/jpigp/2024-11-01/jpigp_cor_2024-11-01.xsd#jpigp_cor_OperatingProfitLossIFRS" xlink:label="jpigp_cor_OperatingProfitLossIFRS" />
    <link:loc xlink:type="locator" xlink:href="http://disclosure.edinet-fsa.go.jp/taxonomy/jpigp/2024-11-01/jpigp_cor_2024-11-01.xsd#jpigp_cor_ProfitLossBeforeTaxIFRS" xlink:label="jpigp_cor_ProfitLossBeforeTaxIFRS" />
    <link:loc xlink:type="locator" xlink:href="http://disclosure.edinet-fsa.go.jp/taxonomy/jpigp/2024-11-01/jpigp_cor_2024-11-01.xsd#jpigp_cor_RevenueFromExternalCustomersIFRS" xlink:label="jpigp_cor_RevenueFromExternalCustomersIFRS" />
    <link:loc xlink:type="locator" xlink:href="http://disclosure.edinet-fsa.go.jp/taxonomy/jpigp/2024-11-01/jpigp_cor_2024-11-01.xsd#jpigp_cor_RevenueIFRS" xlink:label="jpigp_cor_RevenueIFRS" />
    <link:loc xlink:type="locator" xlink:href="http://disclosure.edinet-fsa.go.jp/taxonomy/jpigp/2024-11-01/jpigp_cor_2024-11-01.xsd#jpigp_cor_RevenueIFRSAbstract" xlink:label="jpigp_cor_RevenueIFRSAbstract" />
    <link:loc xlink:type="locator" xlink:href="http://disclosure.edinet-fsa.go.jp/taxonomy/jpigp/2024-11-01/jpigp_cor_2024-11-01.xsd#jpigp_cor_SegmentInformationIFRSLineItems" xlink:label="jpigp_cor_SegmentInformationIFRSLineItems" />
    <link:loc xlink:type="locator" xlink:href="http://disclosure.edinet-fsa.go.jp/taxonomy/jpigp/2024-11-01/jpigp_cor_2024-11-01.xsd#jpigp_cor_SegmentInformationIFRSTable" xlink:label="jpigp_cor_SegmentInformationIFRSTable" />
    <link:loc xlink:type="locator" xlink:href="http://disclosure.edinet-fsa.go.jp/taxonomy/jppfs/2024-11-01/jppfs_cor_2024-11-01.xsd#jppfs_cor_ConsolidatedMember" xlink:label="jppfs_cor_ConsolidatedMember" />
    <link:loc xlink:type="locator" xlink:href="http://disclosure.edinet-fsa.go.jp/taxonomy/jppfs/2024-11-01/jppfs_cor_2024-11-01.xsd#jppfs_cor_ConsolidatedOrNonConsolidatedAxis" xlink:label="jppfs_cor_ConsolidatedOrNonConsolidatedAxis" />
    <link:loc xlink:type="locator" xlink:href="http://www.xbrl.tdnet.info/taxonomy/jp/tse/tdnet/atigp/2025-01-31/tse-atigp-t-2025-01-31.xsd#tse-atigp-t_NotesSegmentInformationCondensedQuarterlyConsolidatedFinancialStatementsIFRSHeading" xlink:label="tse-atigp-t_NotesSegmentInformationCondensedQuarterlyConsolidatedFinancialStatementsIFRSHeading" />
    <link:loc xlink:type="locator" xlink:href="tse-qcediffr-73660-2025-12-31-01-2026-01-26.xsd#tse-qcediffr-73660_JuniorServiceReportableSegmentMember" xlink:label="tse-qcediffr-73660_JuniorServiceReportableSegmentMember" />
    <link:loc xlink:type="locator" xlink:href="tse-qcediffr-73660-2025-12-31-01-2026-01-26.xsd#tse-qcediffr-73660_OverseasBusinessReportableSegmentMember" xlink:label="tse-qcediffr-73660_OverseasBusinessReportableSegmentMember" />
    <link:loc xlink:type="locator" xlink:href="tse-qcediffr-73660-2025-12-31-01-2026-01-26.xsd#tse-qcediffr-73660_PlatformBusinessReportableSegmentMember" xlink:label="tse-qcediffr-73660_PlatformBusinessReportableSegmentMember" />
    <link:loc xlink:type="locator" xlink:href="tse-qcediffr-73660-2025-12-31-01-2026-01-26.xsd#tse-qcediffr-73660_WorksServiceReportableSegmentMember" xlink:label="tse-qcediffr-73660_WorksServiceReportableSegmentMember" />
    <link:presentationArc xlink:type="arc" xlink:from="jpcrp_cor_OperatingSegmentsAxis" xlink:to="jpcrp_cor_EntityTotalMember" xlink:arcrole="http://www.xbrl.org/2003/arcrole/parent-child" preferredLabel="http://disclosure.edinet-fsa.go.jp/jpcrp/std/alt/Consolidated/role/label" order="1" />
    <link:presentationArc xlink:type="arc" xlink:from="jpcrp_cor_EntityTotalMember" xlink:to="jpcrp_cor_TotalOfReportableSegmentsAndOthersMember" xlink:arcrole="http://www.xbrl.org/2003/arcrole/parent-child" preferredLabel="http://www.xbrl.org/2003/role/totalLabel" order="1" />
    <link:presentationArc xlink:type="arc" xlink:from="jpcrp_cor_EntityTotalMember" xlink:to="jpcrp_cor_ReconcilingItemsMember" xlink:arcrole="http://www.xbrl.org/2003/arcrole/parent-child" preferredLabel="http://disclosure.edinet-fsa.go.jp/jpcrp/std/alt/role/label" order="2" />
    <link:presentationArc xlink:type="arc" xlink:from="jpcrp_cor_TotalOfReportableSegmentsAndOthersMember" xlink:to="jpcrp_cor_ReportableSegmentsMember" xlink:arcrole="http://www.xbrl.org/2003/arcrole/parent-child" preferredLabel="http://www.xbrl.org/2003/role/totalLabel" order="1" />
    <link:presentationArc xlink:type="arc" xlink:from="jpcrp_cor_ReportableSegmentsMember" xlink:to="tse-qcediffr-73660_WorksServiceReportableSegmentMember" xlink:arcrole="http://www.xbrl.org/2003/arcrole/parent-child" order="1" />
    <link:presentationArc xlink:type="arc" xlink:from="jpcrp_cor_ReportableSegmentsMember" xlink:to="tse-qcediffr-73660_JuniorServiceReportableSegmentMember" xlink:arcrole="http://www.xbrl.org/2003/arcrole/parent-child" order="2" />
    <link:presentationArc xlink:type="arc" xlink:from="jpcrp_cor_ReportableSegmentsMember" xlink:to="tse-qcediffr-73660_PlatformBusinessReportableSegmentMember" xlink:arcrole="http://www.xbrl.org/2003/arcrole/parent-child" order="3" />
    <link:presentationArc xlink:type="arc" xlink:from="jpcrp_cor_ReportableSegmentsMember" xlink:to="tse-qcediffr-73660_OverseasBusinessReportableSegmentMember" xlink:arcrole="http://www.xbrl.org/2003/arcrole/parent-child" order="4" />
    <link:presentationArc xlink:type="arc" xlink:from="jpcrp_cor_TotalOfReportableSegmentsAndOthersMember" xlink:to="jpcrp_cor_OperatingSegmentsNotIncludedInReportableSegmentsAndOtherRevenueGeneratingBusinessActivitiesMember" xlink:arcrole="http://www.xbrl.org/2003/arcrole/parent-child" order="2" />
    <link:presentationArc xlink:type="arc" xlink:from="jpigp_cor_SegmentInformationIFRSLineItems" xlink:to="jpigp_cor_RevenueIFRSAbstract" xlink:arcrole="http://www.xbrl.org/2003/arcrole/parent-child" order="1" />
    <link:presentationArc xlink:type="arc" xlink:from="jpigp_cor_RevenueIFRSAbstract" xlink:to="jpigp_cor_RevenueFromExternalCustomersIFRS" xlink:arcrole="http://www.xbrl.org/2003/arcrole/parent-child" order="1" />
    <link:presentationArc xlink:type="arc" xlink:from="jpigp_cor_RevenueIFRSAbstract" xlink:to="jpigp_cor_IntersegmentRevenueIFRS" xlink:arcrole="http://www.xbrl.org/2003/arcrole/parent-child" preferredLabel="http://disclosure.edinet-fsa.go.jp/jpcrp/std/alt3/role/label" order="2" />
    <link:presentationArc xlink:type="arc" xlink:from="jpigp_cor_RevenueIFRSAbstract" xlink:to="jpigp_cor_RevenueIFRS" xlink:arcrole="http://www.xbrl.org/2003/arcrole/parent-child" preferredLabel="http://www.xbrl.org/2003/role/totalLabel" order="3" />
    <link:presentationArc xlink:type="arc" xlink:from="jpigp_cor_RevenueIFRSAbstract" xlink:to="jpigp_cor_OperatingProfitLossIFRS" xlink:arcrole="http://www.xbrl.org/2003/arcrole/parent-child" preferredLabel="http://disclosure.edinet-fsa.go.jp/jpcrp/Segment/role/label" order="4" />
    <link:presentationArc xlink:type="arc" xlink:from="tse-atigp-t_NotesSegmentInformationCondensedQuarterlyConsolidatedFinancialStatementsIFRSHeading" xlink:to="jpigp_cor_SegmentInformationIFRSLineItems" xlink:arcrole="http://www.xbrl.org/2003/arcrole/parent-child" order="2" />
    <link:presentationArc xlink:type="arc" xlink:from="jpigp_cor_SegmentInformationIFRSLineItems" xlink:to="jpigp_cor_FinanceIncomeIFRS" xlink:arcrole="http://www.xbrl.org/2003/arcrole/parent-child" order="2" />
    <link:presentationArc xlink:type="arc" xlink:from="jpigp_cor_SegmentInformationIFRSLineItems" xlink:to="jpigp_cor_FinanceCostsIFRS" xlink:arcrole="http://www.xbrl.org/2003/arcrole/parent-child" order="3" />
    <link:presentationArc xlink:type="arc" xlink:from="jpigp_cor_SegmentInformationIFRSLineItems" xlink:to="jpigp_cor_ProfitLossBeforeTaxIFRS" xlink:arcrole="http://www.xbrl.org/2003/arcrole/parent-child" preferredLabel="http://www.xbrl.tdnet.info/jp/tse/tdnet/atpfs/ConsolidatedQuarterlyTDnet/role/positiveLabel" order="4" />
    <link:presentationArc xlink:type="arc" xlink:from="jpigp_cor_SegmentInformationIFRSTable" xlink:to="jppfs_cor_ConsolidatedOrNonConsolidatedAxis" xlink:arcrole="http://www.xbrl.org/2003/arcrole/parent-child" order="1" />
    <link:presentationArc xlink:type="arc" xlink:from="jpigp_cor_SegmentInformationIFRSTable" xlink:to="jpcrp_cor_OperatingSegmentsAxis" xlink:arcrole="http://www.xbrl.org/2003/arcrole/parent-child" order="2" />
    <link:presentationArc xlink:type="arc" xlink:from="jppfs_cor_ConsolidatedOrNonConsolidatedAxis" xlink:to="jppfs_cor_ConsolidatedMember" xlink:arcrole="http://www.xbrl.org/2003/arcrole/parent-child" order="1" />
    <link:presentationArc xlink:type="arc" xlink:from="tse-atigp-t_NotesSegmentInformationCondensedQuarterlyConsolidatedFinancialStatementsIFRSHeading" xlink:to="jpigp_cor_SegmentInformationIFRSTable" xlink:arcrole="http://www.xbrl.org/2003/arcrole/parent-child" order="1" />
  </link:presentationLink>
</link:linkbase>