<?xml version="1.0" encoding="utf-8"?>
<!-- Generated by PRONEXUS WORKS --><link:linkbase xmlns:link="http://www.xbrl.org/2003/linkbase" xmlns:xsi="http://www.w3.org/2001/XMLSchema-instance" xmlns:xbrli="http://www.xbrl.org/2003/instance" xmlns:xlink="http://www.w3.org/1999/xlink">  <link:labelLink xlink:type="extended" xlink:role="http://www.xbrl.org/2003/role/link">    <link:loc xlink:type="locator" xlink:href="tse-acedjpfr-66640-2025-11-30-01-2026-01-14.xsd#tse-acedjpfr-66640_ProceedsFromWithdrawalOfRestrictedDepositsInvCF" xlink:label="ProceedsFromWithdrawalOfRestrictedDepositsInvCF" />    <link:loc xlink:type="locator" xlink:href="tse-acedjpfr-66640-2025-11-30-01-2026-01-14.xsd#tse-acedjpfr-66640_JapanReportableSegmentsMember" xlink:label="JapanReportableSegmentsMember" />    <link:loc xlink:type="locator" xlink:href="tse-acedjpfr-66640-2025-11-30-01-2026-01-14.xsd#tse-acedjpfr-66640_AmericaReportableSegmentsMember" xlink:label="AmericaReportableSegmentsMember" />    <link:loc xlink:type="locator" xlink:href="tse-acedjpfr-66640-2025-11-30-01-2026-01-14.xsd#tse-acedjpfr-66640_EuropeAsiaAndOtherReportableSegmentsMember" xlink:label="EuropeAsiaAndOtherReportableSegmentsMember" />    <link:label xlink:type="resource" xlink:label="label_ProceedsFromWithdrawalOfRestrictedDepositsInvCF" xml:lang="ja" xlink:role="http://www.xbrl.org/2003/role/label" id="label_ProceedsFromWithdrawalOfRestrictedDepositsInvCF">拘束性預金の払戻による収入</link:label>    <link:labelArc xlink:type="arc" xlink:arcrole="http://www.xbrl.org/2003/arcrole/concept-label" xlink:from="ProceedsFromWithdrawalOfRestrictedDepositsInvCF" xlink:to="label_ProceedsFromWithdrawalOfRestrictedDepositsInvCF" />    <link:label xlink:type="resource" xlink:label="label_ProceedsFromWithdrawalOfRestrictedDepositsInvCF_2" xml:lang="ja" xlink:role="http://www.xbrl.org/2003/role/verboseLabel" id="label_ProceedsFromWithdrawalOfRestrictedDepositsInvCF_2">拘束性預金の払戻による収入、投資活動によるキャッシュ・フロー</link:label>    <link:labelArc xlink:type="arc" xlink:arcrole="http://www.xbrl.org/2003/arcrole/concept-label" xlink:from="ProceedsFromWithdrawalOfRestrictedDepositsInvCF" xlink:to="label_ProceedsFromWithdrawalOfRestrictedDepositsInvCF_2" />    <link:label xlink:type="resource" xlink:label="label_JapanReportableSegmentsMember" xml:lang="ja" xlink:role="http://www.xbrl.org/2003/role/label" id="label_JapanReportableSegmentsMember">日本</link:label>    <link:labelArc xlink:type="arc" xlink:arcrole="http://www.xbrl.org/2003/arcrole/concept-label" xlink:from="JapanReportableSegmentsMember" xlink:to="label_JapanReportableSegmentsMember" />    <link:label xlink:type="resource" xlink:label="label_JapanReportableSegmentsMember_2" xml:lang="ja" xlink:role="http://www.xbrl.org/2003/role/verboseLabel" id="label_JapanReportableSegmentsMember_2">日本、報告セグメント[メンバー]</link:label>    <link:labelArc xlink:type="arc" xlink:arcrole="http://www.xbrl.org/2003/arcrole/concept-label" xlink:from="JapanReportableSegmentsMember" xlink:to="label_JapanReportableSegmentsMember_2" />    <link:label xlink:type="resource" xlink:label="label_AmericaReportableSegmentsMember" xml:lang="ja" xlink:role="http://www.xbrl.org/2003/role/label" id="label_AmericaReportableSegmentsMember">米国</link:label>    <link:labelArc xlink:type="arc" xlink:arcrole="http://www.xbrl.org/2003/arcrole/concept-label" xlink:from="AmericaReportableSegmentsMember" xlink:to="label_AmericaReportableSegmentsMember" />    <link:label xlink:type="resource" xlink:label="label_AmericaReportableSegmentsMember_2" xml:lang="ja" xlink:role="http://www.xbrl.org/2003/role/verboseLabel" id="label_AmericaReportableSegmentsMember_2">米国、報告セグメント [メンバー]</link:label>    <link:labelArc xlink:type="arc" xlink:arcrole="http://www.xbrl.org/2003/arcrole/concept-label" xlink:from="AmericaReportableSegmentsMember" xlink:to="label_AmericaReportableSegmentsMember_2" />    <link:label xlink:type="resource" xlink:label="label_EuropeAsiaAndOtherReportableSegmentsMember" xml:lang="ja" xlink:role="http://www.xbrl.org/2003/role/label" id="label_EuropeAsiaAndOtherReportableSegmentsMember">欧州・アジア他</link:label>    <link:labelArc xlink:type="arc" xlink:arcrole="http://www.xbrl.org/2003/arcrole/concept-label" xlink:from="EuropeAsiaAndOtherReportableSegmentsMember" xlink:to="label_EuropeAsiaAndOtherReportableSegmentsMember" />    <link:label xlink:type="resource" xlink:label="label_EuropeAsiaAndOtherReportableSegmentsMember_2" xml:lang="ja" xlink:role="http://www.xbrl.org/2003/role/verboseLabel" id="label_EuropeAsiaAndOtherReportableSegmentsMember_2">欧州・アジア他、報告セグメント [メンバー]</link:label>    <link:labelArc xlink:type="arc" xlink:arcrole="http://www.xbrl.org/2003/arcrole/concept-label" xlink:from="EuropeAsiaAndOtherReportableSegmentsMember" xlink:to="label_EuropeAsiaAndOtherReportableSegmentsMember_2" />  </link:labelLink></link:linkbase>