<?xml version="1.0" encoding="utf-8"?>
<manifest xmlns="http://disclosure.edinet-fsa.go.jp/2013/manifest">
  <tocComposition>
    <title xml:lang="ja">決算短信添付資料</title>
    <title xml:lang="en">Earnings digest attached document</title>
    <item ref="snedjpfr" extrole="http://www.xbrl.tdnet.info/jp/tse/tdnet/role/RoleAttachedDocument" in="presentation" />
  </tocComposition>
  <list>
    <instance id="snedjpfr" type="Attachment" preferredFilename="tse-snedjpfr-32970-2025-11-30-01-2026-01-13.xbrl">
      <ixbrl>1200000-snbs16-tse-snedjpfr-32970-2025-11-30-01-2026-01-13-ixbrl.htm</ixbrl>
      <ixbrl>1300000-snpl16-tse-snedjpfr-32970-2025-11-30-01-2026-01-13-ixbrl.htm</ixbrl>
      <ixbrl>1500000-sncf16-tse-snedjpfr-32970-2025-11-30-01-2026-01-13-ixbrl.htm</ixbrl>
      <ixbrl>1600000-snsg16-tse-snedjpfr-32970-2025-11-30-01-2026-01-13-ixbrl.htm</ixbrl>
    </instance>
  </list>
</manifest>