﻿<?xml version="1.0" encoding="utf-8"?>
<!-- XBRL Document Created with WizLabo Platform -->
<link:linkbase xmlns:xlink="http://www.w3.org/1999/xlink" xmlns:xsi="http://www.w3.org/2001/XMLSchema-instance" xmlns:link="http://www.xbrl.org/2003/linkbase">
  <link:labelLink xlink:type="extended" xlink:role="http://www.xbrl.org/2003/role/link">
    <link:label xml:lang="en" xlink:type="resource" xlink:label="tse-qcedjpfr-26830_FoodAndDrinkBusinessReportableSegmentMember_label" xlink:role="http://www.xbrl.org/2003/role/label">Food and drink business</link:label>
    <link:label xml:lang="en" xlink:type="resource" xlink:label="tse-qcedjpfr-26830_FoodAndDrinkBusinessReportableSegmentMember_label_1" xlink:role="http://www.xbrl.org/2003/role/verboseLabel">Food and drink business, Reportable segment [member]</link:label>
    <link:label xml:lang="en" xlink:type="resource" xlink:label="tse-qcedjpfr-26830_FreshFishBusinessReportableSegmentMember_label" xlink:role="http://www.xbrl.org/2003/role/label">Fresh fish business</link:label>
    <link:label xml:lang="en" xlink:type="resource" xlink:label="tse-qcedjpfr-26830_FreshFishBusinessReportableSegmentMember_label_1" xlink:role="http://www.xbrl.org/2003/role/verboseLabel">Fresh fish business, Reportable segment [member]</link:label>
    <link:label xml:lang="en" xlink:type="resource" xlink:label="tse-qcedjpfr-26830_GoodsOrServicesToBeTransferredAtOneTime_label" xlink:role="http://www.xbrl.org/2003/role/label">Goods or services to be transferred at one time</link:label>
    <link:label xml:lang="en" xlink:type="resource" xlink:label="tse-qcedjpfr-26830_GoodsOrServicesToBeTransferredAtOneTime_label_1" xlink:role="http://www.xbrl.org/2003/role/verboseLabel">Goods or services to be transferred at one time</link:label>
    <link:label xml:lang="en" xlink:type="resource" xlink:label="tse-qcedjpfr-26830_OtherServiceRevenue_label" xlink:role="http://www.xbrl.org/2003/role/label">Other service revenue</link:label>
    <link:label xml:lang="en" xlink:type="resource" xlink:label="tse-qcedjpfr-26830_OtherServiceRevenue_label_1" xlink:role="http://www.xbrl.org/2003/role/verboseLabel">Other service revenue</link:label>
    <link:label xml:lang="en" xlink:type="resource" xlink:label="tse-qcedjpfr-26830_ProvisionForSupportLossForAffiliatedCompaniesNCL_label" xlink:role="http://www.xbrl.org/2003/role/label">Provision for support loss for affiliated companies</link:label>
    <link:label xml:lang="en" xlink:type="resource" xlink:label="tse-qcedjpfr-26830_ProvisionForSupportLossForAffiliatedCompaniesNCL_label_1" xlink:role="http://www.xbrl.org/2003/role/verboseLabel">Provision for support loss for affiliated companies-NCL</link:label>
    <link:label xml:lang="en" xlink:type="resource" xlink:label="tse-qcedjpfr-26830_RealEstateBusinessReportableSegmentMember_label" xlink:role="http://www.xbrl.org/2003/role/label">Real estate business</link:label>
    <link:label xml:lang="en" xlink:type="resource" xlink:label="tse-qcedjpfr-26830_RealEstateBusinessReportableSegmentMember_label_1" xlink:role="http://www.xbrl.org/2003/role/verboseLabel">Real estate business, Reportable segment [member]</link:label>
    <link:label xml:lang="en" xlink:type="resource" xlink:label="tse-qcedjpfr-26830_ReceivingCooperationMoneyNOI_label" xlink:role="http://www.xbrl.org/2003/role/label">Receiving cooperation money</link:label>
    <link:label xml:lang="en" xlink:type="resource" xlink:label="tse-qcedjpfr-26830_ReceivingCooperationMoneyNOI_label_1" xlink:role="http://www.xbrl.org/2003/role/verboseLabel">Receiving cooperation money-NOI</link:label>
    <link:label xml:lang="en" xlink:type="resource" xlink:label="tse-qcedjpfr-26830_RevenueArisingFromContractsWithCustomers_label" xlink:role="http://www.xbrl.org/2003/role/label">Revenue arising from contracts with customers</link:label>
    <link:label xml:lang="en" xlink:type="resource" xlink:label="tse-qcedjpfr-26830_RevenueArisingFromContractsWithCustomers_label_1" xlink:role="http://www.xbrl.org/2003/role/verboseLabel">Revenue arising from contracts with customers</link:label>
    <link:loc xlink:type="locator" xlink:href="tse-qcedjpfr-26830-2025-11-30-01-2026-01-14.xsd#tse-qcedjpfr-26830_FoodAndDrinkBusinessReportableSegmentMember" xlink:label="tse-qcedjpfr-26830_FoodAndDrinkBusinessReportableSegmentMember" />
    <link:loc xlink:type="locator" xlink:href="tse-qcedjpfr-26830-2025-11-30-01-2026-01-14.xsd#tse-qcedjpfr-26830_FreshFishBusinessReportableSegmentMember" xlink:label="tse-qcedjpfr-26830_FreshFishBusinessReportableSegmentMember" />
    <link:loc xlink:type="locator" xlink:href="tse-qcedjpfr-26830-2025-11-30-01-2026-01-14.xsd#tse-qcedjpfr-26830_GoodsOrServicesToBeTransferredAtOneTime" xlink:label="tse-qcedjpfr-26830_GoodsOrServicesToBeTransferredAtOneTime" />
    <link:loc xlink:type="locator" xlink:href="tse-qcedjpfr-26830-2025-11-30-01-2026-01-14.xsd#tse-qcedjpfr-26830_OtherServiceRevenue" xlink:label="tse-qcedjpfr-26830_OtherServiceRevenue" />
    <link:loc xlink:type="locator" xlink:href="tse-qcedjpfr-26830-2025-11-30-01-2026-01-14.xsd#tse-qcedjpfr-26830_ProvisionForSupportLossForAffiliatedCompaniesNCL" xlink:label="tse-qcedjpfr-26830_ProvisionForSupportLossForAffiliatedCompaniesNCL" />
    <link:loc xlink:type="locator" xlink:href="tse-qcedjpfr-26830-2025-11-30-01-2026-01-14.xsd#tse-qcedjpfr-26830_RealEstateBusinessReportableSegmentMember" xlink:label="tse-qcedjpfr-26830_RealEstateBusinessReportableSegmentMember" />
    <link:loc xlink:type="locator" xlink:href="tse-qcedjpfr-26830-2025-11-30-01-2026-01-14.xsd#tse-qcedjpfr-26830_ReceivingCooperationMoneyNOI" xlink:label="tse-qcedjpfr-26830_ReceivingCooperationMoneyNOI" />
    <link:loc xlink:type="locator" xlink:href="tse-qcedjpfr-26830-2025-11-30-01-2026-01-14.xsd#tse-qcedjpfr-26830_RevenueArisingFromContractsWithCustomers" xlink:label="tse-qcedjpfr-26830_RevenueArisingFromContractsWithCustomers" />
    <link:labelArc xlink:type="arc" xlink:from="tse-qcedjpfr-26830_FoodAndDrinkBusinessReportableSegmentMember" xlink:to="tse-qcedjpfr-26830_FoodAndDrinkBusinessReportableSegmentMember_label" xlink:arcrole="http://www.xbrl.org/2003/arcrole/concept-label" order="1" />
    <link:labelArc xlink:type="arc" xlink:from="tse-qcedjpfr-26830_FoodAndDrinkBusinessReportableSegmentMember" xlink:to="tse-qcedjpfr-26830_FoodAndDrinkBusinessReportableSegmentMember_label_1" xlink:arcrole="http://www.xbrl.org/2003/arcrole/concept-label" order="1" />
    <link:labelArc xlink:type="arc" xlink:from="tse-qcedjpfr-26830_FreshFishBusinessReportableSegmentMember" xlink:to="tse-qcedjpfr-26830_FreshFishBusinessReportableSegmentMember_label" xlink:arcrole="http://www.xbrl.org/2003/arcrole/concept-label" order="1" />
    <link:labelArc xlink:type="arc" xlink:from="tse-qcedjpfr-26830_FreshFishBusinessReportableSegmentMember" xlink:to="tse-qcedjpfr-26830_FreshFishBusinessReportableSegmentMember_label_1" xlink:arcrole="http://www.xbrl.org/2003/arcrole/concept-label" order="1" />
    <link:labelArc xlink:type="arc" xlink:from="tse-qcedjpfr-26830_GoodsOrServicesToBeTransferredAtOneTime" xlink:to="tse-qcedjpfr-26830_GoodsOrServicesToBeTransferredAtOneTime_label" xlink:arcrole="http://www.xbrl.org/2003/arcrole/concept-label" order="1" />
    <link:labelArc xlink:type="arc" xlink:from="tse-qcedjpfr-26830_GoodsOrServicesToBeTransferredAtOneTime" xlink:to="tse-qcedjpfr-26830_GoodsOrServicesToBeTransferredAtOneTime_label_1" xlink:arcrole="http://www.xbrl.org/2003/arcrole/concept-label" order="1" />
    <link:labelArc xlink:type="arc" xlink:from="tse-qcedjpfr-26830_OtherServiceRevenue" xlink:to="tse-qcedjpfr-26830_OtherServiceRevenue_label" xlink:arcrole="http://www.xbrl.org/2003/arcrole/concept-label" order="1" />
    <link:labelArc xlink:type="arc" xlink:from="tse-qcedjpfr-26830_OtherServiceRevenue" xlink:to="tse-qcedjpfr-26830_OtherServiceRevenue_label_1" xlink:arcrole="http://www.xbrl.org/2003/arcrole/concept-label" order="1" />
    <link:labelArc xlink:type="arc" xlink:from="tse-qcedjpfr-26830_ProvisionForSupportLossForAffiliatedCompaniesNCL" xlink:to="tse-qcedjpfr-26830_ProvisionForSupportLossForAffiliatedCompaniesNCL_label" xlink:arcrole="http://www.xbrl.org/2003/arcrole/concept-label" order="1" />
    <link:labelArc xlink:type="arc" xlink:from="tse-qcedjpfr-26830_ProvisionForSupportLossForAffiliatedCompaniesNCL" xlink:to="tse-qcedjpfr-26830_ProvisionForSupportLossForAffiliatedCompaniesNCL_label_1" xlink:arcrole="http://www.xbrl.org/2003/arcrole/concept-label" order="1" />
    <link:labelArc xlink:type="arc" xlink:from="tse-qcedjpfr-26830_RealEstateBusinessReportableSegmentMember" xlink:to="tse-qcedjpfr-26830_RealEstateBusinessReportableSegmentMember_label" xlink:arcrole="http://www.xbrl.org/2003/arcrole/concept-label" order="1" />
    <link:labelArc xlink:type="arc" xlink:from="tse-qcedjpfr-26830_RealEstateBusinessReportableSegmentMember" xlink:to="tse-qcedjpfr-26830_RealEstateBusinessReportableSegmentMember_label_1" xlink:arcrole="http://www.xbrl.org/2003/arcrole/concept-label" order="1" />
    <link:labelArc xlink:type="arc" xlink:from="tse-qcedjpfr-26830_ReceivingCooperationMoneyNOI" xlink:to="tse-qcedjpfr-26830_ReceivingCooperationMoneyNOI_label" xlink:arcrole="http://www.xbrl.org/2003/arcrole/concept-label" order="1" />
    <link:labelArc xlink:type="arc" xlink:from="tse-qcedjpfr-26830_ReceivingCooperationMoneyNOI" xlink:to="tse-qcedjpfr-26830_ReceivingCooperationMoneyNOI_label_1" xlink:arcrole="http://www.xbrl.org/2003/arcrole/concept-label" order="1" />
    <link:labelArc xlink:type="arc" xlink:from="tse-qcedjpfr-26830_RevenueArisingFromContractsWithCustomers" xlink:to="tse-qcedjpfr-26830_RevenueArisingFromContractsWithCustomers_label" xlink:arcrole="http://www.xbrl.org/2003/arcrole/concept-label" order="1" />
    <link:labelArc xlink:type="arc" xlink:from="tse-qcedjpfr-26830_RevenueArisingFromContractsWithCustomers" xlink:to="tse-qcedjpfr-26830_RevenueArisingFromContractsWithCustomers_label_1" xlink:arcrole="http://www.xbrl.org/2003/arcrole/concept-label" order="1" />
  </link:labelLink>
</link:linkbase>