﻿<?xml version="1.0" encoding="utf-8"?>
<!-- XBRL Document Created with WizLabo Platform -->
<link:linkbase xmlns:xlink="http://www.w3.org/1999/xlink" xmlns:xsi="http://www.w3.org/2001/XMLSchema-instance" xmlns:link="http://www.xbrl.org/2003/linkbase">
  <link:roleRef xlink:type="simple" xlink:href="http://disclosure.edinet-fsa.go.jp/taxonomy/jppfs/2023-12-01/jppfs_rt_2023-12-01.xsd#rol_NonConsolidatedInterimLabel" roleURI="http://disclosure.edinet-fsa.go.jp/jppfs/NonConsolidatedInterim/role/label" />
  <link:labelLink xlink:type="extended" xlink:role="http://www.xbrl.org/2003/role/link">
    <link:label xml:lang="ja" xlink:type="resource" xlink:label="jpcrp_cor_QuarterlyBalanceSheetTextBlock_label" xlink:role="http://disclosure.edinet-fsa.go.jp/jppfs/NonConsolidatedInterim/role/label">中間貸借対照表</link:label>
    <link:label xml:lang="ja" xlink:type="resource" xlink:label="jpcrp_cor_QuarterlyFinancialStatementsHeading_label" xlink:role="http://disclosure.edinet-fsa.go.jp/jppfs/NonConsolidatedInterim/role/label">中間財務諸表</link:label>
    <link:label xml:lang="ja" xlink:type="resource" xlink:label="jpcrp_cor_QuarterlyStatementOfIncomeHeading_label" xlink:role="http://disclosure.edinet-fsa.go.jp/jppfs/NonConsolidatedInterim/role/label">中間損益計算書</link:label>
    <link:label xml:lang="ja" xlink:type="resource" xlink:label="jpcrp_cor_YearToQuarterEndStatementOfIncomeTextBlock_label" xlink:role="http://disclosure.edinet-fsa.go.jp/jppfs/NonConsolidatedInterim/role/label">中間会計期間</link:label>
    <link:label xml:lang="ja" xlink:type="resource" xlink:label="jppfs_cor_QuarterlyBalanceSheetHeading_label" xlink:role="http://disclosure.edinet-fsa.go.jp/jppfs/NonConsolidatedInterim/role/label">中間貸借対照表</link:label>
    <link:label xml:lang="ja" xlink:type="resource" xlink:label="jppfs_cor_YearToQuarterEndStatementOfIncomeHeading_label" xlink:role="http://disclosure.edinet-fsa.go.jp/jppfs/NonConsolidatedInterim/role/label">中間会計期間</link:label>
    <link:label xml:lang="ja" xlink:type="resource" xlink:label="tse-qnedjpfr-28720_ContributionReceivedForFacilitiesNOI_label_1" xlink:role="http://www.xbrl.org/2003/role/label">設備負担金収入</link:label>
    <link:label xml:lang="ja" xlink:type="resource" xlink:label="tse-qnedjpfr-28720_ContributionReceivedForFacilitiesNOI_label_2" xlink:role="http://www.xbrl.org/2003/role/verboseLabel">設備負担金収入、営業外収益</link:label>
    <link:label xml:lang="ja" xlink:type="resource" xlink:label="tse-qnedjpfr-28720_ContributionReceivedForFacilitiesNOI_label" xlink:role="http://www.xbrl.org/2003/role/documentation">設備負担金収入、営業外収益</link:label>
    <link:loc xlink:type="locator" xlink:href="http://disclosure.edinet-fsa.go.jp/taxonomy/jpcrp/2023-12-01/jpcrp_cor_2023-12-01.xsd#jpcrp_cor_QuarterlyBalanceSheetTextBlock" xlink:label="jpcrp_cor_QuarterlyBalanceSheetTextBlock" />
    <link:loc xlink:type="locator" xlink:href="http://disclosure.edinet-fsa.go.jp/taxonomy/jpcrp/2023-12-01/jpcrp_cor_2023-12-01.xsd#jpcrp_cor_QuarterlyFinancialStatementsHeading" xlink:label="jpcrp_cor_QuarterlyFinancialStatementsHeading" />
    <link:loc xlink:type="locator" xlink:href="http://disclosure.edinet-fsa.go.jp/taxonomy/jpcrp/2023-12-01/jpcrp_cor_2023-12-01.xsd#jpcrp_cor_QuarterlyStatementOfIncomeHeading" xlink:label="jpcrp_cor_QuarterlyStatementOfIncomeHeading" />
    <link:loc xlink:type="locator" xlink:href="http://disclosure.edinet-fsa.go.jp/taxonomy/jpcrp/2023-12-01/jpcrp_cor_2023-12-01.xsd#jpcrp_cor_YearToQuarterEndStatementOfIncomeTextBlock" xlink:label="jpcrp_cor_YearToQuarterEndStatementOfIncomeTextBlock" />
    <link:loc xlink:type="locator" xlink:href="http://disclosure.edinet-fsa.go.jp/taxonomy/jppfs/2023-12-01/jppfs_cor_2023-12-01.xsd#jppfs_cor_QuarterlyBalanceSheetHeading" xlink:label="jppfs_cor_QuarterlyBalanceSheetHeading" />
    <link:loc xlink:type="locator" xlink:href="http://disclosure.edinet-fsa.go.jp/taxonomy/jppfs/2023-12-01/jppfs_cor_2023-12-01.xsd#jppfs_cor_YearToQuarterEndStatementOfIncomeHeading" xlink:label="jppfs_cor_YearToQuarterEndStatementOfIncomeHeading" />
    <link:loc xlink:type="locator" xlink:href="tse-qnedjpfr-28720-2025-11-30-01-2026-01-09.xsd#tse-qnedjpfr-28720_ContributionReceivedForFacilitiesNOI" xlink:label="tse-qnedjpfr-28720_ContributionReceivedForFacilitiesNOI" />
    <link:labelArc xlink:type="arc" xlink:from="jpcrp_cor_QuarterlyBalanceSheetTextBlock" xlink:to="jpcrp_cor_QuarterlyBalanceSheetTextBlock_label" xlink:arcrole="http://www.xbrl.org/2003/arcrole/concept-label" order="1" />
    <link:labelArc xlink:type="arc" xlink:from="jpcrp_cor_QuarterlyFinancialStatementsHeading" xlink:to="jpcrp_cor_QuarterlyFinancialStatementsHeading_label" xlink:arcrole="http://www.xbrl.org/2003/arcrole/concept-label" order="1" />
    <link:labelArc xlink:type="arc" xlink:from="jpcrp_cor_QuarterlyStatementOfIncomeHeading" xlink:to="jpcrp_cor_QuarterlyStatementOfIncomeHeading_label" xlink:arcrole="http://www.xbrl.org/2003/arcrole/concept-label" order="1" />
    <link:labelArc xlink:type="arc" xlink:from="jpcrp_cor_YearToQuarterEndStatementOfIncomeTextBlock" xlink:to="jpcrp_cor_YearToQuarterEndStatementOfIncomeTextBlock_label" xlink:arcrole="http://www.xbrl.org/2003/arcrole/concept-label" order="1" />
    <link:labelArc xlink:type="arc" xlink:from="jppfs_cor_QuarterlyBalanceSheetHeading" xlink:to="jppfs_cor_QuarterlyBalanceSheetHeading_label" xlink:arcrole="http://www.xbrl.org/2003/arcrole/concept-label" order="1" />
    <link:labelArc xlink:type="arc" xlink:from="jppfs_cor_YearToQuarterEndStatementOfIncomeHeading" xlink:to="jppfs_cor_YearToQuarterEndStatementOfIncomeHeading_label" xlink:arcrole="http://www.xbrl.org/2003/arcrole/concept-label" order="1" />
    <link:labelArc xlink:type="arc" xlink:from="tse-qnedjpfr-28720_ContributionReceivedForFacilitiesNOI" xlink:to="tse-qnedjpfr-28720_ContributionReceivedForFacilitiesNOI_label" xlink:arcrole="http://www.xbrl.org/2003/arcrole/concept-label" order="1" />
    <link:labelArc xlink:type="arc" xlink:from="tse-qnedjpfr-28720_ContributionReceivedForFacilitiesNOI" xlink:to="tse-qnedjpfr-28720_ContributionReceivedForFacilitiesNOI_label_1" xlink:arcrole="http://www.xbrl.org/2003/arcrole/concept-label" order="1" />
    <link:labelArc xlink:type="arc" xlink:from="tse-qnedjpfr-28720_ContributionReceivedForFacilitiesNOI" xlink:to="tse-qnedjpfr-28720_ContributionReceivedForFacilitiesNOI_label_2" xlink:arcrole="http://www.xbrl.org/2003/arcrole/concept-label" order="1" />
  </link:labelLink>
</link:linkbase>