<?xml version="1.0"?>
<!-- Generated by Fujitsu Interstage XWand B0250 --><linkbase xmlns="http://www.xbrl.org/2003/linkbase" xmlns:xbrldt="http://xbrl.org/2005/xbrldt" xmlns:xbrli="http://www.xbrl.org/2003/instance" xmlns:xlink="http://www.w3.org/1999/xlink" xmlns:xsi="http://www.w3.org/2001/XMLSchema-instance"><roleRef roleURI="http://www.xbrl.tdnet.info/jp/tse/tdnet/role/RoleConsolidatedInformationAnnual" xlink:href="http://www.xbrl.tdnet.info/taxonomy/jp/tse/tdnet/ed/o/rt/2014-01-12/tse-ed-rt-2014-01-12.xsd#RoleConsolidatedInformationAnnual" xlink:type="simple"/><roleRef roleURI="http://www.xbrl.tdnet.info/jp/tse/tdnet/role/RoleConsolidatedInformationQ2YTD" xlink:href="http://www.xbrl.tdnet.info/taxonomy/jp/tse/tdnet/ed/o/rt/2014-01-12/tse-ed-rt-2014-01-12.xsd#RoleConsolidatedInformationQ2YTD" xlink:type="simple"/><roleRef roleURI="http://www.xbrl.tdnet.info/jp/tse/tdnet/role/RoleDocumentEntityInformation" xlink:href="http://www.xbrl.tdnet.info/taxonomy/jp/tse/tdnet/ed/o/rt/2014-01-12/tse-ed-rt-2014-01-12.xsd#RoleDocumentEntityInformation" xlink:type="simple"/><roleRef roleURI="http://www.xbrl.tdnet.info/jp/tse/tdnet/role/RoleNonConsolidatedInformationAnnual" xlink:href="http://www.xbrl.tdnet.info/taxonomy/jp/tse/tdnet/ed/o/rt/2014-01-12/tse-ed-rt-2014-01-12.xsd#RoleNonConsolidatedInformationAnnual" xlink:type="simple"/><roleRef roleURI="http://www.xbrl.tdnet.info/jp/tse/tdnet/role/RoleNonConsolidatedInformationQ2YTD" xlink:href="http://www.xbrl.tdnet.info/taxonomy/jp/tse/tdnet/ed/o/rt/2014-01-12/tse-ed-rt-2014-01-12.xsd#RoleNonConsolidatedInformationQ2YTD" xlink:type="simple"/><roleRef roleURI="http://www.xbrl.tdnet.info/jp/tse/tdnet/role/RoleNoteFinancialForecastCorrection" xlink:href="http://www.xbrl.tdnet.info/taxonomy/jp/tse/tdnet/ed/o/rt/2014-01-12/tse-ed-rt-2014-01-12.xsd#RoleNoteFinancialForecastCorrection" xlink:type="simple"/><roleRef roleURI="http://www.xbrl.tdnet.info/jp/tse/tdnet/role/RoleConsolidatedInformationQ1" xlink:href="http://www.xbrl.tdnet.info/taxonomy/jp/tse/tdnet/ed/o/rt/2014-01-12/tse-ed-rt-2014-01-12.xsd#RoleConsolidatedInformationQ1" xlink:type="simple"/><arcroleRef arcroleURI="http://xbrl.org/int/dim/arcrole/all" xlink:href="http://www.xbrl.org/2005/xbrldt-2005.xsd#all" xlink:type="simple"/><arcroleRef arcroleURI="http://xbrl.org/int/dim/arcrole/dimension-domain" xlink:href="http://www.xbrl.org/2005/xbrldt-2005.xsd#dimension-domain" xlink:type="simple"/><arcroleRef arcroleURI="http://xbrl.org/int/dim/arcrole/domain-member" xlink:href="http://www.xbrl.org/2005/xbrldt-2005.xsd#domain-member" xlink:type="simple"/><arcroleRef arcroleURI="http://xbrl.org/int/dim/arcrole/hypercube-dimension" xlink:href="http://www.xbrl.org/2005/xbrldt-2005.xsd#hypercube-dimension" xlink:type="simple"/><definitionLink xlink:role="http://www.xbrl.tdnet.info/jp/tse/tdnet/role/RoleDocumentEntityInformation" xlink:type="extended"><loc xlink:href="http://www.xbrl.tdnet.info/taxonomy/jp/tse/tdnet/ed/t/2014-01-12/tse-ed-t-2014-01-12.xsd#tse-ed-t_DocumentEntityInformationHeading" xlink:label="DocumentEntityInformationHeading" xlink:type="locator"/><loc xlink:href="http://www.xbrl.tdnet.info/taxonomy/jp/tse/tdnet/ed/t/2014-01-12/tse-ed-t-2014-01-12.xsd#tse-ed-t_DocumentEntityInformationTable" xlink:label="DocumentEntityInformationTable" xlink:type="locator"/><definitionArc order="1.0" priority="0" xbrldt:closed="true" xbrldt:contextElement="scenario" xlink:arcrole="http://xbrl.org/int/dim/arcrole/all" xlink:from="DocumentEntityInformationHeading" xlink:to="DocumentEntityInformationTable" xlink:type="arc"/><loc xlink:href="http://www.xbrl.tdnet.info/taxonomy/jp/tse/tdnet/ed/t/2014-01-12/tse-ed-t-2014-01-12.xsd#tse-ed-t_DocumentEntityInformationLineItems" xlink:label="DocumentEntityInformationLineItems" xlink:type="locator"/><definitionArc order="2.0" priority="0" xlink:arcrole="http://xbrl.org/int/dim/arcrole/domain-member" xlink:from="DocumentEntityInformationHeading" xlink:to="DocumentEntityInformationLineItems" xlink:type="arc"/><loc xlink:href="http://www.xbrl.tdnet.info/taxonomy/jp/tse/tdnet/ed/t/2014-01-12/tse-ed-t-2014-01-12.xsd#tse-ed-t_FASFMemberMark" xlink:label="FASFMemberMark" xlink:type="locator"/><definitionArc order="1.0" priority="0" xlink:arcrole="http://xbrl.org/int/dim/arcrole/domain-member" xlink:from="DocumentEntityInformationLineItems" xlink:to="FASFMemberMark" xlink:type="arc"/><loc xlink:href="http://www.xbrl.tdnet.info/taxonomy/jp/tse/tdnet/ed/t/2014-01-12/tse-ed-t-2014-01-12.xsd#tse-ed-t_DocumentName" xlink:label="DocumentName" xlink:type="locator"/><definitionArc order="2.0" priority="0" xlink:arcrole="http://xbrl.org/int/dim/arcrole/domain-member" xlink:from="DocumentEntityInformationLineItems" xlink:to="DocumentName" xlink:type="arc"/><loc xlink:href="http://www.xbrl.tdnet.info/taxonomy/jp/tse/tdnet/ed/t/2014-01-12/tse-ed-t-2014-01-12.xsd#tse-ed-t_CompanyName" xlink:label="CompanyName" xlink:type="locator"/><definitionArc order="4.0" priority="0" xlink:arcrole="http://xbrl.org/int/dim/arcrole/domain-member" xlink:from="DocumentEntityInformationLineItems" xlink:to="CompanyName" xlink:type="arc"/><loc xlink:href="http://www.xbrl.tdnet.info/taxonomy/jp/tse/tdnet/ed/t/2014-01-12/tse-ed-t-2014-01-12.xsd#tse-ed-t_SecuritiesCode" xlink:label="SecuritiesCode" xlink:type="locator"/><definitionArc order="7.0" priority="0" xlink:arcrole="http://xbrl.org/int/dim/arcrole/domain-member" xlink:from="DocumentEntityInformationLineItems" xlink:to="SecuritiesCode" xlink:type="arc"/><loc xlink:href="http://www.xbrl.tdnet.info/taxonomy/jp/tse/tdnet/ed/t/2014-01-12/tse-ed-t-2014-01-12.xsd#tse-ed-t_BusinessCategoryAbstract" xlink:label="BusinessCategoryAbstract" xlink:type="locator"/><definitionArc order="8.0" priority="0" xlink:arcrole="http://xbrl.org/int/dim/arcrole/domain-member" xlink:from="DocumentEntityInformationLineItems" xlink:to="BusinessCategoryAbstract" xlink:type="arc"/><loc xlink:href="http://www.xbrl.tdnet.info/taxonomy/jp/tse/tdnet/ed/t/2014-01-12/tse-ed-t-2014-01-12.xsd#tse-ed-t_GeneralBusiness" xlink:label="GeneralBusiness" xlink:type="locator"/><definitionArc order="1.0" priority="0" xlink:arcrole="http://xbrl.org/int/dim/arcrole/domain-member" xlink:from="BusinessCategoryAbstract" xlink:to="GeneralBusiness" xlink:type="arc"/><loc xlink:href="http://www.xbrl.tdnet.info/taxonomy/jp/tse/tdnet/ed/t/2014-01-12/tse-ed-t-2014-01-12.xsd#tse-ed-t_SpecificBusiness" xlink:label="SpecificBusiness" xlink:type="locator"/><definitionArc order="2.0" priority="0" xlink:arcrole="http://xbrl.org/int/dim/arcrole/domain-member" xlink:from="BusinessCategoryAbstract" xlink:to="SpecificBusiness" xlink:type="arc"/><loc xlink:href="http://www.xbrl.tdnet.info/taxonomy/jp/tse/tdnet/ed/t/2014-01-12/tse-ed-t-2014-01-12.xsd#tse-ed-t_FiscalYearEnd" xlink:label="FiscalYearEnd" xlink:type="locator"/><definitionArc order="9.0" priority="0" xlink:arcrole="http://xbrl.org/int/dim/arcrole/domain-member" xlink:from="DocumentEntityInformationLineItems" xlink:to="FiscalYearEnd" xlink:type="arc"/><loc xlink:href="http://www.xbrl.tdnet.info/taxonomy/jp/tse/tdnet/ed/t/2014-01-12/tse-ed-t-2014-01-12.xsd#tse-ed-t_RepresentativeAbstract" xlink:label="RepresentativeAbstract" xlink:type="locator"/><definitionArc order="5.0" priority="0" xlink:arcrole="http://xbrl.org/int/dim/arcrole/domain-member" xlink:from="DocumentEntityInformationLineItems" xlink:to="RepresentativeAbstract" xlink:type="arc"/><loc xlink:href="http://www.xbrl.tdnet.info/taxonomy/jp/tse/tdnet/ed/t/2014-01-12/tse-ed-t-2014-01-12.xsd#tse-ed-t_TitleRepresentative" xlink:label="TitleRepresentative" xlink:type="locator"/><definitionArc order="1.0" priority="0" xlink:arcrole="http://xbrl.org/int/dim/arcrole/domain-member" xlink:from="RepresentativeAbstract" xlink:to="TitleRepresentative" xlink:type="arc"/><loc xlink:href="http://www.xbrl.tdnet.info/taxonomy/jp/tse/tdnet/ed/t/2014-01-12/tse-ed-t-2014-01-12.xsd#tse-ed-t_NameRepresentative" xlink:label="NameRepresentative" xlink:type="locator"/><definitionArc order="2.0" priority="0" xlink:arcrole="http://xbrl.org/int/dim/arcrole/domain-member" xlink:from="RepresentativeAbstract" xlink:to="NameRepresentative" xlink:type="arc"/><loc xlink:href="http://www.xbrl.tdnet.info/taxonomy/jp/tse/tdnet/ed/t/2014-01-12/tse-ed-t-2014-01-12.xsd#tse-ed-t_InquiriesAbstract" xlink:label="InquiriesAbstract" xlink:type="locator"/><definitionArc order="10.0" priority="0" xlink:arcrole="http://xbrl.org/int/dim/arcrole/domain-member" xlink:from="DocumentEntityInformationLineItems" xlink:to="InquiriesAbstract" xlink:type="arc"/><loc xlink:href="http://www.xbrl.tdnet.info/taxonomy/jp/tse/tdnet/ed/t/2014-01-12/tse-ed-t-2014-01-12.xsd#tse-ed-t_TitleInquiries" xlink:label="TitleInquiries" xlink:type="locator"/><definitionArc order="1.0" priority="0" xlink:arcrole="http://xbrl.org/int/dim/arcrole/domain-member" xlink:from="InquiriesAbstract" xlink:to="TitleInquiries" xlink:type="arc"/><loc xlink:href="http://www.xbrl.tdnet.info/taxonomy/jp/tse/tdnet/ed/t/2014-01-12/tse-ed-t-2014-01-12.xsd#tse-ed-t_NameInquiries" xlink:label="NameInquiries" xlink:type="locator"/><definitionArc order="2.0" priority="0" xlink:arcrole="http://xbrl.org/int/dim/arcrole/domain-member" xlink:from="InquiriesAbstract" xlink:to="NameInquiries" xlink:type="arc"/><loc xlink:href="http://www.xbrl.tdnet.info/taxonomy/jp/tse/tdnet/ed/t/2014-01-12/tse-ed-t-2014-01-12.xsd#tse-ed-t_Tel" xlink:label="Tel" xlink:type="locator"/><definitionArc order="11.0" priority="0" xlink:arcrole="http://xbrl.org/int/dim/arcrole/domain-member" xlink:from="DocumentEntityInformationLineItems" xlink:to="Tel" xlink:type="arc"/><loc xlink:href="http://www.xbrl.tdnet.info/taxonomy/jp/tse/tdnet/ed/t/2014-01-12/tse-ed-t-2014-01-12.xsd#tse-ed-t_NoticeOfForecastCorrection" xlink:label="NoticeOfForecastCorrection" xlink:type="locator"/><definitionArc order="12.0" priority="0" xlink:arcrole="http://xbrl.org/int/dim/arcrole/domain-member" xlink:from="DocumentEntityInformationLineItems" xlink:to="NoticeOfForecastCorrection" xlink:type="arc"/><loc xlink:href="http://www.xbrl.tdnet.info/taxonomy/jp/tse/tdnet/ed/t/2014-01-12/tse-ed-t-2014-01-12.xsd#tse-ed-t_ReportingDateOfFinancialForecastCorrection" xlink:label="ReportingDateOfFinancialForecastCorrection" xlink:type="locator"/><definitionArc order="3.0" priority="0" xlink:arcrole="http://xbrl.org/int/dim/arcrole/domain-member" xlink:from="DocumentEntityInformationLineItems" xlink:to="ReportingDateOfFinancialForecastCorrection" xlink:type="arc"/><loc xlink:href="http://www.xbrl.tdnet.info/taxonomy/jp/tse/tdnet/ed/t/2014-01-12/tse-ed-t-2014-01-12.xsd#tse-ed-t_StockExchangeListingsAbstract" xlink:label="A19bfe1e24ec_0" xlink:type="locator"/><definitionArc order="6.0" priority="0" xlink:arcrole="http://xbrl.org/int/dim/arcrole/domain-member" xlink:from="DocumentEntityInformationLineItems" xlink:to="A19bfe1e24ec_0" xlink:type="arc"/><loc xlink:href="http://www.xbrl.tdnet.info/taxonomy/jp/tse/tdnet/ed/t/2014-01-12/tse-ed-t-2014-01-12.xsd#tse-ed-t_TokyoStockExchange" xlink:label="A19bfe1e24ed_0" xlink:type="locator"/><definitionArc order="1.0" priority="0" xlink:arcrole="http://xbrl.org/int/dim/arcrole/domain-member" xlink:from="A19bfe1e24ec_0" xlink:to="A19bfe1e24ed_0" xlink:type="arc"/><loc xlink:href="http://www.xbrl.tdnet.info/taxonomy/jp/tse/tdnet/ed/t/2014-01-12/tse-ed-t-2014-01-12.xsd#tse-ed-t_TokyoStockExchangePrime" xlink:label="A19bfe1e24ed_1" xlink:type="locator"/><definitionArc order="0.5" priority="0" xlink:arcrole="http://xbrl.org/int/dim/arcrole/domain-member" xlink:from="A19bfe1e24ed_0" xlink:to="A19bfe1e24ed_1" xlink:type="arc"/><loc xlink:href="http://www.xbrl.tdnet.info/taxonomy/jp/tse/tdnet/ed/t/2014-01-12/tse-ed-t-2014-01-12.xsd#tse-ed-t_TokyoStockExchangeStandard" xlink:label="A19bfe1e24ed_2" xlink:type="locator"/><definitionArc order="0.6" priority="0" xlink:arcrole="http://xbrl.org/int/dim/arcrole/domain-member" xlink:from="A19bfe1e24ed_0" xlink:to="A19bfe1e24ed_2" xlink:type="arc"/><loc xlink:href="http://www.xbrl.tdnet.info/taxonomy/jp/tse/tdnet/ed/t/2014-01-12/tse-ed-t-2014-01-12.xsd#tse-ed-t_TokyoStockExchangeGrowth" xlink:label="A19bfe1e24ed_3" xlink:type="locator"/><definitionArc order="0.7" priority="0" xlink:arcrole="http://xbrl.org/int/dim/arcrole/domain-member" xlink:from="A19bfe1e24ed_0" xlink:to="A19bfe1e24ed_3" xlink:type="arc"/><loc xlink:href="http://www.xbrl.tdnet.info/taxonomy/jp/tse/tdnet/ed/t/2014-01-12/tse-ed-t-2014-01-12.xsd#tse-ed-t_TokyoStockExchangePROMarket" xlink:label="A19bfe1e24ed_8" xlink:type="locator"/><definitionArc order="5.0" priority="0" xlink:arcrole="http://xbrl.org/int/dim/arcrole/domain-member" xlink:from="A19bfe1e24ed_0" xlink:to="A19bfe1e24ed_8" xlink:type="arc"/><loc xlink:href="http://www.xbrl.tdnet.info/taxonomy/jp/tse/tdnet/ed/t/2014-01-12/tse-ed-t-2014-01-12.xsd#tse-ed-t_TokyoStockExchangeOthers" xlink:label="A19bfe1e24ed_9" xlink:type="locator"/><definitionArc order="6.0" priority="0" xlink:arcrole="http://xbrl.org/int/dim/arcrole/domain-member" xlink:from="A19bfe1e24ed_0" xlink:to="A19bfe1e24ed_9" xlink:type="arc"/><loc xlink:href="http://www.xbrl.tdnet.info/taxonomy/jp/tse/tdnet/ed/t/2014-01-12/tse-ed-t-2014-01-12.xsd#tse-ed-t_NagoyaStockExchange" xlink:label="A19bfe1e24ed_a" xlink:type="locator"/><definitionArc order="2.0" priority="0" xlink:arcrole="http://xbrl.org/int/dim/arcrole/domain-member" xlink:from="A19bfe1e24ec_0" xlink:to="A19bfe1e24ed_a" xlink:type="arc"/><loc xlink:href="http://www.xbrl.tdnet.info/taxonomy/jp/tse/tdnet/ed/t/2014-01-12/tse-ed-t-2014-01-12.xsd#tse-ed-t_NagoyaStockExchange1stSection" xlink:label="A19bfe1e24ed_b" xlink:type="locator"/><definitionArc order="1.0" priority="0" xlink:arcrole="http://xbrl.org/int/dim/arcrole/domain-member" xlink:from="A19bfe1e24ed_a" xlink:to="A19bfe1e24ed_b" xlink:type="arc"/><loc xlink:href="http://www.xbrl.tdnet.info/taxonomy/jp/tse/tdnet/ed/t/2014-01-12/tse-ed-t-2014-01-12.xsd#tse-ed-t_NagoyaStockExchange2ndSection" xlink:label="A19bfe1e24ed_c" xlink:type="locator"/><definitionArc order="2.0" priority="0" xlink:arcrole="http://xbrl.org/int/dim/arcrole/domain-member" xlink:from="A19bfe1e24ed_a" xlink:to="A19bfe1e24ed_c" xlink:type="arc"/><loc xlink:href="http://www.xbrl.tdnet.info/taxonomy/jp/tse/tdnet/ed/t/2014-01-12/tse-ed-t-2014-01-12.xsd#tse-ed-t_NagoyaStockExchangeCentrex" xlink:label="A19bfe1e24ed_d" xlink:type="locator"/><definitionArc order="3.0" priority="0" xlink:arcrole="http://xbrl.org/int/dim/arcrole/domain-member" xlink:from="A19bfe1e24ed_a" xlink:to="A19bfe1e24ed_d" xlink:type="arc"/><loc xlink:href="http://www.xbrl.tdnet.info/taxonomy/jp/tse/tdnet/ed/t/2014-01-12/tse-ed-t-2014-01-12.xsd#tse-ed-t_NagoyaStockExchangeOthers" xlink:label="A19bfe1e24ed_e" xlink:type="locator"/><definitionArc order="4.0" priority="0" xlink:arcrole="http://xbrl.org/int/dim/arcrole/domain-member" xlink:from="A19bfe1e24ed_a" xlink:to="A19bfe1e24ed_e" xlink:type="arc"/><loc xlink:href="http://www.xbrl.tdnet.info/taxonomy/jp/tse/tdnet/ed/t/2014-01-12/tse-ed-t-2014-01-12.xsd#tse-ed-t_SapporoStockExchange" xlink:label="A19bfe1e24ed_f" xlink:type="locator"/><definitionArc order="3.0" priority="0" xlink:arcrole="http://xbrl.org/int/dim/arcrole/domain-member" xlink:from="A19bfe1e24ec_0" xlink:to="A19bfe1e24ed_f" xlink:type="arc"/><loc xlink:href="http://www.xbrl.tdnet.info/taxonomy/jp/tse/tdnet/ed/t/2014-01-12/tse-ed-t-2014-01-12.xsd#tse-ed-t_SapporoStockExchangeEstablished" xlink:label="A19bfe1e24ed_10" xlink:type="locator"/><definitionArc order="1.0" priority="0" xlink:arcrole="http://xbrl.org/int/dim/arcrole/domain-member" xlink:from="A19bfe1e24ed_f" xlink:to="A19bfe1e24ed_10" xlink:type="arc"/><loc xlink:href="http://www.xbrl.tdnet.info/taxonomy/jp/tse/tdnet/ed/t/2014-01-12/tse-ed-t-2014-01-12.xsd#tse-ed-t_SapporoStockExchangeAmbitious" xlink:label="A19bfe1e24ed_11" xlink:type="locator"/><definitionArc order="2.0" priority="0" xlink:arcrole="http://xbrl.org/int/dim/arcrole/domain-member" xlink:from="A19bfe1e24ed_f" xlink:to="A19bfe1e24ed_11" xlink:type="arc"/><loc xlink:href="http://www.xbrl.tdnet.info/taxonomy/jp/tse/tdnet/ed/t/2014-01-12/tse-ed-t-2014-01-12.xsd#tse-ed-t_SapporoStockExchangeOthers" xlink:label="A19bfe1e24ed_12" xlink:type="locator"/><definitionArc order="3.0" priority="0" xlink:arcrole="http://xbrl.org/int/dim/arcrole/domain-member" xlink:from="A19bfe1e24ed_f" xlink:to="A19bfe1e24ed_12" xlink:type="arc"/><loc xlink:href="http://www.xbrl.tdnet.info/taxonomy/jp/tse/tdnet/ed/t/2014-01-12/tse-ed-t-2014-01-12.xsd#tse-ed-t_FukuokaStockExchange" xlink:label="A19bfe1e24ed_13" xlink:type="locator"/><definitionArc order="4.0" priority="0" xlink:arcrole="http://xbrl.org/int/dim/arcrole/domain-member" xlink:from="A19bfe1e24ec_0" xlink:to="A19bfe1e24ed_13" xlink:type="arc"/><loc xlink:href="http://www.xbrl.tdnet.info/taxonomy/jp/tse/tdnet/ed/t/2014-01-12/tse-ed-t-2014-01-12.xsd#tse-ed-t_FukuokaStockExchangeEstablished" xlink:label="A19bfe1e24ed_14" xlink:type="locator"/><definitionArc order="1.0" priority="0" xlink:arcrole="http://xbrl.org/int/dim/arcrole/domain-member" xlink:from="A19bfe1e24ed_13" xlink:to="A19bfe1e24ed_14" xlink:type="arc"/><loc xlink:href="http://www.xbrl.tdnet.info/taxonomy/jp/tse/tdnet/ed/t/2014-01-12/tse-ed-t-2014-01-12.xsd#tse-ed-t_FukuokaStockExchangeQBoard" xlink:label="A19bfe1e24ed_15" xlink:type="locator"/><definitionArc order="2.0" priority="0" xlink:arcrole="http://xbrl.org/int/dim/arcrole/domain-member" xlink:from="A19bfe1e24ed_13" xlink:to="A19bfe1e24ed_15" xlink:type="arc"/><loc xlink:href="http://www.xbrl.tdnet.info/taxonomy/jp/tse/tdnet/ed/t/2014-01-12/tse-ed-t-2014-01-12.xsd#tse-ed-t_FukuokaStockExchangeOthers" xlink:label="A19bfe1e24ed_16" xlink:type="locator"/><definitionArc order="3.0" priority="0" xlink:arcrole="http://xbrl.org/int/dim/arcrole/domain-member" xlink:from="A19bfe1e24ed_13" xlink:to="A19bfe1e24ed_16" xlink:type="arc"/><loc xlink:href="http://www.xbrl.tdnet.info/taxonomy/jp/tse/tdnet/ed/t/2014-01-12/tse-ed-t-2014-01-12.xsd#tse-ed-t_JapanSecuritiesDealersAssociation" xlink:label="A19bfe1e24ed_17" xlink:type="locator"/><definitionArc order="5.0" priority="0" xlink:arcrole="http://xbrl.org/int/dim/arcrole/domain-member" xlink:from="A19bfe1e24ec_0" xlink:to="A19bfe1e24ed_17" xlink:type="arc"/><loc xlink:href="http://www.xbrl.tdnet.info/taxonomy/jp/tse/tdnet/ed/t/2014-01-12/tse-ed-t-2014-01-12.xsd#tse-ed-t_JapanSecuritiesDealersAssociationGreenSheet" xlink:label="A19bfe1e24ed_18" xlink:type="locator"/><definitionArc order="1.0" priority="0" xlink:arcrole="http://xbrl.org/int/dim/arcrole/domain-member" xlink:from="A19bfe1e24ed_17" xlink:to="A19bfe1e24ed_18" xlink:type="arc"/></definitionLink><definitionLink xlink:role="http://www.xbrl.tdnet.info/jp/tse/tdnet/role/RoleNoteFinancialForecastCorrection" xlink:type="extended"><loc xlink:href="http://www.xbrl.tdnet.info/taxonomy/jp/tse/tdnet/ed/t/2014-01-12/tse-ed-t-2014-01-12.xsd#tse-ed-t_NoteFinancialForecastCorrectionHeading" xlink:label="NoteFinancialForecastCorrectionHeading" xlink:type="locator"/><loc xlink:href="http://www.xbrl.tdnet.info/taxonomy/jp/tse/tdnet/ed/t/2014-01-12/tse-ed-t-2014-01-12.xsd#tse-ed-t_NoteFinancialForecastCorrectionTable" xlink:label="NoteFinancialForecastCorrectionTable" xlink:type="locator"/><definitionArc order="1.0" priority="0" xbrldt:closed="true" xbrldt:contextElement="scenario" xlink:arcrole="http://xbrl.org/int/dim/arcrole/all" xlink:from="NoteFinancialForecastCorrectionHeading" xlink:to="NoteFinancialForecastCorrectionTable" xlink:type="arc"/><loc xlink:href="http://www.xbrl.tdnet.info/taxonomy/jp/tse/tdnet/ed/t/2014-01-12/tse-ed-t-2014-01-12.xsd#tse-ed-t_NoteFinancialForecastCorrectionLineItems" xlink:label="NoteFinancialForecastCorrectionLineItems" xlink:type="locator"/><definitionArc order="2.0" priority="0" xlink:arcrole="http://xbrl.org/int/dim/arcrole/domain-member" xlink:from="NoteFinancialForecastCorrectionHeading" xlink:to="NoteFinancialForecastCorrectionLineItems" xlink:type="arc"/><loc xlink:href="http://www.xbrl.tdnet.info/taxonomy/jp/tse/tdnet/ed/t/2014-01-12/tse-ed-t-2014-01-12.xsd#tse-ed-t_NoteAndReasonForCorrectionAbstract" xlink:label="NoteAndReasonForCorrectionAbstract" xlink:type="locator"/><definitionArc order="1.0" priority="0" xlink:arcrole="http://xbrl.org/int/dim/arcrole/domain-member" xlink:from="NoteFinancialForecastCorrectionLineItems" xlink:to="NoteAndReasonForCorrectionAbstract" xlink:type="arc"/><loc xlink:href="http://www.xbrl.tdnet.info/taxonomy/jp/tse/tdnet/ed/t/2014-01-12/tse-ed-t-2014-01-12.xsd#tse-ed-t_NoteToFinancialForecastAbstract" xlink:label="NoteToFinancialForecastAbstract" xlink:type="locator"/><definitionArc order="1.0" priority="0" xlink:arcrole="http://xbrl.org/int/dim/arcrole/domain-member" xlink:from="NoteAndReasonForCorrectionAbstract" xlink:to="NoteToFinancialForecastAbstract" xlink:type="arc"/><loc xlink:href="http://www.xbrl.tdnet.info/taxonomy/jp/tse/tdnet/ed/t/2014-01-12/tse-ed-t-2014-01-12.xsd#tse-ed-t_NoteToFinancialForecast" xlink:label="NoteToFinancialForecast" xlink:type="locator"/><definitionArc order="1.0" priority="0" xlink:arcrole="http://xbrl.org/int/dim/arcrole/domain-member" xlink:from="NoteToFinancialForecastAbstract" xlink:to="NoteToFinancialForecast" xlink:type="arc"/><loc xlink:href="http://www.xbrl.tdnet.info/taxonomy/jp/tse/tdnet/ed/t/2014-01-12/tse-ed-t-2014-01-12.xsd#tse-ed-t_ReasonForForecastCorrectionAbstract" xlink:label="ReasonForForecastCorrectionAbstract" xlink:type="locator"/><definitionArc order="2.0" priority="0" xlink:arcrole="http://xbrl.org/int/dim/arcrole/domain-member" xlink:from="NoteAndReasonForCorrectionAbstract" xlink:to="ReasonForForecastCorrectionAbstract" xlink:type="arc"/><loc xlink:href="http://www.xbrl.tdnet.info/taxonomy/jp/tse/tdnet/ed/t/2014-01-12/tse-ed-t-2014-01-12.xsd#tse-ed-t_ReasonForForecastCorrection" xlink:label="ReasonForForecastCorrection" xlink:type="locator"/><definitionArc order="1.0" priority="0" xlink:arcrole="http://xbrl.org/int/dim/arcrole/domain-member" xlink:from="ReasonForForecastCorrectionAbstract" xlink:to="ReasonForForecastCorrection" xlink:type="arc"/></definitionLink><definitionLink xlink:role="http://www.xbrl.tdnet.info/jp/tse/tdnet/role/RoleConsolidatedInformationAnnual" xlink:type="extended"><loc xlink:href="http://www.xbrl.tdnet.info/taxonomy/jp/tse/tdnet/ed/t/2014-01-12/tse-ed-t-2014-01-12.xsd#tse-ed-t_ConsolidatedInformationAnnualHeading" xlink:label="A19bf897f57f_0" xlink:type="locator"/><loc xlink:href="http://www.xbrl.tdnet.info/taxonomy/jp/tse/tdnet/ed/t/2014-01-12/tse-ed-t-2014-01-12.xsd#tse-ed-t_ConsolidatedInformationAnnualTable" xlink:label="A19bf897f57f_1" xlink:type="locator"/><definitionArc order="1.0" priority="0" xbrldt:closed="true" xbrldt:contextElement="scenario" xlink:arcrole="http://xbrl.org/int/dim/arcrole/all" xlink:from="A19bf897f57f_0" xlink:to="A19bf897f57f_1" xlink:type="arc"/><loc xlink:href="http://www.xbrl.tdnet.info/taxonomy/jp/tse/tdnet/ed/t/2014-01-12/tse-ed-t-2014-01-12.xsd#tse-ed-t_ConsolidatedNonconsolidatedAxis" xlink:label="A19bf897f57f_2" xlink:type="locator"/><definitionArc order="1.0" priority="0" xlink:arcrole="http://xbrl.org/int/dim/arcrole/hypercube-dimension" xlink:from="A19bf897f57f_1" xlink:to="A19bf897f57f_2" xlink:type="arc"/><loc xlink:href="http://www.xbrl.tdnet.info/taxonomy/jp/tse/tdnet/ed/t/2014-01-12/tse-ed-t-2014-01-12.xsd#tse-ed-t_ConsolidatedMember" xlink:label="A19bf897f580_0" xlink:type="locator"/><definitionArc order="1.0" priority="0" xlink:arcrole="http://xbrl.org/int/dim/arcrole/dimension-domain" xlink:from="A19bf897f57f_2" xlink:to="A19bf897f580_0" xlink:type="arc"/><loc xlink:href="http://www.xbrl.tdnet.info/taxonomy/jp/tse/tdnet/ed/t/2014-01-12/tse-ed-t-2014-01-12.xsd#tse-ed-t_ResultForecastAxis" xlink:label="A19bf897f580_1" xlink:type="locator"/><definitionArc order="2.0" priority="0" xlink:arcrole="http://xbrl.org/int/dim/arcrole/hypercube-dimension" xlink:from="A19bf897f57f_1" xlink:to="A19bf897f580_1" xlink:type="arc"/><loc xlink:href="http://www.xbrl.tdnet.info/taxonomy/jp/tse/tdnet/ed/t/2014-01-12/tse-ed-t-2014-01-12.xsd#tse-ed-t_ResultMember" xlink:label="A19bf897f580_2" xlink:type="locator"/><definitionArc order="1.0" priority="0" xlink:arcrole="http://xbrl.org/int/dim/arcrole/dimension-domain" xlink:from="A19bf897f580_1" xlink:to="A19bf897f580_2" xlink:type="arc"/><loc xlink:href="http://www.xbrl.tdnet.info/taxonomy/jp/tse/tdnet/ed/t/2014-01-12/tse-ed-t-2014-01-12.xsd#tse-ed-t_ForecastMember" xlink:label="A19bf897f580_3" xlink:type="locator"/><definitionArc order="2.0" priority="0" xlink:arcrole="http://xbrl.org/int/dim/arcrole/dimension-domain" xlink:from="A19bf897f580_1" xlink:to="A19bf897f580_3" xlink:type="arc"/><loc xlink:href="http://www.xbrl.tdnet.info/taxonomy/jp/tse/tdnet/ed/t/2014-01-12/tse-ed-t-2014-01-12.xsd#tse-ed-t_UpperMember" xlink:label="A19bf897f580_4" xlink:type="locator"/><definitionArc order="3.0" priority="0" xlink:arcrole="http://xbrl.org/int/dim/arcrole/dimension-domain" xlink:from="A19bf897f580_1" xlink:to="A19bf897f580_4" xlink:type="arc"/><loc xlink:href="http://www.xbrl.tdnet.info/taxonomy/jp/tse/tdnet/ed/t/2014-01-12/tse-ed-t-2014-01-12.xsd#tse-ed-t_LowerMember" xlink:label="A19bf897f580_5" xlink:type="locator"/><definitionArc order="4.0" priority="0" xlink:arcrole="http://xbrl.org/int/dim/arcrole/dimension-domain" xlink:from="A19bf897f580_1" xlink:to="A19bf897f580_5" xlink:type="arc"/><loc xlink:href="http://www.xbrl.tdnet.info/taxonomy/jp/tse/tdnet/ed/t/2014-01-12/tse-ed-t-2014-01-12.xsd#tse-ed-t_PreviousCurrentAxis" xlink:label="A19bf897f580_6" xlink:type="locator"/><definitionArc order="3.0" priority="0" xlink:arcrole="http://xbrl.org/int/dim/arcrole/hypercube-dimension" xlink:from="A19bf897f57f_1" xlink:to="A19bf897f580_6" xlink:type="arc"/><loc xlink:href="http://www.xbrl.tdnet.info/taxonomy/jp/tse/tdnet/ed/t/2014-01-12/tse-ed-t-2014-01-12.xsd#tse-ed-t_PreviousMember" xlink:label="A19bf897f580_7" xlink:type="locator"/><definitionArc order="1.0" priority="0" xlink:arcrole="http://xbrl.org/int/dim/arcrole/dimension-domain" xlink:from="A19bf897f580_6" xlink:to="A19bf897f580_7" xlink:type="arc"/><loc xlink:href="http://www.xbrl.tdnet.info/taxonomy/jp/tse/tdnet/ed/t/2014-01-12/tse-ed-t-2014-01-12.xsd#tse-ed-t_CurrentMember" xlink:label="A19bf897f580_8" xlink:type="locator"/><definitionArc order="2.0" priority="0" xlink:arcrole="http://xbrl.org/int/dim/arcrole/dimension-domain" xlink:from="A19bf897f580_6" xlink:to="A19bf897f580_8" xlink:type="arc"/><loc xlink:href="http://www.xbrl.tdnet.info/taxonomy/jp/tse/tdnet/ed/t/2014-01-12/tse-ed-t-2014-01-12.xsd#tse-ed-t_ConsolidatedInformationAnnualLineItems" xlink:label="A19bf897f580_9" xlink:type="locator"/><definitionArc order="2.0" priority="0" xlink:arcrole="http://xbrl.org/int/dim/arcrole/domain-member" xlink:from="A19bf897f57f_0" xlink:to="A19bf897f580_9" xlink:type="arc"/><loc xlink:href="http://www.xbrl.tdnet.info/taxonomy/jp/tse/tdnet/ed/t/2014-01-12/tse-ed-t-2014-01-12.xsd#tse-ed-t_FinancialForecastCorrectionAbstract" xlink:label="A19bf897f580_a" xlink:type="locator"/><definitionArc order="1.0" priority="0" xlink:arcrole="http://xbrl.org/int/dim/arcrole/domain-member" xlink:from="A19bf897f580_9" xlink:to="A19bf897f580_a" xlink:type="arc"/><loc xlink:href="http://www.xbrl.tdnet.info/taxonomy/jp/tse/tdnet/ed/t/2014-01-12/tse-ed-t-2014-01-12.xsd#tse-ed-t_ForecastCorrectionOfAnnualConsolidatedFinancialResultsAbstract" xlink:label="A19bf897f580_b" xlink:type="locator"/><definitionArc order="1.0" priority="0" xlink:arcrole="http://xbrl.org/int/dim/arcrole/domain-member" xlink:from="A19bf897f580_a" xlink:to="A19bf897f580_b" xlink:type="arc"/><loc xlink:href="http://www.xbrl.tdnet.info/taxonomy/jp/tse/tdnet/ed/t/2014-01-12/tse-ed-t-2014-01-12.xsd#tse-ed-t_PreambleToConsolidatedForecastsAbstract" xlink:label="A19bf897f581_0" xlink:type="locator"/><definitionArc order="1.0" priority="0" xlink:arcrole="http://xbrl.org/int/dim/arcrole/domain-member" xlink:from="A19bf897f580_b" xlink:to="A19bf897f581_0" xlink:type="arc"/><loc xlink:href="http://www.xbrl.tdnet.info/taxonomy/jp/tse/tdnet/ed/t/2014-01-12/tse-ed-t-2014-01-12.xsd#tse-ed-t_PreambleToForecasts" xlink:label="A19bf897f581_1" xlink:type="locator"/><definitionArc order="1.0" priority="0" xlink:arcrole="http://xbrl.org/int/dim/arcrole/domain-member" xlink:from="A19bf897f581_0" xlink:to="A19bf897f581_1" xlink:type="arc"/><loc xlink:href="http://www.xbrl.tdnet.info/taxonomy/jp/tse/tdnet/ed/t/2014-01-12/tse-ed-t-2014-01-12.xsd#tse-ed-t_MainTableOfConsolidatedForecastsAbstract" xlink:label="A19bf897f581_2" xlink:type="locator"/><definitionArc order="2.0" priority="0" xlink:arcrole="http://xbrl.org/int/dim/arcrole/domain-member" xlink:from="A19bf897f580_b" xlink:to="A19bf897f581_2" xlink:type="arc"/><loc xlink:href="http://www.xbrl.tdnet.info/taxonomy/jp/tse/tdnet/ed/t/2014-01-12/tse-ed-t-2014-01-12.xsd#tse-ed-t_NetSalesCorrectionAbstract" xlink:label="A19bfe20331a_0" xlink:type="locator"/><definitionArc order="1.0" priority="0" xlink:arcrole="http://xbrl.org/int/dim/arcrole/domain-member" xlink:from="A19bf897f581_2" xlink:to="A19bfe20331a_0" xlink:type="arc"/><loc xlink:href="http://www.xbrl.tdnet.info/taxonomy/jp/tse/tdnet/ed/t/2014-01-12/tse-ed-t-2014-01-12.xsd#tse-ed-t_NetSales" xlink:label="A19bfe20331a_1" xlink:type="locator"/><definitionArc order="1.0" priority="0" xlink:arcrole="http://xbrl.org/int/dim/arcrole/domain-member" xlink:from="A19bfe20331a_0" xlink:to="A19bfe20331a_1" xlink:type="arc"/><loc xlink:href="http://www.xbrl.tdnet.info/taxonomy/jp/tse/tdnet/ed/t/2014-01-12/tse-ed-t-2014-01-12.xsd#tse-ed-t_AmountChangeNetSales" xlink:label="A19bfe20331a_2" xlink:type="locator"/><definitionArc order="2.0" priority="0" xlink:arcrole="http://xbrl.org/int/dim/arcrole/domain-member" xlink:from="A19bfe20331a_0" xlink:to="A19bfe20331a_2" xlink:type="arc"/><loc xlink:href="http://www.xbrl.tdnet.info/taxonomy/jp/tse/tdnet/ed/t/2014-01-12/tse-ed-t-2014-01-12.xsd#tse-ed-t_ChangeInNetSales" xlink:label="A19bfe20331a_3" xlink:type="locator"/><definitionArc order="3.0" priority="0" xlink:arcrole="http://xbrl.org/int/dim/arcrole/domain-member" xlink:from="A19bfe20331a_0" xlink:to="A19bfe20331a_3" xlink:type="arc"/><loc xlink:href="http://www.xbrl.tdnet.info/taxonomy/jp/tse/tdnet/ed/t/2014-01-12/tse-ed-t-2014-01-12.xsd#tse-ed-t_OperatingIncomeCorrectionAbstract" xlink:label="A19bfe20331a_4" xlink:type="locator"/><definitionArc order="2.0" priority="0" xlink:arcrole="http://xbrl.org/int/dim/arcrole/domain-member" xlink:from="A19bf897f581_2" xlink:to="A19bfe20331a_4" xlink:type="arc"/><loc xlink:href="http://www.xbrl.tdnet.info/taxonomy/jp/tse/tdnet/ed/t/2014-01-12/tse-ed-t-2014-01-12.xsd#tse-ed-t_OperatingIncome" xlink:label="A19bfe20331a_5" xlink:type="locator"/><definitionArc order="1.0" priority="0" xlink:arcrole="http://xbrl.org/int/dim/arcrole/domain-member" xlink:from="A19bfe20331a_4" xlink:to="A19bfe20331a_5" xlink:type="arc"/><loc xlink:href="http://www.xbrl.tdnet.info/taxonomy/jp/tse/tdnet/ed/t/2014-01-12/tse-ed-t-2014-01-12.xsd#tse-ed-t_AmountChangeOperatingIncome" xlink:label="A19bfe20331a_6" xlink:type="locator"/><definitionArc order="2.0" priority="0" xlink:arcrole="http://xbrl.org/int/dim/arcrole/domain-member" xlink:from="A19bfe20331a_4" xlink:to="A19bfe20331a_6" xlink:type="arc"/><loc xlink:href="http://www.xbrl.tdnet.info/taxonomy/jp/tse/tdnet/ed/t/2014-01-12/tse-ed-t-2014-01-12.xsd#tse-ed-t_ChangeInOperatingIncome" xlink:label="A19bfe20331a_7" xlink:type="locator"/><definitionArc order="3.0" priority="0" xlink:arcrole="http://xbrl.org/int/dim/arcrole/domain-member" xlink:from="A19bfe20331a_4" xlink:to="A19bfe20331a_7" xlink:type="arc"/><loc xlink:href="http://www.xbrl.tdnet.info/taxonomy/jp/tse/tdnet/ed/t/2014-01-12/tse-ed-t-2014-01-12.xsd#tse-ed-t_OrdinaryIncomeCorrectionAbstract" xlink:label="A19bfe20331a_8" xlink:type="locator"/><definitionArc order="3.0" priority="0" xlink:arcrole="http://xbrl.org/int/dim/arcrole/domain-member" xlink:from="A19bf897f581_2" xlink:to="A19bfe20331a_8" xlink:type="arc"/><loc xlink:href="http://www.xbrl.tdnet.info/taxonomy/jp/tse/tdnet/ed/t/2014-01-12/tse-ed-t-2014-01-12.xsd#tse-ed-t_OrdinaryIncome" xlink:label="A19bfe20331a_9" xlink:type="locator"/><definitionArc order="1.0" priority="0" xlink:arcrole="http://xbrl.org/int/dim/arcrole/domain-member" xlink:from="A19bfe20331a_8" xlink:to="A19bfe20331a_9" xlink:type="arc"/><loc xlink:href="http://www.xbrl.tdnet.info/taxonomy/jp/tse/tdnet/ed/t/2014-01-12/tse-ed-t-2014-01-12.xsd#tse-ed-t_AmountChangeOrdinaryIncome" xlink:label="A19bfe20331a_a" xlink:type="locator"/><definitionArc order="2.0" priority="0" xlink:arcrole="http://xbrl.org/int/dim/arcrole/domain-member" xlink:from="A19bfe20331a_8" xlink:to="A19bfe20331a_a" xlink:type="arc"/><loc xlink:href="http://www.xbrl.tdnet.info/taxonomy/jp/tse/tdnet/ed/t/2014-01-12/tse-ed-t-2014-01-12.xsd#tse-ed-t_ChangeInOrdinaryIncome" xlink:label="A19bfe20331a_b" xlink:type="locator"/><definitionArc order="3.0" priority="0" xlink:arcrole="http://xbrl.org/int/dim/arcrole/domain-member" xlink:from="A19bfe20331a_8" xlink:to="A19bfe20331a_b" xlink:type="arc"/><loc xlink:href="http://www.xbrl.tdnet.info/taxonomy/jp/tse/tdnet/ed/t/2014-01-12/tse-ed-t-2014-01-12.xsd#tse-ed-t_ProfitAttributableToOwnersOfParentCorrectionAbstract" xlink:label="A19bfe20331b_0" xlink:type="locator"/><definitionArc order="4.0" priority="0" xlink:arcrole="http://xbrl.org/int/dim/arcrole/domain-member" xlink:from="A19bf897f581_2" xlink:to="A19bfe20331b_0" xlink:type="arc"/><loc xlink:href="http://www.xbrl.tdnet.info/taxonomy/jp/tse/tdnet/ed/t/2014-01-12/tse-ed-t-2014-01-12.xsd#tse-ed-t_ProfitAttributableToOwnersOfParent" xlink:label="A19bfe20331b_1" xlink:type="locator"/><definitionArc order="1.0" priority="0" xlink:arcrole="http://xbrl.org/int/dim/arcrole/domain-member" xlink:from="A19bfe20331b_0" xlink:to="A19bfe20331b_1" xlink:type="arc"/><loc xlink:href="http://www.xbrl.tdnet.info/taxonomy/jp/tse/tdnet/ed/t/2014-01-12/tse-ed-t-2014-01-12.xsd#tse-ed-t_AmountChangeProfitAttributableToOwnersOfParent" xlink:label="A19bfe20331b_2" xlink:type="locator"/><definitionArc order="2.0" priority="0" xlink:arcrole="http://xbrl.org/int/dim/arcrole/domain-member" xlink:from="A19bfe20331b_0" xlink:to="A19bfe20331b_2" xlink:type="arc"/><loc xlink:href="http://www.xbrl.tdnet.info/taxonomy/jp/tse/tdnet/ed/t/2014-01-12/tse-ed-t-2014-01-12.xsd#tse-ed-t_ChangeInProfitAttributableToOwnersOfParent" xlink:label="A19bfe20331b_3" xlink:type="locator"/><definitionArc order="3.0" priority="0" xlink:arcrole="http://xbrl.org/int/dim/arcrole/domain-member" xlink:from="A19bfe20331b_0" xlink:to="A19bfe20331b_3" xlink:type="arc"/><loc xlink:href="http://www.xbrl.tdnet.info/taxonomy/jp/tse/tdnet/ed/t/2014-01-12/tse-ed-t-2014-01-12.xsd#tse-ed-t_NetIncomePerShareCorrectionAbstract" xlink:label="A19bfe20331b_4" xlink:type="locator"/><definitionArc order="5.0" priority="0" xlink:arcrole="http://xbrl.org/int/dim/arcrole/domain-member" xlink:from="A19bf897f581_2" xlink:to="A19bfe20331b_4" xlink:type="arc"/><loc xlink:href="http://www.xbrl.tdnet.info/taxonomy/jp/tse/tdnet/ed/t/2014-01-12/tse-ed-t-2014-01-12.xsd#tse-ed-t_NetIncomePerShare" xlink:label="A19bfe20331b_5" xlink:type="locator"/><definitionArc order="1.0" priority="0" xlink:arcrole="http://xbrl.org/int/dim/arcrole/domain-member" xlink:from="A19bfe20331b_4" xlink:to="A19bfe20331b_5" xlink:type="arc"/></definitionLink></linkbase>