<?xml version="1.0" encoding="utf-8"?>
<!-- Generated by PRONEXUS WORKS --><link:linkbase xmlns:link="http://www.xbrl.org/2003/linkbase" xmlns:xsi="http://www.w3.org/2001/XMLSchema-instance" xmlns:xbrli="http://www.xbrl.org/2003/instance" xmlns:xlink="http://www.w3.org/1999/xlink">  <link:labelLink xlink:type="extended" xlink:role="http://www.xbrl.org/2003/role/link">    <link:loc xlink:type="locator" xlink:href="tse-anedjpfr-469A0-2025-11-30-01-2026-01-14.xsd#tse-anedjpfr-469A0_PointIncomeNOI" xlink:label="PointIncomeNOI" />    <link:loc xlink:type="locator" xlink:href="tse-anedjpfr-469A0-2025-11-30-01-2026-01-14.xsd#tse-anedjpfr-469A0_CashbackIncomeNOI" xlink:label="CashbackIncomeNOI" />    <link:loc xlink:type="locator" xlink:href="tse-anedjpfr-469A0-2025-11-30-01-2026-01-14.xsd#tse-anedjpfr-469A0_IncreaseDecreaseInAccountsPayableTradeOpeCF" xlink:label="IncreaseDecreaseInAccountsPayableTradeOpeCF" />    <link:label xlink:type="resource" xlink:label="label_PointIncomeNOI" xml:lang="en" xlink:role="http://www.xbrl.org/2003/role/label" id="label_PointIncomeNOI">Point income</link:label>    <link:labelArc xlink:type="arc" xlink:arcrole="http://www.xbrl.org/2003/arcrole/concept-label" xlink:from="PointIncomeNOI" xlink:to="label_PointIncomeNOI" />    <link:label xlink:type="resource" xlink:label="label_PointIncomeNOI_2" xml:lang="en" xlink:role="http://www.xbrl.org/2003/role/verboseLabel" id="label_PointIncomeNOI_2">Point income-NOI</link:label>    <link:labelArc xlink:type="arc" xlink:arcrole="http://www.xbrl.org/2003/arcrole/concept-label" xlink:from="PointIncomeNOI" xlink:to="label_PointIncomeNOI_2" />    <link:label xlink:type="resource" xlink:label="label_CashbackIncomeNOI" xml:lang="en" xlink:role="http://www.xbrl.org/2003/role/label" id="label_CashbackIncomeNOI">Cashback income</link:label>    <link:labelArc xlink:type="arc" xlink:arcrole="http://www.xbrl.org/2003/arcrole/concept-label" xlink:from="CashbackIncomeNOI" xlink:to="label_CashbackIncomeNOI" />    <link:label xlink:type="resource" xlink:label="label_CashbackIncomeNOI_2" xml:lang="en" xlink:role="http://www.xbrl.org/2003/role/verboseLabel" id="label_CashbackIncomeNOI_2">Cashback income-NOI</link:label>    <link:labelArc xlink:type="arc" xlink:arcrole="http://www.xbrl.org/2003/arcrole/concept-label" xlink:from="CashbackIncomeNOI" xlink:to="label_CashbackIncomeNOI_2" />    <link:label xlink:type="resource" xlink:label="label_IncreaseDecreaseInAccountsPayableTradeOpeCF" xml:lang="en" xlink:role="http://www.xbrl.org/2003/role/label" id="label_IncreaseDecreaseInAccountsPayableTradeOpeCF">Increase (decrease) in accounts payable - trade</link:label>    <link:labelArc xlink:type="arc" xlink:arcrole="http://www.xbrl.org/2003/arcrole/concept-label" xlink:from="IncreaseDecreaseInAccountsPayableTradeOpeCF" xlink:to="label_IncreaseDecreaseInAccountsPayableTradeOpeCF" />    <link:label xlink:type="resource" xlink:label="label_IncreaseDecreaseInAccountsPayableTradeOpeCF_2" xml:lang="en" xlink:role="http://www.xbrl.org/2003/role/verboseLabel" id="label_IncreaseDecreaseInAccountsPayableTradeOpeCF_2">Increase (decrease) in accounts payable-trade-OpeCF</link:label>    <link:labelArc xlink:type="arc" xlink:arcrole="http://www.xbrl.org/2003/arcrole/concept-label" xlink:from="IncreaseDecreaseInAccountsPayableTradeOpeCF" xlink:to="label_IncreaseDecreaseInAccountsPayableTradeOpeCF_2" />  </link:labelLink></link:linkbase>