﻿<?xml version="1.0" encoding="utf-8"?>
<!-- XBRL Document Created with WizLabo Platform -->
<link:linkbase xmlns:xlink="http://www.w3.org/1999/xlink" xmlns:xsi="http://www.w3.org/2001/XMLSchema-instance" xmlns:link="http://www.xbrl.org/2003/linkbase">
  <link:labelLink xlink:type="extended" xlink:role="http://www.xbrl.org/2003/role/link">
    <link:label xml:lang="en" xlink:type="resource" xlink:label="tse-qcedjpfr-73510_AccountsReceivableTradeAndContractAssetsCA_label" xlink:role="http://www.xbrl.org/2003/role/label">Accounts receivable - trade, and contract assets</link:label>
    <link:label xml:lang="en" xlink:type="resource" xlink:label="tse-qcedjpfr-73510_AccountsReceivableTradeAndContractAssetsCA_label_1" xlink:role="http://www.xbrl.org/2003/role/verboseLabel">Accounts receivable - trade, and contract assets-CA</link:label>
    <link:label xml:lang="en" xlink:type="resource" xlink:label="tse-qcedjpfr-73510_CustomerRelatedAssetsIA_label" xlink:role="http://www.xbrl.org/2003/role/label">Customer-related assets</link:label>
    <link:label xml:lang="en" xlink:type="resource" xlink:label="tse-qcedjpfr-73510_CustomerRelatedAssetsIA_label_1" xlink:role="http://www.xbrl.org/2003/role/verboseLabel">Customer-related assets-IA</link:label>
    <link:label xml:lang="en" xlink:type="resource" xlink:label="tse-qcedjpfr-73510_DesignPartnerBusinessReportableSegmentMember_label" xlink:role="http://www.xbrl.org/2003/role/label">Design partner business</link:label>
    <link:label xml:lang="en" xlink:type="resource" xlink:label="tse-qcedjpfr-73510_DesignPartnerBusinessReportableSegmentMember_label_1" xlink:role="http://www.xbrl.org/2003/role/verboseLabel">Design partner business, Reportable segment [member]</link:label>
    <link:label xml:lang="en" xlink:type="resource" xlink:label="tse-qcedjpfr-73510_DesignPlatformBusinessReportableSegmentMember_label" xlink:role="http://www.xbrl.org/2003/role/label">Design platform business</link:label>
    <link:label xml:lang="en" xlink:type="resource" xlink:label="tse-qcedjpfr-73510_DesignPlatformBusinessReportableSegmentMember_label_1" xlink:role="http://www.xbrl.org/2003/role/verboseLabel">Design platform business, Reportable segment [member]</link:label>
    <link:loc xlink:type="locator" xlink:href="tse-qcedjpfr-73510-2025-11-30-01-2026-01-14.xsd#tse-qcedjpfr-73510_AccountsReceivableTradeAndContractAssetsCA" xlink:label="tse-qcedjpfr-73510_AccountsReceivableTradeAndContractAssetsCA" />
    <link:loc xlink:type="locator" xlink:href="tse-qcedjpfr-73510-2025-11-30-01-2026-01-14.xsd#tse-qcedjpfr-73510_CustomerRelatedAssetsIA" xlink:label="tse-qcedjpfr-73510_CustomerRelatedAssetsIA" />
    <link:loc xlink:type="locator" xlink:href="tse-qcedjpfr-73510-2025-11-30-01-2026-01-14.xsd#tse-qcedjpfr-73510_DesignPartnerBusinessReportableSegmentMember" xlink:label="tse-qcedjpfr-73510_DesignPartnerBusinessReportableSegmentMember" />
    <link:loc xlink:type="locator" xlink:href="tse-qcedjpfr-73510-2025-11-30-01-2026-01-14.xsd#tse-qcedjpfr-73510_DesignPlatformBusinessReportableSegmentMember" xlink:label="tse-qcedjpfr-73510_DesignPlatformBusinessReportableSegmentMember" />
    <link:labelArc xlink:type="arc" xlink:from="tse-qcedjpfr-73510_AccountsReceivableTradeAndContractAssetsCA" xlink:to="tse-qcedjpfr-73510_AccountsReceivableTradeAndContractAssetsCA_label" xlink:arcrole="http://www.xbrl.org/2003/arcrole/concept-label" order="1" />
    <link:labelArc xlink:type="arc" xlink:from="tse-qcedjpfr-73510_AccountsReceivableTradeAndContractAssetsCA" xlink:to="tse-qcedjpfr-73510_AccountsReceivableTradeAndContractAssetsCA_label_1" xlink:arcrole="http://www.xbrl.org/2003/arcrole/concept-label" order="1" />
    <link:labelArc xlink:type="arc" xlink:from="tse-qcedjpfr-73510_CustomerRelatedAssetsIA" xlink:to="tse-qcedjpfr-73510_CustomerRelatedAssetsIA_label" xlink:arcrole="http://www.xbrl.org/2003/arcrole/concept-label" order="1" />
    <link:labelArc xlink:type="arc" xlink:from="tse-qcedjpfr-73510_CustomerRelatedAssetsIA" xlink:to="tse-qcedjpfr-73510_CustomerRelatedAssetsIA_label_1" xlink:arcrole="http://www.xbrl.org/2003/arcrole/concept-label" order="1" />
    <link:labelArc xlink:type="arc" xlink:from="tse-qcedjpfr-73510_DesignPartnerBusinessReportableSegmentMember" xlink:to="tse-qcedjpfr-73510_DesignPartnerBusinessReportableSegmentMember_label" xlink:arcrole="http://www.xbrl.org/2003/arcrole/concept-label" order="1" />
    <link:labelArc xlink:type="arc" xlink:from="tse-qcedjpfr-73510_DesignPartnerBusinessReportableSegmentMember" xlink:to="tse-qcedjpfr-73510_DesignPartnerBusinessReportableSegmentMember_label_1" xlink:arcrole="http://www.xbrl.org/2003/arcrole/concept-label" order="1" />
    <link:labelArc xlink:type="arc" xlink:from="tse-qcedjpfr-73510_DesignPlatformBusinessReportableSegmentMember" xlink:to="tse-qcedjpfr-73510_DesignPlatformBusinessReportableSegmentMember_label" xlink:arcrole="http://www.xbrl.org/2003/arcrole/concept-label" order="1" />
    <link:labelArc xlink:type="arc" xlink:from="tse-qcedjpfr-73510_DesignPlatformBusinessReportableSegmentMember" xlink:to="tse-qcedjpfr-73510_DesignPlatformBusinessReportableSegmentMember_label_1" xlink:arcrole="http://www.xbrl.org/2003/arcrole/concept-label" order="1" />
  </link:labelLink>
</link:linkbase>