<?xml version="1.0" encoding="utf-8"?>
<!-- Generated by PRONEXUS WORKS --><link:linkbase xmlns:link="http://www.xbrl.org/2003/linkbase" xmlns:xsi="http://www.w3.org/2001/XMLSchema-instance" xmlns:xbrli="http://www.xbrl.org/2003/instance" xmlns:xlink="http://www.w3.org/1999/xlink">  <link:labelLink xlink:type="extended" xlink:role="http://www.xbrl.org/2003/role/link">    <link:loc xlink:type="locator" xlink:href="tse-qcedjpfr-33910-2025-11-30-01-2026-01-08.xsd#tse-qcedjpfr-33910_GainOnDonationOfNoncurrentAssetNOI" xlink:label="GainOnDonationOfNoncurrentAssetNOI" />    <link:loc xlink:type="locator" xlink:href="tse-qcedjpfr-33910-2025-11-30-01-2026-01-08.xsd#tse-qcedjpfr-33910_ProvisionForLossOnStoreClosingNCL" xlink:label="ProvisionForLossOnStoreClosingNCL" />    <link:loc xlink:type="locator" xlink:href="tse-qcedjpfr-33910-2025-11-30-01-2026-01-08.xsd#tse-qcedjpfr-33910_ExpenseRelatedToRetrospectiveAdjustmentEL" xlink:label="ExpenseRelatedToRetrospectiveAdjustmentEL" />    <link:loc xlink:type="locator" xlink:href="tse-qcedjpfr-33910-2025-11-30-01-2026-01-08.xsd#tse-qcedjpfr-33910_ProvisionForLossOnStoreClosingCL" xlink:label="ProvisionForLossOnStoreClosingCL" />    <link:label xlink:type="resource" xlink:label="label_ProvisionForLossOnStoreClosingCL" xml:lang="ja" xlink:role="http://www.xbrl.org/2003/role/label" id="label_ProvisionForLossOnStoreClosingCL">店舗閉鎖損失引当金</link:label>    <link:labelArc xlink:type="arc" xlink:arcrole="http://www.xbrl.org/2003/arcrole/concept-label" xlink:from="ProvisionForLossOnStoreClosingCL" xlink:to="label_ProvisionForLossOnStoreClosingCL" />    <link:label xlink:type="resource" xlink:label="label_ProvisionForLossOnStoreClosingCL_2" xml:lang="ja" xlink:role="http://www.xbrl.org/2003/role/verboseLabel" id="label_ProvisionForLossOnStoreClosingCL_2">店舗閉鎖損失引当金、流動負債</link:label>    <link:labelArc xlink:type="arc" xlink:arcrole="http://www.xbrl.org/2003/arcrole/concept-label" xlink:from="ProvisionForLossOnStoreClosingCL" xlink:to="label_ProvisionForLossOnStoreClosingCL_2" />    <link:label xlink:type="resource" xlink:label="label_ProvisionForLossOnStoreClosingNCL" xml:lang="ja" xlink:role="http://www.xbrl.org/2003/role/label" id="label_ProvisionForLossOnStoreClosingNCL">店舗閉鎖損失引当金</link:label>    <link:labelArc xlink:type="arc" xlink:arcrole="http://www.xbrl.org/2003/arcrole/concept-label" xlink:from="ProvisionForLossOnStoreClosingNCL" xlink:to="label_ProvisionForLossOnStoreClosingNCL" />    <link:label xlink:type="resource" xlink:label="label_ProvisionForLossOnStoreClosingNCL_2" xml:lang="ja" xlink:role="http://www.xbrl.org/2003/role/verboseLabel" id="label_ProvisionForLossOnStoreClosingNCL_2">店舗閉鎖損失引当金、固定負債</link:label>    <link:labelArc xlink:type="arc" xlink:arcrole="http://www.xbrl.org/2003/arcrole/concept-label" xlink:from="ProvisionForLossOnStoreClosingNCL" xlink:to="label_ProvisionForLossOnStoreClosingNCL_2" />    <link:label xlink:type="resource" xlink:label="label_GainOnDonationOfNoncurrentAssetNOI" xml:lang="ja" xlink:role="http://www.xbrl.org/2003/role/label" id="label_GainOnDonationOfNoncurrentAssetNOI">備品受贈益</link:label>    <link:labelArc xlink:type="arc" xlink:arcrole="http://www.xbrl.org/2003/arcrole/concept-label" xlink:from="GainOnDonationOfNoncurrentAssetNOI" xlink:to="label_GainOnDonationOfNoncurrentAssetNOI" />    <link:label xlink:type="resource" xlink:label="label_GainOnDonationOfNoncurrentAssetNOI_2" xml:lang="ja" xlink:role="http://www.xbrl.org/2003/role/verboseLabel" id="label_GainOnDonationOfNoncurrentAssetNOI_2">備品受贈益、営業外収益</link:label>    <link:labelArc xlink:type="arc" xlink:arcrole="http://www.xbrl.org/2003/arcrole/concept-label" xlink:from="GainOnDonationOfNoncurrentAssetNOI" xlink:to="label_GainOnDonationOfNoncurrentAssetNOI_2" />    <link:label xlink:type="resource" xlink:label="label_ExpenseRelatedToRetrospectiveAdjustmentEL" xml:lang="ja" xlink:role="http://www.xbrl.org/2003/role/label" id="label_ExpenseRelatedToRetrospectiveAdjustmentEL">過年度決算訂正関連費用</link:label>    <link:labelArc xlink:type="arc" xlink:arcrole="http://www.xbrl.org/2003/arcrole/concept-label" xlink:from="ExpenseRelatedToRetrospectiveAdjustmentEL" xlink:to="label_ExpenseRelatedToRetrospectiveAdjustmentEL" />    <link:label xlink:type="resource" xlink:label="label_ExpenseRelatedToRetrospectiveAdjustmentEL_2" xml:lang="ja" xlink:role="http://www.xbrl.org/2003/role/verboseLabel" id="label_ExpenseRelatedToRetrospectiveAdjustmentEL_2">過年度決算訂正関連費用、特別損失</link:label>    <link:labelArc xlink:type="arc" xlink:arcrole="http://www.xbrl.org/2003/arcrole/concept-label" xlink:from="ExpenseRelatedToRetrospectiveAdjustmentEL" xlink:to="label_ExpenseRelatedToRetrospectiveAdjustmentEL_2" />  </link:labelLink></link:linkbase>