﻿<?xml version="1.0" encoding="utf-8"?>
<!-- XBRL Document Created with WizLabo Platform -->
<link:linkbase xmlns:xlink="http://www.w3.org/1999/xlink" xmlns:xsi="http://www.w3.org/2001/XMLSchema-instance" xmlns:link="http://www.xbrl.org/2003/linkbase">
  <link:labelLink xlink:type="extended" xlink:role="http://www.xbrl.org/2003/role/link">
    <link:label xml:lang="ja" xlink:type="resource" xlink:label="tse-qcedjpfr-81900_ProvisionForLossOnSubleaseCL_label" xlink:role="http://www.xbrl.org/2003/role/label">転貸損失引当金</link:label>
    <link:label xml:lang="ja" xlink:type="resource" xlink:label="tse-qcedjpfr-81900_ProvisionForLossOnSubleaseCL_label_1" xlink:role="http://www.xbrl.org/2003/role/verboseLabel">転貸損失引当金、流動負債</link:label>
    <link:label xml:lang="ja" xlink:type="resource" xlink:label="tse-qcedjpfr-81900_ProvisionForLossOnSubleaseNCL_label" xlink:role="http://www.xbrl.org/2003/role/label">転貸損失引当金</link:label>
    <link:label xml:lang="ja" xlink:type="resource" xlink:label="tse-qcedjpfr-81900_ProvisionForLossOnSubleaseNCL_label_1" xlink:role="http://www.xbrl.org/2003/role/verboseLabel">転貸損失引当金、固定負債</link:label>
    <link:label xml:lang="ja" xlink:type="resource" xlink:label="tse-qcedjpfr-81900_ResearchFeeIncomeNOI_label" xlink:role="http://www.xbrl.org/2003/role/label">情報提供料収入</link:label>
    <link:label xml:lang="ja" xlink:type="resource" xlink:label="tse-qcedjpfr-81900_ResearchFeeIncomeNOI_label_1" xlink:role="http://www.xbrl.org/2003/role/verboseLabel">情報提供料収入、営業外収益</link:label>
    <link:loc xlink:type="locator" xlink:href="tse-qcedjpfr-81900-2025-12-20-01-2026-01-26.xsd#tse-qcedjpfr-81900_ProvisionForLossOnSubleaseCL" xlink:label="tse-qcedjpfr-81900_ProvisionForLossOnSubleaseCL" />
    <link:loc xlink:type="locator" xlink:href="tse-qcedjpfr-81900-2025-12-20-01-2026-01-26.xsd#tse-qcedjpfr-81900_ProvisionForLossOnSubleaseNCL" xlink:label="tse-qcedjpfr-81900_ProvisionForLossOnSubleaseNCL" />
    <link:loc xlink:type="locator" xlink:href="tse-qcedjpfr-81900-2025-12-20-01-2026-01-26.xsd#tse-qcedjpfr-81900_ResearchFeeIncomeNOI" xlink:label="tse-qcedjpfr-81900_ResearchFeeIncomeNOI" />
    <link:labelArc xlink:type="arc" xlink:from="tse-qcedjpfr-81900_ProvisionForLossOnSubleaseCL" xlink:to="tse-qcedjpfr-81900_ProvisionForLossOnSubleaseCL_label" xlink:arcrole="http://www.xbrl.org/2003/arcrole/concept-label" order="1" />
    <link:labelArc xlink:type="arc" xlink:from="tse-qcedjpfr-81900_ProvisionForLossOnSubleaseCL" xlink:to="tse-qcedjpfr-81900_ProvisionForLossOnSubleaseCL_label_1" xlink:arcrole="http://www.xbrl.org/2003/arcrole/concept-label" order="1" />
    <link:labelArc xlink:type="arc" xlink:from="tse-qcedjpfr-81900_ProvisionForLossOnSubleaseNCL" xlink:to="tse-qcedjpfr-81900_ProvisionForLossOnSubleaseNCL_label" xlink:arcrole="http://www.xbrl.org/2003/arcrole/concept-label" order="1" />
    <link:labelArc xlink:type="arc" xlink:from="tse-qcedjpfr-81900_ProvisionForLossOnSubleaseNCL" xlink:to="tse-qcedjpfr-81900_ProvisionForLossOnSubleaseNCL_label_1" xlink:arcrole="http://www.xbrl.org/2003/arcrole/concept-label" order="1" />
    <link:labelArc xlink:type="arc" xlink:from="tse-qcedjpfr-81900_ResearchFeeIncomeNOI" xlink:to="tse-qcedjpfr-81900_ResearchFeeIncomeNOI_label" xlink:arcrole="http://www.xbrl.org/2003/arcrole/concept-label" order="1" />
    <link:labelArc xlink:type="arc" xlink:from="tse-qcedjpfr-81900_ResearchFeeIncomeNOI" xlink:to="tse-qcedjpfr-81900_ResearchFeeIncomeNOI_label_1" xlink:arcrole="http://www.xbrl.org/2003/arcrole/concept-label" order="1" />
  </link:labelLink>
</link:linkbase>