﻿<?xml version="1.0" encoding="utf-8"?>
<!-- XBRL Document Created with WizLabo Platform -->
<link:linkbase xmlns:xlink="http://www.w3.org/1999/xlink" xmlns:xsi="http://www.w3.org/2001/XMLSchema-instance" xmlns:link="http://www.xbrl.org/2003/linkbase">
  <link:labelLink xlink:type="extended" xlink:role="http://www.xbrl.org/2003/role/link">
    <link:label xml:lang="ja" xlink:type="resource" xlink:label="tse-qcedjpfr-74850_GainOnSaleOfInvestmentsInCapitalEI_label" xlink:role="http://www.xbrl.org/2003/role/label">出資金売却益</link:label>
    <link:label xml:lang="ja" xlink:type="resource" xlink:label="tse-qcedjpfr-74850_GainOnSaleOfInvestmentsInCapitalEI_label_1" xlink:role="http://www.xbrl.org/2003/role/verboseLabel">出資金売却益、特別利益</link:label>
    <link:label xml:lang="ja" xlink:type="resource" xlink:label="tse-qcedjpfr-74850_IndustrialMachineryAndMaterialsReportableSegmentsMember_label" xlink:role="http://www.xbrl.org/2003/role/label">産業資材</link:label>
    <link:label xml:lang="ja" xlink:type="resource" xlink:label="tse-qcedjpfr-74850_IndustrialMachineryAndMaterialsReportableSegmentsMember_label_1" xlink:role="http://www.xbrl.org/2003/role/verboseLabel">産業資材、報告セグメント [メンバー]</link:label>
    <link:label xml:lang="ja" xlink:type="resource" xlink:label="tse-qcedjpfr-74850_InformationAndElectronicsReportableSegmentsMember_label" xlink:role="http://www.xbrl.org/2003/role/label">情報・電機</link:label>
    <link:label xml:lang="ja" xlink:type="resource" xlink:label="tse-qcedjpfr-74850_InformationAndElectronicsReportableSegmentsMember_label_1" xlink:role="http://www.xbrl.org/2003/role/verboseLabel">情報・電機、報告セグメント [メンバー]</link:label>
    <link:label xml:lang="ja" xlink:type="resource" xlink:label="tse-qcedjpfr-74850_IronAndSteelReportableSegmentsMember_label" xlink:role="http://www.xbrl.org/2003/role/label">鉄鋼</link:label>
    <link:label xml:lang="ja" xlink:type="resource" xlink:label="tse-qcedjpfr-74850_IronAndSteelReportableSegmentsMember_label_1" xlink:role="http://www.xbrl.org/2003/role/verboseLabel">鉄鋼、報告セグメント [メンバー]</link:label>
    <link:label xml:lang="ja" xlink:type="resource" xlink:label="tse-qcedjpfr-74850_LivingRelatedProductsReportableSegmentsMember_label" xlink:role="http://www.xbrl.org/2003/role/label">生活産業</link:label>
    <link:label xml:lang="ja" xlink:type="resource" xlink:label="tse-qcedjpfr-74850_LivingRelatedProductsReportableSegmentsMember_label_1" xlink:role="http://www.xbrl.org/2003/role/verboseLabel">生活産業、報告セグメント [メンバー]</link:label>
    <link:loc xlink:type="locator" xlink:href="tse-qcedjpfr-74850-2025-11-30-01-2025-12-25.xsd#tse-qcedjpfr-74850_GainOnSaleOfInvestmentsInCapitalEI" xlink:label="tse-qcedjpfr-74850_GainOnSaleOfInvestmentsInCapitalEI" />
    <link:loc xlink:type="locator" xlink:href="tse-qcedjpfr-74850-2025-11-30-01-2025-12-25.xsd#tse-qcedjpfr-74850_IndustrialMachineryAndMaterialsReportableSegmentsMember" xlink:label="tse-qcedjpfr-74850_IndustrialMachineryAndMaterialsReportableSegmentsMember" />
    <link:loc xlink:type="locator" xlink:href="tse-qcedjpfr-74850-2025-11-30-01-2025-12-25.xsd#tse-qcedjpfr-74850_InformationAndElectronicsReportableSegmentsMember" xlink:label="tse-qcedjpfr-74850_InformationAndElectronicsReportableSegmentsMember" />
    <link:loc xlink:type="locator" xlink:href="tse-qcedjpfr-74850-2025-11-30-01-2025-12-25.xsd#tse-qcedjpfr-74850_IronAndSteelReportableSegmentsMember" xlink:label="tse-qcedjpfr-74850_IronAndSteelReportableSegmentsMember" />
    <link:loc xlink:type="locator" xlink:href="tse-qcedjpfr-74850-2025-11-30-01-2025-12-25.xsd#tse-qcedjpfr-74850_LivingRelatedProductsReportableSegmentsMember" xlink:label="tse-qcedjpfr-74850_LivingRelatedProductsReportableSegmentsMember" />
    <link:labelArc xlink:type="arc" xlink:from="tse-qcedjpfr-74850_GainOnSaleOfInvestmentsInCapitalEI" xlink:to="tse-qcedjpfr-74850_GainOnSaleOfInvestmentsInCapitalEI_label" xlink:arcrole="http://www.xbrl.org/2003/arcrole/concept-label" order="1" />
    <link:labelArc xlink:type="arc" xlink:from="tse-qcedjpfr-74850_GainOnSaleOfInvestmentsInCapitalEI" xlink:to="tse-qcedjpfr-74850_GainOnSaleOfInvestmentsInCapitalEI_label_1" xlink:arcrole="http://www.xbrl.org/2003/arcrole/concept-label" order="1" />
    <link:labelArc xlink:type="arc" xlink:from="tse-qcedjpfr-74850_IndustrialMachineryAndMaterialsReportableSegmentsMember" xlink:to="tse-qcedjpfr-74850_IndustrialMachineryAndMaterialsReportableSegmentsMember_label" xlink:arcrole="http://www.xbrl.org/2003/arcrole/concept-label" order="1" />
    <link:labelArc xlink:type="arc" xlink:from="tse-qcedjpfr-74850_IndustrialMachineryAndMaterialsReportableSegmentsMember" xlink:to="tse-qcedjpfr-74850_IndustrialMachineryAndMaterialsReportableSegmentsMember_label_1" xlink:arcrole="http://www.xbrl.org/2003/arcrole/concept-label" order="1" />
    <link:labelArc xlink:type="arc" xlink:from="tse-qcedjpfr-74850_InformationAndElectronicsReportableSegmentsMember" xlink:to="tse-qcedjpfr-74850_InformationAndElectronicsReportableSegmentsMember_label" xlink:arcrole="http://www.xbrl.org/2003/arcrole/concept-label" order="1" />
    <link:labelArc xlink:type="arc" xlink:from="tse-qcedjpfr-74850_InformationAndElectronicsReportableSegmentsMember" xlink:to="tse-qcedjpfr-74850_InformationAndElectronicsReportableSegmentsMember_label_1" xlink:arcrole="http://www.xbrl.org/2003/arcrole/concept-label" order="1" />
    <link:labelArc xlink:type="arc" xlink:from="tse-qcedjpfr-74850_IronAndSteelReportableSegmentsMember" xlink:to="tse-qcedjpfr-74850_IronAndSteelReportableSegmentsMember_label" xlink:arcrole="http://www.xbrl.org/2003/arcrole/concept-label" order="1" />
    <link:labelArc xlink:type="arc" xlink:from="tse-qcedjpfr-74850_IronAndSteelReportableSegmentsMember" xlink:to="tse-qcedjpfr-74850_IronAndSteelReportableSegmentsMember_label_1" xlink:arcrole="http://www.xbrl.org/2003/arcrole/concept-label" order="1" />
    <link:labelArc xlink:type="arc" xlink:from="tse-qcedjpfr-74850_LivingRelatedProductsReportableSegmentsMember" xlink:to="tse-qcedjpfr-74850_LivingRelatedProductsReportableSegmentsMember_label" xlink:arcrole="http://www.xbrl.org/2003/arcrole/concept-label" order="1" />
    <link:labelArc xlink:type="arc" xlink:from="tse-qcedjpfr-74850_LivingRelatedProductsReportableSegmentsMember" xlink:to="tse-qcedjpfr-74850_LivingRelatedProductsReportableSegmentsMember_label_1" xlink:arcrole="http://www.xbrl.org/2003/arcrole/concept-label" order="1" />
  </link:labelLink>
</link:linkbase>