﻿<?xml version="1.0" encoding="utf-8"?>
<!-- XBRL Document Created with WizLabo Platform -->
<link:linkbase xmlns:xlink="http://www.w3.org/1999/xlink" xmlns:xsi="http://www.w3.org/2001/XMLSchema-instance" xmlns:link="http://www.xbrl.org/2003/linkbase">
  <link:labelLink xlink:type="extended" xlink:role="http://www.xbrl.org/2003/role/link">
    <link:label xml:lang="ja" xlink:type="resource" xlink:label="tse-qnedjpfr-19970_FacilityReportableSegmentsMember_label" xlink:role="http://www.xbrl.org/2003/role/label">設備事業</link:label>
    <link:label xml:lang="ja" xlink:type="resource" xlink:label="tse-qnedjpfr-19970_FacilityReportableSegmentsMember_label_1" xlink:role="http://www.xbrl.org/2003/role/verboseLabel">設備事業、報告セグメント[メンバー]</link:label>
    <link:label xml:lang="ja" xlink:type="resource" xlink:label="tse-qnedjpfr-19970_LongTermBankCashIOA_label" xlink:role="http://www.xbrl.org/2003/role/label">長期性預金</link:label>
    <link:label xml:lang="ja" xlink:type="resource" xlink:label="tse-qnedjpfr-19970_LongTermBankCashIOA_label_1" xlink:role="http://www.xbrl.org/2003/role/verboseLabel">長期性預金、投資その他の資産</link:label>
    <link:label xml:lang="ja" xlink:type="resource" xlink:label="tse-qnedjpfr-19970_SolarPowerBusinessReportableSegmentMember_label" xlink:role="http://www.xbrl.org/2003/role/label">太陽光発電事業</link:label>
    <link:label xml:lang="ja" xlink:type="resource" xlink:label="tse-qnedjpfr-19970_SolarPowerBusinessReportableSegmentMember_label_1" xlink:role="http://www.xbrl.org/2003/role/verboseLabel">太陽光発電事業、報告セグメント [メンバー]</link:label>
    <link:loc xlink:type="locator" xlink:href="tse-qnedjpfr-19970-2025-11-30-01-2026-01-07.xsd#tse-qnedjpfr-19970_FacilityReportableSegmentsMember" xlink:label="tse-qnedjpfr-19970_FacilityReportableSegmentsMember" />
    <link:loc xlink:type="locator" xlink:href="tse-qnedjpfr-19970-2025-11-30-01-2026-01-07.xsd#tse-qnedjpfr-19970_LongTermBankCashIOA" xlink:label="tse-qnedjpfr-19970_LongTermBankCashIOA" />
    <link:loc xlink:type="locator" xlink:href="tse-qnedjpfr-19970-2025-11-30-01-2026-01-07.xsd#tse-qnedjpfr-19970_SolarPowerBusinessReportableSegmentMember" xlink:label="tse-qnedjpfr-19970_SolarPowerBusinessReportableSegmentMember" />
    <link:labelArc xlink:type="arc" xlink:from="tse-qnedjpfr-19970_FacilityReportableSegmentsMember" xlink:to="tse-qnedjpfr-19970_FacilityReportableSegmentsMember_label" xlink:arcrole="http://www.xbrl.org/2003/arcrole/concept-label" order="1" />
    <link:labelArc xlink:type="arc" xlink:from="tse-qnedjpfr-19970_FacilityReportableSegmentsMember" xlink:to="tse-qnedjpfr-19970_FacilityReportableSegmentsMember_label_1" xlink:arcrole="http://www.xbrl.org/2003/arcrole/concept-label" order="1" />
    <link:labelArc xlink:type="arc" xlink:from="tse-qnedjpfr-19970_LongTermBankCashIOA" xlink:to="tse-qnedjpfr-19970_LongTermBankCashIOA_label" xlink:arcrole="http://www.xbrl.org/2003/arcrole/concept-label" order="1" />
    <link:labelArc xlink:type="arc" xlink:from="tse-qnedjpfr-19970_LongTermBankCashIOA" xlink:to="tse-qnedjpfr-19970_LongTermBankCashIOA_label_1" xlink:arcrole="http://www.xbrl.org/2003/arcrole/concept-label" order="1" />
    <link:labelArc xlink:type="arc" xlink:from="tse-qnedjpfr-19970_SolarPowerBusinessReportableSegmentMember" xlink:to="tse-qnedjpfr-19970_SolarPowerBusinessReportableSegmentMember_label" xlink:arcrole="http://www.xbrl.org/2003/arcrole/concept-label" order="1" />
    <link:labelArc xlink:type="arc" xlink:from="tse-qnedjpfr-19970_SolarPowerBusinessReportableSegmentMember" xlink:to="tse-qnedjpfr-19970_SolarPowerBusinessReportableSegmentMember_label_1" xlink:arcrole="http://www.xbrl.org/2003/arcrole/concept-label" order="1" />
  </link:labelLink>
</link:linkbase>