<?xml version="1.0" encoding="utf-8"?>
<!-- XBRL Document Created with WizLabo Platform --><linkbase xmlns:xbrldt="http://xbrl.org/2005/xbrldt" xmlns:xbrli="http://www.xbrl.org/2003/instance" xmlns:xlink="http://www.w3.org/1999/xlink" xmlns:xsi="http://www.w3.org/2001/XMLSchema-instance" xmlns="http://www.xbrl.org/2003/linkbase"><roleRef xlink:type="simple" xlink:href="http://www.xbrl.tdnet.info/taxonomy/jp/tse/tdnet/ed/o/rt/2014-01-12/tse-ed-rt-2014-01-12.xsd#RoleBusinessResultsCashFlows" roleURI="http://www.xbrl.tdnet.info/jp/tse/tdnet/role/RoleBusinessResultsCashFlows" /><roleRef xlink:type="simple" xlink:href="http://www.xbrl.tdnet.info/taxonomy/jp/tse/tdnet/ed/o/rt/2014-01-12/tse-ed-rt-2014-01-12.xsd#RoleBusinessResultsFinancialPositions" roleURI="http://www.xbrl.tdnet.info/jp/tse/tdnet/role/RoleBusinessResultsFinancialPositions" /><roleRef xlink:type="simple" xlink:href="http://www.xbrl.tdnet.info/taxonomy/jp/tse/tdnet/ed/o/rt/2014-01-12/tse-ed-rt-2014-01-12.xsd#RoleBusinessResultsOperatingResults" roleURI="http://www.xbrl.tdnet.info/jp/tse/tdnet/role/RoleBusinessResultsOperatingResults" /><roleRef xlink:type="simple" xlink:href="http://www.xbrl.tdnet.info/taxonomy/jp/tse/tdnet/ed/o/rt/2014-01-12/tse-ed-rt-2014-01-12.xsd#RoleDividends" roleURI="http://www.xbrl.tdnet.info/jp/tse/tdnet/role/RoleDividends" /><roleRef xlink:type="simple" xlink:href="http://www.xbrl.tdnet.info/taxonomy/jp/tse/tdnet/ed/o/rt/2014-01-12/tse-ed-rt-2014-01-12.xsd#RoleDocumentEntityInformation" roleURI="http://www.xbrl.tdnet.info/jp/tse/tdnet/role/RoleDocumentEntityInformation" /><roleRef xlink:type="simple" xlink:href="http://www.xbrl.tdnet.info/taxonomy/jp/tse/tdnet/ed/o/rt/2014-01-12/tse-ed-rt-2014-01-12.xsd#RoleForecasts" roleURI="http://www.xbrl.tdnet.info/jp/tse/tdnet/role/RoleForecasts" /><roleRef xlink:type="simple" xlink:href="http://www.xbrl.tdnet.info/taxonomy/jp/tse/tdnet/ed/o/rt/2014-01-12/tse-ed-rt-2014-01-12.xsd#RoleNotesChangesAccountingPoliciesAccountingEstimatesRetrospectiveRestatement" roleURI="http://www.xbrl.tdnet.info/jp/tse/tdnet/role/RoleNotesChangesAccountingPoliciesAccountingEstimatesRetrospectiveRestatement" /><roleRef xlink:type="simple" xlink:href="http://www.xbrl.tdnet.info/taxonomy/jp/tse/tdnet/ed/o/rt/2014-01-12/tse-ed-rt-2014-01-12.xsd#RoleNotesNumberIssuedOutstandingSharesCommonStock" roleURI="http://www.xbrl.tdnet.info/jp/tse/tdnet/role/RoleNotesNumberIssuedOutstandingSharesCommonStock" /><roleRef xlink:type="simple" xlink:href="http://www.xbrl.tdnet.info/taxonomy/jp/tse/tdnet/ed/o/rt/2014-01-12/tse-ed-rt-2014-01-12.xsd#RoleSpecialNotes" roleURI="http://www.xbrl.tdnet.info/jp/tse/tdnet/role/RoleSpecialNotes" /><arcroleRef xlink:type="simple" xlink:href="http://www.xbrl.org/2005/xbrldt-2005.xsd#all" arcroleURI="http://xbrl.org/int/dim/arcrole/all" /><arcroleRef xlink:type="simple" xlink:href="http://www.xbrl.org/2005/xbrldt-2005.xsd#dimension-domain" arcroleURI="http://xbrl.org/int/dim/arcrole/dimension-domain" /><arcroleRef xlink:type="simple" xlink:href="http://www.xbrl.org/2005/xbrldt-2005.xsd#domain-member" arcroleURI="http://xbrl.org/int/dim/arcrole/domain-member" /><arcroleRef xlink:type="simple" xlink:href="http://www.xbrl.org/2005/xbrldt-2005.xsd#hypercube-dimension" arcroleURI="http://xbrl.org/int/dim/arcrole/hypercube-dimension" /><definitionLink xlink:type="extended" xlink:role="http://www.xbrl.tdnet.info/jp/tse/tdnet/role/RoleDocumentEntityInformation"><loc xlink:type="locator" xlink:href="http://www.xbrl.tdnet.info/taxonomy/jp/tse/tdnet/ed/t/2014-01-12/tse-ed-t-2014-01-12.xsd#tse-ed-t_AnnualSecuritiesReportFilingDateAsPlanned" xlink:label="tse-ed-t_AnnualSecuritiesReportFilingDateAsPlanned" /><loc xlink:type="locator" xlink:href="http://www.xbrl.tdnet.info/taxonomy/jp/tse/tdnet/ed/t/2014-01-12/tse-ed-t-2014-01-12.xsd#tse-ed-t_BusinessCategoryAbstract" xlink:label="tse-ed-t_BusinessCategoryAbstract" /><loc xlink:type="locator" xlink:href="http://www.xbrl.tdnet.info/taxonomy/jp/tse/tdnet/ed/t/2014-01-12/tse-ed-t-2014-01-12.xsd#tse-ed-t_CompanyName" xlink:label="tse-ed-t_CompanyName" /><loc xlink:type="locator" xlink:href="http://www.xbrl.tdnet.info/taxonomy/jp/tse/tdnet/ed/t/2014-01-12/tse-ed-t-2014-01-12.xsd#tse-ed-t_ConveningBriefingOfAnnualResults" xlink:label="tse-ed-t_ConveningBriefingOfAnnualResults" /><loc xlink:type="locator" xlink:href="http://www.xbrl.tdnet.info/taxonomy/jp/tse/tdnet/ed/t/2014-01-12/tse-ed-t-2014-01-12.xsd#tse-ed-t_DateOfGeneralShareholdersMeetingAsPlanned" xlink:label="tse-ed-t_DateOfGeneralShareholdersMeetingAsPlanned" /><loc xlink:type="locator" xlink:href="http://www.xbrl.tdnet.info/taxonomy/jp/tse/tdnet/ed/t/2014-01-12/tse-ed-t-2014-01-12.xsd#tse-ed-t_DividendPayableDateAsPlanned" xlink:label="tse-ed-t_DividendPayableDateAsPlanned" /><loc xlink:type="locator" xlink:href="http://www.xbrl.tdnet.info/taxonomy/jp/tse/tdnet/ed/t/2014-01-12/tse-ed-t-2014-01-12.xsd#tse-ed-t_DocumentEntityInformationHeading" xlink:label="tse-ed-t_DocumentEntityInformationHeading" /><loc xlink:type="locator" xlink:href="http://www.xbrl.tdnet.info/taxonomy/jp/tse/tdnet/ed/t/2014-01-12/tse-ed-t-2014-01-12.xsd#tse-ed-t_DocumentEntityInformationLineItems" xlink:label="tse-ed-t_DocumentEntityInformationLineItems" /><loc xlink:type="locator" xlink:href="http://www.xbrl.tdnet.info/taxonomy/jp/tse/tdnet/ed/t/2014-01-12/tse-ed-t-2014-01-12.xsd#tse-ed-t_DocumentEntityInformationTable" xlink:label="tse-ed-t_DocumentEntityInformationTable" /><loc xlink:type="locator" xlink:href="http://www.xbrl.tdnet.info/taxonomy/jp/tse/tdnet/ed/t/2014-01-12/tse-ed-t-2014-01-12.xsd#tse-ed-t_DocumentName" xlink:label="tse-ed-t_DocumentName" /><loc xlink:type="locator" xlink:href="http://www.xbrl.tdnet.info/taxonomy/jp/tse/tdnet/ed/t/2014-01-12/tse-ed-t-2014-01-12.xsd#tse-ed-t_FASFMemberMark" xlink:label="tse-ed-t_FASFMemberMark" /><loc xlink:type="locator" xlink:href="http://www.xbrl.tdnet.info/taxonomy/jp/tse/tdnet/ed/t/2014-01-12/tse-ed-t-2014-01-12.xsd#tse-ed-t_FilingDate" xlink:label="tse-ed-t_FilingDate" /><loc xlink:type="locator" xlink:href="http://www.xbrl.tdnet.info/taxonomy/jp/tse/tdnet/ed/t/2014-01-12/tse-ed-t-2014-01-12.xsd#tse-ed-t_FiscalYearEnd" xlink:label="tse-ed-t_FiscalYearEnd" /><loc xlink:type="locator" xlink:href="http://www.xbrl.tdnet.info/taxonomy/jp/tse/tdnet/ed/t/2014-01-12/tse-ed-t-2014-01-12.xsd#tse-ed-t_FukuokaStockExchange" xlink:label="tse-ed-t_FukuokaStockExchange" /><loc xlink:type="locator" xlink:href="http://www.xbrl.tdnet.info/taxonomy/jp/tse/tdnet/ed/t/2014-01-12/tse-ed-t-2014-01-12.xsd#tse-ed-t_FukuokaStockExchangeEstablished" xlink:label="tse-ed-t_FukuokaStockExchangeEstablished" /><loc xlink:type="locator" xlink:href="http://www.xbrl.tdnet.info/taxonomy/jp/tse/tdnet/ed/t/2014-01-12/tse-ed-t-2014-01-12.xsd#tse-ed-t_FukuokaStockExchangeOthers" xlink:label="tse-ed-t_FukuokaStockExchangeOthers" /><loc xlink:type="locator" xlink:href="http://www.xbrl.tdnet.info/taxonomy/jp/tse/tdnet/ed/t/2014-01-12/tse-ed-t-2014-01-12.xsd#tse-ed-t_FukuokaStockExchangeQBoard" xlink:label="tse-ed-t_FukuokaStockExchangeQBoard" /><loc xlink:type="locator" xlink:href="http://www.xbrl.tdnet.info/taxonomy/jp/tse/tdnet/ed/t/2014-01-12/tse-ed-t-2014-01-12.xsd#tse-ed-t_GeneralBusiness" xlink:label="tse-ed-t_GeneralBusiness" /><loc xlink:type="locator" xlink:href="http://www.xbrl.tdnet.info/taxonomy/jp/tse/tdnet/ed/t/2014-01-12/tse-ed-t-2014-01-12.xsd#tse-ed-t_InquiriesAbstract" xlink:label="tse-ed-t_InquiriesAbstract" /><loc xlink:type="locator" xlink:href="http://www.xbrl.tdnet.info/taxonomy/jp/tse/tdnet/ed/t/2014-01-12/tse-ed-t-2014-01-12.xsd#tse-ed-t_JapanSecuritiesDealersAssociation" xlink:label="tse-ed-t_JapanSecuritiesDealersAssociation" /><loc xlink:type="locator" xlink:href="http://www.xbrl.tdnet.info/taxonomy/jp/tse/tdnet/ed/t/2014-01-12/tse-ed-t-2014-01-12.xsd#tse-ed-t_JapanSecuritiesDealersAssociationGreenSheet" xlink:label="tse-ed-t_JapanSecuritiesDealersAssociationGreenSheet" /><loc xlink:type="locator" xlink:href="http://www.xbrl.tdnet.info/taxonomy/jp/tse/tdnet/ed/t/2014-01-12/tse-ed-t-2014-01-12.xsd#tse-ed-t_NagoyaStockExchange" xlink:label="tse-ed-t_NagoyaStockExchange" /><loc xlink:type="locator" xlink:href="http://www.xbrl.tdnet.info/taxonomy/jp/tse/tdnet/ed/t/2014-01-12/tse-ed-t-2014-01-12.xsd#tse-ed-t_NagoyaStockExchange1stSection" xlink:label="tse-ed-t_NagoyaStockExchange1stSection" /><loc xlink:type="locator" xlink:href="http://www.xbrl.tdnet.info/taxonomy/jp/tse/tdnet/ed/t/2014-01-12/tse-ed-t-2014-01-12.xsd#tse-ed-t_NagoyaStockExchange2ndSection" xlink:label="tse-ed-t_NagoyaStockExchange2ndSection" /><loc xlink:type="locator" xlink:href="http://www.xbrl.tdnet.info/taxonomy/jp/tse/tdnet/ed/t/2014-01-12/tse-ed-t-2014-01-12.xsd#tse-ed-t_NagoyaStockExchangeCentrex" xlink:label="tse-ed-t_NagoyaStockExchangeCentrex" /><loc xlink:type="locator" xlink:href="http://www.xbrl.tdnet.info/taxonomy/jp/tse/tdnet/ed/t/2014-01-12/tse-ed-t-2014-01-12.xsd#tse-ed-t_NagoyaStockExchangeOthers" xlink:label="tse-ed-t_NagoyaStockExchangeOthers" /><loc xlink:type="locator" xlink:href="http://www.xbrl.tdnet.info/taxonomy/jp/tse/tdnet/ed/t/2014-01-12/tse-ed-t-2014-01-12.xsd#tse-ed-t_NameInquiries" xlink:label="tse-ed-t_NameInquiries" /><loc xlink:type="locator" xlink:href="http://www.xbrl.tdnet.info/taxonomy/jp/tse/tdnet/ed/t/2014-01-12/tse-ed-t-2014-01-12.xsd#tse-ed-t_NameRepresentative" xlink:label="tse-ed-t_NameRepresentative" /><loc xlink:type="locator" xlink:href="http://www.xbrl.tdnet.info/taxonomy/jp/tse/tdnet/ed/t/2014-01-12/tse-ed-t-2014-01-12.xsd#tse-ed-t_NoteToFractionProcessingMethod" xlink:label="tse-ed-t_NoteToFractionProcessingMethod" /><loc xlink:type="locator" xlink:href="http://www.xbrl.tdnet.info/taxonomy/jp/tse/tdnet/ed/t/2014-01-12/tse-ed-t-2014-01-12.xsd#tse-ed-t_OtherCompanyInformationAbstract" xlink:label="tse-ed-t_OtherCompanyInformationAbstract" /><loc xlink:type="locator" xlink:href="http://www.xbrl.tdnet.info/taxonomy/jp/tse/tdnet/ed/t/2014-01-12/tse-ed-t-2014-01-12.xsd#tse-ed-t_RepresentativeAbstract" xlink:label="tse-ed-t_RepresentativeAbstract" /><loc xlink:type="locator" xlink:href="http://www.xbrl.tdnet.info/taxonomy/jp/tse/tdnet/ed/t/2014-01-12/tse-ed-t-2014-01-12.xsd#tse-ed-t_SapporoStockExchange" xlink:label="tse-ed-t_SapporoStockExchange" /><loc xlink:type="locator" xlink:href="http://www.xbrl.tdnet.info/taxonomy/jp/tse/tdnet/ed/t/2014-01-12/tse-ed-t-2014-01-12.xsd#tse-ed-t_SapporoStockExchangeAmbitious" xlink:label="tse-ed-t_SapporoStockExchangeAmbitious" /><loc xlink:type="locator" xlink:href="http://www.xbrl.tdnet.info/taxonomy/jp/tse/tdnet/ed/t/2014-01-12/tse-ed-t-2014-01-12.xsd#tse-ed-t_SapporoStockExchangeEstablished" xlink:label="tse-ed-t_SapporoStockExchangeEstablished" /><loc xlink:type="locator" xlink:href="http://www.xbrl.tdnet.info/taxonomy/jp/tse/tdnet/ed/t/2014-01-12/tse-ed-t-2014-01-12.xsd#tse-ed-t_SapporoStockExchangeOthers" xlink:label="tse-ed-t_SapporoStockExchangeOthers" /><loc xlink:type="locator" xlink:href="http://www.xbrl.tdnet.info/taxonomy/jp/tse/tdnet/ed/t/2014-01-12/tse-ed-t-2014-01-12.xsd#tse-ed-t_SecuritiesCode" xlink:label="tse-ed-t_SecuritiesCode" /><loc xlink:type="locator" xlink:href="http://www.xbrl.tdnet.info/taxonomy/jp/tse/tdnet/ed/t/2014-01-12/tse-ed-t-2014-01-12.xsd#tse-ed-t_SpecificBusiness" xlink:label="tse-ed-t_SpecificBusiness" /><loc xlink:type="locator" xlink:href="http://www.xbrl.tdnet.info/taxonomy/jp/tse/tdnet/ed/t/2014-01-12/tse-ed-t-2014-01-12.xsd#tse-ed-t_StockExchangeListingsAbstract" xlink:label="tse-ed-t_StockExchangeListingsAbstract" /><loc xlink:type="locator" xlink:href="http://www.xbrl.tdnet.info/taxonomy/jp/tse/tdnet/ed/t/2014-01-12/tse-ed-t-2014-01-12.xsd#tse-ed-t_SupplementalMaterialOfAnnualResults" xlink:label="tse-ed-t_SupplementalMaterialOfAnnualResults" /><loc xlink:type="locator" xlink:href="http://www.xbrl.tdnet.info/taxonomy/jp/tse/tdnet/ed/t/2014-01-12/tse-ed-t-2014-01-12.xsd#tse-ed-t_TargetAudienceBriefingOfAnnualResults" xlink:label="tse-ed-t_TargetAudienceBriefingOfAnnualResults" /><loc xlink:type="locator" xlink:href="http://www.xbrl.tdnet.info/taxonomy/jp/tse/tdnet/ed/t/2014-01-12/tse-ed-t-2014-01-12.xsd#tse-ed-t_Tel" xlink:label="tse-ed-t_Tel" /><loc xlink:type="locator" xlink:href="http://www.xbrl.tdnet.info/taxonomy/jp/tse/tdnet/ed/t/2014-01-12/tse-ed-t-2014-01-12.xsd#tse-ed-t_TitleInquiries" xlink:label="tse-ed-t_TitleInquiries" /><loc xlink:type="locator" xlink:href="http://www.xbrl.tdnet.info/taxonomy/jp/tse/tdnet/ed/t/2014-01-12/tse-ed-t-2014-01-12.xsd#tse-ed-t_TitleRepresentative" xlink:label="tse-ed-t_TitleRepresentative" /><loc xlink:type="locator" xlink:href="http://www.xbrl.tdnet.info/taxonomy/jp/tse/tdnet/ed/t/2014-01-12/tse-ed-t-2014-01-12.xsd#tse-ed-t_TokyoStockExchange" xlink:label="tse-ed-t_TokyoStockExchange" /><loc xlink:type="locator" xlink:href="http://www.xbrl.tdnet.info/taxonomy/jp/tse/tdnet/ed/t/2014-01-12/tse-ed-t-2014-01-12.xsd#tse-ed-t_TokyoStockExchange1stSection" xlink:label="tse-ed-t_TokyoStockExchange1stSection" /><loc xlink:type="locator" xlink:href="http://www.xbrl.tdnet.info/taxonomy/jp/tse/tdnet/ed/t/2014-01-12/tse-ed-t-2014-01-12.xsd#tse-ed-t_TokyoStockExchange2ndSection" xlink:label="tse-ed-t_TokyoStockExchange2ndSection" /><loc xlink:type="locator" xlink:href="http://www.xbrl.tdnet.info/taxonomy/jp/tse/tdnet/ed/t/2014-01-12/tse-ed-t-2014-01-12.xsd#tse-ed-t_TokyoStockExchangeGrowth" xlink:label="tse-ed-t_TokyoStockExchangeGrowth" /><loc xlink:type="locator" xlink:href="http://www.xbrl.tdnet.info/taxonomy/jp/tse/tdnet/ed/t/2014-01-12/tse-ed-t-2014-01-12.xsd#tse-ed-t_TokyoStockExchangeJASDAQ" xlink:label="tse-ed-t_TokyoStockExchangeJASDAQ" /><loc xlink:type="locator" xlink:href="http://www.xbrl.tdnet.info/taxonomy/jp/tse/tdnet/ed/t/2014-01-12/tse-ed-t-2014-01-12.xsd#tse-ed-t_TokyoStockExchangeMothers" xlink:label="tse-ed-t_TokyoStockExchangeMothers" /><loc xlink:type="locator" xlink:href="http://www.xbrl.tdnet.info/taxonomy/jp/tse/tdnet/ed/t/2014-01-12/tse-ed-t-2014-01-12.xsd#tse-ed-t_TokyoStockExchangeOthers" xlink:label="tse-ed-t_TokyoStockExchangeOthers" /><loc xlink:type="locator" xlink:href="http://www.xbrl.tdnet.info/taxonomy/jp/tse/tdnet/ed/t/2014-01-12/tse-ed-t-2014-01-12.xsd#tse-ed-t_TokyoStockExchangePrime" xlink:label="tse-ed-t_TokyoStockExchangePrime" /><loc xlink:type="locator" xlink:href="http://www.xbrl.tdnet.info/taxonomy/jp/tse/tdnet/ed/t/2014-01-12/tse-ed-t-2014-01-12.xsd#tse-ed-t_TokyoStockExchangePROMarket" xlink:label="tse-ed-t_TokyoStockExchangePROMarket" /><loc xlink:type="locator" xlink:href="http://www.xbrl.tdnet.info/taxonomy/jp/tse/tdnet/ed/t/2014-01-12/tse-ed-t-2014-01-12.xsd#tse-ed-t_TokyoStockExchangeStandard" xlink:label="tse-ed-t_TokyoStockExchangeStandard" /><loc xlink:type="locator" xlink:href="http://www.xbrl.tdnet.info/taxonomy/jp/tse/tdnet/ed/t/2014-01-12/tse-ed-t-2014-01-12.xsd#tse-ed-t_URL" xlink:label="tse-ed-t_URL" /><loc xlink:type="locator" xlink:href="http://www.xbrl.tdnet.info/taxonomy/jp/tse/tdnet/ed/t/2014-01-12/tse-ed-t-2014-01-12.xsd#tse-ed-t_WayOfGettingSupplementalMaterialOfAnnualResults" xlink:label="tse-ed-t_WayOfGettingSupplementalMaterialOfAnnualResults" /><definitionArc xlink:type="arc" xlink:from="tse-ed-t_BusinessCategoryAbstract" xlink:to="tse-ed-t_GeneralBusiness" xlink:arcrole="http://xbrl.org/int/dim/arcrole/domain-member" order="1" /><definitionArc xlink:type="arc" xlink:from="tse-ed-t_BusinessCategoryAbstract" xlink:to="tse-ed-t_SpecificBusiness" xlink:arcrole="http://xbrl.org/int/dim/arcrole/domain-member" order="2" /><definitionArc xlink:type="arc" xlink:from="tse-ed-t_DocumentEntityInformationHeading" xlink:to="tse-ed-t_DocumentEntityInformationTable" xlink:arcrole="http://xbrl.org/int/dim/arcrole/all" xbrldt:contextElement="scenario" xbrldt:closed="true" order="1" /><definitionArc xlink:type="arc" xlink:from="tse-ed-t_DocumentEntityInformationHeading" xlink:to="tse-ed-t_DocumentEntityInformationLineItems" xlink:arcrole="http://xbrl.org/int/dim/arcrole/domain-member" order="2" /><definitionArc xlink:type="arc" xlink:from="tse-ed-t_DocumentEntityInformationLineItems" xlink:to="tse-ed-t_FASFMemberMark" xlink:arcrole="http://xbrl.org/int/dim/arcrole/domain-member" order="1" /><definitionArc xlink:type="arc" xlink:from="tse-ed-t_DocumentEntityInformationLineItems" xlink:to="tse-ed-t_DocumentName" xlink:arcrole="http://xbrl.org/int/dim/arcrole/domain-member" order="2" /><definitionArc xlink:type="arc" xlink:from="tse-ed-t_DocumentEntityInformationLineItems" xlink:to="tse-ed-t_FilingDate" xlink:arcrole="http://xbrl.org/int/dim/arcrole/domain-member" order="3" /><definitionArc xlink:type="arc" xlink:from="tse-ed-t_DocumentEntityInformationLineItems" xlink:to="tse-ed-t_CompanyName" xlink:arcrole="http://xbrl.org/int/dim/arcrole/domain-member" order="4" /><definitionArc xlink:type="arc" xlink:from="tse-ed-t_DocumentEntityInformationLineItems" xlink:to="tse-ed-t_StockExchangeListingsAbstract" xlink:arcrole="http://xbrl.org/int/dim/arcrole/domain-member" order="5" /><definitionArc xlink:type="arc" xlink:from="tse-ed-t_DocumentEntityInformationLineItems" xlink:to="tse-ed-t_SecuritiesCode" xlink:arcrole="http://xbrl.org/int/dim/arcrole/domain-member" order="6" /><definitionArc xlink:type="arc" xlink:from="tse-ed-t_DocumentEntityInformationLineItems" xlink:to="tse-ed-t_URL" xlink:arcrole="http://xbrl.org/int/dim/arcrole/domain-member" order="7" /><definitionArc xlink:type="arc" xlink:from="tse-ed-t_DocumentEntityInformationLineItems" xlink:to="tse-ed-t_BusinessCategoryAbstract" xlink:arcrole="http://xbrl.org/int/dim/arcrole/domain-member" order="8" /><definitionArc xlink:type="arc" xlink:from="tse-ed-t_DocumentEntityInformationLineItems" xlink:to="tse-ed-t_FiscalYearEnd" xlink:arcrole="http://xbrl.org/int/dim/arcrole/domain-member" order="9" /><definitionArc xlink:type="arc" xlink:from="tse-ed-t_DocumentEntityInformationLineItems" xlink:to="tse-ed-t_RepresentativeAbstract" xlink:arcrole="http://xbrl.org/int/dim/arcrole/domain-member" order="10" /><definitionArc xlink:type="arc" xlink:from="tse-ed-t_DocumentEntityInformationLineItems" xlink:to="tse-ed-t_InquiriesAbstract" xlink:arcrole="http://xbrl.org/int/dim/arcrole/domain-member" order="11" /><definitionArc xlink:type="arc" xlink:from="tse-ed-t_DocumentEntityInformationLineItems" xlink:to="tse-ed-t_Tel" xlink:arcrole="http://xbrl.org/int/dim/arcrole/domain-member" order="12" /><definitionArc xlink:type="arc" xlink:from="tse-ed-t_DocumentEntityInformationLineItems" xlink:to="tse-ed-t_OtherCompanyInformationAbstract" xlink:arcrole="http://xbrl.org/int/dim/arcrole/domain-member" order="13" /><definitionArc xlink:type="arc" xlink:from="tse-ed-t_DocumentEntityInformationLineItems" xlink:to="tse-ed-t_SupplementalMaterialOfAnnualResults" xlink:arcrole="http://xbrl.org/int/dim/arcrole/domain-member" order="14" /><definitionArc xlink:type="arc" xlink:from="tse-ed-t_DocumentEntityInformationLineItems" xlink:to="tse-ed-t_WayOfGettingSupplementalMaterialOfAnnualResults" xlink:arcrole="http://xbrl.org/int/dim/arcrole/domain-member" order="15" /><definitionArc xlink:type="arc" xlink:from="tse-ed-t_DocumentEntityInformationLineItems" xlink:to="tse-ed-t_ConveningBriefingOfAnnualResults" xlink:arcrole="http://xbrl.org/int/dim/arcrole/domain-member" order="16" /><definitionArc xlink:type="arc" xlink:from="tse-ed-t_DocumentEntityInformationLineItems" xlink:to="tse-ed-t_TargetAudienceBriefingOfAnnualResults" xlink:arcrole="http://xbrl.org/int/dim/arcrole/domain-member" order="17" /><definitionArc xlink:type="arc" xlink:from="tse-ed-t_DocumentEntityInformationLineItems" xlink:to="tse-ed-t_NoteToFractionProcessingMethod" xlink:arcrole="http://xbrl.org/int/dim/arcrole/domain-member" order="18" /><definitionArc xlink:type="arc" xlink:from="tse-ed-t_FukuokaStockExchange" xlink:to="tse-ed-t_FukuokaStockExchangeEstablished" xlink:arcrole="http://xbrl.org/int/dim/arcrole/domain-member" order="1" /><definitionArc xlink:type="arc" xlink:from="tse-ed-t_FukuokaStockExchange" xlink:to="tse-ed-t_FukuokaStockExchangeQBoard" xlink:arcrole="http://xbrl.org/int/dim/arcrole/domain-member" order="2" /><definitionArc xlink:type="arc" xlink:from="tse-ed-t_FukuokaStockExchange" xlink:to="tse-ed-t_FukuokaStockExchangeOthers" xlink:arcrole="http://xbrl.org/int/dim/arcrole/domain-member" order="3" /><definitionArc xlink:type="arc" xlink:from="tse-ed-t_InquiriesAbstract" xlink:to="tse-ed-t_TitleInquiries" xlink:arcrole="http://xbrl.org/int/dim/arcrole/domain-member" order="1" /><definitionArc xlink:type="arc" xlink:from="tse-ed-t_InquiriesAbstract" xlink:to="tse-ed-t_NameInquiries" xlink:arcrole="http://xbrl.org/int/dim/arcrole/domain-member" order="2" /><definitionArc xlink:type="arc" xlink:from="tse-ed-t_JapanSecuritiesDealersAssociation" xlink:to="tse-ed-t_JapanSecuritiesDealersAssociationGreenSheet" xlink:arcrole="http://xbrl.org/int/dim/arcrole/domain-member" order="1" /><definitionArc xlink:type="arc" xlink:from="tse-ed-t_StockExchangeListingsAbstract" xlink:to="tse-ed-t_NagoyaStockExchange" xlink:arcrole="http://xbrl.org/int/dim/arcrole/domain-member" order="2" /><definitionArc xlink:type="arc" xlink:from="tse-ed-t_NagoyaStockExchange" xlink:to="tse-ed-t_NagoyaStockExchange1stSection" xlink:arcrole="http://xbrl.org/int/dim/arcrole/domain-member" order="1" /><definitionArc xlink:type="arc" xlink:from="tse-ed-t_NagoyaStockExchange" xlink:to="tse-ed-t_NagoyaStockExchange2ndSection" xlink:arcrole="http://xbrl.org/int/dim/arcrole/domain-member" order="2" /><definitionArc xlink:type="arc" xlink:from="tse-ed-t_NagoyaStockExchange" xlink:to="tse-ed-t_NagoyaStockExchangeCentrex" xlink:arcrole="http://xbrl.org/int/dim/arcrole/domain-member" order="3" /><definitionArc xlink:type="arc" xlink:from="tse-ed-t_NagoyaStockExchange" xlink:to="tse-ed-t_NagoyaStockExchangeOthers" xlink:arcrole="http://xbrl.org/int/dim/arcrole/domain-member" order="4" /><definitionArc xlink:type="arc" xlink:from="tse-ed-t_OtherCompanyInformationAbstract" xlink:to="tse-ed-t_DateOfGeneralShareholdersMeetingAsPlanned" xlink:arcrole="http://xbrl.org/int/dim/arcrole/domain-member" order="1" /><definitionArc xlink:type="arc" xlink:from="tse-ed-t_OtherCompanyInformationAbstract" xlink:to="tse-ed-t_DividendPayableDateAsPlanned" xlink:arcrole="http://xbrl.org/int/dim/arcrole/domain-member" order="2" /><definitionArc xlink:type="arc" xlink:from="tse-ed-t_OtherCompanyInformationAbstract" xlink:to="tse-ed-t_AnnualSecuritiesReportFilingDateAsPlanned" xlink:arcrole="http://xbrl.org/int/dim/arcrole/domain-member" order="3" /><definitionArc xlink:type="arc" xlink:from="tse-ed-t_RepresentativeAbstract" xlink:to="tse-ed-t_TitleRepresentative" xlink:arcrole="http://xbrl.org/int/dim/arcrole/domain-member" order="1" /><definitionArc xlink:type="arc" xlink:from="tse-ed-t_RepresentativeAbstract" xlink:to="tse-ed-t_NameRepresentative" xlink:arcrole="http://xbrl.org/int/dim/arcrole/domain-member" order="2" /><definitionArc xlink:type="arc" xlink:from="tse-ed-t_StockExchangeListingsAbstract" xlink:to="tse-ed-t_SapporoStockExchange" xlink:arcrole="http://xbrl.org/int/dim/arcrole/domain-member" order="3" /><definitionArc xlink:type="arc" xlink:from="tse-ed-t_SapporoStockExchange" xlink:to="tse-ed-t_SapporoStockExchangeEstablished" xlink:arcrole="http://xbrl.org/int/dim/arcrole/domain-member" order="1" /><definitionArc xlink:type="arc" xlink:from="tse-ed-t_SapporoStockExchange" xlink:to="tse-ed-t_SapporoStockExchangeAmbitious" xlink:arcrole="http://xbrl.org/int/dim/arcrole/domain-member" order="2" /><definitionArc xlink:type="arc" xlink:from="tse-ed-t_SapporoStockExchange" xlink:to="tse-ed-t_SapporoStockExchangeOthers" xlink:arcrole="http://xbrl.org/int/dim/arcrole/domain-member" order="3" /><definitionArc xlink:type="arc" xlink:from="tse-ed-t_StockExchangeListingsAbstract" xlink:to="tse-ed-t_TokyoStockExchange" xlink:arcrole="http://xbrl.org/int/dim/arcrole/domain-member" order="1" /><definitionArc xlink:type="arc" xlink:from="tse-ed-t_StockExchangeListingsAbstract" xlink:to="tse-ed-t_FukuokaStockExchange" xlink:arcrole="http://xbrl.org/int/dim/arcrole/domain-member" order="4" /><definitionArc xlink:type="arc" xlink:from="tse-ed-t_StockExchangeListingsAbstract" xlink:to="tse-ed-t_JapanSecuritiesDealersAssociation" xlink:arcrole="http://xbrl.org/int/dim/arcrole/domain-member" order="5" /><definitionArc xlink:type="arc" xlink:from="tse-ed-t_TokyoStockExchange" xlink:to="tse-ed-t_TokyoStockExchangePrime" xlink:arcrole="http://xbrl.org/int/dim/arcrole/domain-member" order="0.5" /><definitionArc xlink:type="arc" xlink:from="tse-ed-t_TokyoStockExchange" xlink:to="tse-ed-t_TokyoStockExchangeStandard" xlink:arcrole="http://xbrl.org/int/dim/arcrole/domain-member" order="0.6" /><definitionArc xlink:type="arc" xlink:from="tse-ed-t_TokyoStockExchange" xlink:to="tse-ed-t_TokyoStockExchangeGrowth" xlink:arcrole="http://xbrl.org/int/dim/arcrole/domain-member" order="0.7" /><definitionArc xlink:type="arc" xlink:from="tse-ed-t_TokyoStockExchange" xlink:to="tse-ed-t_TokyoStockExchange1stSection" xlink:arcrole="http://xbrl.org/int/dim/arcrole/domain-member" order="1" /><definitionArc xlink:type="arc" xlink:from="tse-ed-t_TokyoStockExchange" xlink:to="tse-ed-t_TokyoStockExchange2ndSection" xlink:arcrole="http://xbrl.org/int/dim/arcrole/domain-member" order="2" /><definitionArc xlink:type="arc" xlink:from="tse-ed-t_TokyoStockExchange" xlink:to="tse-ed-t_TokyoStockExchangeMothers" xlink:arcrole="http://xbrl.org/int/dim/arcrole/domain-member" order="3" /><definitionArc xlink:type="arc" xlink:from="tse-ed-t_TokyoStockExchange" xlink:to="tse-ed-t_TokyoStockExchangeJASDAQ" xlink:arcrole="http://xbrl.org/int/dim/arcrole/domain-member" order="4" /><definitionArc xlink:type="arc" xlink:from="tse-ed-t_TokyoStockExchange" xlink:to="tse-ed-t_TokyoStockExchangePROMarket" xlink:arcrole="http://xbrl.org/int/dim/arcrole/domain-member" order="5" /><definitionArc xlink:type="arc" xlink:from="tse-ed-t_TokyoStockExchange" xlink:to="tse-ed-t_TokyoStockExchangeOthers" xlink:arcrole="http://xbrl.org/int/dim/arcrole/domain-member" order="6" /></definitionLink><definitionLink xlink:type="extended" xlink:role="http://www.xbrl.tdnet.info/jp/tse/tdnet/role/RoleBusinessResultsOperatingResults"><loc xlink:type="locator" xlink:href="http://www.xbrl.tdnet.info/taxonomy/jp/tse/tdnet/ed/t/2014-01-12/tse-ed-t-2014-01-12.xsd#tse-ed-t_BusinessResultsOperatingResultsHeading" xlink:label="tse-ed-t_BusinessResultsOperatingResultsHeading" /><loc xlink:type="locator" xlink:href="http://www.xbrl.tdnet.info/taxonomy/jp/tse/tdnet/ed/t/2014-01-12/tse-ed-t-2014-01-12.xsd#tse-ed-t_BusinessResultsOperatingResultsLineItems" xlink:label="tse-ed-t_BusinessResultsOperatingResultsLineItems" /><loc xlink:type="locator" xlink:href="http://www.xbrl.tdnet.info/taxonomy/jp/tse/tdnet/ed/t/2014-01-12/tse-ed-t-2014-01-12.xsd#tse-ed-t_BusinessResultsOperatingResultsTable" xlink:label="tse-ed-t_BusinessResultsOperatingResultsTable" /><loc xlink:type="locator" xlink:href="http://www.xbrl.tdnet.info/taxonomy/jp/tse/tdnet/ed/t/2014-01-12/tse-ed-t-2014-01-12.xsd#tse-ed-t_ChangeInNetIncome" xlink:label="tse-ed-t_ChangeInNetIncome" /><loc xlink:type="locator" xlink:href="http://www.xbrl.tdnet.info/taxonomy/jp/tse/tdnet/ed/t/2014-01-12/tse-ed-t-2014-01-12.xsd#tse-ed-t_ChangeInNetSales" xlink:label="tse-ed-t_ChangeInNetSales" /><loc xlink:type="locator" xlink:href="http://www.xbrl.tdnet.info/taxonomy/jp/tse/tdnet/ed/t/2014-01-12/tse-ed-t-2014-01-12.xsd#tse-ed-t_ChangeInOperatingIncome" xlink:label="tse-ed-t_ChangeInOperatingIncome" /><loc xlink:type="locator" xlink:href="http://www.xbrl.tdnet.info/taxonomy/jp/tse/tdnet/ed/t/2014-01-12/tse-ed-t-2014-01-12.xsd#tse-ed-t_ChangeInOrdinaryIncome" xlink:label="tse-ed-t_ChangeInOrdinaryIncome" /><loc xlink:type="locator" xlink:href="http://www.xbrl.tdnet.info/taxonomy/jp/tse/tdnet/ed/t/2014-01-12/tse-ed-t-2014-01-12.xsd#tse-ed-t_ConsolidatedNonconsolidatedAxis" xlink:label="tse-ed-t_ConsolidatedNonconsolidatedAxis" /><loc xlink:type="locator" xlink:href="http://www.xbrl.tdnet.info/taxonomy/jp/tse/tdnet/ed/t/2014-01-12/tse-ed-t-2014-01-12.xsd#tse-ed-t_DilutedNetIncomePerShare" xlink:label="tse-ed-t_DilutedNetIncomePerShare" /><loc xlink:type="locator" xlink:href="http://www.xbrl.tdnet.info/taxonomy/jp/tse/tdnet/ed/t/2014-01-12/tse-ed-t-2014-01-12.xsd#tse-ed-t_IncomeStatementsInformationAbstract" xlink:label="tse-ed-t_IncomeStatementsInformationAbstract" /><loc xlink:type="locator" xlink:href="http://www.xbrl.tdnet.info/taxonomy/jp/tse/tdnet/ed/t/2014-01-12/tse-ed-t-2014-01-12.xsd#tse-ed-t_InvestmentProfitLossOnEquityMethod" xlink:label="tse-ed-t_InvestmentProfitLossOnEquityMethod" /><loc xlink:type="locator" xlink:href="http://www.xbrl.tdnet.info/taxonomy/jp/tse/tdnet/ed/t/2014-01-12/tse-ed-t-2014-01-12.xsd#tse-ed-t_NetIncome" xlink:label="tse-ed-t_NetIncome" /><loc xlink:type="locator" xlink:href="http://www.xbrl.tdnet.info/taxonomy/jp/tse/tdnet/ed/t/2014-01-12/tse-ed-t-2014-01-12.xsd#tse-ed-t_NetIncomeAbstract" xlink:label="tse-ed-t_NetIncomeAbstract" /><loc xlink:type="locator" xlink:href="http://www.xbrl.tdnet.info/taxonomy/jp/tse/tdnet/ed/t/2014-01-12/tse-ed-t-2014-01-12.xsd#tse-ed-t_NetIncomePerShare" xlink:label="tse-ed-t_NetIncomePerShare" /><loc xlink:type="locator" xlink:href="http://www.xbrl.tdnet.info/taxonomy/jp/tse/tdnet/ed/t/2014-01-12/tse-ed-t-2014-01-12.xsd#tse-ed-t_NetIncomeToShareholdersEquityRatio" xlink:label="tse-ed-t_NetIncomeToShareholdersEquityRatio" /><loc xlink:type="locator" xlink:href="http://www.xbrl.tdnet.info/taxonomy/jp/tse/tdnet/ed/t/2014-01-12/tse-ed-t-2014-01-12.xsd#tse-ed-t_NetSales" xlink:label="tse-ed-t_NetSales" /><loc xlink:type="locator" xlink:href="http://www.xbrl.tdnet.info/taxonomy/jp/tse/tdnet/ed/t/2014-01-12/tse-ed-t-2014-01-12.xsd#tse-ed-t_NetSalesAbstract" xlink:label="tse-ed-t_NetSalesAbstract" /><loc xlink:type="locator" xlink:href="http://www.xbrl.tdnet.info/taxonomy/jp/tse/tdnet/ed/t/2014-01-12/tse-ed-t-2014-01-12.xsd#tse-ed-t_NonConsolidatedMember" xlink:label="tse-ed-t_NonConsolidatedMember" /><loc xlink:type="locator" xlink:href="http://www.xbrl.tdnet.info/taxonomy/jp/tse/tdnet/ed/t/2014-01-12/tse-ed-t-2014-01-12.xsd#tse-ed-t_NoteToOperatingResults" xlink:label="tse-ed-t_NoteToOperatingResults" /><loc xlink:type="locator" xlink:href="http://www.xbrl.tdnet.info/taxonomy/jp/tse/tdnet/ed/t/2014-01-12/tse-ed-t-2014-01-12.xsd#tse-ed-t_NoteToOperatingResultsAbstract" xlink:label="tse-ed-t_NoteToOperatingResultsAbstract" /><loc xlink:type="locator" xlink:href="http://www.xbrl.tdnet.info/taxonomy/jp/tse/tdnet/ed/t/2014-01-12/tse-ed-t-2014-01-12.xsd#tse-ed-t_OperatingIncome" xlink:label="tse-ed-t_OperatingIncome" /><loc xlink:type="locator" xlink:href="http://www.xbrl.tdnet.info/taxonomy/jp/tse/tdnet/ed/t/2014-01-12/tse-ed-t-2014-01-12.xsd#tse-ed-t_OperatingIncomeAbstract" xlink:label="tse-ed-t_OperatingIncomeAbstract" /><loc xlink:type="locator" xlink:href="http://www.xbrl.tdnet.info/taxonomy/jp/tse/tdnet/ed/t/2014-01-12/tse-ed-t-2014-01-12.xsd#tse-ed-t_OperatingIncomeToNetSalesRatio" xlink:label="tse-ed-t_OperatingIncomeToNetSalesRatio" /><loc xlink:type="locator" xlink:href="http://www.xbrl.tdnet.info/taxonomy/jp/tse/tdnet/ed/t/2014-01-12/tse-ed-t-2014-01-12.xsd#tse-ed-t_OperatingResultsAbstract" xlink:label="tse-ed-t_OperatingResultsAbstract" /><loc xlink:type="locator" xlink:href="http://www.xbrl.tdnet.info/taxonomy/jp/tse/tdnet/ed/t/2014-01-12/tse-ed-t-2014-01-12.xsd#tse-ed-t_OrdinaryIncome" xlink:label="tse-ed-t_OrdinaryIncome" /><loc xlink:type="locator" xlink:href="http://www.xbrl.tdnet.info/taxonomy/jp/tse/tdnet/ed/t/2014-01-12/tse-ed-t-2014-01-12.xsd#tse-ed-t_OrdinaryIncomeAbstract" xlink:label="tse-ed-t_OrdinaryIncomeAbstract" /><loc xlink:type="locator" xlink:href="http://www.xbrl.tdnet.info/taxonomy/jp/tse/tdnet/ed/t/2014-01-12/tse-ed-t-2014-01-12.xsd#tse-ed-t_OrdinaryIncomeToTotalAssetsRatio" xlink:label="tse-ed-t_OrdinaryIncomeToTotalAssetsRatio" /><loc xlink:type="locator" xlink:href="http://www.xbrl.tdnet.info/taxonomy/jp/tse/tdnet/ed/t/2014-01-12/tse-ed-t-2014-01-12.xsd#tse-ed-t_OtherOperatingResultsAbstract" xlink:label="tse-ed-t_OtherOperatingResultsAbstract" /><loc xlink:type="locator" xlink:href="http://www.xbrl.tdnet.info/taxonomy/jp/tse/tdnet/ed/t/2014-01-12/tse-ed-t-2014-01-12.xsd#tse-ed-t_ResultForecastAxis" xlink:label="tse-ed-t_ResultForecastAxis" /><loc xlink:type="locator" xlink:href="http://www.xbrl.tdnet.info/taxonomy/jp/tse/tdnet/ed/t/2014-01-12/tse-ed-t-2014-01-12.xsd#tse-ed-t_ResultMember" xlink:label="tse-ed-t_ResultMember" /><definitionArc xlink:type="arc" xlink:from="tse-ed-t_BusinessResultsOperatingResultsHeading" xlink:to="tse-ed-t_BusinessResultsOperatingResultsTable" xlink:arcrole="http://xbrl.org/int/dim/arcrole/all" xbrldt:contextElement="scenario" xbrldt:closed="true" order="1" /><definitionArc xlink:type="arc" xlink:from="tse-ed-t_BusinessResultsOperatingResultsHeading" xlink:to="tse-ed-t_BusinessResultsOperatingResultsLineItems" xlink:arcrole="http://xbrl.org/int/dim/arcrole/domain-member" order="2" /><definitionArc xlink:type="arc" xlink:from="tse-ed-t_BusinessResultsOperatingResultsLineItems" xlink:to="tse-ed-t_OperatingResultsAbstract" xlink:arcrole="http://xbrl.org/int/dim/arcrole/domain-member" order="1" /><definitionArc xlink:type="arc" xlink:from="tse-ed-t_BusinessResultsOperatingResultsLineItems" xlink:to="tse-ed-t_NoteToOperatingResultsAbstract" xlink:arcrole="http://xbrl.org/int/dim/arcrole/domain-member" order="2" /><definitionArc xlink:type="arc" xlink:from="tse-ed-t_BusinessResultsOperatingResultsTable" xlink:to="tse-ed-t_ConsolidatedNonconsolidatedAxis" xlink:arcrole="http://xbrl.org/int/dim/arcrole/hypercube-dimension" order="1" /><definitionArc xlink:type="arc" xlink:from="tse-ed-t_BusinessResultsOperatingResultsTable" xlink:to="tse-ed-t_ResultForecastAxis" xlink:arcrole="http://xbrl.org/int/dim/arcrole/hypercube-dimension" order="2" /><definitionArc xlink:type="arc" xlink:from="tse-ed-t_ConsolidatedNonconsolidatedAxis" xlink:to="tse-ed-t_NonConsolidatedMember" xlink:arcrole="http://xbrl.org/int/dim/arcrole/dimension-domain" order="1" /><definitionArc xlink:type="arc" xlink:from="tse-ed-t_IncomeStatementsInformationAbstract" xlink:to="tse-ed-t_NetSalesAbstract" xlink:arcrole="http://xbrl.org/int/dim/arcrole/domain-member" order="1" /><definitionArc xlink:type="arc" xlink:from="tse-ed-t_IncomeStatementsInformationAbstract" xlink:to="tse-ed-t_OperatingIncomeAbstract" xlink:arcrole="http://xbrl.org/int/dim/arcrole/domain-member" order="2" /><definitionArc xlink:type="arc" xlink:from="tse-ed-t_IncomeStatementsInformationAbstract" xlink:to="tse-ed-t_OrdinaryIncomeAbstract" xlink:arcrole="http://xbrl.org/int/dim/arcrole/domain-member" order="3" /><definitionArc xlink:type="arc" xlink:from="tse-ed-t_IncomeStatementsInformationAbstract" xlink:to="tse-ed-t_NetIncomeAbstract" xlink:arcrole="http://xbrl.org/int/dim/arcrole/domain-member" order="4" /><definitionArc xlink:type="arc" xlink:from="tse-ed-t_NetIncomeAbstract" xlink:to="tse-ed-t_NetIncome" xlink:arcrole="http://xbrl.org/int/dim/arcrole/domain-member" order="1" /><definitionArc xlink:type="arc" xlink:from="tse-ed-t_NetIncomeAbstract" xlink:to="tse-ed-t_ChangeInNetIncome" xlink:arcrole="http://xbrl.org/int/dim/arcrole/domain-member" order="2" /><definitionArc xlink:type="arc" xlink:from="tse-ed-t_NetSalesAbstract" xlink:to="tse-ed-t_NetSales" xlink:arcrole="http://xbrl.org/int/dim/arcrole/domain-member" order="1" /><definitionArc xlink:type="arc" xlink:from="tse-ed-t_NetSalesAbstract" xlink:to="tse-ed-t_ChangeInNetSales" xlink:arcrole="http://xbrl.org/int/dim/arcrole/domain-member" order="2" /><definitionArc xlink:type="arc" xlink:from="tse-ed-t_NoteToOperatingResultsAbstract" xlink:to="tse-ed-t_InvestmentProfitLossOnEquityMethod" xlink:arcrole="http://xbrl.org/int/dim/arcrole/domain-member" order="1" /><definitionArc xlink:type="arc" xlink:from="tse-ed-t_NoteToOperatingResultsAbstract" xlink:to="tse-ed-t_NoteToOperatingResults" xlink:arcrole="http://xbrl.org/int/dim/arcrole/domain-member" order="2" /><definitionArc xlink:type="arc" xlink:from="tse-ed-t_OperatingIncomeAbstract" xlink:to="tse-ed-t_OperatingIncome" xlink:arcrole="http://xbrl.org/int/dim/arcrole/domain-member" order="1" /><definitionArc xlink:type="arc" xlink:from="tse-ed-t_OperatingIncomeAbstract" xlink:to="tse-ed-t_ChangeInOperatingIncome" xlink:arcrole="http://xbrl.org/int/dim/arcrole/domain-member" order="2" /><definitionArc xlink:type="arc" xlink:from="tse-ed-t_OperatingResultsAbstract" xlink:to="tse-ed-t_IncomeStatementsInformationAbstract" xlink:arcrole="http://xbrl.org/int/dim/arcrole/domain-member" order="1" /><definitionArc xlink:type="arc" xlink:from="tse-ed-t_OperatingResultsAbstract" xlink:to="tse-ed-t_OtherOperatingResultsAbstract" xlink:arcrole="http://xbrl.org/int/dim/arcrole/domain-member" order="2" /><definitionArc xlink:type="arc" xlink:from="tse-ed-t_OrdinaryIncomeAbstract" xlink:to="tse-ed-t_OrdinaryIncome" xlink:arcrole="http://xbrl.org/int/dim/arcrole/domain-member" order="1" /><definitionArc xlink:type="arc" xlink:from="tse-ed-t_OrdinaryIncomeAbstract" xlink:to="tse-ed-t_ChangeInOrdinaryIncome" xlink:arcrole="http://xbrl.org/int/dim/arcrole/domain-member" order="2" /><definitionArc xlink:type="arc" xlink:from="tse-ed-t_OtherOperatingResultsAbstract" xlink:to="tse-ed-t_NetIncomePerShare" xlink:arcrole="http://xbrl.org/int/dim/arcrole/domain-member" order="1" /><definitionArc xlink:type="arc" xlink:from="tse-ed-t_OtherOperatingResultsAbstract" xlink:to="tse-ed-t_DilutedNetIncomePerShare" xlink:arcrole="http://xbrl.org/int/dim/arcrole/domain-member" order="2" /><definitionArc xlink:type="arc" xlink:from="tse-ed-t_OtherOperatingResultsAbstract" xlink:to="tse-ed-t_NetIncomeToShareholdersEquityRatio" xlink:arcrole="http://xbrl.org/int/dim/arcrole/domain-member" order="3" /><definitionArc xlink:type="arc" xlink:from="tse-ed-t_OtherOperatingResultsAbstract" xlink:to="tse-ed-t_OrdinaryIncomeToTotalAssetsRatio" xlink:arcrole="http://xbrl.org/int/dim/arcrole/domain-member" order="4" /><definitionArc xlink:type="arc" xlink:from="tse-ed-t_OtherOperatingResultsAbstract" xlink:to="tse-ed-t_OperatingIncomeToNetSalesRatio" xlink:arcrole="http://xbrl.org/int/dim/arcrole/domain-member" order="5" /><definitionArc xlink:type="arc" xlink:from="tse-ed-t_ResultForecastAxis" xlink:to="tse-ed-t_ResultMember" xlink:arcrole="http://xbrl.org/int/dim/arcrole/dimension-domain" order="1" /></definitionLink><definitionLink xlink:type="extended" xlink:role="http://www.xbrl.tdnet.info/jp/tse/tdnet/role/RoleBusinessResultsFinancialPositions"><loc xlink:type="locator" xlink:href="http://www.xbrl.tdnet.info/taxonomy/jp/tse/tdnet/ed/t/2014-01-12/tse-ed-t-2014-01-12.xsd#tse-ed-t_BusinessResultsFinancialPositionsHeading" xlink:label="tse-ed-t_BusinessResultsFinancialPositionsHeading" /><loc xlink:type="locator" xlink:href="http://www.xbrl.tdnet.info/taxonomy/jp/tse/tdnet/ed/t/2014-01-12/tse-ed-t-2014-01-12.xsd#tse-ed-t_BusinessResultsFinancialPositionsLineItems" xlink:label="tse-ed-t_BusinessResultsFinancialPositionsLineItems" /><loc xlink:type="locator" xlink:href="http://www.xbrl.tdnet.info/taxonomy/jp/tse/tdnet/ed/t/2014-01-12/tse-ed-t-2014-01-12.xsd#tse-ed-t_BusinessResultsFinancialPositionsTable" xlink:label="tse-ed-t_BusinessResultsFinancialPositionsTable" /><loc xlink:type="locator" xlink:href="http://www.xbrl.tdnet.info/taxonomy/jp/tse/tdnet/ed/t/2014-01-12/tse-ed-t-2014-01-12.xsd#tse-ed-t_CapitalAdequacyRatio" xlink:label="tse-ed-t_CapitalAdequacyRatio" /><loc xlink:type="locator" xlink:href="http://www.xbrl.tdnet.info/taxonomy/jp/tse/tdnet/ed/t/2014-01-12/tse-ed-t-2014-01-12.xsd#tse-ed-t_ConsolidatedNonconsolidatedAxis" xlink:label="tse-ed-t_ConsolidatedNonconsolidatedAxis" /><loc xlink:type="locator" xlink:href="http://www.xbrl.tdnet.info/taxonomy/jp/tse/tdnet/ed/t/2014-01-12/tse-ed-t-2014-01-12.xsd#tse-ed-t_FinancialPositionsAbstract" xlink:label="tse-ed-t_FinancialPositionsAbstract" /><loc xlink:type="locator" xlink:href="http://www.xbrl.tdnet.info/taxonomy/jp/tse/tdnet/ed/t/2014-01-12/tse-ed-t-2014-01-12.xsd#tse-ed-t_NetAssets" xlink:label="tse-ed-t_NetAssets" /><loc xlink:type="locator" xlink:href="http://www.xbrl.tdnet.info/taxonomy/jp/tse/tdnet/ed/t/2014-01-12/tse-ed-t-2014-01-12.xsd#tse-ed-t_NetAssetsPerShare" xlink:label="tse-ed-t_NetAssetsPerShare" /><loc xlink:type="locator" xlink:href="http://www.xbrl.tdnet.info/taxonomy/jp/tse/tdnet/ed/t/2014-01-12/tse-ed-t-2014-01-12.xsd#tse-ed-t_NonConsolidatedMember" xlink:label="tse-ed-t_NonConsolidatedMember" /><loc xlink:type="locator" xlink:href="http://www.xbrl.tdnet.info/taxonomy/jp/tse/tdnet/ed/t/2014-01-12/tse-ed-t-2014-01-12.xsd#tse-ed-t_NoteToFinancialPositions" xlink:label="tse-ed-t_NoteToFinancialPositions" /><loc xlink:type="locator" xlink:href="http://www.xbrl.tdnet.info/taxonomy/jp/tse/tdnet/ed/t/2014-01-12/tse-ed-t-2014-01-12.xsd#tse-ed-t_NoteToFinancialPositionsAbstract" xlink:label="tse-ed-t_NoteToFinancialPositionsAbstract" /><loc xlink:type="locator" xlink:href="http://www.xbrl.tdnet.info/taxonomy/jp/tse/tdnet/ed/t/2014-01-12/tse-ed-t-2014-01-12.xsd#tse-ed-t_OwnersEquity" xlink:label="tse-ed-t_OwnersEquity" /><loc xlink:type="locator" xlink:href="http://www.xbrl.tdnet.info/taxonomy/jp/tse/tdnet/ed/t/2014-01-12/tse-ed-t-2014-01-12.xsd#tse-ed-t_ResultForecastAxis" xlink:label="tse-ed-t_ResultForecastAxis" /><loc xlink:type="locator" xlink:href="http://www.xbrl.tdnet.info/taxonomy/jp/tse/tdnet/ed/t/2014-01-12/tse-ed-t-2014-01-12.xsd#tse-ed-t_ResultMember" xlink:label="tse-ed-t_ResultMember" /><loc xlink:type="locator" xlink:href="http://www.xbrl.tdnet.info/taxonomy/jp/tse/tdnet/ed/t/2014-01-12/tse-ed-t-2014-01-12.xsd#tse-ed-t_TotalAssets" xlink:label="tse-ed-t_TotalAssets" /><definitionArc xlink:type="arc" xlink:from="tse-ed-t_BusinessResultsFinancialPositionsHeading" xlink:to="tse-ed-t_BusinessResultsFinancialPositionsTable" xlink:arcrole="http://xbrl.org/int/dim/arcrole/all" xbrldt:contextElement="scenario" xbrldt:closed="true" order="1" /><definitionArc xlink:type="arc" xlink:from="tse-ed-t_BusinessResultsFinancialPositionsHeading" xlink:to="tse-ed-t_BusinessResultsFinancialPositionsLineItems" xlink:arcrole="http://xbrl.org/int/dim/arcrole/domain-member" order="2" /><definitionArc xlink:type="arc" xlink:from="tse-ed-t_BusinessResultsFinancialPositionsLineItems" xlink:to="tse-ed-t_FinancialPositionsAbstract" xlink:arcrole="http://xbrl.org/int/dim/arcrole/domain-member" order="1" /><definitionArc xlink:type="arc" xlink:from="tse-ed-t_BusinessResultsFinancialPositionsLineItems" xlink:to="tse-ed-t_NoteToFinancialPositionsAbstract" xlink:arcrole="http://xbrl.org/int/dim/arcrole/domain-member" order="2" /><definitionArc xlink:type="arc" xlink:from="tse-ed-t_BusinessResultsFinancialPositionsTable" xlink:to="tse-ed-t_ConsolidatedNonconsolidatedAxis" xlink:arcrole="http://xbrl.org/int/dim/arcrole/hypercube-dimension" order="1" /><definitionArc xlink:type="arc" xlink:from="tse-ed-t_BusinessResultsFinancialPositionsTable" xlink:to="tse-ed-t_ResultForecastAxis" xlink:arcrole="http://xbrl.org/int/dim/arcrole/hypercube-dimension" order="2" /><definitionArc xlink:type="arc" xlink:from="tse-ed-t_ConsolidatedNonconsolidatedAxis" xlink:to="tse-ed-t_NonConsolidatedMember" xlink:arcrole="http://xbrl.org/int/dim/arcrole/dimension-domain" order="1" /><definitionArc xlink:type="arc" xlink:from="tse-ed-t_FinancialPositionsAbstract" xlink:to="tse-ed-t_TotalAssets" xlink:arcrole="http://xbrl.org/int/dim/arcrole/domain-member" order="1" /><definitionArc xlink:type="arc" xlink:from="tse-ed-t_FinancialPositionsAbstract" xlink:to="tse-ed-t_NetAssets" xlink:arcrole="http://xbrl.org/int/dim/arcrole/domain-member" order="2" /><definitionArc xlink:type="arc" xlink:from="tse-ed-t_FinancialPositionsAbstract" xlink:to="tse-ed-t_CapitalAdequacyRatio" xlink:arcrole="http://xbrl.org/int/dim/arcrole/domain-member" order="3" /><definitionArc xlink:type="arc" xlink:from="tse-ed-t_FinancialPositionsAbstract" xlink:to="tse-ed-t_NetAssetsPerShare" xlink:arcrole="http://xbrl.org/int/dim/arcrole/domain-member" order="4" /><definitionArc xlink:type="arc" xlink:from="tse-ed-t_NoteToFinancialPositionsAbstract" xlink:to="tse-ed-t_OwnersEquity" xlink:arcrole="http://xbrl.org/int/dim/arcrole/domain-member" order="1" /><definitionArc xlink:type="arc" xlink:from="tse-ed-t_NoteToFinancialPositionsAbstract" xlink:to="tse-ed-t_NoteToFinancialPositions" xlink:arcrole="http://xbrl.org/int/dim/arcrole/domain-member" order="2" /><definitionArc xlink:type="arc" xlink:from="tse-ed-t_ResultForecastAxis" xlink:to="tse-ed-t_ResultMember" xlink:arcrole="http://xbrl.org/int/dim/arcrole/dimension-domain" order="1" /></definitionLink><definitionLink xlink:type="extended" xlink:role="http://www.xbrl.tdnet.info/jp/tse/tdnet/role/RoleBusinessResultsCashFlows"><loc xlink:type="locator" xlink:href="http://www.xbrl.tdnet.info/taxonomy/jp/tse/tdnet/ed/t/2014-01-12/tse-ed-t-2014-01-12.xsd#tse-ed-t_BusinessResultsCashFlowsHeading" xlink:label="tse-ed-t_BusinessResultsCashFlowsHeading" /><loc xlink:type="locator" xlink:href="http://www.xbrl.tdnet.info/taxonomy/jp/tse/tdnet/ed/t/2014-01-12/tse-ed-t-2014-01-12.xsd#tse-ed-t_BusinessResultsCashFlowsLineItems" xlink:label="tse-ed-t_BusinessResultsCashFlowsLineItems" /><loc xlink:type="locator" xlink:href="http://www.xbrl.tdnet.info/taxonomy/jp/tse/tdnet/ed/t/2014-01-12/tse-ed-t-2014-01-12.xsd#tse-ed-t_BusinessResultsCashFlowsTable" xlink:label="tse-ed-t_BusinessResultsCashFlowsTable" /><loc xlink:type="locator" xlink:href="http://www.xbrl.tdnet.info/taxonomy/jp/tse/tdnet/ed/t/2014-01-12/tse-ed-t-2014-01-12.xsd#tse-ed-t_CashAndEquivalentsEndOfPeriod" xlink:label="tse-ed-t_CashAndEquivalentsEndOfPeriod" /><loc xlink:type="locator" xlink:href="http://www.xbrl.tdnet.info/taxonomy/jp/tse/tdnet/ed/t/2014-01-12/tse-ed-t-2014-01-12.xsd#tse-ed-t_CashFlowsAbstract" xlink:label="tse-ed-t_CashFlowsAbstract" /><loc xlink:type="locator" xlink:href="http://www.xbrl.tdnet.info/taxonomy/jp/tse/tdnet/ed/t/2014-01-12/tse-ed-t-2014-01-12.xsd#tse-ed-t_CashFlowsFromFinancingActivities" xlink:label="tse-ed-t_CashFlowsFromFinancingActivities" /><loc xlink:type="locator" xlink:href="http://www.xbrl.tdnet.info/taxonomy/jp/tse/tdnet/ed/t/2014-01-12/tse-ed-t-2014-01-12.xsd#tse-ed-t_CashFlowsFromInvestingActivities" xlink:label="tse-ed-t_CashFlowsFromInvestingActivities" /><loc xlink:type="locator" xlink:href="http://www.xbrl.tdnet.info/taxonomy/jp/tse/tdnet/ed/t/2014-01-12/tse-ed-t-2014-01-12.xsd#tse-ed-t_CashFlowsFromOperatingActivities" xlink:label="tse-ed-t_CashFlowsFromOperatingActivities" /><loc xlink:type="locator" xlink:href="http://www.xbrl.tdnet.info/taxonomy/jp/tse/tdnet/ed/t/2014-01-12/tse-ed-t-2014-01-12.xsd#tse-ed-t_ConsolidatedNonconsolidatedAxis" xlink:label="tse-ed-t_ConsolidatedNonconsolidatedAxis" /><loc xlink:type="locator" xlink:href="http://www.xbrl.tdnet.info/taxonomy/jp/tse/tdnet/ed/t/2014-01-12/tse-ed-t-2014-01-12.xsd#tse-ed-t_NonConsolidatedMember" xlink:label="tse-ed-t_NonConsolidatedMember" /><loc xlink:type="locator" xlink:href="http://www.xbrl.tdnet.info/taxonomy/jp/tse/tdnet/ed/t/2014-01-12/tse-ed-t-2014-01-12.xsd#tse-ed-t_NoteToCashFlows" xlink:label="tse-ed-t_NoteToCashFlows" /><loc xlink:type="locator" xlink:href="http://www.xbrl.tdnet.info/taxonomy/jp/tse/tdnet/ed/t/2014-01-12/tse-ed-t-2014-01-12.xsd#tse-ed-t_NoteToCashFlowsAbstract" xlink:label="tse-ed-t_NoteToCashFlowsAbstract" /><loc xlink:type="locator" xlink:href="http://www.xbrl.tdnet.info/taxonomy/jp/tse/tdnet/ed/t/2014-01-12/tse-ed-t-2014-01-12.xsd#tse-ed-t_ResultForecastAxis" xlink:label="tse-ed-t_ResultForecastAxis" /><loc xlink:type="locator" xlink:href="http://www.xbrl.tdnet.info/taxonomy/jp/tse/tdnet/ed/t/2014-01-12/tse-ed-t-2014-01-12.xsd#tse-ed-t_ResultMember" xlink:label="tse-ed-t_ResultMember" /><definitionArc xlink:type="arc" xlink:from="tse-ed-t_BusinessResultsCashFlowsHeading" xlink:to="tse-ed-t_BusinessResultsCashFlowsTable" xlink:arcrole="http://xbrl.org/int/dim/arcrole/all" xbrldt:contextElement="scenario" xbrldt:closed="true" order="1" /><definitionArc xlink:type="arc" xlink:from="tse-ed-t_BusinessResultsCashFlowsHeading" xlink:to="tse-ed-t_BusinessResultsCashFlowsLineItems" xlink:arcrole="http://xbrl.org/int/dim/arcrole/domain-member" order="2" /><definitionArc xlink:type="arc" xlink:from="tse-ed-t_BusinessResultsCashFlowsLineItems" xlink:to="tse-ed-t_CashFlowsAbstract" xlink:arcrole="http://xbrl.org/int/dim/arcrole/domain-member" order="1" /><definitionArc xlink:type="arc" xlink:from="tse-ed-t_BusinessResultsCashFlowsLineItems" xlink:to="tse-ed-t_NoteToCashFlowsAbstract" xlink:arcrole="http://xbrl.org/int/dim/arcrole/domain-member" order="2" /><definitionArc xlink:type="arc" xlink:from="tse-ed-t_BusinessResultsCashFlowsTable" xlink:to="tse-ed-t_ConsolidatedNonconsolidatedAxis" xlink:arcrole="http://xbrl.org/int/dim/arcrole/hypercube-dimension" order="1" /><definitionArc xlink:type="arc" xlink:from="tse-ed-t_BusinessResultsCashFlowsTable" xlink:to="tse-ed-t_ResultForecastAxis" xlink:arcrole="http://xbrl.org/int/dim/arcrole/hypercube-dimension" order="2" /><definitionArc xlink:type="arc" xlink:from="tse-ed-t_CashFlowsAbstract" xlink:to="tse-ed-t_CashFlowsFromOperatingActivities" xlink:arcrole="http://xbrl.org/int/dim/arcrole/domain-member" order="1" /><definitionArc xlink:type="arc" xlink:from="tse-ed-t_CashFlowsAbstract" xlink:to="tse-ed-t_CashFlowsFromInvestingActivities" xlink:arcrole="http://xbrl.org/int/dim/arcrole/domain-member" order="2" /><definitionArc xlink:type="arc" xlink:from="tse-ed-t_CashFlowsAbstract" xlink:to="tse-ed-t_CashFlowsFromFinancingActivities" xlink:arcrole="http://xbrl.org/int/dim/arcrole/domain-member" order="3" /><definitionArc xlink:type="arc" xlink:from="tse-ed-t_CashFlowsAbstract" xlink:to="tse-ed-t_CashAndEquivalentsEndOfPeriod" xlink:arcrole="http://xbrl.org/int/dim/arcrole/domain-member" order="4" /><definitionArc xlink:type="arc" xlink:from="tse-ed-t_ConsolidatedNonconsolidatedAxis" xlink:to="tse-ed-t_NonConsolidatedMember" xlink:arcrole="http://xbrl.org/int/dim/arcrole/dimension-domain" order="1" /><definitionArc xlink:type="arc" xlink:from="tse-ed-t_NoteToCashFlowsAbstract" xlink:to="tse-ed-t_NoteToCashFlows" xlink:arcrole="http://xbrl.org/int/dim/arcrole/domain-member" order="1" /><definitionArc xlink:type="arc" xlink:from="tse-ed-t_ResultForecastAxis" xlink:to="tse-ed-t_ResultMember" xlink:arcrole="http://xbrl.org/int/dim/arcrole/dimension-domain" order="1" /></definitionLink><definitionLink xlink:type="extended" xlink:role="http://www.xbrl.tdnet.info/jp/tse/tdnet/role/RoleDividends"><loc xlink:type="locator" xlink:href="http://www.xbrl.tdnet.info/taxonomy/jp/tse/tdnet/ed/t/2014-01-12/tse-ed-t-2014-01-12.xsd#tse-ed-t_AnnualDividendPaymentScheduleAxis" xlink:label="tse-ed-t_AnnualDividendPaymentScheduleAxis" /><loc xlink:type="locator" xlink:href="http://www.xbrl.tdnet.info/taxonomy/jp/tse/tdnet/ed/t/2014-01-12/tse-ed-t-2014-01-12.xsd#tse-ed-t_AnnualMember" xlink:label="tse-ed-t_AnnualMember" /><loc xlink:type="locator" xlink:href="http://www.xbrl.tdnet.info/taxonomy/jp/tse/tdnet/ed/t/2014-01-12/tse-ed-t-2014-01-12.xsd#tse-ed-t_ConsolidatedNonconsolidatedAxis" xlink:label="tse-ed-t_ConsolidatedNonconsolidatedAxis" /><loc xlink:type="locator" xlink:href="http://www.xbrl.tdnet.info/taxonomy/jp/tse/tdnet/ed/t/2014-01-12/tse-ed-t-2014-01-12.xsd#tse-ed-t_DetailOfDividendPerShareFiscalYearEndAbstract" xlink:label="tse-ed-t_DetailOfDividendPerShareFiscalYearEndAbstract" /><loc xlink:type="locator" xlink:href="http://www.xbrl.tdnet.info/taxonomy/jp/tse/tdnet/ed/t/2014-01-12/tse-ed-t-2014-01-12.xsd#tse-ed-t_DividendPerShare" xlink:label="tse-ed-t_DividendPerShare" /><loc xlink:type="locator" xlink:href="http://www.xbrl.tdnet.info/taxonomy/jp/tse/tdnet/ed/t/2014-01-12/tse-ed-t-2014-01-12.xsd#tse-ed-t_DividendPerShareAbstract" xlink:label="tse-ed-t_DividendPerShareAbstract" /><loc xlink:type="locator" xlink:href="http://www.xbrl.tdnet.info/taxonomy/jp/tse/tdnet/ed/t/2014-01-12/tse-ed-t-2014-01-12.xsd#tse-ed-t_DividendsAbstract" xlink:label="tse-ed-t_DividendsAbstract" /><loc xlink:type="locator" xlink:href="http://www.xbrl.tdnet.info/taxonomy/jp/tse/tdnet/ed/t/2014-01-12/tse-ed-t-2014-01-12.xsd#tse-ed-t_DividendsHeading" xlink:label="tse-ed-t_DividendsHeading" /><loc xlink:type="locator" xlink:href="http://www.xbrl.tdnet.info/taxonomy/jp/tse/tdnet/ed/t/2014-01-12/tse-ed-t-2014-01-12.xsd#tse-ed-t_DividendsLineItems" xlink:label="tse-ed-t_DividendsLineItems" /><loc xlink:type="locator" xlink:href="http://www.xbrl.tdnet.info/taxonomy/jp/tse/tdnet/ed/t/2014-01-12/tse-ed-t-2014-01-12.xsd#tse-ed-t_DividendsTable" xlink:label="tse-ed-t_DividendsTable" /><loc xlink:type="locator" xlink:href="http://www.xbrl.tdnet.info/taxonomy/jp/tse/tdnet/ed/t/2014-01-12/tse-ed-t-2014-01-12.xsd#tse-ed-t_FirstQuarterMember" xlink:label="tse-ed-t_FirstQuarterMember" /><loc xlink:type="locator" xlink:href="http://www.xbrl.tdnet.info/taxonomy/jp/tse/tdnet/ed/t/2014-01-12/tse-ed-t-2014-01-12.xsd#tse-ed-t_ForecastMember" xlink:label="tse-ed-t_ForecastMember" /><loc xlink:type="locator" xlink:href="http://www.xbrl.tdnet.info/taxonomy/jp/tse/tdnet/ed/t/2014-01-12/tse-ed-t-2014-01-12.xsd#tse-ed-t_LowerMember" xlink:label="tse-ed-t_LowerMember" /><loc xlink:type="locator" xlink:href="http://www.xbrl.tdnet.info/taxonomy/jp/tse/tdnet/ed/t/2014-01-12/tse-ed-t-2014-01-12.xsd#tse-ed-t_NonConsolidatedMember" xlink:label="tse-ed-t_NonConsolidatedMember" /><loc xlink:type="locator" xlink:href="http://www.xbrl.tdnet.info/taxonomy/jp/tse/tdnet/ed/t/2014-01-12/tse-ed-t-2014-01-12.xsd#tse-ed-t_NoteToDividends" xlink:label="tse-ed-t_NoteToDividends" /><loc xlink:type="locator" xlink:href="http://www.xbrl.tdnet.info/taxonomy/jp/tse/tdnet/ed/t/2014-01-12/tse-ed-t-2014-01-12.xsd#tse-ed-t_NoteToDividendsAbstract" xlink:label="tse-ed-t_NoteToDividendsAbstract" /><loc xlink:type="locator" xlink:href="http://www.xbrl.tdnet.info/taxonomy/jp/tse/tdnet/ed/t/2014-01-12/tse-ed-t-2014-01-12.xsd#tse-ed-t_PayoutRatio" xlink:label="tse-ed-t_PayoutRatio" /><loc xlink:type="locator" xlink:href="http://www.xbrl.tdnet.info/taxonomy/jp/tse/tdnet/ed/t/2014-01-12/tse-ed-t-2014-01-12.xsd#tse-ed-t_PayoutRatioAbstract" xlink:label="tse-ed-t_PayoutRatioAbstract" /><loc xlink:type="locator" xlink:href="http://www.xbrl.tdnet.info/taxonomy/jp/tse/tdnet/ed/t/2014-01-12/tse-ed-t-2014-01-12.xsd#tse-ed-t_RatioOfTotalAmountOfDividendsToNetAssets" xlink:label="tse-ed-t_RatioOfTotalAmountOfDividendsToNetAssets" /><loc xlink:type="locator" xlink:href="http://www.xbrl.tdnet.info/taxonomy/jp/tse/tdnet/ed/t/2014-01-12/tse-ed-t-2014-01-12.xsd#tse-ed-t_RatioOfTotalAmountOfDividendsToNetAssetsAbstract" xlink:label="tse-ed-t_RatioOfTotalAmountOfDividendsToNetAssetsAbstract" /><loc xlink:type="locator" xlink:href="http://www.xbrl.tdnet.info/taxonomy/jp/tse/tdnet/ed/t/2014-01-12/tse-ed-t-2014-01-12.xsd#tse-ed-t_ResultForecastAxis" xlink:label="tse-ed-t_ResultForecastAxis" /><loc xlink:type="locator" xlink:href="http://www.xbrl.tdnet.info/taxonomy/jp/tse/tdnet/ed/t/2014-01-12/tse-ed-t-2014-01-12.xsd#tse-ed-t_ResultMember" xlink:label="tse-ed-t_ResultMember" /><loc xlink:type="locator" xlink:href="http://www.xbrl.tdnet.info/taxonomy/jp/tse/tdnet/ed/t/2014-01-12/tse-ed-t-2014-01-12.xsd#tse-ed-t_SecondQuarterMember" xlink:label="tse-ed-t_SecondQuarterMember" /><loc xlink:type="locator" xlink:href="http://www.xbrl.tdnet.info/taxonomy/jp/tse/tdnet/ed/t/2014-01-12/tse-ed-t-2014-01-12.xsd#tse-ed-t_ThirdQuarterMember" xlink:label="tse-ed-t_ThirdQuarterMember" /><loc xlink:type="locator" xlink:href="http://www.xbrl.tdnet.info/taxonomy/jp/tse/tdnet/ed/t/2014-01-12/tse-ed-t-2014-01-12.xsd#tse-ed-t_TotalDividendPaidAnnual" xlink:label="tse-ed-t_TotalDividendPaidAnnual" /><loc xlink:type="locator" xlink:href="http://www.xbrl.tdnet.info/taxonomy/jp/tse/tdnet/ed/t/2014-01-12/tse-ed-t-2014-01-12.xsd#tse-ed-t_TotalDividendPaidAnnualAbstract" xlink:label="tse-ed-t_TotalDividendPaidAnnualAbstract" /><loc xlink:type="locator" xlink:href="http://www.xbrl.tdnet.info/taxonomy/jp/tse/tdnet/ed/t/2014-01-12/tse-ed-t-2014-01-12.xsd#tse-ed-t_UpperMember" xlink:label="tse-ed-t_UpperMember" /><loc xlink:type="locator" xlink:href="http://www.xbrl.tdnet.info/taxonomy/jp/tse/tdnet/ed/t/2014-01-12/tse-ed-t-2014-01-12.xsd#tse-ed-t_YearEndMember" xlink:label="tse-ed-t_YearEndMember" /><definitionArc xlink:type="arc" xlink:from="tse-ed-t_AnnualDividendPaymentScheduleAxis" xlink:to="tse-ed-t_FirstQuarterMember" xlink:arcrole="http://xbrl.org/int/dim/arcrole/dimension-domain" order="1" /><definitionArc xlink:type="arc" xlink:from="tse-ed-t_AnnualDividendPaymentScheduleAxis" xlink:to="tse-ed-t_SecondQuarterMember" xlink:arcrole="http://xbrl.org/int/dim/arcrole/dimension-domain" order="2" /><definitionArc xlink:type="arc" xlink:from="tse-ed-t_AnnualDividendPaymentScheduleAxis" xlink:to="tse-ed-t_ThirdQuarterMember" xlink:arcrole="http://xbrl.org/int/dim/arcrole/dimension-domain" order="3" /><definitionArc xlink:type="arc" xlink:from="tse-ed-t_AnnualDividendPaymentScheduleAxis" xlink:to="tse-ed-t_YearEndMember" xlink:arcrole="http://xbrl.org/int/dim/arcrole/dimension-domain" order="4" /><definitionArc xlink:type="arc" xlink:from="tse-ed-t_AnnualDividendPaymentScheduleAxis" xlink:to="tse-ed-t_AnnualMember" xlink:arcrole="http://xbrl.org/int/dim/arcrole/dimension-domain" order="5" /><definitionArc xlink:type="arc" xlink:from="tse-ed-t_ConsolidatedNonconsolidatedAxis" xlink:to="tse-ed-t_NonConsolidatedMember" xlink:arcrole="http://xbrl.org/int/dim/arcrole/dimension-domain" order="1" /><definitionArc xlink:type="arc" xlink:from="tse-ed-t_DividendPerShareAbstract" xlink:to="tse-ed-t_DividendPerShare" xlink:arcrole="http://xbrl.org/int/dim/arcrole/domain-member" order="1" /><definitionArc xlink:type="arc" xlink:from="tse-ed-t_DividendsHeading" xlink:to="tse-ed-t_DividendsTable" xlink:arcrole="http://xbrl.org/int/dim/arcrole/all" xbrldt:contextElement="scenario" xbrldt:closed="true" order="1" /><definitionArc xlink:type="arc" xlink:from="tse-ed-t_DividendsHeading" xlink:to="tse-ed-t_DividendsLineItems" xlink:arcrole="http://xbrl.org/int/dim/arcrole/domain-member" order="2" /><definitionArc xlink:type="arc" xlink:from="tse-ed-t_DividendsLineItems" xlink:to="tse-ed-t_DividendsAbstract" xlink:arcrole="http://xbrl.org/int/dim/arcrole/domain-member" order="1" /><definitionArc xlink:type="arc" xlink:from="tse-ed-t_DividendsAbstract" xlink:to="tse-ed-t_DividendPerShareAbstract" xlink:arcrole="http://xbrl.org/int/dim/arcrole/domain-member" order="1" /><definitionArc xlink:type="arc" xlink:from="tse-ed-t_DividendsAbstract" xlink:to="tse-ed-t_TotalDividendPaidAnnualAbstract" xlink:arcrole="http://xbrl.org/int/dim/arcrole/domain-member" order="2" /><definitionArc xlink:type="arc" xlink:from="tse-ed-t_DividendsAbstract" xlink:to="tse-ed-t_PayoutRatioAbstract" xlink:arcrole="http://xbrl.org/int/dim/arcrole/domain-member" order="3" /><definitionArc xlink:type="arc" xlink:from="tse-ed-t_DividendsAbstract" xlink:to="tse-ed-t_RatioOfTotalAmountOfDividendsToNetAssetsAbstract" xlink:arcrole="http://xbrl.org/int/dim/arcrole/domain-member" order="4" /><definitionArc xlink:type="arc" xlink:from="tse-ed-t_DividendsLineItems" xlink:to="tse-ed-t_NoteToDividendsAbstract" xlink:arcrole="http://xbrl.org/int/dim/arcrole/domain-member" order="2" /><definitionArc xlink:type="arc" xlink:from="tse-ed-t_DividendsTable" xlink:to="tse-ed-t_AnnualDividendPaymentScheduleAxis" xlink:arcrole="http://xbrl.org/int/dim/arcrole/hypercube-dimension" order="1" /><definitionArc xlink:type="arc" xlink:from="tse-ed-t_DividendsTable" xlink:to="tse-ed-t_ResultForecastAxis" xlink:arcrole="http://xbrl.org/int/dim/arcrole/hypercube-dimension" order="2" /><definitionArc xlink:type="arc" xlink:from="tse-ed-t_DividendsTable" xlink:to="tse-ed-t_ConsolidatedNonconsolidatedAxis" xlink:arcrole="http://xbrl.org/int/dim/arcrole/hypercube-dimension" order="3" /><definitionArc xlink:type="arc" xlink:from="tse-ed-t_NoteToDividendsAbstract" xlink:to="tse-ed-t_DetailOfDividendPerShareFiscalYearEndAbstract" xlink:arcrole="http://xbrl.org/int/dim/arcrole/domain-member" order="1" /><definitionArc xlink:type="arc" xlink:from="tse-ed-t_NoteToDividendsAbstract" xlink:to="tse-ed-t_NoteToDividends" xlink:arcrole="http://xbrl.org/int/dim/arcrole/domain-member" order="2" /><definitionArc xlink:type="arc" xlink:from="tse-ed-t_PayoutRatioAbstract" xlink:to="tse-ed-t_PayoutRatio" xlink:arcrole="http://xbrl.org/int/dim/arcrole/domain-member" order="1" /><definitionArc xlink:type="arc" xlink:from="tse-ed-t_RatioOfTotalAmountOfDividendsToNetAssetsAbstract" xlink:to="tse-ed-t_RatioOfTotalAmountOfDividendsToNetAssets" xlink:arcrole="http://xbrl.org/int/dim/arcrole/domain-member" order="1" /><definitionArc xlink:type="arc" xlink:from="tse-ed-t_ResultForecastAxis" xlink:to="tse-ed-t_ResultMember" xlink:arcrole="http://xbrl.org/int/dim/arcrole/dimension-domain" order="1" /><definitionArc xlink:type="arc" xlink:from="tse-ed-t_ResultForecastAxis" xlink:to="tse-ed-t_ForecastMember" xlink:arcrole="http://xbrl.org/int/dim/arcrole/dimension-domain" order="2" /><definitionArc xlink:type="arc" xlink:from="tse-ed-t_ResultForecastAxis" xlink:to="tse-ed-t_UpperMember" xlink:arcrole="http://xbrl.org/int/dim/arcrole/dimension-domain" order="3" /><definitionArc xlink:type="arc" xlink:from="tse-ed-t_ResultForecastAxis" xlink:to="tse-ed-t_LowerMember" xlink:arcrole="http://xbrl.org/int/dim/arcrole/dimension-domain" order="4" /><definitionArc xlink:type="arc" xlink:from="tse-ed-t_TotalDividendPaidAnnualAbstract" xlink:to="tse-ed-t_TotalDividendPaidAnnual" xlink:arcrole="http://xbrl.org/int/dim/arcrole/domain-member" order="1" /></definitionLink><definitionLink xlink:type="extended" xlink:role="http://www.xbrl.tdnet.info/jp/tse/tdnet/role/RoleForecasts"><loc xlink:type="locator" xlink:href="http://www.xbrl.tdnet.info/taxonomy/jp/tse/tdnet/ed/t/2014-01-12/tse-ed-t-2014-01-12.xsd#tse-ed-t_ChangeInNetIncome" xlink:label="tse-ed-t_ChangeInNetIncome" /><loc xlink:type="locator" xlink:href="http://www.xbrl.tdnet.info/taxonomy/jp/tse/tdnet/ed/t/2014-01-12/tse-ed-t-2014-01-12.xsd#tse-ed-t_ChangeInNetSales" xlink:label="tse-ed-t_ChangeInNetSales" /><loc xlink:type="locator" xlink:href="http://www.xbrl.tdnet.info/taxonomy/jp/tse/tdnet/ed/t/2014-01-12/tse-ed-t-2014-01-12.xsd#tse-ed-t_ChangeInOperatingIncome" xlink:label="tse-ed-t_ChangeInOperatingIncome" /><loc xlink:type="locator" xlink:href="http://www.xbrl.tdnet.info/taxonomy/jp/tse/tdnet/ed/t/2014-01-12/tse-ed-t-2014-01-12.xsd#tse-ed-t_ChangeInOrdinaryIncome" xlink:label="tse-ed-t_ChangeInOrdinaryIncome" /><loc xlink:type="locator" xlink:href="http://www.xbrl.tdnet.info/taxonomy/jp/tse/tdnet/ed/t/2014-01-12/tse-ed-t-2014-01-12.xsd#tse-ed-t_ConsolidatedNonconsolidatedAxis" xlink:label="tse-ed-t_ConsolidatedNonconsolidatedAxis" /><loc xlink:type="locator" xlink:href="http://www.xbrl.tdnet.info/taxonomy/jp/tse/tdnet/ed/t/2014-01-12/tse-ed-t-2014-01-12.xsd#tse-ed-t_ForecastMember" xlink:label="tse-ed-t_ForecastMember" /><loc xlink:type="locator" xlink:href="http://www.xbrl.tdnet.info/taxonomy/jp/tse/tdnet/ed/t/2014-01-12/tse-ed-t-2014-01-12.xsd#tse-ed-t_ForecastsHeading" xlink:label="tse-ed-t_ForecastsHeading" /><loc xlink:type="locator" xlink:href="http://www.xbrl.tdnet.info/taxonomy/jp/tse/tdnet/ed/t/2014-01-12/tse-ed-t-2014-01-12.xsd#tse-ed-t_ForecastsLineItems" xlink:label="tse-ed-t_ForecastsLineItems" /><loc xlink:type="locator" xlink:href="http://www.xbrl.tdnet.info/taxonomy/jp/tse/tdnet/ed/t/2014-01-12/tse-ed-t-2014-01-12.xsd#tse-ed-t_ForecastsTable" xlink:label="tse-ed-t_ForecastsTable" /><loc xlink:type="locator" xlink:href="http://www.xbrl.tdnet.info/taxonomy/jp/tse/tdnet/ed/t/2014-01-12/tse-ed-t-2014-01-12.xsd#tse-ed-t_LowerMember" xlink:label="tse-ed-t_LowerMember" /><loc xlink:type="locator" xlink:href="http://www.xbrl.tdnet.info/taxonomy/jp/tse/tdnet/ed/t/2014-01-12/tse-ed-t-2014-01-12.xsd#tse-ed-t_MainTableOfForecastsAbstract" xlink:label="tse-ed-t_MainTableOfForecastsAbstract" /><loc xlink:type="locator" xlink:href="http://www.xbrl.tdnet.info/taxonomy/jp/tse/tdnet/ed/t/2014-01-12/tse-ed-t-2014-01-12.xsd#tse-ed-t_NetIncome" xlink:label="tse-ed-t_NetIncome" /><loc xlink:type="locator" xlink:href="http://www.xbrl.tdnet.info/taxonomy/jp/tse/tdnet/ed/t/2014-01-12/tse-ed-t-2014-01-12.xsd#tse-ed-t_NetIncomeForecastAbstract" xlink:label="tse-ed-t_NetIncomeForecastAbstract" /><loc xlink:type="locator" xlink:href="http://www.xbrl.tdnet.info/taxonomy/jp/tse/tdnet/ed/t/2014-01-12/tse-ed-t-2014-01-12.xsd#tse-ed-t_NetIncomePerShare" xlink:label="tse-ed-t_NetIncomePerShare" /><loc xlink:type="locator" xlink:href="http://www.xbrl.tdnet.info/taxonomy/jp/tse/tdnet/ed/t/2014-01-12/tse-ed-t-2014-01-12.xsd#tse-ed-t_NetIncomePerShareForecastAbstract" xlink:label="tse-ed-t_NetIncomePerShareForecastAbstract" /><loc xlink:type="locator" xlink:href="http://www.xbrl.tdnet.info/taxonomy/jp/tse/tdnet/ed/t/2014-01-12/tse-ed-t-2014-01-12.xsd#tse-ed-t_NetSales" xlink:label="tse-ed-t_NetSales" /><loc xlink:type="locator" xlink:href="http://www.xbrl.tdnet.info/taxonomy/jp/tse/tdnet/ed/t/2014-01-12/tse-ed-t-2014-01-12.xsd#tse-ed-t_NetSalesForecastAbstract" xlink:label="tse-ed-t_NetSalesForecastAbstract" /><loc xlink:type="locator" xlink:href="http://www.xbrl.tdnet.info/taxonomy/jp/tse/tdnet/ed/t/2014-01-12/tse-ed-t-2014-01-12.xsd#tse-ed-t_NonConsolidatedMember" xlink:label="tse-ed-t_NonConsolidatedMember" /><loc xlink:type="locator" xlink:href="http://www.xbrl.tdnet.info/taxonomy/jp/tse/tdnet/ed/t/2014-01-12/tse-ed-t-2014-01-12.xsd#tse-ed-t_NoteToForecasts" xlink:label="tse-ed-t_NoteToForecasts" /><loc xlink:type="locator" xlink:href="http://www.xbrl.tdnet.info/taxonomy/jp/tse/tdnet/ed/t/2014-01-12/tse-ed-t-2014-01-12.xsd#tse-ed-t_NoteToForecastsAbstract" xlink:label="tse-ed-t_NoteToForecastsAbstract" /><loc xlink:type="locator" xlink:href="http://www.xbrl.tdnet.info/taxonomy/jp/tse/tdnet/ed/t/2014-01-12/tse-ed-t-2014-01-12.xsd#tse-ed-t_OperatingIncome" xlink:label="tse-ed-t_OperatingIncome" /><loc xlink:type="locator" xlink:href="http://www.xbrl.tdnet.info/taxonomy/jp/tse/tdnet/ed/t/2014-01-12/tse-ed-t-2014-01-12.xsd#tse-ed-t_OperatingIncomeForecastAbstract" xlink:label="tse-ed-t_OperatingIncomeForecastAbstract" /><loc xlink:type="locator" xlink:href="http://www.xbrl.tdnet.info/taxonomy/jp/tse/tdnet/ed/t/2014-01-12/tse-ed-t-2014-01-12.xsd#tse-ed-t_OrdinaryIncome" xlink:label="tse-ed-t_OrdinaryIncome" /><loc xlink:type="locator" xlink:href="http://www.xbrl.tdnet.info/taxonomy/jp/tse/tdnet/ed/t/2014-01-12/tse-ed-t-2014-01-12.xsd#tse-ed-t_OrdinaryIncomeForecastAbstract" xlink:label="tse-ed-t_OrdinaryIncomeForecastAbstract" /><loc xlink:type="locator" xlink:href="http://www.xbrl.tdnet.info/taxonomy/jp/tse/tdnet/ed/t/2014-01-12/tse-ed-t-2014-01-12.xsd#tse-ed-t_PreambleToForecasts" xlink:label="tse-ed-t_PreambleToForecasts" /><loc xlink:type="locator" xlink:href="http://www.xbrl.tdnet.info/taxonomy/jp/tse/tdnet/ed/t/2014-01-12/tse-ed-t-2014-01-12.xsd#tse-ed-t_PreambleToForecastsAbstract" xlink:label="tse-ed-t_PreambleToForecastsAbstract" /><loc xlink:type="locator" xlink:href="http://www.xbrl.tdnet.info/taxonomy/jp/tse/tdnet/ed/t/2014-01-12/tse-ed-t-2014-01-12.xsd#tse-ed-t_ResultForecastAxis" xlink:label="tse-ed-t_ResultForecastAxis" /><loc xlink:type="locator" xlink:href="http://www.xbrl.tdnet.info/taxonomy/jp/tse/tdnet/ed/t/2014-01-12/tse-ed-t-2014-01-12.xsd#tse-ed-t_TitleForForecasts" xlink:label="tse-ed-t_TitleForForecasts" /><loc xlink:type="locator" xlink:href="http://www.xbrl.tdnet.info/taxonomy/jp/tse/tdnet/ed/t/2014-01-12/tse-ed-t-2014-01-12.xsd#tse-ed-t_UpperMember" xlink:label="tse-ed-t_UpperMember" /><definitionArc xlink:type="arc" xlink:from="tse-ed-t_ConsolidatedNonconsolidatedAxis" xlink:to="tse-ed-t_NonConsolidatedMember" xlink:arcrole="http://xbrl.org/int/dim/arcrole/dimension-domain" order="1" /><definitionArc xlink:type="arc" xlink:from="tse-ed-t_ForecastsHeading" xlink:to="tse-ed-t_ForecastsTable" xlink:arcrole="http://xbrl.org/int/dim/arcrole/all" xbrldt:contextElement="scenario" xbrldt:closed="true" order="1" /><definitionArc xlink:type="arc" xlink:from="tse-ed-t_ForecastsHeading" xlink:to="tse-ed-t_ForecastsLineItems" xlink:arcrole="http://xbrl.org/int/dim/arcrole/domain-member" order="2" /><definitionArc xlink:type="arc" xlink:from="tse-ed-t_ForecastsLineItems" xlink:to="tse-ed-t_TitleForForecasts" xlink:arcrole="http://xbrl.org/int/dim/arcrole/domain-member" order="1" /><definitionArc xlink:type="arc" xlink:from="tse-ed-t_ForecastsLineItems" xlink:to="tse-ed-t_PreambleToForecastsAbstract" xlink:arcrole="http://xbrl.org/int/dim/arcrole/domain-member" order="2" /><definitionArc xlink:type="arc" xlink:from="tse-ed-t_ForecastsLineItems" xlink:to="tse-ed-t_MainTableOfForecastsAbstract" xlink:arcrole="http://xbrl.org/int/dim/arcrole/domain-member" order="3" /><definitionArc xlink:type="arc" xlink:from="tse-ed-t_ForecastsLineItems" xlink:to="tse-ed-t_NoteToForecastsAbstract" xlink:arcrole="http://xbrl.org/int/dim/arcrole/domain-member" order="4" /><definitionArc xlink:type="arc" xlink:from="tse-ed-t_ForecastsTable" xlink:to="tse-ed-t_ConsolidatedNonconsolidatedAxis" xlink:arcrole="http://xbrl.org/int/dim/arcrole/hypercube-dimension" order="1" /><definitionArc xlink:type="arc" xlink:from="tse-ed-t_ForecastsTable" xlink:to="tse-ed-t_ResultForecastAxis" xlink:arcrole="http://xbrl.org/int/dim/arcrole/hypercube-dimension" order="2" /><definitionArc xlink:type="arc" xlink:from="tse-ed-t_MainTableOfForecastsAbstract" xlink:to="tse-ed-t_NetSalesForecastAbstract" xlink:arcrole="http://xbrl.org/int/dim/arcrole/domain-member" order="1" /><definitionArc xlink:type="arc" xlink:from="tse-ed-t_MainTableOfForecastsAbstract" xlink:to="tse-ed-t_OperatingIncomeForecastAbstract" xlink:arcrole="http://xbrl.org/int/dim/arcrole/domain-member" order="2" /><definitionArc xlink:type="arc" xlink:from="tse-ed-t_MainTableOfForecastsAbstract" xlink:to="tse-ed-t_OrdinaryIncomeForecastAbstract" xlink:arcrole="http://xbrl.org/int/dim/arcrole/domain-member" order="3" /><definitionArc xlink:type="arc" xlink:from="tse-ed-t_MainTableOfForecastsAbstract" xlink:to="tse-ed-t_NetIncomeForecastAbstract" xlink:arcrole="http://xbrl.org/int/dim/arcrole/domain-member" order="4" /><definitionArc xlink:type="arc" xlink:from="tse-ed-t_MainTableOfForecastsAbstract" xlink:to="tse-ed-t_NetIncomePerShareForecastAbstract" xlink:arcrole="http://xbrl.org/int/dim/arcrole/domain-member" order="5" /><definitionArc xlink:type="arc" xlink:from="tse-ed-t_NetIncomeForecastAbstract" xlink:to="tse-ed-t_NetIncome" xlink:arcrole="http://xbrl.org/int/dim/arcrole/domain-member" order="1" /><definitionArc xlink:type="arc" xlink:from="tse-ed-t_NetIncomeForecastAbstract" xlink:to="tse-ed-t_ChangeInNetIncome" xlink:arcrole="http://xbrl.org/int/dim/arcrole/domain-member" order="2" /><definitionArc xlink:type="arc" xlink:from="tse-ed-t_NetIncomePerShareForecastAbstract" xlink:to="tse-ed-t_NetIncomePerShare" xlink:arcrole="http://xbrl.org/int/dim/arcrole/domain-member" order="1" /><definitionArc xlink:type="arc" xlink:from="tse-ed-t_NetSalesForecastAbstract" xlink:to="tse-ed-t_NetSales" xlink:arcrole="http://xbrl.org/int/dim/arcrole/domain-member" order="1" /><definitionArc xlink:type="arc" xlink:from="tse-ed-t_NetSalesForecastAbstract" xlink:to="tse-ed-t_ChangeInNetSales" xlink:arcrole="http://xbrl.org/int/dim/arcrole/domain-member" order="2" /><definitionArc xlink:type="arc" xlink:from="tse-ed-t_NoteToForecastsAbstract" xlink:to="tse-ed-t_NoteToForecasts" xlink:arcrole="http://xbrl.org/int/dim/arcrole/domain-member" order="1" /><definitionArc xlink:type="arc" xlink:from="tse-ed-t_OperatingIncomeForecastAbstract" xlink:to="tse-ed-t_OperatingIncome" xlink:arcrole="http://xbrl.org/int/dim/arcrole/domain-member" order="1" /><definitionArc xlink:type="arc" xlink:from="tse-ed-t_OperatingIncomeForecastAbstract" xlink:to="tse-ed-t_ChangeInOperatingIncome" xlink:arcrole="http://xbrl.org/int/dim/arcrole/domain-member" order="2" /><definitionArc xlink:type="arc" xlink:from="tse-ed-t_OrdinaryIncomeForecastAbstract" xlink:to="tse-ed-t_OrdinaryIncome" xlink:arcrole="http://xbrl.org/int/dim/arcrole/domain-member" order="1" /><definitionArc xlink:type="arc" xlink:from="tse-ed-t_OrdinaryIncomeForecastAbstract" xlink:to="tse-ed-t_ChangeInOrdinaryIncome" xlink:arcrole="http://xbrl.org/int/dim/arcrole/domain-member" order="2" /><definitionArc xlink:type="arc" xlink:from="tse-ed-t_PreambleToForecastsAbstract" xlink:to="tse-ed-t_PreambleToForecasts" xlink:arcrole="http://xbrl.org/int/dim/arcrole/domain-member" order="1" /><definitionArc xlink:type="arc" xlink:from="tse-ed-t_ResultForecastAxis" xlink:to="tse-ed-t_ForecastMember" xlink:arcrole="http://xbrl.org/int/dim/arcrole/dimension-domain" order="1" /><definitionArc xlink:type="arc" xlink:from="tse-ed-t_ResultForecastAxis" xlink:to="tse-ed-t_UpperMember" xlink:arcrole="http://xbrl.org/int/dim/arcrole/dimension-domain" order="2" /><definitionArc xlink:type="arc" xlink:from="tse-ed-t_ResultForecastAxis" xlink:to="tse-ed-t_LowerMember" xlink:arcrole="http://xbrl.org/int/dim/arcrole/dimension-domain" order="3" /></definitionLink><definitionLink xlink:type="extended" xlink:role="http://www.xbrl.tdnet.info/jp/tse/tdnet/role/RoleNotesChangesAccountingPoliciesAccountingEstimatesRetrospectiveRestatement"><loc xlink:type="locator" xlink:href="http://www.xbrl.tdnet.info/taxonomy/jp/tse/tdnet/ed/t/2014-01-12/tse-ed-t-2014-01-12.xsd#tse-ed-t_ChangesBasedOnRevisionsOfAccountingStandard" xlink:label="tse-ed-t_ChangesBasedOnRevisionsOfAccountingStandard" /><loc xlink:type="locator" xlink:href="http://www.xbrl.tdnet.info/taxonomy/jp/tse/tdnet/ed/t/2014-01-12/tse-ed-t-2014-01-12.xsd#tse-ed-t_ChangesInAccountingEstimates" xlink:label="tse-ed-t_ChangesInAccountingEstimates" /><loc xlink:type="locator" xlink:href="http://www.xbrl.tdnet.info/taxonomy/jp/tse/tdnet/ed/t/2014-01-12/tse-ed-t-2014-01-12.xsd#tse-ed-t_ChangesInAccountingPoliciesAndAccountingEstimatesRetrospectiveRestatementAbstract" xlink:label="tse-ed-t_ChangesInAccountingPoliciesAndAccountingEstimatesRetrospectiveRestatementAbstract" /><loc xlink:type="locator" xlink:href="http://www.xbrl.tdnet.info/taxonomy/jp/tse/tdnet/ed/t/2014-01-12/tse-ed-t-2014-01-12.xsd#tse-ed-t_ChangesOtherThanOnesBasedOnRevisionsOfAccountingStandard" xlink:label="tse-ed-t_ChangesOtherThanOnesBasedOnRevisionsOfAccountingStandard" /><loc xlink:type="locator" xlink:href="http://www.xbrl.tdnet.info/taxonomy/jp/tse/tdnet/ed/t/2014-01-12/tse-ed-t-2014-01-12.xsd#tse-ed-t_ConsolidatedNonconsolidatedAxis" xlink:label="tse-ed-t_ConsolidatedNonconsolidatedAxis" /><loc xlink:type="locator" xlink:href="http://www.xbrl.tdnet.info/taxonomy/jp/tse/tdnet/ed/t/2014-01-12/tse-ed-t-2014-01-12.xsd#tse-ed-t_NonConsolidatedMember" xlink:label="tse-ed-t_NonConsolidatedMember" /><loc xlink:type="locator" xlink:href="http://www.xbrl.tdnet.info/taxonomy/jp/tse/tdnet/ed/t/2014-01-12/tse-ed-t-2014-01-12.xsd#tse-ed-t_NotesChangesAccountingPoliciesAccountingEstimatesRetrospectiveRestatementHeading" xlink:label="tse-ed-t_NotesChangesAccountingPoliciesAccountingEstimatesRetrospectiveRestatementHeading" /><loc xlink:type="locator" xlink:href="http://www.xbrl.tdnet.info/taxonomy/jp/tse/tdnet/ed/t/2014-01-12/tse-ed-t-2014-01-12.xsd#tse-ed-t_NotesChangesAccountingPoliciesAccountingEstimatesRetrospectiveRestatementLineItems" xlink:label="tse-ed-t_NotesChangesAccountingPoliciesAccountingEstimatesRetrospectiveRestatementLineItems" /><loc xlink:type="locator" xlink:href="http://www.xbrl.tdnet.info/taxonomy/jp/tse/tdnet/ed/t/2014-01-12/tse-ed-t-2014-01-12.xsd#tse-ed-t_NotesChangesAccountingPoliciesAccountingEstimatesRetrospectiveRestatementTable" xlink:label="tse-ed-t_NotesChangesAccountingPoliciesAccountingEstimatesRetrospectiveRestatementTable" /><loc xlink:type="locator" xlink:href="http://www.xbrl.tdnet.info/taxonomy/jp/tse/tdnet/ed/t/2014-01-12/tse-ed-t-2014-01-12.xsd#tse-ed-t_NoteToChangesInAccountingPoliciesAndAccountingEstimatesRetrospectiveRestatement" xlink:label="tse-ed-t_NoteToChangesInAccountingPoliciesAndAccountingEstimatesRetrospectiveRestatement" /><loc xlink:type="locator" xlink:href="http://www.xbrl.tdnet.info/taxonomy/jp/tse/tdnet/ed/t/2014-01-12/tse-ed-t-2014-01-12.xsd#tse-ed-t_NoteToChangesInAccountingPoliciesAndAccountingEstimatesRetrospectiveRestatementAbstract" xlink:label="tse-ed-t_NoteToChangesInAccountingPoliciesAndAccountingEstimatesRetrospectiveRestatementAbstract" /><loc xlink:type="locator" xlink:href="http://www.xbrl.tdnet.info/taxonomy/jp/tse/tdnet/ed/t/2014-01-12/tse-ed-t-2014-01-12.xsd#tse-ed-t_OthersAbstract" xlink:label="tse-ed-t_OthersAbstract" /><loc xlink:type="locator" xlink:href="http://www.xbrl.tdnet.info/taxonomy/jp/tse/tdnet/ed/t/2014-01-12/tse-ed-t-2014-01-12.xsd#tse-ed-t_ResultForecastAxis" xlink:label="tse-ed-t_ResultForecastAxis" /><loc xlink:type="locator" xlink:href="http://www.xbrl.tdnet.info/taxonomy/jp/tse/tdnet/ed/t/2014-01-12/tse-ed-t-2014-01-12.xsd#tse-ed-t_ResultMember" xlink:label="tse-ed-t_ResultMember" /><loc xlink:type="locator" xlink:href="http://www.xbrl.tdnet.info/taxonomy/jp/tse/tdnet/ed/t/2014-01-12/tse-ed-t-2014-01-12.xsd#tse-ed-t_RetrospectiveRestatement" xlink:label="tse-ed-t_RetrospectiveRestatement" /><definitionArc xlink:type="arc" xlink:from="tse-ed-t_ChangesInAccountingPoliciesAndAccountingEstimatesRetrospectiveRestatementAbstract" xlink:to="tse-ed-t_ChangesBasedOnRevisionsOfAccountingStandard" xlink:arcrole="http://xbrl.org/int/dim/arcrole/domain-member" order="1" /><definitionArc xlink:type="arc" xlink:from="tse-ed-t_ChangesInAccountingPoliciesAndAccountingEstimatesRetrospectiveRestatementAbstract" xlink:to="tse-ed-t_ChangesOtherThanOnesBasedOnRevisionsOfAccountingStandard" xlink:arcrole="http://xbrl.org/int/dim/arcrole/domain-member" order="2" /><definitionArc xlink:type="arc" xlink:from="tse-ed-t_ChangesInAccountingPoliciesAndAccountingEstimatesRetrospectiveRestatementAbstract" xlink:to="tse-ed-t_ChangesInAccountingEstimates" xlink:arcrole="http://xbrl.org/int/dim/arcrole/domain-member" order="3" /><definitionArc xlink:type="arc" xlink:from="tse-ed-t_ChangesInAccountingPoliciesAndAccountingEstimatesRetrospectiveRestatementAbstract" xlink:to="tse-ed-t_RetrospectiveRestatement" xlink:arcrole="http://xbrl.org/int/dim/arcrole/domain-member" order="4" /><definitionArc xlink:type="arc" xlink:from="tse-ed-t_ConsolidatedNonconsolidatedAxis" xlink:to="tse-ed-t_NonConsolidatedMember" xlink:arcrole="http://xbrl.org/int/dim/arcrole/dimension-domain" order="1" /><definitionArc xlink:type="arc" xlink:from="tse-ed-t_NotesChangesAccountingPoliciesAccountingEstimatesRetrospectiveRestatementHeading" xlink:to="tse-ed-t_NotesChangesAccountingPoliciesAccountingEstimatesRetrospectiveRestatementTable" xlink:arcrole="http://xbrl.org/int/dim/arcrole/all" xbrldt:contextElement="scenario" xbrldt:closed="true" order="1" /><definitionArc xlink:type="arc" xlink:from="tse-ed-t_NotesChangesAccountingPoliciesAccountingEstimatesRetrospectiveRestatementHeading" xlink:to="tse-ed-t_NotesChangesAccountingPoliciesAccountingEstimatesRetrospectiveRestatementLineItems" xlink:arcrole="http://xbrl.org/int/dim/arcrole/domain-member" order="2" /><definitionArc xlink:type="arc" xlink:from="tse-ed-t_NotesChangesAccountingPoliciesAccountingEstimatesRetrospectiveRestatementLineItems" xlink:to="tse-ed-t_OthersAbstract" xlink:arcrole="http://xbrl.org/int/dim/arcrole/domain-member" order="1" /><definitionArc xlink:type="arc" xlink:from="tse-ed-t_NotesChangesAccountingPoliciesAccountingEstimatesRetrospectiveRestatementTable" xlink:to="tse-ed-t_ConsolidatedNonconsolidatedAxis" xlink:arcrole="http://xbrl.org/int/dim/arcrole/hypercube-dimension" order="1" /><definitionArc xlink:type="arc" xlink:from="tse-ed-t_NotesChangesAccountingPoliciesAccountingEstimatesRetrospectiveRestatementTable" xlink:to="tse-ed-t_ResultForecastAxis" xlink:arcrole="http://xbrl.org/int/dim/arcrole/hypercube-dimension" order="2" /><definitionArc xlink:type="arc" xlink:from="tse-ed-t_OthersAbstract" xlink:to="tse-ed-t_ChangesInAccountingPoliciesAndAccountingEstimatesRetrospectiveRestatementAbstract" xlink:arcrole="http://xbrl.org/int/dim/arcrole/domain-member" order="1" /><definitionArc xlink:type="arc" xlink:from="tse-ed-t_OthersAbstract" xlink:to="tse-ed-t_NoteToChangesInAccountingPoliciesAndAccountingEstimatesRetrospectiveRestatementAbstract" xlink:arcrole="http://xbrl.org/int/dim/arcrole/domain-member" order="2" /><definitionArc xlink:type="arc" xlink:from="tse-ed-t_NoteToChangesInAccountingPoliciesAndAccountingEstimatesRetrospectiveRestatementAbstract" xlink:to="tse-ed-t_NoteToChangesInAccountingPoliciesAndAccountingEstimatesRetrospectiveRestatement" xlink:arcrole="http://xbrl.org/int/dim/arcrole/domain-member" order="1" /><definitionArc xlink:type="arc" xlink:from="tse-ed-t_ResultForecastAxis" xlink:to="tse-ed-t_ResultMember" xlink:arcrole="http://xbrl.org/int/dim/arcrole/dimension-domain" order="1" /></definitionLink><definitionLink xlink:type="extended" xlink:role="http://www.xbrl.tdnet.info/jp/tse/tdnet/role/RoleNotesNumberIssuedOutstandingSharesCommonStock"><loc xlink:type="locator" xlink:href="http://www.xbrl.tdnet.info/taxonomy/jp/tse/tdnet/ed/t/2014-01-12/tse-ed-t-2014-01-12.xsd#tse-ed-t_AverageNumberOfShares" xlink:label="tse-ed-t_AverageNumberOfShares" /><loc xlink:type="locator" xlink:href="http://www.xbrl.tdnet.info/taxonomy/jp/tse/tdnet/ed/t/2014-01-12/tse-ed-t-2014-01-12.xsd#tse-ed-t_ConsolidatedNonconsolidatedAxis" xlink:label="tse-ed-t_ConsolidatedNonconsolidatedAxis" /><loc xlink:type="locator" xlink:href="http://www.xbrl.tdnet.info/taxonomy/jp/tse/tdnet/ed/t/2014-01-12/tse-ed-t-2014-01-12.xsd#tse-ed-t_NonConsolidatedMember" xlink:label="tse-ed-t_NonConsolidatedMember" /><loc xlink:type="locator" xlink:href="http://www.xbrl.tdnet.info/taxonomy/jp/tse/tdnet/ed/t/2014-01-12/tse-ed-t-2014-01-12.xsd#tse-ed-t_NotesNumberIssuedOutstandingSharesCommonStockHeading" xlink:label="tse-ed-t_NotesNumberIssuedOutstandingSharesCommonStockHeading" /><loc xlink:type="locator" xlink:href="http://www.xbrl.tdnet.info/taxonomy/jp/tse/tdnet/ed/t/2014-01-12/tse-ed-t-2014-01-12.xsd#tse-ed-t_NotesNumberIssuedOutstandingSharesCommonStockLineItems" xlink:label="tse-ed-t_NotesNumberIssuedOutstandingSharesCommonStockLineItems" /><loc xlink:type="locator" xlink:href="http://www.xbrl.tdnet.info/taxonomy/jp/tse/tdnet/ed/t/2014-01-12/tse-ed-t-2014-01-12.xsd#tse-ed-t_NotesNumberIssuedOutstandingSharesCommonStockTable" xlink:label="tse-ed-t_NotesNumberIssuedOutstandingSharesCommonStockTable" /><loc xlink:type="locator" xlink:href="http://www.xbrl.tdnet.info/taxonomy/jp/tse/tdnet/ed/t/2014-01-12/tse-ed-t-2014-01-12.xsd#tse-ed-t_NoteToNumberOfIssuedAndOutstandingSharesCommonStock" xlink:label="tse-ed-t_NoteToNumberOfIssuedAndOutstandingSharesCommonStock" /><loc xlink:type="locator" xlink:href="http://www.xbrl.tdnet.info/taxonomy/jp/tse/tdnet/ed/t/2014-01-12/tse-ed-t-2014-01-12.xsd#tse-ed-t_NoteToNumberOfIssuedAndOutstandingSharesCommonStockAbstract" xlink:label="tse-ed-t_NoteToNumberOfIssuedAndOutstandingSharesCommonStockAbstract" /><loc xlink:type="locator" xlink:href="http://www.xbrl.tdnet.info/taxonomy/jp/tse/tdnet/ed/t/2014-01-12/tse-ed-t-2014-01-12.xsd#tse-ed-t_NumberOfIssuedAndOutstandingSharesAtTheEndOfFiscalYearIncludingTreasuryStock" xlink:label="tse-ed-t_NumberOfIssuedAndOutstandingSharesAtTheEndOfFiscalYearIncludingTreasuryStock" /><loc xlink:type="locator" xlink:href="http://www.xbrl.tdnet.info/taxonomy/jp/tse/tdnet/ed/t/2014-01-12/tse-ed-t-2014-01-12.xsd#tse-ed-t_NumberOfIssuedAndOutstandingSharesCommonStockAbstract" xlink:label="tse-ed-t_NumberOfIssuedAndOutstandingSharesCommonStockAbstract" /><loc xlink:type="locator" xlink:href="http://www.xbrl.tdnet.info/taxonomy/jp/tse/tdnet/ed/t/2014-01-12/tse-ed-t-2014-01-12.xsd#tse-ed-t_NumberOfTreasuryStockAtTheEndOfFiscalYear" xlink:label="tse-ed-t_NumberOfTreasuryStockAtTheEndOfFiscalYear" /><loc xlink:type="locator" xlink:href="http://www.xbrl.tdnet.info/taxonomy/jp/tse/tdnet/ed/t/2014-01-12/tse-ed-t-2014-01-12.xsd#tse-ed-t_OthersAbstract" xlink:label="tse-ed-t_OthersAbstract" /><loc xlink:type="locator" xlink:href="http://www.xbrl.tdnet.info/taxonomy/jp/tse/tdnet/ed/t/2014-01-12/tse-ed-t-2014-01-12.xsd#tse-ed-t_ResultForecastAxis" xlink:label="tse-ed-t_ResultForecastAxis" /><loc xlink:type="locator" xlink:href="http://www.xbrl.tdnet.info/taxonomy/jp/tse/tdnet/ed/t/2014-01-12/tse-ed-t-2014-01-12.xsd#tse-ed-t_ResultMember" xlink:label="tse-ed-t_ResultMember" /><definitionArc xlink:type="arc" xlink:from="tse-ed-t_NotesNumberIssuedOutstandingSharesCommonStockHeading" xlink:to="tse-ed-t_NotesNumberIssuedOutstandingSharesCommonStockTable" xlink:arcrole="http://xbrl.org/int/dim/arcrole/all" xbrldt:contextElement="scenario" xbrldt:closed="true" order="1" /><definitionArc xlink:type="arc" xlink:from="tse-ed-t_NotesNumberIssuedOutstandingSharesCommonStockHeading" xlink:to="tse-ed-t_NotesNumberIssuedOutstandingSharesCommonStockLineItems" xlink:arcrole="http://xbrl.org/int/dim/arcrole/domain-member" order="2" /><definitionArc xlink:type="arc" xlink:from="tse-ed-t_NotesNumberIssuedOutstandingSharesCommonStockLineItems" xlink:to="tse-ed-t_OthersAbstract" xlink:arcrole="http://xbrl.org/int/dim/arcrole/domain-member" order="1" /><definitionArc xlink:type="arc" xlink:from="tse-ed-t_NotesNumberIssuedOutstandingSharesCommonStockTable" xlink:to="tse-ed-t_ConsolidatedNonconsolidatedAxis" xlink:arcrole="http://xbrl.org/int/dim/arcrole/hypercube-dimension" order="1" /><definitionArc xlink:type="arc" xlink:from="tse-ed-t_ConsolidatedNonconsolidatedAxis" xlink:to="tse-ed-t_NonConsolidatedMember" xlink:arcrole="http://xbrl.org/int/dim/arcrole/dimension-domain" order="1" /><definitionArc xlink:type="arc" xlink:from="tse-ed-t_NotesNumberIssuedOutstandingSharesCommonStockTable" xlink:to="tse-ed-t_ResultForecastAxis" xlink:arcrole="http://xbrl.org/int/dim/arcrole/hypercube-dimension" order="2" /><definitionArc xlink:type="arc" xlink:from="tse-ed-t_NoteToNumberOfIssuedAndOutstandingSharesCommonStockAbstract" xlink:to="tse-ed-t_NoteToNumberOfIssuedAndOutstandingSharesCommonStock" xlink:arcrole="http://xbrl.org/int/dim/arcrole/domain-member" order="1" /><definitionArc xlink:type="arc" xlink:from="tse-ed-t_OthersAbstract" xlink:to="tse-ed-t_NumberOfIssuedAndOutstandingSharesCommonStockAbstract" xlink:arcrole="http://xbrl.org/int/dim/arcrole/domain-member" order="1" /><definitionArc xlink:type="arc" xlink:from="tse-ed-t_NumberOfIssuedAndOutstandingSharesCommonStockAbstract" xlink:to="tse-ed-t_NumberOfIssuedAndOutstandingSharesAtTheEndOfFiscalYearIncludingTreasuryStock" xlink:arcrole="http://xbrl.org/int/dim/arcrole/domain-member" order="1" /><definitionArc xlink:type="arc" xlink:from="tse-ed-t_NumberOfIssuedAndOutstandingSharesCommonStockAbstract" xlink:to="tse-ed-t_NumberOfTreasuryStockAtTheEndOfFiscalYear" xlink:arcrole="http://xbrl.org/int/dim/arcrole/domain-member" order="2" /><definitionArc xlink:type="arc" xlink:from="tse-ed-t_NumberOfIssuedAndOutstandingSharesCommonStockAbstract" xlink:to="tse-ed-t_AverageNumberOfShares" xlink:arcrole="http://xbrl.org/int/dim/arcrole/domain-member" order="3" /><definitionArc xlink:type="arc" xlink:from="tse-ed-t_OthersAbstract" xlink:to="tse-ed-t_NoteToNumberOfIssuedAndOutstandingSharesCommonStockAbstract" xlink:arcrole="http://xbrl.org/int/dim/arcrole/domain-member" order="2" /><definitionArc xlink:type="arc" xlink:from="tse-ed-t_ResultForecastAxis" xlink:to="tse-ed-t_ResultMember" xlink:arcrole="http://xbrl.org/int/dim/arcrole/dimension-domain" order="1" /></definitionLink><definitionLink xlink:type="extended" xlink:role="http://www.xbrl.tdnet.info/jp/tse/tdnet/role/RoleSpecialNotes"><loc xlink:type="locator" xlink:href="http://www.xbrl.tdnet.info/taxonomy/jp/tse/tdnet/ed/t/2014-01-12/tse-ed-t-2014-01-12.xsd#tse-ed-t_NotesForUsingForecastedInformationAndOthers" xlink:label="tse-ed-t_NotesForUsingForecastedInformationAndOthers" /><loc xlink:type="locator" xlink:href="http://www.xbrl.tdnet.info/taxonomy/jp/tse/tdnet/ed/t/2014-01-12/tse-ed-t-2014-01-12.xsd#tse-ed-t_SpecialNotesHeading" xlink:label="tse-ed-t_SpecialNotesHeading" /><loc xlink:type="locator" xlink:href="http://www.xbrl.tdnet.info/taxonomy/jp/tse/tdnet/ed/t/2014-01-12/tse-ed-t-2014-01-12.xsd#tse-ed-t_SpecialNotesLineItems" xlink:label="tse-ed-t_SpecialNotesLineItems" /><loc xlink:type="locator" xlink:href="http://www.xbrl.tdnet.info/taxonomy/jp/tse/tdnet/ed/t/2014-01-12/tse-ed-t-2014-01-12.xsd#tse-ed-t_SpecialNotesTable" xlink:label="tse-ed-t_SpecialNotesTable" /><definitionArc xlink:type="arc" xlink:from="tse-ed-t_SpecialNotesHeading" xlink:to="tse-ed-t_SpecialNotesTable" xlink:arcrole="http://xbrl.org/int/dim/arcrole/all" xbrldt:contextElement="scenario" xbrldt:closed="true" order="1" /><definitionArc xlink:type="arc" xlink:from="tse-ed-t_SpecialNotesHeading" xlink:to="tse-ed-t_SpecialNotesLineItems" xlink:arcrole="http://xbrl.org/int/dim/arcrole/domain-member" order="2" /><definitionArc xlink:type="arc" xlink:from="tse-ed-t_SpecialNotesLineItems" xlink:to="tse-ed-t_NotesForUsingForecastedInformationAndOthers" xlink:arcrole="http://xbrl.org/int/dim/arcrole/domain-member" order="2" /></definitionLink></linkbase>