﻿<?xml version="1.0" encoding="utf-8"?>
<!-- XBRL Document Created with WizLabo Platform -->
<link:linkbase xmlns:xlink="http://www.w3.org/1999/xlink" xmlns:xsi="http://www.w3.org/2001/XMLSchema-instance" xmlns:link="http://www.xbrl.org/2003/linkbase">
  <link:labelLink xlink:type="extended" xlink:role="http://www.xbrl.org/2003/role/link">
    <link:label xml:lang="ja" xlink:type="resource" xlink:label="tse-qcedjpfr-26680_IncomeBeforeIncomeTaxesAndMinorityInterestsIncomeBeforeIncomeTaxesAndOthersAndNetLoss_label" xlink:role="http://www.xbrl.org/2003/role/label">税金等調整前四半期純利益</link:label>
    <link:label xml:lang="ja" xlink:type="resource" xlink:label="tse-qcedjpfr-26680_IncomeBeforeIncomeTaxesAndMinorityInterestsIncomeBeforeIncomeTaxesAndOthersAndNetLoss_label_1" xlink:role="http://www.xbrl.org/2003/role/verboseLabel">税金等調整前四半期純利益、税金等調整前四半期純利益又は税金等調整前四半期純損失（△）</link:label>
    <link:label xml:lang="ja" xlink:type="resource" xlink:label="tse-qcedjpfr-26680_SpecialExecutiveBonusesEL_label" xlink:role="http://www.xbrl.org/2003/role/label">役員特別功労金</link:label>
    <link:label xml:lang="ja" xlink:type="resource" xlink:label="tse-qcedjpfr-26680_SpecialExecutiveBonusesEL_label_1" xlink:role="http://www.xbrl.org/2003/role/verboseLabel">役員特別功労金、特別損失</link:label>
    <link:loc xlink:type="locator" xlink:href="tse-qcedjpfr-26680-2025-11-30-01-2026-01-13.xsd#tse-qcedjpfr-26680_IncomeBeforeIncomeTaxesAndMinorityInterestsIncomeBeforeIncomeTaxesAndOthersAndNetLoss" xlink:label="tse-qcedjpfr-26680_IncomeBeforeIncomeTaxesAndMinorityInterestsIncomeBeforeIncomeTaxesAndOthersAndNetLoss" />
    <link:loc xlink:type="locator" xlink:href="tse-qcedjpfr-26680-2025-11-30-01-2026-01-13.xsd#tse-qcedjpfr-26680_SpecialExecutiveBonusesEL" xlink:label="tse-qcedjpfr-26680_SpecialExecutiveBonusesEL" />
    <link:labelArc xlink:type="arc" xlink:from="tse-qcedjpfr-26680_IncomeBeforeIncomeTaxesAndMinorityInterestsIncomeBeforeIncomeTaxesAndOthersAndNetLoss" xlink:to="tse-qcedjpfr-26680_IncomeBeforeIncomeTaxesAndMinorityInterestsIncomeBeforeIncomeTaxesAndOthersAndNetLoss_label" xlink:arcrole="http://www.xbrl.org/2003/arcrole/concept-label" order="1" />
    <link:labelArc xlink:type="arc" xlink:from="tse-qcedjpfr-26680_IncomeBeforeIncomeTaxesAndMinorityInterestsIncomeBeforeIncomeTaxesAndOthersAndNetLoss" xlink:to="tse-qcedjpfr-26680_IncomeBeforeIncomeTaxesAndMinorityInterestsIncomeBeforeIncomeTaxesAndOthersAndNetLoss_label_1" xlink:arcrole="http://www.xbrl.org/2003/arcrole/concept-label" order="1" />
    <link:labelArc xlink:type="arc" xlink:from="tse-qcedjpfr-26680_SpecialExecutiveBonusesEL" xlink:to="tse-qcedjpfr-26680_SpecialExecutiveBonusesEL_label" xlink:arcrole="http://www.xbrl.org/2003/arcrole/concept-label" order="1" />
    <link:labelArc xlink:type="arc" xlink:from="tse-qcedjpfr-26680_SpecialExecutiveBonusesEL" xlink:to="tse-qcedjpfr-26680_SpecialExecutiveBonusesEL_label_1" xlink:arcrole="http://www.xbrl.org/2003/arcrole/concept-label" order="1" />
  </link:labelLink>
</link:linkbase>