<?xml version="1.0" encoding="utf-8"?>
<!-- XBRL Document Created with WizLabo Platform --><linkbase xmlns:xbrldt="http://xbrl.org/2005/xbrldt" xmlns:xbrli="http://www.xbrl.org/2003/instance" xmlns:xlink="http://www.w3.org/1999/xlink" xmlns:xsi="http://www.w3.org/2001/XMLSchema-instance" xmlns="http://www.xbrl.org/2003/linkbase"><roleRef xlink:type="simple" xlink:href="http://www.xbrl.tdnet.info/taxonomy/jp/tse/tdnet/ed/o/rt/2014-01-12/tse-ed-rt-2014-01-12.xsd#RoleBusinessResultsNoteQuarterlyBusinessResults" roleURI="http://www.xbrl.tdnet.info/jp/tse/tdnet/role/RoleBusinessResultsNoteQuarterlyBusinessResults" /><roleRef xlink:type="simple" xlink:href="http://www.xbrl.tdnet.info/taxonomy/jp/tse/tdnet/ed/o/rt/2014-01-12/tse-ed-rt-2014-01-12.xsd#RoleBusinessResultsQuarterlyFinancialPositions" roleURI="http://www.xbrl.tdnet.info/jp/tse/tdnet/role/RoleBusinessResultsQuarterlyFinancialPositions" /><roleRef xlink:type="simple" xlink:href="http://www.xbrl.tdnet.info/taxonomy/jp/tse/tdnet/ed/o/rt/2014-01-12/tse-ed-rt-2014-01-12.xsd#RoleBusinessResultsQuarterlyOperatingResults" roleURI="http://www.xbrl.tdnet.info/jp/tse/tdnet/role/RoleBusinessResultsQuarterlyOperatingResults" /><roleRef xlink:type="simple" xlink:href="http://www.xbrl.tdnet.info/taxonomy/jp/tse/tdnet/ed/o/rt/2014-01-12/tse-ed-rt-2014-01-12.xsd#RoleDocumentEntityInformation" roleURI="http://www.xbrl.tdnet.info/jp/tse/tdnet/role/RoleDocumentEntityInformation" /><roleRef xlink:type="simple" xlink:href="http://www.xbrl.tdnet.info/taxonomy/jp/tse/tdnet/ed/o/rt/2014-01-12/tse-ed-rt-2014-01-12.xsd#RoleNotesQuarterlyApplyingSpecificAccountingConsolidatedQuarterlyFinancialStatements" roleURI="http://www.xbrl.tdnet.info/jp/tse/tdnet/role/RoleNotesQuarterlyApplyingSpecificAccountingConsolidatedQuarterlyFinancialStatements" /><roleRef xlink:type="simple" xlink:href="http://www.xbrl.tdnet.info/taxonomy/jp/tse/tdnet/ed/o/rt/2014-01-12/tse-ed-rt-2014-01-12.xsd#RoleNotesQuarterlyChangesAccountingPoliciesAccountingEstimatesRetrospectiveRestatement" roleURI="http://www.xbrl.tdnet.info/jp/tse/tdnet/role/RoleNotesQuarterlyChangesAccountingPoliciesAccountingEstimatesRetrospectiveRestatement" /><roleRef xlink:type="simple" xlink:href="http://www.xbrl.tdnet.info/taxonomy/jp/tse/tdnet/ed/o/rt/2014-01-12/tse-ed-rt-2014-01-12.xsd#RoleNotesQuarterlyNumberIssuedOutstandingSharesCommonStock" roleURI="http://www.xbrl.tdnet.info/jp/tse/tdnet/role/RoleNotesQuarterlyNumberIssuedOutstandingSharesCommonStock" /><roleRef xlink:type="simple" xlink:href="http://www.xbrl.tdnet.info/taxonomy/jp/tse/tdnet/ed/o/rt/2014-01-12/tse-ed-rt-2014-01-12.xsd#RoleQuarterlyDividends" roleURI="http://www.xbrl.tdnet.info/jp/tse/tdnet/role/RoleQuarterlyDividends" /><roleRef xlink:type="simple" xlink:href="http://www.xbrl.tdnet.info/taxonomy/jp/tse/tdnet/ed/o/rt/2014-01-12/tse-ed-rt-2014-01-12.xsd#RoleQuarterlyForecasts" roleURI="http://www.xbrl.tdnet.info/jp/tse/tdnet/role/RoleQuarterlyForecasts" /><roleRef xlink:type="simple" xlink:href="http://www.xbrl.tdnet.info/taxonomy/jp/tse/tdnet/ed/o/rt/2014-01-12/tse-ed-rt-2014-01-12.xsd#RoleSpecialNotesQuarterlyEarningDigestSummary" roleURI="http://www.xbrl.tdnet.info/jp/tse/tdnet/role/RoleSpecialNotesQuarterlyEarningDigestSummary" /><arcroleRef xlink:type="simple" xlink:href="http://www.xbrl.org/2005/xbrldt-2005.xsd#all" arcroleURI="http://xbrl.org/int/dim/arcrole/all" /><arcroleRef xlink:type="simple" xlink:href="http://www.xbrl.org/2005/xbrldt-2005.xsd#dimension-domain" arcroleURI="http://xbrl.org/int/dim/arcrole/dimension-domain" /><arcroleRef xlink:type="simple" xlink:href="http://www.xbrl.org/2005/xbrldt-2005.xsd#domain-member" arcroleURI="http://xbrl.org/int/dim/arcrole/domain-member" /><arcroleRef xlink:type="simple" xlink:href="http://www.xbrl.org/2005/xbrldt-2005.xsd#hypercube-dimension" arcroleURI="http://xbrl.org/int/dim/arcrole/hypercube-dimension" /><definitionLink xlink:type="extended" xlink:role="http://www.xbrl.tdnet.info/jp/tse/tdnet/role/RoleDocumentEntityInformation"><loc xlink:type="locator" xlink:href="http://www.xbrl.tdnet.info/taxonomy/jp/tse/tdnet/ed/t/2014-01-12/tse-ed-t-2014-01-12.xsd#tse-ed-t_BusinessCategoryAbstract" xlink:label="tse-ed-t_BusinessCategoryAbstract" /><loc xlink:type="locator" xlink:href="http://www.xbrl.tdnet.info/taxonomy/jp/tse/tdnet/ed/t/2014-01-12/tse-ed-t-2014-01-12.xsd#tse-ed-t_CompanyName" xlink:label="tse-ed-t_CompanyName" /><loc xlink:type="locator" xlink:href="http://www.xbrl.tdnet.info/taxonomy/jp/tse/tdnet/ed/t/2014-01-12/tse-ed-t-2014-01-12.xsd#tse-ed-t_ConveningBriefingOfResults" xlink:label="tse-ed-t_ConveningBriefingOfResults" /><loc xlink:type="locator" xlink:href="http://www.xbrl.tdnet.info/taxonomy/jp/tse/tdnet/ed/t/2014-01-12/tse-ed-t-2014-01-12.xsd#tse-ed-t_DividendPayableDateAsPlanned" xlink:label="tse-ed-t_DividendPayableDateAsPlanned" /><loc xlink:type="locator" xlink:href="http://www.xbrl.tdnet.info/taxonomy/jp/tse/tdnet/ed/t/2014-01-12/tse-ed-t-2014-01-12.xsd#tse-ed-t_DocumentEntityInformationHeading" xlink:label="tse-ed-t_DocumentEntityInformationHeading" /><loc xlink:type="locator" xlink:href="http://www.xbrl.tdnet.info/taxonomy/jp/tse/tdnet/ed/t/2014-01-12/tse-ed-t-2014-01-12.xsd#tse-ed-t_DocumentEntityInformationLineItems" xlink:label="tse-ed-t_DocumentEntityInformationLineItems" /><loc xlink:type="locator" xlink:href="http://www.xbrl.tdnet.info/taxonomy/jp/tse/tdnet/ed/t/2014-01-12/tse-ed-t-2014-01-12.xsd#tse-ed-t_DocumentEntityInformationTable" xlink:label="tse-ed-t_DocumentEntityInformationTable" /><loc xlink:type="locator" xlink:href="http://www.xbrl.tdnet.info/taxonomy/jp/tse/tdnet/ed/t/2014-01-12/tse-ed-t-2014-01-12.xsd#tse-ed-t_DocumentName" xlink:label="tse-ed-t_DocumentName" /><loc xlink:type="locator" xlink:href="http://www.xbrl.tdnet.info/taxonomy/jp/tse/tdnet/ed/t/2014-01-12/tse-ed-t-2014-01-12.xsd#tse-ed-t_FASFMemberMark" xlink:label="tse-ed-t_FASFMemberMark" /><loc xlink:type="locator" xlink:href="http://www.xbrl.tdnet.info/taxonomy/jp/tse/tdnet/ed/t/2014-01-12/tse-ed-t-2014-01-12.xsd#tse-ed-t_FilingDate" xlink:label="tse-ed-t_FilingDate" /><loc xlink:type="locator" xlink:href="http://www.xbrl.tdnet.info/taxonomy/jp/tse/tdnet/ed/t/2014-01-12/tse-ed-t-2014-01-12.xsd#tse-ed-t_FiscalYearEnd" xlink:label="tse-ed-t_FiscalYearEnd" /><loc xlink:type="locator" xlink:href="http://www.xbrl.tdnet.info/taxonomy/jp/tse/tdnet/ed/t/2014-01-12/tse-ed-t-2014-01-12.xsd#tse-ed-t_FukuokaStockExchange" xlink:label="tse-ed-t_FukuokaStockExchange" /><loc xlink:type="locator" xlink:href="http://www.xbrl.tdnet.info/taxonomy/jp/tse/tdnet/ed/t/2014-01-12/tse-ed-t-2014-01-12.xsd#tse-ed-t_FukuokaStockExchangeEstablished" xlink:label="tse-ed-t_FukuokaStockExchangeEstablished" /><loc xlink:type="locator" xlink:href="http://www.xbrl.tdnet.info/taxonomy/jp/tse/tdnet/ed/t/2014-01-12/tse-ed-t-2014-01-12.xsd#tse-ed-t_FukuokaStockExchangeOthers" xlink:label="tse-ed-t_FukuokaStockExchangeOthers" /><loc xlink:type="locator" xlink:href="http://www.xbrl.tdnet.info/taxonomy/jp/tse/tdnet/ed/t/2014-01-12/tse-ed-t-2014-01-12.xsd#tse-ed-t_FukuokaStockExchangeQBoard" xlink:label="tse-ed-t_FukuokaStockExchangeQBoard" /><loc xlink:type="locator" xlink:href="http://www.xbrl.tdnet.info/taxonomy/jp/tse/tdnet/ed/t/2014-01-12/tse-ed-t-2014-01-12.xsd#tse-ed-t_GeneralBusiness" xlink:label="tse-ed-t_GeneralBusiness" /><loc xlink:type="locator" xlink:href="http://www.xbrl.tdnet.info/taxonomy/jp/tse/tdnet/ed/t/2014-01-12/tse-ed-t-2014-01-12.xsd#tse-ed-t_InquiriesAbstract" xlink:label="tse-ed-t_InquiriesAbstract" /><loc xlink:type="locator" xlink:href="http://www.xbrl.tdnet.info/taxonomy/jp/tse/tdnet/ed/t/2014-01-12/tse-ed-t-2014-01-12.xsd#tse-ed-t_JapanSecuritiesDealersAssociation" xlink:label="tse-ed-t_JapanSecuritiesDealersAssociation" /><loc xlink:type="locator" xlink:href="http://www.xbrl.tdnet.info/taxonomy/jp/tse/tdnet/ed/t/2014-01-12/tse-ed-t-2014-01-12.xsd#tse-ed-t_JapanSecuritiesDealersAssociationGreenSheet" xlink:label="tse-ed-t_JapanSecuritiesDealersAssociationGreenSheet" /><loc xlink:type="locator" xlink:href="http://www.xbrl.tdnet.info/taxonomy/jp/tse/tdnet/ed/t/2014-01-12/tse-ed-t-2014-01-12.xsd#tse-ed-t_NagoyaStockExchange" xlink:label="tse-ed-t_NagoyaStockExchange" /><loc xlink:type="locator" xlink:href="http://www.xbrl.tdnet.info/taxonomy/jp/tse/tdnet/ed/t/2014-01-12/tse-ed-t-2014-01-12.xsd#tse-ed-t_NagoyaStockExchange1stSection" xlink:label="tse-ed-t_NagoyaStockExchange1stSection" /><loc xlink:type="locator" xlink:href="http://www.xbrl.tdnet.info/taxonomy/jp/tse/tdnet/ed/t/2014-01-12/tse-ed-t-2014-01-12.xsd#tse-ed-t_NagoyaStockExchange2ndSection" xlink:label="tse-ed-t_NagoyaStockExchange2ndSection" /><loc xlink:type="locator" xlink:href="http://www.xbrl.tdnet.info/taxonomy/jp/tse/tdnet/ed/t/2014-01-12/tse-ed-t-2014-01-12.xsd#tse-ed-t_NagoyaStockExchangeCentrex" xlink:label="tse-ed-t_NagoyaStockExchangeCentrex" /><loc xlink:type="locator" xlink:href="http://www.xbrl.tdnet.info/taxonomy/jp/tse/tdnet/ed/t/2014-01-12/tse-ed-t-2014-01-12.xsd#tse-ed-t_NagoyaStockExchangeOthers" xlink:label="tse-ed-t_NagoyaStockExchangeOthers" /><loc xlink:type="locator" xlink:href="http://www.xbrl.tdnet.info/taxonomy/jp/tse/tdnet/ed/t/2014-01-12/tse-ed-t-2014-01-12.xsd#tse-ed-t_NameInquiries" xlink:label="tse-ed-t_NameInquiries" /><loc xlink:type="locator" xlink:href="http://www.xbrl.tdnet.info/taxonomy/jp/tse/tdnet/ed/t/2014-01-12/tse-ed-t-2014-01-12.xsd#tse-ed-t_NameRepresentative" xlink:label="tse-ed-t_NameRepresentative" /><loc xlink:type="locator" xlink:href="http://www.xbrl.tdnet.info/taxonomy/jp/tse/tdnet/ed/t/2014-01-12/tse-ed-t-2014-01-12.xsd#tse-ed-t_NoteToFractionProcessingMethod" xlink:label="tse-ed-t_NoteToFractionProcessingMethod" /><loc xlink:type="locator" xlink:href="http://www.xbrl.tdnet.info/taxonomy/jp/tse/tdnet/ed/t/2014-01-12/tse-ed-t-2014-01-12.xsd#tse-ed-t_OtherCompanyInformationAbstract" xlink:label="tse-ed-t_OtherCompanyInformationAbstract" /><loc xlink:type="locator" xlink:href="http://www.xbrl.tdnet.info/taxonomy/jp/tse/tdnet/ed/t/2014-01-12/tse-ed-t-2014-01-12.xsd#tse-ed-t_QuarterlyPeriod" xlink:label="tse-ed-t_QuarterlyPeriod" /><loc xlink:type="locator" xlink:href="http://www.xbrl.tdnet.info/taxonomy/jp/tse/tdnet/ed/t/2014-01-12/tse-ed-t-2014-01-12.xsd#tse-ed-t_RepresentativeAbstract" xlink:label="tse-ed-t_RepresentativeAbstract" /><loc xlink:type="locator" xlink:href="http://www.xbrl.tdnet.info/taxonomy/jp/tse/tdnet/ed/t/2014-01-12/tse-ed-t-2014-01-12.xsd#tse-ed-t_SapporoStockExchange" xlink:label="tse-ed-t_SapporoStockExchange" /><loc xlink:type="locator" xlink:href="http://www.xbrl.tdnet.info/taxonomy/jp/tse/tdnet/ed/t/2014-01-12/tse-ed-t-2014-01-12.xsd#tse-ed-t_SapporoStockExchangeAmbitious" xlink:label="tse-ed-t_SapporoStockExchangeAmbitious" /><loc xlink:type="locator" xlink:href="http://www.xbrl.tdnet.info/taxonomy/jp/tse/tdnet/ed/t/2014-01-12/tse-ed-t-2014-01-12.xsd#tse-ed-t_SapporoStockExchangeEstablished" xlink:label="tse-ed-t_SapporoStockExchangeEstablished" /><loc xlink:type="locator" xlink:href="http://www.xbrl.tdnet.info/taxonomy/jp/tse/tdnet/ed/t/2014-01-12/tse-ed-t-2014-01-12.xsd#tse-ed-t_SapporoStockExchangeOthers" xlink:label="tse-ed-t_SapporoStockExchangeOthers" /><loc xlink:type="locator" xlink:href="http://www.xbrl.tdnet.info/taxonomy/jp/tse/tdnet/ed/t/2014-01-12/tse-ed-t-2014-01-12.xsd#tse-ed-t_SecuritiesCode" xlink:label="tse-ed-t_SecuritiesCode" /><loc xlink:type="locator" xlink:href="http://www.xbrl.tdnet.info/taxonomy/jp/tse/tdnet/ed/t/2014-01-12/tse-ed-t-2014-01-12.xsd#tse-ed-t_SpecificBusiness" xlink:label="tse-ed-t_SpecificBusiness" /><loc xlink:type="locator" xlink:href="http://www.xbrl.tdnet.info/taxonomy/jp/tse/tdnet/ed/t/2014-01-12/tse-ed-t-2014-01-12.xsd#tse-ed-t_StockExchangeListingsAbstract" xlink:label="tse-ed-t_StockExchangeListingsAbstract" /><loc xlink:type="locator" xlink:href="http://www.xbrl.tdnet.info/taxonomy/jp/tse/tdnet/ed/t/2014-01-12/tse-ed-t-2014-01-12.xsd#tse-ed-t_SupplementalMaterialOfResults" xlink:label="tse-ed-t_SupplementalMaterialOfResults" /><loc xlink:type="locator" xlink:href="http://www.xbrl.tdnet.info/taxonomy/jp/tse/tdnet/ed/t/2014-01-12/tse-ed-t-2014-01-12.xsd#tse-ed-t_TargetForBriefingOfResults" xlink:label="tse-ed-t_TargetForBriefingOfResults" /><loc xlink:type="locator" xlink:href="http://www.xbrl.tdnet.info/taxonomy/jp/tse/tdnet/ed/t/2014-01-12/tse-ed-t-2014-01-12.xsd#tse-ed-t_Tel" xlink:label="tse-ed-t_Tel" /><loc xlink:type="locator" xlink:href="http://www.xbrl.tdnet.info/taxonomy/jp/tse/tdnet/ed/t/2014-01-12/tse-ed-t-2014-01-12.xsd#tse-ed-t_TitleInquiries" xlink:label="tse-ed-t_TitleInquiries" /><loc xlink:type="locator" xlink:href="http://www.xbrl.tdnet.info/taxonomy/jp/tse/tdnet/ed/t/2014-01-12/tse-ed-t-2014-01-12.xsd#tse-ed-t_TitleRepresentative" xlink:label="tse-ed-t_TitleRepresentative" /><loc xlink:type="locator" xlink:href="http://www.xbrl.tdnet.info/taxonomy/jp/tse/tdnet/ed/t/2014-01-12/tse-ed-t-2014-01-12.xsd#tse-ed-t_TokyoStockExchange" xlink:label="tse-ed-t_TokyoStockExchange" /><loc xlink:type="locator" xlink:href="http://www.xbrl.tdnet.info/taxonomy/jp/tse/tdnet/ed/t/2014-01-12/tse-ed-t-2014-01-12.xsd#tse-ed-t_TokyoStockExchangeGrowth" xlink:label="tse-ed-t_TokyoStockExchangeGrowth" /><loc xlink:type="locator" xlink:href="http://www.xbrl.tdnet.info/taxonomy/jp/tse/tdnet/ed/t/2014-01-12/tse-ed-t-2014-01-12.xsd#tse-ed-t_TokyoStockExchangeOthers" xlink:label="tse-ed-t_TokyoStockExchangeOthers" /><loc xlink:type="locator" xlink:href="http://www.xbrl.tdnet.info/taxonomy/jp/tse/tdnet/ed/t/2014-01-12/tse-ed-t-2014-01-12.xsd#tse-ed-t_TokyoStockExchangePrime" xlink:label="tse-ed-t_TokyoStockExchangePrime" /><loc xlink:type="locator" xlink:href="http://www.xbrl.tdnet.info/taxonomy/jp/tse/tdnet/ed/t/2014-01-12/tse-ed-t-2014-01-12.xsd#tse-ed-t_TokyoStockExchangePROMarket" xlink:label="tse-ed-t_TokyoStockExchangePROMarket" /><loc xlink:type="locator" xlink:href="http://www.xbrl.tdnet.info/taxonomy/jp/tse/tdnet/ed/t/2014-01-12/tse-ed-t-2014-01-12.xsd#tse-ed-t_TokyoStockExchangeStandard" xlink:label="tse-ed-t_TokyoStockExchangeStandard" /><loc xlink:type="locator" xlink:href="http://www.xbrl.tdnet.info/taxonomy/jp/tse/tdnet/ed/t/2014-01-12/tse-ed-t-2014-01-12.xsd#tse-ed-t_URL" xlink:label="tse-ed-t_URL" /><loc xlink:type="locator" xlink:href="http://www.xbrl.tdnet.info/taxonomy/jp/tse/tdnet/ed/t/2014-01-12/tse-ed-t-2014-01-12.xsd#tse-ed-t_WayOfGettingSupplementalMaterialOfResults" xlink:label="tse-ed-t_WayOfGettingSupplementalMaterialOfResults" /><definitionArc xlink:type="arc" xlink:from="tse-ed-t_BusinessCategoryAbstract" xlink:to="tse-ed-t_GeneralBusiness" xlink:arcrole="http://xbrl.org/int/dim/arcrole/domain-member" order="1" /><definitionArc xlink:type="arc" xlink:from="tse-ed-t_BusinessCategoryAbstract" xlink:to="tse-ed-t_SpecificBusiness" xlink:arcrole="http://xbrl.org/int/dim/arcrole/domain-member" order="2" /><definitionArc xlink:type="arc" xlink:from="tse-ed-t_DocumentEntityInformationHeading" xlink:to="tse-ed-t_DocumentEntityInformationTable" xlink:arcrole="http://xbrl.org/int/dim/arcrole/all" xbrldt:contextElement="scenario" xbrldt:closed="true" order="1" /><definitionArc xlink:type="arc" xlink:from="tse-ed-t_DocumentEntityInformationHeading" xlink:to="tse-ed-t_DocumentEntityInformationLineItems" xlink:arcrole="http://xbrl.org/int/dim/arcrole/domain-member" order="2" /><definitionArc xlink:type="arc" xlink:from="tse-ed-t_DocumentEntityInformationLineItems" xlink:to="tse-ed-t_FASFMemberMark" xlink:arcrole="http://xbrl.org/int/dim/arcrole/domain-member" order="1" /><definitionArc xlink:type="arc" xlink:from="tse-ed-t_DocumentEntityInformationLineItems" xlink:to="tse-ed-t_DocumentName" xlink:arcrole="http://xbrl.org/int/dim/arcrole/domain-member" order="2" /><definitionArc xlink:type="arc" xlink:from="tse-ed-t_DocumentEntityInformationLineItems" xlink:to="tse-ed-t_FilingDate" xlink:arcrole="http://xbrl.org/int/dim/arcrole/domain-member" order="3" /><definitionArc xlink:type="arc" xlink:from="tse-ed-t_DocumentEntityInformationLineItems" xlink:to="tse-ed-t_CompanyName" xlink:arcrole="http://xbrl.org/int/dim/arcrole/domain-member" order="4" /><definitionArc xlink:type="arc" xlink:from="tse-ed-t_DocumentEntityInformationLineItems" xlink:to="tse-ed-t_StockExchangeListingsAbstract" xlink:arcrole="http://xbrl.org/int/dim/arcrole/domain-member" order="5" /><definitionArc xlink:type="arc" xlink:from="tse-ed-t_DocumentEntityInformationLineItems" xlink:to="tse-ed-t_SecuritiesCode" xlink:arcrole="http://xbrl.org/int/dim/arcrole/domain-member" order="6" /><definitionArc xlink:type="arc" xlink:from="tse-ed-t_DocumentEntityInformationLineItems" xlink:to="tse-ed-t_URL" xlink:arcrole="http://xbrl.org/int/dim/arcrole/domain-member" order="7" /><definitionArc xlink:type="arc" xlink:from="tse-ed-t_DocumentEntityInformationLineItems" xlink:to="tse-ed-t_BusinessCategoryAbstract" xlink:arcrole="http://xbrl.org/int/dim/arcrole/domain-member" order="8" /><definitionArc xlink:type="arc" xlink:from="tse-ed-t_DocumentEntityInformationLineItems" xlink:to="tse-ed-t_FiscalYearEnd" xlink:arcrole="http://xbrl.org/int/dim/arcrole/domain-member" order="9" /><definitionArc xlink:type="arc" xlink:from="tse-ed-t_DocumentEntityInformationLineItems" xlink:to="tse-ed-t_QuarterlyPeriod" xlink:arcrole="http://xbrl.org/int/dim/arcrole/domain-member" order="10" /><definitionArc xlink:type="arc" xlink:from="tse-ed-t_DocumentEntityInformationLineItems" xlink:to="tse-ed-t_RepresentativeAbstract" xlink:arcrole="http://xbrl.org/int/dim/arcrole/domain-member" order="11" /><definitionArc xlink:type="arc" xlink:from="tse-ed-t_DocumentEntityInformationLineItems" xlink:to="tse-ed-t_InquiriesAbstract" xlink:arcrole="http://xbrl.org/int/dim/arcrole/domain-member" order="12" /><definitionArc xlink:type="arc" xlink:from="tse-ed-t_DocumentEntityInformationLineItems" xlink:to="tse-ed-t_Tel" xlink:arcrole="http://xbrl.org/int/dim/arcrole/domain-member" order="13" /><definitionArc xlink:type="arc" xlink:from="tse-ed-t_DocumentEntityInformationLineItems" xlink:to="tse-ed-t_OtherCompanyInformationAbstract" xlink:arcrole="http://xbrl.org/int/dim/arcrole/domain-member" order="14" /><definitionArc xlink:type="arc" xlink:from="tse-ed-t_DocumentEntityInformationLineItems" xlink:to="tse-ed-t_SupplementalMaterialOfResults" xlink:arcrole="http://xbrl.org/int/dim/arcrole/domain-member" order="15.5" /><definitionArc xlink:type="arc" xlink:from="tse-ed-t_DocumentEntityInformationLineItems" xlink:to="tse-ed-t_WayOfGettingSupplementalMaterialOfResults" xlink:arcrole="http://xbrl.org/int/dim/arcrole/domain-member" order="16.5" /><definitionArc xlink:type="arc" xlink:from="tse-ed-t_DocumentEntityInformationLineItems" xlink:to="tse-ed-t_ConveningBriefingOfResults" xlink:arcrole="http://xbrl.org/int/dim/arcrole/domain-member" order="17.5" /><definitionArc xlink:type="arc" xlink:from="tse-ed-t_DocumentEntityInformationLineItems" xlink:to="tse-ed-t_TargetForBriefingOfResults" xlink:arcrole="http://xbrl.org/int/dim/arcrole/domain-member" order="18.5" /><definitionArc xlink:type="arc" xlink:from="tse-ed-t_DocumentEntityInformationLineItems" xlink:to="tse-ed-t_NoteToFractionProcessingMethod" xlink:arcrole="http://xbrl.org/int/dim/arcrole/domain-member" order="19" /><definitionArc xlink:type="arc" xlink:from="tse-ed-t_FukuokaStockExchange" xlink:to="tse-ed-t_FukuokaStockExchangeEstablished" xlink:arcrole="http://xbrl.org/int/dim/arcrole/domain-member" order="1" /><definitionArc xlink:type="arc" xlink:from="tse-ed-t_FukuokaStockExchange" xlink:to="tse-ed-t_FukuokaStockExchangeQBoard" xlink:arcrole="http://xbrl.org/int/dim/arcrole/domain-member" order="2" /><definitionArc xlink:type="arc" xlink:from="tse-ed-t_FukuokaStockExchange" xlink:to="tse-ed-t_FukuokaStockExchangeOthers" xlink:arcrole="http://xbrl.org/int/dim/arcrole/domain-member" order="3" /><definitionArc xlink:type="arc" xlink:from="tse-ed-t_InquiriesAbstract" xlink:to="tse-ed-t_TitleInquiries" xlink:arcrole="http://xbrl.org/int/dim/arcrole/domain-member" order="1" /><definitionArc xlink:type="arc" xlink:from="tse-ed-t_InquiriesAbstract" xlink:to="tse-ed-t_NameInquiries" xlink:arcrole="http://xbrl.org/int/dim/arcrole/domain-member" order="2" /><definitionArc xlink:type="arc" xlink:from="tse-ed-t_JapanSecuritiesDealersAssociation" xlink:to="tse-ed-t_JapanSecuritiesDealersAssociationGreenSheet" xlink:arcrole="http://xbrl.org/int/dim/arcrole/domain-member" order="1" /><definitionArc xlink:type="arc" xlink:from="tse-ed-t_StockExchangeListingsAbstract" xlink:to="tse-ed-t_NagoyaStockExchange" xlink:arcrole="http://xbrl.org/int/dim/arcrole/domain-member" order="2" /><definitionArc xlink:type="arc" xlink:from="tse-ed-t_NagoyaStockExchange" xlink:to="tse-ed-t_NagoyaStockExchange1stSection" xlink:arcrole="http://xbrl.org/int/dim/arcrole/domain-member" order="1" /><definitionArc xlink:type="arc" xlink:from="tse-ed-t_NagoyaStockExchange" xlink:to="tse-ed-t_NagoyaStockExchange2ndSection" xlink:arcrole="http://xbrl.org/int/dim/arcrole/domain-member" order="2" /><definitionArc xlink:type="arc" xlink:from="tse-ed-t_NagoyaStockExchange" xlink:to="tse-ed-t_NagoyaStockExchangeCentrex" xlink:arcrole="http://xbrl.org/int/dim/arcrole/domain-member" order="3" /><definitionArc xlink:type="arc" xlink:from="tse-ed-t_NagoyaStockExchange" xlink:to="tse-ed-t_NagoyaStockExchangeOthers" xlink:arcrole="http://xbrl.org/int/dim/arcrole/domain-member" order="4" /><definitionArc xlink:type="arc" xlink:from="tse-ed-t_OtherCompanyInformationAbstract" xlink:to="tse-ed-t_DividendPayableDateAsPlanned" xlink:arcrole="http://xbrl.org/int/dim/arcrole/domain-member" order="2" /><definitionArc xlink:type="arc" xlink:from="tse-ed-t_RepresentativeAbstract" xlink:to="tse-ed-t_TitleRepresentative" xlink:arcrole="http://xbrl.org/int/dim/arcrole/domain-member" order="1" /><definitionArc xlink:type="arc" xlink:from="tse-ed-t_RepresentativeAbstract" xlink:to="tse-ed-t_NameRepresentative" xlink:arcrole="http://xbrl.org/int/dim/arcrole/domain-member" order="2" /><definitionArc xlink:type="arc" xlink:from="tse-ed-t_StockExchangeListingsAbstract" xlink:to="tse-ed-t_TokyoStockExchange" xlink:arcrole="http://xbrl.org/int/dim/arcrole/domain-member" order="1" /><definitionArc xlink:type="arc" xlink:from="tse-ed-t_StockExchangeListingsAbstract" xlink:to="tse-ed-t_SapporoStockExchange" xlink:arcrole="http://xbrl.org/int/dim/arcrole/domain-member" order="3" /><definitionArc xlink:type="arc" xlink:from="tse-ed-t_SapporoStockExchange" xlink:to="tse-ed-t_SapporoStockExchangeEstablished" xlink:arcrole="http://xbrl.org/int/dim/arcrole/domain-member" order="1" /><definitionArc xlink:type="arc" xlink:from="tse-ed-t_SapporoStockExchange" xlink:to="tse-ed-t_SapporoStockExchangeAmbitious" xlink:arcrole="http://xbrl.org/int/dim/arcrole/domain-member" order="2" /><definitionArc xlink:type="arc" xlink:from="tse-ed-t_SapporoStockExchange" xlink:to="tse-ed-t_SapporoStockExchangeOthers" xlink:arcrole="http://xbrl.org/int/dim/arcrole/domain-member" order="3" /><definitionArc xlink:type="arc" xlink:from="tse-ed-t_StockExchangeListingsAbstract" xlink:to="tse-ed-t_FukuokaStockExchange" xlink:arcrole="http://xbrl.org/int/dim/arcrole/domain-member" order="4" /><definitionArc xlink:type="arc" xlink:from="tse-ed-t_StockExchangeListingsAbstract" xlink:to="tse-ed-t_JapanSecuritiesDealersAssociation" xlink:arcrole="http://xbrl.org/int/dim/arcrole/domain-member" order="5" /><definitionArc xlink:type="arc" xlink:from="tse-ed-t_TokyoStockExchange" xlink:to="tse-ed-t_TokyoStockExchangePrime" xlink:arcrole="http://xbrl.org/int/dim/arcrole/domain-member" order="0.5" /><definitionArc xlink:type="arc" xlink:from="tse-ed-t_TokyoStockExchange" xlink:to="tse-ed-t_TokyoStockExchangeStandard" xlink:arcrole="http://xbrl.org/int/dim/arcrole/domain-member" order="0.6" /><definitionArc xlink:type="arc" xlink:from="tse-ed-t_TokyoStockExchange" xlink:to="tse-ed-t_TokyoStockExchangeGrowth" xlink:arcrole="http://xbrl.org/int/dim/arcrole/domain-member" order="0.7" /><definitionArc xlink:type="arc" xlink:from="tse-ed-t_TokyoStockExchange" xlink:to="tse-ed-t_TokyoStockExchangePROMarket" xlink:arcrole="http://xbrl.org/int/dim/arcrole/domain-member" order="5" /><definitionArc xlink:type="arc" xlink:from="tse-ed-t_TokyoStockExchange" xlink:to="tse-ed-t_TokyoStockExchangeOthers" xlink:arcrole="http://xbrl.org/int/dim/arcrole/domain-member" order="6" /></definitionLink><definitionLink xlink:type="extended" xlink:role="http://www.xbrl.tdnet.info/jp/tse/tdnet/role/RoleBusinessResultsQuarterlyOperatingResults"><loc xlink:type="locator" xlink:href="http://www.xbrl.tdnet.info/taxonomy/jp/tse/tdnet/ed/t/2014-01-12/tse-ed-t-2014-01-12.xsd#tse-ed-t_BusinessResultsQuarterlyOperatingResultsHeading" xlink:label="tse-ed-t_BusinessResultsQuarterlyOperatingResultsHeading" /><loc xlink:type="locator" xlink:href="http://www.xbrl.tdnet.info/taxonomy/jp/tse/tdnet/ed/t/2014-01-12/tse-ed-t-2014-01-12.xsd#tse-ed-t_BusinessResultsQuarterlyOperatingResultsLineItems" xlink:label="tse-ed-t_BusinessResultsQuarterlyOperatingResultsLineItems" /><loc xlink:type="locator" xlink:href="http://www.xbrl.tdnet.info/taxonomy/jp/tse/tdnet/ed/t/2014-01-12/tse-ed-t-2014-01-12.xsd#tse-ed-t_BusinessResultsQuarterlyOperatingResultsTable" xlink:label="tse-ed-t_BusinessResultsQuarterlyOperatingResultsTable" /><loc xlink:type="locator" xlink:href="http://www.xbrl.tdnet.info/taxonomy/jp/tse/tdnet/ed/t/2014-01-12/tse-ed-t-2014-01-12.xsd#tse-ed-t_ChangeInNetIncome" xlink:label="tse-ed-t_ChangeInNetIncome" /><loc xlink:type="locator" xlink:href="http://www.xbrl.tdnet.info/taxonomy/jp/tse/tdnet/ed/t/2014-01-12/tse-ed-t-2014-01-12.xsd#tse-ed-t_ChangeInNetSales" xlink:label="tse-ed-t_ChangeInNetSales" /><loc xlink:type="locator" xlink:href="http://www.xbrl.tdnet.info/taxonomy/jp/tse/tdnet/ed/t/2014-01-12/tse-ed-t-2014-01-12.xsd#tse-ed-t_ChangeInOperatingIncome" xlink:label="tse-ed-t_ChangeInOperatingIncome" /><loc xlink:type="locator" xlink:href="http://www.xbrl.tdnet.info/taxonomy/jp/tse/tdnet/ed/t/2014-01-12/tse-ed-t-2014-01-12.xsd#tse-ed-t_ChangeInOrdinaryIncome" xlink:label="tse-ed-t_ChangeInOrdinaryIncome" /><loc xlink:type="locator" xlink:href="http://www.xbrl.tdnet.info/taxonomy/jp/tse/tdnet/ed/t/2014-01-12/tse-ed-t-2014-01-12.xsd#tse-ed-t_ConsolidatedNonconsolidatedAxis" xlink:label="tse-ed-t_ConsolidatedNonconsolidatedAxis" /><loc xlink:type="locator" xlink:href="http://www.xbrl.tdnet.info/taxonomy/jp/tse/tdnet/ed/t/2014-01-12/tse-ed-t-2014-01-12.xsd#tse-ed-t_DilutedNetIncomePerShare" xlink:label="tse-ed-t_DilutedNetIncomePerShare" /><loc xlink:type="locator" xlink:href="http://www.xbrl.tdnet.info/taxonomy/jp/tse/tdnet/ed/t/2014-01-12/tse-ed-t-2014-01-12.xsd#tse-ed-t_IncomeStatementsInformationAbstract" xlink:label="tse-ed-t_IncomeStatementsInformationAbstract" /><loc xlink:type="locator" xlink:href="http://www.xbrl.tdnet.info/taxonomy/jp/tse/tdnet/ed/t/2014-01-12/tse-ed-t-2014-01-12.xsd#tse-ed-t_NetIncome" xlink:label="tse-ed-t_NetIncome" /><loc xlink:type="locator" xlink:href="http://www.xbrl.tdnet.info/taxonomy/jp/tse/tdnet/ed/t/2014-01-12/tse-ed-t-2014-01-12.xsd#tse-ed-t_NetIncomeAbstract" xlink:label="tse-ed-t_NetIncomeAbstract" /><loc xlink:type="locator" xlink:href="http://www.xbrl.tdnet.info/taxonomy/jp/tse/tdnet/ed/t/2014-01-12/tse-ed-t-2014-01-12.xsd#tse-ed-t_NetIncomePerShare" xlink:label="tse-ed-t_NetIncomePerShare" /><loc xlink:type="locator" xlink:href="http://www.xbrl.tdnet.info/taxonomy/jp/tse/tdnet/ed/t/2014-01-12/tse-ed-t-2014-01-12.xsd#tse-ed-t_NetSales" xlink:label="tse-ed-t_NetSales" /><loc xlink:type="locator" xlink:href="http://www.xbrl.tdnet.info/taxonomy/jp/tse/tdnet/ed/t/2014-01-12/tse-ed-t-2014-01-12.xsd#tse-ed-t_NetSalesAbstract" xlink:label="tse-ed-t_NetSalesAbstract" /><loc xlink:type="locator" xlink:href="http://www.xbrl.tdnet.info/taxonomy/jp/tse/tdnet/ed/t/2014-01-12/tse-ed-t-2014-01-12.xsd#tse-ed-t_NonConsolidatedMember" xlink:label="tse-ed-t_NonConsolidatedMember" /><loc xlink:type="locator" xlink:href="http://www.xbrl.tdnet.info/taxonomy/jp/tse/tdnet/ed/t/2014-01-12/tse-ed-t-2014-01-12.xsd#tse-ed-t_NoteToOperatingResults" xlink:label="tse-ed-t_NoteToOperatingResults" /><loc xlink:type="locator" xlink:href="http://www.xbrl.tdnet.info/taxonomy/jp/tse/tdnet/ed/t/2014-01-12/tse-ed-t-2014-01-12.xsd#tse-ed-t_NoteToOperatingResultsAbstract" xlink:label="tse-ed-t_NoteToOperatingResultsAbstract" /><loc xlink:type="locator" xlink:href="http://www.xbrl.tdnet.info/taxonomy/jp/tse/tdnet/ed/t/2014-01-12/tse-ed-t-2014-01-12.xsd#tse-ed-t_OperatingIncome" xlink:label="tse-ed-t_OperatingIncome" /><loc xlink:type="locator" xlink:href="http://www.xbrl.tdnet.info/taxonomy/jp/tse/tdnet/ed/t/2014-01-12/tse-ed-t-2014-01-12.xsd#tse-ed-t_OperatingIncomeAbstract" xlink:label="tse-ed-t_OperatingIncomeAbstract" /><loc xlink:type="locator" xlink:href="http://www.xbrl.tdnet.info/taxonomy/jp/tse/tdnet/ed/t/2014-01-12/tse-ed-t-2014-01-12.xsd#tse-ed-t_OperatingResultsAbstract" xlink:label="tse-ed-t_OperatingResultsAbstract" /><loc xlink:type="locator" xlink:href="http://www.xbrl.tdnet.info/taxonomy/jp/tse/tdnet/ed/t/2014-01-12/tse-ed-t-2014-01-12.xsd#tse-ed-t_OrdinaryIncome" xlink:label="tse-ed-t_OrdinaryIncome" /><loc xlink:type="locator" xlink:href="http://www.xbrl.tdnet.info/taxonomy/jp/tse/tdnet/ed/t/2014-01-12/tse-ed-t-2014-01-12.xsd#tse-ed-t_OrdinaryIncomeAbstract" xlink:label="tse-ed-t_OrdinaryIncomeAbstract" /><loc xlink:type="locator" xlink:href="http://www.xbrl.tdnet.info/taxonomy/jp/tse/tdnet/ed/t/2014-01-12/tse-ed-t-2014-01-12.xsd#tse-ed-t_OtherOperatingResultsAbstract" xlink:label="tse-ed-t_OtherOperatingResultsAbstract" /><loc xlink:type="locator" xlink:href="http://www.xbrl.tdnet.info/taxonomy/jp/tse/tdnet/ed/t/2014-01-12/tse-ed-t-2014-01-12.xsd#tse-ed-t_ResultForecastAxis" xlink:label="tse-ed-t_ResultForecastAxis" /><loc xlink:type="locator" xlink:href="http://www.xbrl.tdnet.info/taxonomy/jp/tse/tdnet/ed/t/2014-01-12/tse-ed-t-2014-01-12.xsd#tse-ed-t_ResultMember" xlink:label="tse-ed-t_ResultMember" /><definitionArc xlink:type="arc" xlink:from="tse-ed-t_BusinessResultsQuarterlyOperatingResultsHeading" xlink:to="tse-ed-t_BusinessResultsQuarterlyOperatingResultsTable" xlink:arcrole="http://xbrl.org/int/dim/arcrole/all" xbrldt:contextElement="scenario" xbrldt:closed="true" order="1" /><definitionArc xlink:type="arc" xlink:from="tse-ed-t_BusinessResultsQuarterlyOperatingResultsHeading" xlink:to="tse-ed-t_BusinessResultsQuarterlyOperatingResultsLineItems" xlink:arcrole="http://xbrl.org/int/dim/arcrole/domain-member" order="2" /><definitionArc xlink:type="arc" xlink:from="tse-ed-t_BusinessResultsQuarterlyOperatingResultsLineItems" xlink:to="tse-ed-t_OperatingResultsAbstract" xlink:arcrole="http://xbrl.org/int/dim/arcrole/domain-member" order="1" /><definitionArc xlink:type="arc" xlink:from="tse-ed-t_BusinessResultsQuarterlyOperatingResultsLineItems" xlink:to="tse-ed-t_NoteToOperatingResultsAbstract" xlink:arcrole="http://xbrl.org/int/dim/arcrole/domain-member" order="2" /><definitionArc xlink:type="arc" xlink:from="tse-ed-t_BusinessResultsQuarterlyOperatingResultsTable" xlink:to="tse-ed-t_ConsolidatedNonconsolidatedAxis" xlink:arcrole="http://xbrl.org/int/dim/arcrole/hypercube-dimension" order="1" /><definitionArc xlink:type="arc" xlink:from="tse-ed-t_BusinessResultsQuarterlyOperatingResultsTable" xlink:to="tse-ed-t_ResultForecastAxis" xlink:arcrole="http://xbrl.org/int/dim/arcrole/hypercube-dimension" order="2" /><definitionArc xlink:type="arc" xlink:from="tse-ed-t_ConsolidatedNonconsolidatedAxis" xlink:to="tse-ed-t_NonConsolidatedMember" xlink:arcrole="http://xbrl.org/int/dim/arcrole/dimension-domain" order="1" /><definitionArc xlink:type="arc" xlink:from="tse-ed-t_IncomeStatementsInformationAbstract" xlink:to="tse-ed-t_NetSalesAbstract" xlink:arcrole="http://xbrl.org/int/dim/arcrole/domain-member" order="1" /><definitionArc xlink:type="arc" xlink:from="tse-ed-t_IncomeStatementsInformationAbstract" xlink:to="tse-ed-t_OperatingIncomeAbstract" xlink:arcrole="http://xbrl.org/int/dim/arcrole/domain-member" order="2" /><definitionArc xlink:type="arc" xlink:from="tse-ed-t_IncomeStatementsInformationAbstract" xlink:to="tse-ed-t_OrdinaryIncomeAbstract" xlink:arcrole="http://xbrl.org/int/dim/arcrole/domain-member" order="3" /><definitionArc xlink:type="arc" xlink:from="tse-ed-t_IncomeStatementsInformationAbstract" xlink:to="tse-ed-t_NetIncomeAbstract" xlink:arcrole="http://xbrl.org/int/dim/arcrole/domain-member" order="4" /><definitionArc xlink:type="arc" xlink:from="tse-ed-t_NetIncomeAbstract" xlink:to="tse-ed-t_NetIncome" xlink:arcrole="http://xbrl.org/int/dim/arcrole/domain-member" order="1" /><definitionArc xlink:type="arc" xlink:from="tse-ed-t_NetIncomeAbstract" xlink:to="tse-ed-t_ChangeInNetIncome" xlink:arcrole="http://xbrl.org/int/dim/arcrole/domain-member" order="2" /><definitionArc xlink:type="arc" xlink:from="tse-ed-t_NetSalesAbstract" xlink:to="tse-ed-t_NetSales" xlink:arcrole="http://xbrl.org/int/dim/arcrole/domain-member" order="1" /><definitionArc xlink:type="arc" xlink:from="tse-ed-t_NetSalesAbstract" xlink:to="tse-ed-t_ChangeInNetSales" xlink:arcrole="http://xbrl.org/int/dim/arcrole/domain-member" order="2" /><definitionArc xlink:type="arc" xlink:from="tse-ed-t_NoteToOperatingResultsAbstract" xlink:to="tse-ed-t_NoteToOperatingResults" xlink:arcrole="http://xbrl.org/int/dim/arcrole/domain-member" order="1" /><definitionArc xlink:type="arc" xlink:from="tse-ed-t_OperatingIncomeAbstract" xlink:to="tse-ed-t_OperatingIncome" xlink:arcrole="http://xbrl.org/int/dim/arcrole/domain-member" order="1" /><definitionArc xlink:type="arc" xlink:from="tse-ed-t_OperatingIncomeAbstract" xlink:to="tse-ed-t_ChangeInOperatingIncome" xlink:arcrole="http://xbrl.org/int/dim/arcrole/domain-member" order="2" /><definitionArc xlink:type="arc" xlink:from="tse-ed-t_OperatingResultsAbstract" xlink:to="tse-ed-t_IncomeStatementsInformationAbstract" xlink:arcrole="http://xbrl.org/int/dim/arcrole/domain-member" order="1" /><definitionArc xlink:type="arc" xlink:from="tse-ed-t_OperatingResultsAbstract" xlink:to="tse-ed-t_OtherOperatingResultsAbstract" xlink:arcrole="http://xbrl.org/int/dim/arcrole/domain-member" order="2" /><definitionArc xlink:type="arc" xlink:from="tse-ed-t_OrdinaryIncomeAbstract" xlink:to="tse-ed-t_OrdinaryIncome" xlink:arcrole="http://xbrl.org/int/dim/arcrole/domain-member" order="1" /><definitionArc xlink:type="arc" xlink:from="tse-ed-t_OrdinaryIncomeAbstract" xlink:to="tse-ed-t_ChangeInOrdinaryIncome" xlink:arcrole="http://xbrl.org/int/dim/arcrole/domain-member" order="2" /><definitionArc xlink:type="arc" xlink:from="tse-ed-t_OtherOperatingResultsAbstract" xlink:to="tse-ed-t_NetIncomePerShare" xlink:arcrole="http://xbrl.org/int/dim/arcrole/domain-member" order="1" /><definitionArc xlink:type="arc" xlink:from="tse-ed-t_OtherOperatingResultsAbstract" xlink:to="tse-ed-t_DilutedNetIncomePerShare" xlink:arcrole="http://xbrl.org/int/dim/arcrole/domain-member" order="2" /><definitionArc xlink:type="arc" xlink:from="tse-ed-t_ResultForecastAxis" xlink:to="tse-ed-t_ResultMember" xlink:arcrole="http://xbrl.org/int/dim/arcrole/dimension-domain" order="1" /></definitionLink><definitionLink xlink:type="extended" xlink:role="http://www.xbrl.tdnet.info/jp/tse/tdnet/role/RoleBusinessResultsQuarterlyFinancialPositions"><loc xlink:type="locator" xlink:href="http://www.xbrl.tdnet.info/taxonomy/jp/tse/tdnet/ed/t/2014-01-12/tse-ed-t-2014-01-12.xsd#tse-ed-t_BusinessResultsQuarterlyFinancialPositionsHeading" xlink:label="tse-ed-t_BusinessResultsQuarterlyFinancialPositionsHeading" /><loc xlink:type="locator" xlink:href="http://www.xbrl.tdnet.info/taxonomy/jp/tse/tdnet/ed/t/2014-01-12/tse-ed-t-2014-01-12.xsd#tse-ed-t_BusinessResultsQuarterlyFinancialPositionsLineItems" xlink:label="tse-ed-t_BusinessResultsQuarterlyFinancialPositionsLineItems" /><loc xlink:type="locator" xlink:href="http://www.xbrl.tdnet.info/taxonomy/jp/tse/tdnet/ed/t/2014-01-12/tse-ed-t-2014-01-12.xsd#tse-ed-t_BusinessResultsQuarterlyFinancialPositionsTable" xlink:label="tse-ed-t_BusinessResultsQuarterlyFinancialPositionsTable" /><loc xlink:type="locator" xlink:href="http://www.xbrl.tdnet.info/taxonomy/jp/tse/tdnet/ed/t/2014-01-12/tse-ed-t-2014-01-12.xsd#tse-ed-t_CapitalAdequacyRatio" xlink:label="tse-ed-t_CapitalAdequacyRatio" /><loc xlink:type="locator" xlink:href="http://www.xbrl.tdnet.info/taxonomy/jp/tse/tdnet/ed/t/2014-01-12/tse-ed-t-2014-01-12.xsd#tse-ed-t_ConsolidatedNonconsolidatedAxis" xlink:label="tse-ed-t_ConsolidatedNonconsolidatedAxis" /><loc xlink:type="locator" xlink:href="http://www.xbrl.tdnet.info/taxonomy/jp/tse/tdnet/ed/t/2014-01-12/tse-ed-t-2014-01-12.xsd#tse-ed-t_FinancialPositionsAbstract" xlink:label="tse-ed-t_FinancialPositionsAbstract" /><loc xlink:type="locator" xlink:href="http://www.xbrl.tdnet.info/taxonomy/jp/tse/tdnet/ed/t/2014-01-12/tse-ed-t-2014-01-12.xsd#tse-ed-t_NetAssets" xlink:label="tse-ed-t_NetAssets" /><loc xlink:type="locator" xlink:href="http://www.xbrl.tdnet.info/taxonomy/jp/tse/tdnet/ed/t/2014-01-12/tse-ed-t-2014-01-12.xsd#tse-ed-t_NonConsolidatedMember" xlink:label="tse-ed-t_NonConsolidatedMember" /><loc xlink:type="locator" xlink:href="http://www.xbrl.tdnet.info/taxonomy/jp/tse/tdnet/ed/t/2014-01-12/tse-ed-t-2014-01-12.xsd#tse-ed-t_NoteToFinancialPositions" xlink:label="tse-ed-t_NoteToFinancialPositions" /><loc xlink:type="locator" xlink:href="http://www.xbrl.tdnet.info/taxonomy/jp/tse/tdnet/ed/t/2014-01-12/tse-ed-t-2014-01-12.xsd#tse-ed-t_NoteToFinancialPositionsAbstract" xlink:label="tse-ed-t_NoteToFinancialPositionsAbstract" /><loc xlink:type="locator" xlink:href="http://www.xbrl.tdnet.info/taxonomy/jp/tse/tdnet/ed/t/2014-01-12/tse-ed-t-2014-01-12.xsd#tse-ed-t_OwnersEquity" xlink:label="tse-ed-t_OwnersEquity" /><loc xlink:type="locator" xlink:href="http://www.xbrl.tdnet.info/taxonomy/jp/tse/tdnet/ed/t/2014-01-12/tse-ed-t-2014-01-12.xsd#tse-ed-t_ResultForecastAxis" xlink:label="tse-ed-t_ResultForecastAxis" /><loc xlink:type="locator" xlink:href="http://www.xbrl.tdnet.info/taxonomy/jp/tse/tdnet/ed/t/2014-01-12/tse-ed-t-2014-01-12.xsd#tse-ed-t_ResultMember" xlink:label="tse-ed-t_ResultMember" /><loc xlink:type="locator" xlink:href="http://www.xbrl.tdnet.info/taxonomy/jp/tse/tdnet/ed/t/2014-01-12/tse-ed-t-2014-01-12.xsd#tse-ed-t_TotalAssets" xlink:label="tse-ed-t_TotalAssets" /><definitionArc xlink:type="arc" xlink:from="tse-ed-t_BusinessResultsQuarterlyFinancialPositionsHeading" xlink:to="tse-ed-t_BusinessResultsQuarterlyFinancialPositionsTable" xlink:arcrole="http://xbrl.org/int/dim/arcrole/all" xbrldt:contextElement="scenario" xbrldt:closed="true" order="1" /><definitionArc xlink:type="arc" xlink:from="tse-ed-t_BusinessResultsQuarterlyFinancialPositionsHeading" xlink:to="tse-ed-t_BusinessResultsQuarterlyFinancialPositionsLineItems" xlink:arcrole="http://xbrl.org/int/dim/arcrole/domain-member" order="2" /><definitionArc xlink:type="arc" xlink:from="tse-ed-t_BusinessResultsQuarterlyFinancialPositionsLineItems" xlink:to="tse-ed-t_FinancialPositionsAbstract" xlink:arcrole="http://xbrl.org/int/dim/arcrole/domain-member" order="1" /><definitionArc xlink:type="arc" xlink:from="tse-ed-t_BusinessResultsQuarterlyFinancialPositionsLineItems" xlink:to="tse-ed-t_NoteToFinancialPositionsAbstract" xlink:arcrole="http://xbrl.org/int/dim/arcrole/domain-member" order="2" /><definitionArc xlink:type="arc" xlink:from="tse-ed-t_BusinessResultsQuarterlyFinancialPositionsTable" xlink:to="tse-ed-t_ConsolidatedNonconsolidatedAxis" xlink:arcrole="http://xbrl.org/int/dim/arcrole/hypercube-dimension" order="1" /><definitionArc xlink:type="arc" xlink:from="tse-ed-t_BusinessResultsQuarterlyFinancialPositionsTable" xlink:to="tse-ed-t_ResultForecastAxis" xlink:arcrole="http://xbrl.org/int/dim/arcrole/hypercube-dimension" order="2" /><definitionArc xlink:type="arc" xlink:from="tse-ed-t_ConsolidatedNonconsolidatedAxis" xlink:to="tse-ed-t_NonConsolidatedMember" xlink:arcrole="http://xbrl.org/int/dim/arcrole/dimension-domain" order="1" /><definitionArc xlink:type="arc" xlink:from="tse-ed-t_FinancialPositionsAbstract" xlink:to="tse-ed-t_TotalAssets" xlink:arcrole="http://xbrl.org/int/dim/arcrole/domain-member" order="1" /><definitionArc xlink:type="arc" xlink:from="tse-ed-t_FinancialPositionsAbstract" xlink:to="tse-ed-t_NetAssets" xlink:arcrole="http://xbrl.org/int/dim/arcrole/domain-member" order="2" /><definitionArc xlink:type="arc" xlink:from="tse-ed-t_FinancialPositionsAbstract" xlink:to="tse-ed-t_CapitalAdequacyRatio" xlink:arcrole="http://xbrl.org/int/dim/arcrole/domain-member" order="3" /><definitionArc xlink:type="arc" xlink:from="tse-ed-t_NoteToFinancialPositionsAbstract" xlink:to="tse-ed-t_OwnersEquity" xlink:arcrole="http://xbrl.org/int/dim/arcrole/domain-member" order="1" /><definitionArc xlink:type="arc" xlink:from="tse-ed-t_NoteToFinancialPositionsAbstract" xlink:to="tse-ed-t_NoteToFinancialPositions" xlink:arcrole="http://xbrl.org/int/dim/arcrole/domain-member" order="2" /><definitionArc xlink:type="arc" xlink:from="tse-ed-t_ResultForecastAxis" xlink:to="tse-ed-t_ResultMember" xlink:arcrole="http://xbrl.org/int/dim/arcrole/dimension-domain" order="1" /></definitionLink><definitionLink xlink:type="extended" xlink:role="http://www.xbrl.tdnet.info/jp/tse/tdnet/role/RoleBusinessResultsNoteQuarterlyBusinessResults"><loc xlink:type="locator" xlink:href="http://www.xbrl.tdnet.info/taxonomy/jp/tse/tdnet/ed/t/2014-01-12/tse-ed-t-2014-01-12.xsd#tse-ed-t_BusinessResultsNoteQuarterlyBusinessResultsHeading" xlink:label="tse-ed-t_BusinessResultsNoteQuarterlyBusinessResultsHeading" /><loc xlink:type="locator" xlink:href="http://www.xbrl.tdnet.info/taxonomy/jp/tse/tdnet/ed/t/2014-01-12/tse-ed-t-2014-01-12.xsd#tse-ed-t_BusinessResultsNoteQuarterlyBusinessResultsLineItems" xlink:label="tse-ed-t_BusinessResultsNoteQuarterlyBusinessResultsLineItems" /><loc xlink:type="locator" xlink:href="http://www.xbrl.tdnet.info/taxonomy/jp/tse/tdnet/ed/t/2014-01-12/tse-ed-t-2014-01-12.xsd#tse-ed-t_BusinessResultsNoteQuarterlyBusinessResultsTable" xlink:label="tse-ed-t_BusinessResultsNoteQuarterlyBusinessResultsTable" /><loc xlink:type="locator" xlink:href="http://www.xbrl.tdnet.info/taxonomy/jp/tse/tdnet/ed/t/2014-01-12/tse-ed-t-2014-01-12.xsd#tse-ed-t_ConsolidatedNonconsolidatedAxis" xlink:label="tse-ed-t_ConsolidatedNonconsolidatedAxis" /><loc xlink:type="locator" xlink:href="http://www.xbrl.tdnet.info/taxonomy/jp/tse/tdnet/ed/t/2014-01-12/tse-ed-t-2014-01-12.xsd#tse-ed-t_NonConsolidatedMember" xlink:label="tse-ed-t_NonConsolidatedMember" /><loc xlink:type="locator" xlink:href="http://www.xbrl.tdnet.info/taxonomy/jp/tse/tdnet/ed/t/2014-01-12/tse-ed-t-2014-01-12.xsd#tse-ed-t_NoteToFinancialResults" xlink:label="tse-ed-t_NoteToFinancialResults" /><loc xlink:type="locator" xlink:href="http://www.xbrl.tdnet.info/taxonomy/jp/tse/tdnet/ed/t/2014-01-12/tse-ed-t-2014-01-12.xsd#tse-ed-t_NoteToFinancialResultsAbstract" xlink:label="tse-ed-t_NoteToFinancialResultsAbstract" /><loc xlink:type="locator" xlink:href="http://www.xbrl.tdnet.info/taxonomy/jp/tse/tdnet/ed/t/2014-01-12/tse-ed-t-2014-01-12.xsd#tse-ed-t_ResultForecastAxis" xlink:label="tse-ed-t_ResultForecastAxis" /><loc xlink:type="locator" xlink:href="http://www.xbrl.tdnet.info/taxonomy/jp/tse/tdnet/ed/t/2014-01-12/tse-ed-t-2014-01-12.xsd#tse-ed-t_ResultMember" xlink:label="tse-ed-t_ResultMember" /><definitionArc xlink:type="arc" xlink:from="tse-ed-t_BusinessResultsNoteQuarterlyBusinessResultsHeading" xlink:to="tse-ed-t_BusinessResultsNoteQuarterlyBusinessResultsTable" xlink:arcrole="http://xbrl.org/int/dim/arcrole/all" xbrldt:contextElement="scenario" xbrldt:closed="true" order="1" /><definitionArc xlink:type="arc" xlink:from="tse-ed-t_BusinessResultsNoteQuarterlyBusinessResultsHeading" xlink:to="tse-ed-t_BusinessResultsNoteQuarterlyBusinessResultsLineItems" xlink:arcrole="http://xbrl.org/int/dim/arcrole/domain-member" order="2" /><definitionArc xlink:type="arc" xlink:from="tse-ed-t_BusinessResultsNoteQuarterlyBusinessResultsLineItems" xlink:to="tse-ed-t_NoteToFinancialResultsAbstract" xlink:arcrole="http://xbrl.org/int/dim/arcrole/domain-member" order="1" /><definitionArc xlink:type="arc" xlink:from="tse-ed-t_BusinessResultsNoteQuarterlyBusinessResultsTable" xlink:to="tse-ed-t_ConsolidatedNonconsolidatedAxis" xlink:arcrole="http://xbrl.org/int/dim/arcrole/hypercube-dimension" order="1" /><definitionArc xlink:type="arc" xlink:from="tse-ed-t_BusinessResultsNoteQuarterlyBusinessResultsTable" xlink:to="tse-ed-t_ResultForecastAxis" xlink:arcrole="http://xbrl.org/int/dim/arcrole/hypercube-dimension" order="2" /><definitionArc xlink:type="arc" xlink:from="tse-ed-t_ConsolidatedNonconsolidatedAxis" xlink:to="tse-ed-t_NonConsolidatedMember" xlink:arcrole="http://xbrl.org/int/dim/arcrole/dimension-domain" order="1" /><definitionArc xlink:type="arc" xlink:from="tse-ed-t_NoteToFinancialResultsAbstract" xlink:to="tse-ed-t_NoteToFinancialResults" xlink:arcrole="http://xbrl.org/int/dim/arcrole/domain-member" order="1" /><definitionArc xlink:type="arc" xlink:from="tse-ed-t_ResultForecastAxis" xlink:to="tse-ed-t_ResultMember" xlink:arcrole="http://xbrl.org/int/dim/arcrole/dimension-domain" order="1" /></definitionLink><definitionLink xlink:type="extended" xlink:role="http://www.xbrl.tdnet.info/jp/tse/tdnet/role/RoleQuarterlyDividends"><loc xlink:type="locator" xlink:href="http://www.xbrl.tdnet.info/taxonomy/jp/tse/tdnet/ed/t/2014-01-12/tse-ed-t-2014-01-12.xsd#tse-ed-t_AnnualDividendPaymentScheduleAxis" xlink:label="tse-ed-t_AnnualDividendPaymentScheduleAxis" /><loc xlink:type="locator" xlink:href="http://www.xbrl.tdnet.info/taxonomy/jp/tse/tdnet/ed/t/2014-01-12/tse-ed-t-2014-01-12.xsd#tse-ed-t_AnnualMember" xlink:label="tse-ed-t_AnnualMember" /><loc xlink:type="locator" xlink:href="http://www.xbrl.tdnet.info/taxonomy/jp/tse/tdnet/ed/t/2014-01-12/tse-ed-t-2014-01-12.xsd#tse-ed-t_ConsolidatedNonconsolidatedAxis" xlink:label="tse-ed-t_ConsolidatedNonconsolidatedAxis" /><loc xlink:type="locator" xlink:href="http://www.xbrl.tdnet.info/taxonomy/jp/tse/tdnet/ed/t/2014-01-12/tse-ed-t-2014-01-12.xsd#tse-ed-t_CorrectionOfDividendForecastInThisQuarter" xlink:label="tse-ed-t_CorrectionOfDividendForecastInThisQuarter" /><loc xlink:type="locator" xlink:href="http://www.xbrl.tdnet.info/taxonomy/jp/tse/tdnet/ed/t/2014-01-12/tse-ed-t-2014-01-12.xsd#tse-ed-t_CorrectionOfDividendForecastInThisQuarterAbstract" xlink:label="tse-ed-t_CorrectionOfDividendForecastInThisQuarterAbstract" /><loc xlink:type="locator" xlink:href="http://www.xbrl.tdnet.info/taxonomy/jp/tse/tdnet/ed/t/2014-01-12/tse-ed-t-2014-01-12.xsd#tse-ed-t_DetailOfDividendPerShareFiscalYearEndAbstract" xlink:label="tse-ed-t_DetailOfDividendPerShareFiscalYearEndAbstract" /><loc xlink:type="locator" xlink:href="http://www.xbrl.tdnet.info/taxonomy/jp/tse/tdnet/ed/t/2014-01-12/tse-ed-t-2014-01-12.xsd#tse-ed-t_DividendPerShare" xlink:label="tse-ed-t_DividendPerShare" /><loc xlink:type="locator" xlink:href="http://www.xbrl.tdnet.info/taxonomy/jp/tse/tdnet/ed/t/2014-01-12/tse-ed-t-2014-01-12.xsd#tse-ed-t_DividendPerShareAbstract" xlink:label="tse-ed-t_DividendPerShareAbstract" /><loc xlink:type="locator" xlink:href="http://www.xbrl.tdnet.info/taxonomy/jp/tse/tdnet/ed/t/2014-01-12/tse-ed-t-2014-01-12.xsd#tse-ed-t_DividendsAbstract" xlink:label="tse-ed-t_DividendsAbstract" /><loc xlink:type="locator" xlink:href="http://www.xbrl.tdnet.info/taxonomy/jp/tse/tdnet/ed/t/2014-01-12/tse-ed-t-2014-01-12.xsd#tse-ed-t_FirstQuarterMember" xlink:label="tse-ed-t_FirstQuarterMember" /><loc xlink:type="locator" xlink:href="http://www.xbrl.tdnet.info/taxonomy/jp/tse/tdnet/ed/t/2014-01-12/tse-ed-t-2014-01-12.xsd#tse-ed-t_ForecastMember" xlink:label="tse-ed-t_ForecastMember" /><loc xlink:type="locator" xlink:href="http://www.xbrl.tdnet.info/taxonomy/jp/tse/tdnet/ed/t/2014-01-12/tse-ed-t-2014-01-12.xsd#tse-ed-t_LowerMember" xlink:label="tse-ed-t_LowerMember" /><loc xlink:type="locator" xlink:href="http://www.xbrl.tdnet.info/taxonomy/jp/tse/tdnet/ed/t/2014-01-12/tse-ed-t-2014-01-12.xsd#tse-ed-t_NonConsolidatedMember" xlink:label="tse-ed-t_NonConsolidatedMember" /><loc xlink:type="locator" xlink:href="http://www.xbrl.tdnet.info/taxonomy/jp/tse/tdnet/ed/t/2014-01-12/tse-ed-t-2014-01-12.xsd#tse-ed-t_NoteToDividends" xlink:label="tse-ed-t_NoteToDividends" /><loc xlink:type="locator" xlink:href="http://www.xbrl.tdnet.info/taxonomy/jp/tse/tdnet/ed/t/2014-01-12/tse-ed-t-2014-01-12.xsd#tse-ed-t_NoteToDividendsAbstract" xlink:label="tse-ed-t_NoteToDividendsAbstract" /><loc xlink:type="locator" xlink:href="http://www.xbrl.tdnet.info/taxonomy/jp/tse/tdnet/ed/t/2014-01-12/tse-ed-t-2014-01-12.xsd#tse-ed-t_QuarterlyDividendsHeading" xlink:label="tse-ed-t_QuarterlyDividendsHeading" /><loc xlink:type="locator" xlink:href="http://www.xbrl.tdnet.info/taxonomy/jp/tse/tdnet/ed/t/2014-01-12/tse-ed-t-2014-01-12.xsd#tse-ed-t_QuarterlyDividendsLineItems" xlink:label="tse-ed-t_QuarterlyDividendsLineItems" /><loc xlink:type="locator" xlink:href="http://www.xbrl.tdnet.info/taxonomy/jp/tse/tdnet/ed/t/2014-01-12/tse-ed-t-2014-01-12.xsd#tse-ed-t_QuarterlyDividendsTable" xlink:label="tse-ed-t_QuarterlyDividendsTable" /><loc xlink:type="locator" xlink:href="http://www.xbrl.tdnet.info/taxonomy/jp/tse/tdnet/ed/t/2014-01-12/tse-ed-t-2014-01-12.xsd#tse-ed-t_ResultForecastAxis" xlink:label="tse-ed-t_ResultForecastAxis" /><loc xlink:type="locator" xlink:href="http://www.xbrl.tdnet.info/taxonomy/jp/tse/tdnet/ed/t/2014-01-12/tse-ed-t-2014-01-12.xsd#tse-ed-t_ResultMember" xlink:label="tse-ed-t_ResultMember" /><loc xlink:type="locator" xlink:href="http://www.xbrl.tdnet.info/taxonomy/jp/tse/tdnet/ed/t/2014-01-12/tse-ed-t-2014-01-12.xsd#tse-ed-t_SecondQuarterMember" xlink:label="tse-ed-t_SecondQuarterMember" /><loc xlink:type="locator" xlink:href="http://www.xbrl.tdnet.info/taxonomy/jp/tse/tdnet/ed/t/2014-01-12/tse-ed-t-2014-01-12.xsd#tse-ed-t_ThirdQuarterMember" xlink:label="tse-ed-t_ThirdQuarterMember" /><loc xlink:type="locator" xlink:href="http://www.xbrl.tdnet.info/taxonomy/jp/tse/tdnet/ed/t/2014-01-12/tse-ed-t-2014-01-12.xsd#tse-ed-t_UpperMember" xlink:label="tse-ed-t_UpperMember" /><loc xlink:type="locator" xlink:href="http://www.xbrl.tdnet.info/taxonomy/jp/tse/tdnet/ed/t/2014-01-12/tse-ed-t-2014-01-12.xsd#tse-ed-t_YearEndMember" xlink:label="tse-ed-t_YearEndMember" /><definitionArc xlink:type="arc" xlink:from="tse-ed-t_ConsolidatedNonconsolidatedAxis" xlink:to="tse-ed-t_NonConsolidatedMember" xlink:arcrole="http://xbrl.org/int/dim/arcrole/dimension-domain" order="1" /><definitionArc xlink:type="arc" xlink:from="tse-ed-t_CorrectionOfDividendForecastInThisQuarterAbstract" xlink:to="tse-ed-t_CorrectionOfDividendForecastInThisQuarter" xlink:arcrole="http://xbrl.org/int/dim/arcrole/domain-member" order="1" /><definitionArc xlink:type="arc" xlink:from="tse-ed-t_DividendsAbstract" xlink:to="tse-ed-t_DividendPerShareAbstract" xlink:arcrole="http://xbrl.org/int/dim/arcrole/domain-member" order="1" /><definitionArc xlink:type="arc" xlink:from="tse-ed-t_DividendPerShareAbstract" xlink:to="tse-ed-t_DividendPerShare" xlink:arcrole="http://xbrl.org/int/dim/arcrole/domain-member" order="1" /><definitionArc xlink:type="arc" xlink:from="tse-ed-t_NoteToDividendsAbstract" xlink:to="tse-ed-t_DetailOfDividendPerShareFiscalYearEndAbstract" xlink:arcrole="http://xbrl.org/int/dim/arcrole/domain-member" order="1" /><definitionArc xlink:type="arc" xlink:from="tse-ed-t_NoteToDividendsAbstract" xlink:to="tse-ed-t_NoteToDividends" xlink:arcrole="http://xbrl.org/int/dim/arcrole/domain-member" order="2" /><definitionArc xlink:type="arc" xlink:from="tse-ed-t_QuarterlyDividendsHeading" xlink:to="tse-ed-t_QuarterlyDividendsTable" xlink:arcrole="http://xbrl.org/int/dim/arcrole/all" xbrldt:contextElement="scenario" xbrldt:closed="true" order="1" /><definitionArc xlink:type="arc" xlink:from="tse-ed-t_QuarterlyDividendsHeading" xlink:to="tse-ed-t_QuarterlyDividendsLineItems" xlink:arcrole="http://xbrl.org/int/dim/arcrole/domain-member" order="2" /><definitionArc xlink:type="arc" xlink:from="tse-ed-t_QuarterlyDividendsLineItems" xlink:to="tse-ed-t_DividendsAbstract" xlink:arcrole="http://xbrl.org/int/dim/arcrole/domain-member" order="1" /><definitionArc xlink:type="arc" xlink:from="tse-ed-t_QuarterlyDividendsLineItems" xlink:to="tse-ed-t_CorrectionOfDividendForecastInThisQuarterAbstract" xlink:arcrole="http://xbrl.org/int/dim/arcrole/domain-member" order="2" /><definitionArc xlink:type="arc" xlink:from="tse-ed-t_QuarterlyDividendsLineItems" xlink:to="tse-ed-t_NoteToDividendsAbstract" xlink:arcrole="http://xbrl.org/int/dim/arcrole/domain-member" order="3" /><definitionArc xlink:type="arc" xlink:from="tse-ed-t_QuarterlyDividendsTable" xlink:to="tse-ed-t_AnnualDividendPaymentScheduleAxis" xlink:arcrole="http://xbrl.org/int/dim/arcrole/hypercube-dimension" order="1" /><definitionArc xlink:type="arc" xlink:from="tse-ed-t_AnnualDividendPaymentScheduleAxis" xlink:to="tse-ed-t_FirstQuarterMember" xlink:arcrole="http://xbrl.org/int/dim/arcrole/dimension-domain" order="1" /><definitionArc xlink:type="arc" xlink:from="tse-ed-t_AnnualDividendPaymentScheduleAxis" xlink:to="tse-ed-t_SecondQuarterMember" xlink:arcrole="http://xbrl.org/int/dim/arcrole/dimension-domain" order="2" /><definitionArc xlink:type="arc" xlink:from="tse-ed-t_AnnualDividendPaymentScheduleAxis" xlink:to="tse-ed-t_ThirdQuarterMember" xlink:arcrole="http://xbrl.org/int/dim/arcrole/dimension-domain" order="3" /><definitionArc xlink:type="arc" xlink:from="tse-ed-t_AnnualDividendPaymentScheduleAxis" xlink:to="tse-ed-t_YearEndMember" xlink:arcrole="http://xbrl.org/int/dim/arcrole/dimension-domain" order="4" /><definitionArc xlink:type="arc" xlink:from="tse-ed-t_AnnualDividendPaymentScheduleAxis" xlink:to="tse-ed-t_AnnualMember" xlink:arcrole="http://xbrl.org/int/dim/arcrole/dimension-domain" order="5" /><definitionArc xlink:type="arc" xlink:from="tse-ed-t_QuarterlyDividendsTable" xlink:to="tse-ed-t_ResultForecastAxis" xlink:arcrole="http://xbrl.org/int/dim/arcrole/hypercube-dimension" order="2" /><definitionArc xlink:type="arc" xlink:from="tse-ed-t_QuarterlyDividendsTable" xlink:to="tse-ed-t_ConsolidatedNonconsolidatedAxis" xlink:arcrole="http://xbrl.org/int/dim/arcrole/hypercube-dimension" order="3" /><definitionArc xlink:type="arc" xlink:from="tse-ed-t_ResultForecastAxis" xlink:to="tse-ed-t_ResultMember" xlink:arcrole="http://xbrl.org/int/dim/arcrole/dimension-domain" order="1" /><definitionArc xlink:type="arc" xlink:from="tse-ed-t_ResultForecastAxis" xlink:to="tse-ed-t_ForecastMember" xlink:arcrole="http://xbrl.org/int/dim/arcrole/dimension-domain" order="2" /><definitionArc xlink:type="arc" xlink:from="tse-ed-t_ResultForecastAxis" xlink:to="tse-ed-t_UpperMember" xlink:arcrole="http://xbrl.org/int/dim/arcrole/dimension-domain" order="3" /><definitionArc xlink:type="arc" xlink:from="tse-ed-t_ResultForecastAxis" xlink:to="tse-ed-t_LowerMember" xlink:arcrole="http://xbrl.org/int/dim/arcrole/dimension-domain" order="4" /></definitionLink><definitionLink xlink:type="extended" xlink:role="http://www.xbrl.tdnet.info/jp/tse/tdnet/role/RoleQuarterlyForecasts"><loc xlink:type="locator" xlink:href="http://www.xbrl.tdnet.info/taxonomy/jp/tse/tdnet/ed/t/2014-01-12/tse-ed-t-2014-01-12.xsd#tse-ed-t_ChangeInNetIncome" xlink:label="tse-ed-t_ChangeInNetIncome" /><loc xlink:type="locator" xlink:href="http://www.xbrl.tdnet.info/taxonomy/jp/tse/tdnet/ed/t/2014-01-12/tse-ed-t-2014-01-12.xsd#tse-ed-t_ChangeInNetSales" xlink:label="tse-ed-t_ChangeInNetSales" /><loc xlink:type="locator" xlink:href="http://www.xbrl.tdnet.info/taxonomy/jp/tse/tdnet/ed/t/2014-01-12/tse-ed-t-2014-01-12.xsd#tse-ed-t_ChangeInOperatingIncome" xlink:label="tse-ed-t_ChangeInOperatingIncome" /><loc xlink:type="locator" xlink:href="http://www.xbrl.tdnet.info/taxonomy/jp/tse/tdnet/ed/t/2014-01-12/tse-ed-t-2014-01-12.xsd#tse-ed-t_ChangeInOrdinaryIncome" xlink:label="tse-ed-t_ChangeInOrdinaryIncome" /><loc xlink:type="locator" xlink:href="http://www.xbrl.tdnet.info/taxonomy/jp/tse/tdnet/ed/t/2014-01-12/tse-ed-t-2014-01-12.xsd#tse-ed-t_ConsolidatedNonconsolidatedAxis" xlink:label="tse-ed-t_ConsolidatedNonconsolidatedAxis" /><loc xlink:type="locator" xlink:href="http://www.xbrl.tdnet.info/taxonomy/jp/tse/tdnet/ed/t/2014-01-12/tse-ed-t-2014-01-12.xsd#tse-ed-t_CorrectionOfFinancialForecastInThisQuarter" xlink:label="tse-ed-t_CorrectionOfFinancialForecastInThisQuarter" /><loc xlink:type="locator" xlink:href="http://www.xbrl.tdnet.info/taxonomy/jp/tse/tdnet/ed/t/2014-01-12/tse-ed-t-2014-01-12.xsd#tse-ed-t_CorrectionOfFinancialForecastInThisQuarterAbstract" xlink:label="tse-ed-t_CorrectionOfFinancialForecastInThisQuarterAbstract" /><loc xlink:type="locator" xlink:href="http://www.xbrl.tdnet.info/taxonomy/jp/tse/tdnet/ed/t/2014-01-12/tse-ed-t-2014-01-12.xsd#tse-ed-t_ForecastMember" xlink:label="tse-ed-t_ForecastMember" /><loc xlink:type="locator" xlink:href="http://www.xbrl.tdnet.info/taxonomy/jp/tse/tdnet/ed/t/2014-01-12/tse-ed-t-2014-01-12.xsd#tse-ed-t_LowerMember" xlink:label="tse-ed-t_LowerMember" /><loc xlink:type="locator" xlink:href="http://www.xbrl.tdnet.info/taxonomy/jp/tse/tdnet/ed/t/2014-01-12/tse-ed-t-2014-01-12.xsd#tse-ed-t_MainTableOfForecastsAbstract" xlink:label="tse-ed-t_MainTableOfForecastsAbstract" /><loc xlink:type="locator" xlink:href="http://www.xbrl.tdnet.info/taxonomy/jp/tse/tdnet/ed/t/2014-01-12/tse-ed-t-2014-01-12.xsd#tse-ed-t_NetIncome" xlink:label="tse-ed-t_NetIncome" /><loc xlink:type="locator" xlink:href="http://www.xbrl.tdnet.info/taxonomy/jp/tse/tdnet/ed/t/2014-01-12/tse-ed-t-2014-01-12.xsd#tse-ed-t_NetIncomeForecastAbstract" xlink:label="tse-ed-t_NetIncomeForecastAbstract" /><loc xlink:type="locator" xlink:href="http://www.xbrl.tdnet.info/taxonomy/jp/tse/tdnet/ed/t/2014-01-12/tse-ed-t-2014-01-12.xsd#tse-ed-t_NetIncomePerShare" xlink:label="tse-ed-t_NetIncomePerShare" /><loc xlink:type="locator" xlink:href="http://www.xbrl.tdnet.info/taxonomy/jp/tse/tdnet/ed/t/2014-01-12/tse-ed-t-2014-01-12.xsd#tse-ed-t_NetIncomePerShareForecastAbstract" xlink:label="tse-ed-t_NetIncomePerShareForecastAbstract" /><loc xlink:type="locator" xlink:href="http://www.xbrl.tdnet.info/taxonomy/jp/tse/tdnet/ed/t/2014-01-12/tse-ed-t-2014-01-12.xsd#tse-ed-t_NetSales" xlink:label="tse-ed-t_NetSales" /><loc xlink:type="locator" xlink:href="http://www.xbrl.tdnet.info/taxonomy/jp/tse/tdnet/ed/t/2014-01-12/tse-ed-t-2014-01-12.xsd#tse-ed-t_NetSalesForecastAbstract" xlink:label="tse-ed-t_NetSalesForecastAbstract" /><loc xlink:type="locator" xlink:href="http://www.xbrl.tdnet.info/taxonomy/jp/tse/tdnet/ed/t/2014-01-12/tse-ed-t-2014-01-12.xsd#tse-ed-t_NonConsolidatedMember" xlink:label="tse-ed-t_NonConsolidatedMember" /><loc xlink:type="locator" xlink:href="http://www.xbrl.tdnet.info/taxonomy/jp/tse/tdnet/ed/t/2014-01-12/tse-ed-t-2014-01-12.xsd#tse-ed-t_NoteToForecasts" xlink:label="tse-ed-t_NoteToForecasts" /><loc xlink:type="locator" xlink:href="http://www.xbrl.tdnet.info/taxonomy/jp/tse/tdnet/ed/t/2014-01-12/tse-ed-t-2014-01-12.xsd#tse-ed-t_NoteToForecastsAbstract" xlink:label="tse-ed-t_NoteToForecastsAbstract" /><loc xlink:type="locator" xlink:href="http://www.xbrl.tdnet.info/taxonomy/jp/tse/tdnet/ed/t/2014-01-12/tse-ed-t-2014-01-12.xsd#tse-ed-t_OperatingIncome" xlink:label="tse-ed-t_OperatingIncome" /><loc xlink:type="locator" xlink:href="http://www.xbrl.tdnet.info/taxonomy/jp/tse/tdnet/ed/t/2014-01-12/tse-ed-t-2014-01-12.xsd#tse-ed-t_OperatingIncomeForecastAbstract" xlink:label="tse-ed-t_OperatingIncomeForecastAbstract" /><loc xlink:type="locator" xlink:href="http://www.xbrl.tdnet.info/taxonomy/jp/tse/tdnet/ed/t/2014-01-12/tse-ed-t-2014-01-12.xsd#tse-ed-t_OrdinaryIncome" xlink:label="tse-ed-t_OrdinaryIncome" /><loc xlink:type="locator" xlink:href="http://www.xbrl.tdnet.info/taxonomy/jp/tse/tdnet/ed/t/2014-01-12/tse-ed-t-2014-01-12.xsd#tse-ed-t_OrdinaryIncomeForecastAbstract" xlink:label="tse-ed-t_OrdinaryIncomeForecastAbstract" /><loc xlink:type="locator" xlink:href="http://www.xbrl.tdnet.info/taxonomy/jp/tse/tdnet/ed/t/2014-01-12/tse-ed-t-2014-01-12.xsd#tse-ed-t_PreambleToForecasts" xlink:label="tse-ed-t_PreambleToForecasts" /><loc xlink:type="locator" xlink:href="http://www.xbrl.tdnet.info/taxonomy/jp/tse/tdnet/ed/t/2014-01-12/tse-ed-t-2014-01-12.xsd#tse-ed-t_PreambleToForecastsAbstract" xlink:label="tse-ed-t_PreambleToForecastsAbstract" /><loc xlink:type="locator" xlink:href="http://www.xbrl.tdnet.info/taxonomy/jp/tse/tdnet/ed/t/2014-01-12/tse-ed-t-2014-01-12.xsd#tse-ed-t_QuarterlyForecastsHeading" xlink:label="tse-ed-t_QuarterlyForecastsHeading" /><loc xlink:type="locator" xlink:href="http://www.xbrl.tdnet.info/taxonomy/jp/tse/tdnet/ed/t/2014-01-12/tse-ed-t-2014-01-12.xsd#tse-ed-t_QuarterlyForecastsLineItems" xlink:label="tse-ed-t_QuarterlyForecastsLineItems" /><loc xlink:type="locator" xlink:href="http://www.xbrl.tdnet.info/taxonomy/jp/tse/tdnet/ed/t/2014-01-12/tse-ed-t-2014-01-12.xsd#tse-ed-t_QuarterlyForecastsTable" xlink:label="tse-ed-t_QuarterlyForecastsTable" /><loc xlink:type="locator" xlink:href="http://www.xbrl.tdnet.info/taxonomy/jp/tse/tdnet/ed/t/2014-01-12/tse-ed-t-2014-01-12.xsd#tse-ed-t_ResultForecastAxis" xlink:label="tse-ed-t_ResultForecastAxis" /><loc xlink:type="locator" xlink:href="http://www.xbrl.tdnet.info/taxonomy/jp/tse/tdnet/ed/t/2014-01-12/tse-ed-t-2014-01-12.xsd#tse-ed-t_TitleForForecasts" xlink:label="tse-ed-t_TitleForForecasts" /><loc xlink:type="locator" xlink:href="http://www.xbrl.tdnet.info/taxonomy/jp/tse/tdnet/ed/t/2014-01-12/tse-ed-t-2014-01-12.xsd#tse-ed-t_UpperMember" xlink:label="tse-ed-t_UpperMember" /><definitionArc xlink:type="arc" xlink:from="tse-ed-t_MainTableOfForecastsAbstract" xlink:to="tse-ed-t_NetSalesForecastAbstract" xlink:arcrole="http://xbrl.org/int/dim/arcrole/domain-member" order="1" /><definitionArc xlink:type="arc" xlink:from="tse-ed-t_MainTableOfForecastsAbstract" xlink:to="tse-ed-t_OperatingIncomeForecastAbstract" xlink:arcrole="http://xbrl.org/int/dim/arcrole/domain-member" order="2" /><definitionArc xlink:type="arc" xlink:from="tse-ed-t_MainTableOfForecastsAbstract" xlink:to="tse-ed-t_OrdinaryIncomeForecastAbstract" xlink:arcrole="http://xbrl.org/int/dim/arcrole/domain-member" order="3" /><definitionArc xlink:type="arc" xlink:from="tse-ed-t_MainTableOfForecastsAbstract" xlink:to="tse-ed-t_NetIncomeForecastAbstract" xlink:arcrole="http://xbrl.org/int/dim/arcrole/domain-member" order="4" /><definitionArc xlink:type="arc" xlink:from="tse-ed-t_MainTableOfForecastsAbstract" xlink:to="tse-ed-t_NetIncomePerShareForecastAbstract" xlink:arcrole="http://xbrl.org/int/dim/arcrole/domain-member" order="5" /><definitionArc xlink:type="arc" xlink:from="tse-ed-t_NetIncomeForecastAbstract" xlink:to="tse-ed-t_NetIncome" xlink:arcrole="http://xbrl.org/int/dim/arcrole/domain-member" order="1" /><definitionArc xlink:type="arc" xlink:from="tse-ed-t_NetIncomeForecastAbstract" xlink:to="tse-ed-t_ChangeInNetIncome" xlink:arcrole="http://xbrl.org/int/dim/arcrole/domain-member" order="2" /><definitionArc xlink:type="arc" xlink:from="tse-ed-t_NetIncomePerShareForecastAbstract" xlink:to="tse-ed-t_NetIncomePerShare" xlink:arcrole="http://xbrl.org/int/dim/arcrole/domain-member" order="1" /><definitionArc xlink:type="arc" xlink:from="tse-ed-t_NetSalesForecastAbstract" xlink:to="tse-ed-t_NetSales" xlink:arcrole="http://xbrl.org/int/dim/arcrole/domain-member" order="1" /><definitionArc xlink:type="arc" xlink:from="tse-ed-t_NetSalesForecastAbstract" xlink:to="tse-ed-t_ChangeInNetSales" xlink:arcrole="http://xbrl.org/int/dim/arcrole/domain-member" order="2" /><definitionArc xlink:type="arc" xlink:from="tse-ed-t_NoteToForecastsAbstract" xlink:to="tse-ed-t_NoteToForecasts" xlink:arcrole="http://xbrl.org/int/dim/arcrole/domain-member" order="1" /><definitionArc xlink:type="arc" xlink:from="tse-ed-t_OperatingIncomeForecastAbstract" xlink:to="tse-ed-t_OperatingIncome" xlink:arcrole="http://xbrl.org/int/dim/arcrole/domain-member" order="1" /><definitionArc xlink:type="arc" xlink:from="tse-ed-t_OperatingIncomeForecastAbstract" xlink:to="tse-ed-t_ChangeInOperatingIncome" xlink:arcrole="http://xbrl.org/int/dim/arcrole/domain-member" order="2" /><definitionArc xlink:type="arc" xlink:from="tse-ed-t_OrdinaryIncomeForecastAbstract" xlink:to="tse-ed-t_OrdinaryIncome" xlink:arcrole="http://xbrl.org/int/dim/arcrole/domain-member" order="1" /><definitionArc xlink:type="arc" xlink:from="tse-ed-t_OrdinaryIncomeForecastAbstract" xlink:to="tse-ed-t_ChangeInOrdinaryIncome" xlink:arcrole="http://xbrl.org/int/dim/arcrole/domain-member" order="2" /><definitionArc xlink:type="arc" xlink:from="tse-ed-t_QuarterlyForecastsHeading" xlink:to="tse-ed-t_QuarterlyForecastsTable" xlink:arcrole="http://xbrl.org/int/dim/arcrole/all" xbrldt:contextElement="scenario" xbrldt:closed="true" order="1" /><definitionArc xlink:type="arc" xlink:from="tse-ed-t_QuarterlyForecastsHeading" xlink:to="tse-ed-t_QuarterlyForecastsLineItems" xlink:arcrole="http://xbrl.org/int/dim/arcrole/domain-member" order="2" /><definitionArc xlink:type="arc" xlink:from="tse-ed-t_QuarterlyForecastsLineItems" xlink:to="tse-ed-t_TitleForForecasts" xlink:arcrole="http://xbrl.org/int/dim/arcrole/domain-member" order="1" /><definitionArc xlink:type="arc" xlink:from="tse-ed-t_QuarterlyForecastsLineItems" xlink:to="tse-ed-t_PreambleToForecastsAbstract" xlink:arcrole="http://xbrl.org/int/dim/arcrole/domain-member" order="2" /><definitionArc xlink:type="arc" xlink:from="tse-ed-t_PreambleToForecastsAbstract" xlink:to="tse-ed-t_PreambleToForecasts" xlink:arcrole="http://xbrl.org/int/dim/arcrole/domain-member" order="1" /><definitionArc xlink:type="arc" xlink:from="tse-ed-t_QuarterlyForecastsLineItems" xlink:to="tse-ed-t_MainTableOfForecastsAbstract" xlink:arcrole="http://xbrl.org/int/dim/arcrole/domain-member" order="3" /><definitionArc xlink:type="arc" xlink:from="tse-ed-t_QuarterlyForecastsLineItems" xlink:to="tse-ed-t_NoteToForecastsAbstract" xlink:arcrole="http://xbrl.org/int/dim/arcrole/domain-member" order="4" /><definitionArc xlink:type="arc" xlink:from="tse-ed-t_QuarterlyForecastsLineItems" xlink:to="tse-ed-t_CorrectionOfFinancialForecastInThisQuarterAbstract" xlink:arcrole="http://xbrl.org/int/dim/arcrole/domain-member" order="5" /><definitionArc xlink:type="arc" xlink:from="tse-ed-t_CorrectionOfFinancialForecastInThisQuarterAbstract" xlink:to="tse-ed-t_CorrectionOfFinancialForecastInThisQuarter" xlink:arcrole="http://xbrl.org/int/dim/arcrole/domain-member" order="1" /><definitionArc xlink:type="arc" xlink:from="tse-ed-t_QuarterlyForecastsTable" xlink:to="tse-ed-t_ConsolidatedNonconsolidatedAxis" xlink:arcrole="http://xbrl.org/int/dim/arcrole/hypercube-dimension" order="1" /><definitionArc xlink:type="arc" xlink:from="tse-ed-t_ConsolidatedNonconsolidatedAxis" xlink:to="tse-ed-t_NonConsolidatedMember" xlink:arcrole="http://xbrl.org/int/dim/arcrole/dimension-domain" order="1" /><definitionArc xlink:type="arc" xlink:from="tse-ed-t_QuarterlyForecastsTable" xlink:to="tse-ed-t_ResultForecastAxis" xlink:arcrole="http://xbrl.org/int/dim/arcrole/hypercube-dimension" order="2" /><definitionArc xlink:type="arc" xlink:from="tse-ed-t_ResultForecastAxis" xlink:to="tse-ed-t_ForecastMember" xlink:arcrole="http://xbrl.org/int/dim/arcrole/dimension-domain" order="1" /><definitionArc xlink:type="arc" xlink:from="tse-ed-t_ResultForecastAxis" xlink:to="tse-ed-t_UpperMember" xlink:arcrole="http://xbrl.org/int/dim/arcrole/dimension-domain" order="2" /><definitionArc xlink:type="arc" xlink:from="tse-ed-t_ResultForecastAxis" xlink:to="tse-ed-t_LowerMember" xlink:arcrole="http://xbrl.org/int/dim/arcrole/dimension-domain" order="3" /></definitionLink><definitionLink xlink:type="extended" xlink:role="http://www.xbrl.tdnet.info/jp/tse/tdnet/role/RoleNotesQuarterlyApplyingSpecificAccountingConsolidatedQuarterlyFinancialStatements"><loc xlink:type="locator" xlink:href="http://www.xbrl.tdnet.info/taxonomy/jp/tse/tdnet/ed/t/2014-01-12/tse-ed-t-2014-01-12.xsd#tse-ed-t_ApplyingOfSpecificAccountingOfTheQuarterlyFinancialStatements" xlink:label="tse-ed-t_ApplyingOfSpecificAccountingOfTheQuarterlyFinancialStatements" /><loc xlink:type="locator" xlink:href="http://www.xbrl.tdnet.info/taxonomy/jp/tse/tdnet/ed/t/2014-01-12/tse-ed-t-2014-01-12.xsd#tse-ed-t_ApplyingOfSpecificAccountingOfTheQuarterlyFinancialStatementsAbstract" xlink:label="tse-ed-t_ApplyingOfSpecificAccountingOfTheQuarterlyFinancialStatementsAbstract" /><loc xlink:type="locator" xlink:href="http://www.xbrl.tdnet.info/taxonomy/jp/tse/tdnet/ed/t/2014-01-12/tse-ed-t-2014-01-12.xsd#tse-ed-t_ConsolidatedNonconsolidatedAxis" xlink:label="tse-ed-t_ConsolidatedNonconsolidatedAxis" /><loc xlink:type="locator" xlink:href="http://www.xbrl.tdnet.info/taxonomy/jp/tse/tdnet/ed/t/2014-01-12/tse-ed-t-2014-01-12.xsd#tse-ed-t_NonConsolidatedMember" xlink:label="tse-ed-t_NonConsolidatedMember" /><loc xlink:type="locator" xlink:href="http://www.xbrl.tdnet.info/taxonomy/jp/tse/tdnet/ed/t/2014-01-12/tse-ed-t-2014-01-12.xsd#tse-ed-t_NotesQuarterlyApplyingSpecificAccountingConsolidatedQuarterlyFinancialStatementsHeading" xlink:label="tse-ed-t_NotesQuarterlyApplyingSpecificAccountingConsolidatedQuarterlyFinancialStatementsHeading" /><loc xlink:type="locator" xlink:href="http://www.xbrl.tdnet.info/taxonomy/jp/tse/tdnet/ed/t/2014-01-12/tse-ed-t-2014-01-12.xsd#tse-ed-t_NotesQuarterlyApplyingSpecificAccountingConsolidatedQuarterlyFinancialStatementsLineItems" xlink:label="tse-ed-t_NotesQuarterlyApplyingSpecificAccountingConsolidatedQuarterlyFinancialStatementsLineItems" /><loc xlink:type="locator" xlink:href="http://www.xbrl.tdnet.info/taxonomy/jp/tse/tdnet/ed/t/2014-01-12/tse-ed-t-2014-01-12.xsd#tse-ed-t_NotesQuarterlyApplyingSpecificAccountingConsolidatedQuarterlyFinancialStatementsTable" xlink:label="tse-ed-t_NotesQuarterlyApplyingSpecificAccountingConsolidatedQuarterlyFinancialStatementsTable" /><loc xlink:type="locator" xlink:href="http://www.xbrl.tdnet.info/taxonomy/jp/tse/tdnet/ed/t/2014-01-12/tse-ed-t-2014-01-12.xsd#tse-ed-t_NoteToApplyingOfSpecificAccountingOfTheQuarterlyFinancialStatements" xlink:label="tse-ed-t_NoteToApplyingOfSpecificAccountingOfTheQuarterlyFinancialStatements" /><loc xlink:type="locator" xlink:href="http://www.xbrl.tdnet.info/taxonomy/jp/tse/tdnet/ed/t/2014-01-12/tse-ed-t-2014-01-12.xsd#tse-ed-t_NoteToApplyingOfSpecificAccountingOfTheQuarterlyFinancialStatementsAbstract" xlink:label="tse-ed-t_NoteToApplyingOfSpecificAccountingOfTheQuarterlyFinancialStatementsAbstract" /><loc xlink:type="locator" xlink:href="http://www.xbrl.tdnet.info/taxonomy/jp/tse/tdnet/ed/t/2014-01-12/tse-ed-t-2014-01-12.xsd#tse-ed-t_OthersAbstract" xlink:label="tse-ed-t_OthersAbstract" /><loc xlink:type="locator" xlink:href="http://www.xbrl.tdnet.info/taxonomy/jp/tse/tdnet/ed/t/2014-01-12/tse-ed-t-2014-01-12.xsd#tse-ed-t_ResultForecastAxis" xlink:label="tse-ed-t_ResultForecastAxis" /><loc xlink:type="locator" xlink:href="http://www.xbrl.tdnet.info/taxonomy/jp/tse/tdnet/ed/t/2014-01-12/tse-ed-t-2014-01-12.xsd#tse-ed-t_ResultMember" xlink:label="tse-ed-t_ResultMember" /><definitionArc xlink:type="arc" xlink:from="tse-ed-t_ApplyingOfSpecificAccountingOfTheQuarterlyFinancialStatementsAbstract" xlink:to="tse-ed-t_ApplyingOfSpecificAccountingOfTheQuarterlyFinancialStatements" xlink:arcrole="http://xbrl.org/int/dim/arcrole/domain-member" order="1" /><definitionArc xlink:type="arc" xlink:from="tse-ed-t_NotesQuarterlyApplyingSpecificAccountingConsolidatedQuarterlyFinancialStatementsHeading" xlink:to="tse-ed-t_NotesQuarterlyApplyingSpecificAccountingConsolidatedQuarterlyFinancialStatementsTable" xlink:arcrole="http://xbrl.org/int/dim/arcrole/all" xbrldt:contextElement="scenario" xbrldt:closed="true" order="1" /><definitionArc xlink:type="arc" xlink:from="tse-ed-t_NotesQuarterlyApplyingSpecificAccountingConsolidatedQuarterlyFinancialStatementsHeading" xlink:to="tse-ed-t_NotesQuarterlyApplyingSpecificAccountingConsolidatedQuarterlyFinancialStatementsLineItems" xlink:arcrole="http://xbrl.org/int/dim/arcrole/domain-member" order="2" /><definitionArc xlink:type="arc" xlink:from="tse-ed-t_NotesQuarterlyApplyingSpecificAccountingConsolidatedQuarterlyFinancialStatementsLineItems" xlink:to="tse-ed-t_OthersAbstract" xlink:arcrole="http://xbrl.org/int/dim/arcrole/domain-member" order="1" /><definitionArc xlink:type="arc" xlink:from="tse-ed-t_NotesQuarterlyApplyingSpecificAccountingConsolidatedQuarterlyFinancialStatementsTable" xlink:to="tse-ed-t_ConsolidatedNonconsolidatedAxis" xlink:arcrole="http://xbrl.org/int/dim/arcrole/hypercube-dimension" order="1" /><definitionArc xlink:type="arc" xlink:from="tse-ed-t_ConsolidatedNonconsolidatedAxis" xlink:to="tse-ed-t_NonConsolidatedMember" xlink:arcrole="http://xbrl.org/int/dim/arcrole/dimension-domain" order="1" /><definitionArc xlink:type="arc" xlink:from="tse-ed-t_NotesQuarterlyApplyingSpecificAccountingConsolidatedQuarterlyFinancialStatementsTable" xlink:to="tse-ed-t_ResultForecastAxis" xlink:arcrole="http://xbrl.org/int/dim/arcrole/hypercube-dimension" order="2" /><definitionArc xlink:type="arc" xlink:from="tse-ed-t_OthersAbstract" xlink:to="tse-ed-t_NoteToApplyingOfSpecificAccountingOfTheQuarterlyFinancialStatementsAbstract" xlink:arcrole="http://xbrl.org/int/dim/arcrole/domain-member" order="2" /><definitionArc xlink:type="arc" xlink:from="tse-ed-t_NoteToApplyingOfSpecificAccountingOfTheQuarterlyFinancialStatementsAbstract" xlink:to="tse-ed-t_NoteToApplyingOfSpecificAccountingOfTheQuarterlyFinancialStatements" xlink:arcrole="http://xbrl.org/int/dim/arcrole/domain-member" order="1" /><definitionArc xlink:type="arc" xlink:from="tse-ed-t_OthersAbstract" xlink:to="tse-ed-t_ApplyingOfSpecificAccountingOfTheQuarterlyFinancialStatementsAbstract" xlink:arcrole="http://xbrl.org/int/dim/arcrole/domain-member" order="1" /><definitionArc xlink:type="arc" xlink:from="tse-ed-t_ResultForecastAxis" xlink:to="tse-ed-t_ResultMember" xlink:arcrole="http://xbrl.org/int/dim/arcrole/dimension-domain" order="1" /></definitionLink><definitionLink xlink:type="extended" xlink:role="http://www.xbrl.tdnet.info/jp/tse/tdnet/role/RoleNotesQuarterlyChangesAccountingPoliciesAccountingEstimatesRetrospectiveRestatement"><loc xlink:type="locator" xlink:href="http://www.xbrl.tdnet.info/taxonomy/jp/tse/tdnet/ed/t/2014-01-12/tse-ed-t-2014-01-12.xsd#tse-ed-t_ChangesBasedOnRevisionsOfAccountingStandard" xlink:label="tse-ed-t_ChangesBasedOnRevisionsOfAccountingStandard" /><loc xlink:type="locator" xlink:href="http://www.xbrl.tdnet.info/taxonomy/jp/tse/tdnet/ed/t/2014-01-12/tse-ed-t-2014-01-12.xsd#tse-ed-t_ChangesInAccountingEstimates" xlink:label="tse-ed-t_ChangesInAccountingEstimates" /><loc xlink:type="locator" xlink:href="http://www.xbrl.tdnet.info/taxonomy/jp/tse/tdnet/ed/t/2014-01-12/tse-ed-t-2014-01-12.xsd#tse-ed-t_ChangesInAccountingPoliciesAccountingEstimatesAndRetrospectiveRestatementQuarterlyConsolidatedAbstract" xlink:label="tse-ed-t_ChangesInAccountingPoliciesAccountingEstimatesAndRetrospectiveRestatementQuarterlyConsolidatedAbstract" /><loc xlink:type="locator" xlink:href="http://www.xbrl.tdnet.info/taxonomy/jp/tse/tdnet/ed/t/2014-01-12/tse-ed-t-2014-01-12.xsd#tse-ed-t_ChangesOtherThanOnesBasedOnRevisionsOfAccountingStandard" xlink:label="tse-ed-t_ChangesOtherThanOnesBasedOnRevisionsOfAccountingStandard" /><loc xlink:type="locator" xlink:href="http://www.xbrl.tdnet.info/taxonomy/jp/tse/tdnet/ed/t/2014-01-12/tse-ed-t-2014-01-12.xsd#tse-ed-t_ConsolidatedNonconsolidatedAxis" xlink:label="tse-ed-t_ConsolidatedNonconsolidatedAxis" /><loc xlink:type="locator" xlink:href="http://www.xbrl.tdnet.info/taxonomy/jp/tse/tdnet/ed/t/2014-01-12/tse-ed-t-2014-01-12.xsd#tse-ed-t_NonConsolidatedMember" xlink:label="tse-ed-t_NonConsolidatedMember" /><loc xlink:type="locator" xlink:href="http://www.xbrl.tdnet.info/taxonomy/jp/tse/tdnet/ed/t/2014-01-12/tse-ed-t-2014-01-12.xsd#tse-ed-t_NotesQuarterlyChangesAccountingPoliciesAccountingEstimatesRetrospectiveRestatementHeading" xlink:label="tse-ed-t_NotesQuarterlyChangesAccountingPoliciesAccountingEstimatesRetrospectiveRestatementHeading" /><loc xlink:type="locator" xlink:href="http://www.xbrl.tdnet.info/taxonomy/jp/tse/tdnet/ed/t/2014-01-12/tse-ed-t-2014-01-12.xsd#tse-ed-t_NotesQuarterlyChangesAccountingPoliciesAccountingEstimatesRetrospectiveRestatementLineItems" xlink:label="tse-ed-t_NotesQuarterlyChangesAccountingPoliciesAccountingEstimatesRetrospectiveRestatementLineItems" /><loc xlink:type="locator" xlink:href="http://www.xbrl.tdnet.info/taxonomy/jp/tse/tdnet/ed/t/2014-01-12/tse-ed-t-2014-01-12.xsd#tse-ed-t_NotesQuarterlyChangesAccountingPoliciesAccountingEstimatesRetrospectiveRestatementTable" xlink:label="tse-ed-t_NotesQuarterlyChangesAccountingPoliciesAccountingEstimatesRetrospectiveRestatementTable" /><loc xlink:type="locator" xlink:href="http://www.xbrl.tdnet.info/taxonomy/jp/tse/tdnet/ed/t/2014-01-12/tse-ed-t-2014-01-12.xsd#tse-ed-t_NoteToChangesInAccountingPoliciesAccountingEstimatesAndRetrospectiveRestatementQuarterlyConsolidated" xlink:label="tse-ed-t_NoteToChangesInAccountingPoliciesAccountingEstimatesAndRetrospectiveRestatementQuarterlyConsolidated" /><loc xlink:type="locator" xlink:href="http://www.xbrl.tdnet.info/taxonomy/jp/tse/tdnet/ed/t/2014-01-12/tse-ed-t-2014-01-12.xsd#tse-ed-t_NoteToChangesInAccountingPoliciesAccountingEstimatesAndRetrospectiveRestatementQuarterlyConsolidatedAbstract" xlink:label="tse-ed-t_NoteToChangesInAccountingPoliciesAccountingEstimatesAndRetrospectiveRestatementQuarterlyConsolidatedAbstract" /><loc xlink:type="locator" xlink:href="http://www.xbrl.tdnet.info/taxonomy/jp/tse/tdnet/ed/t/2014-01-12/tse-ed-t-2014-01-12.xsd#tse-ed-t_OthersAbstract" xlink:label="tse-ed-t_OthersAbstract" /><loc xlink:type="locator" xlink:href="http://www.xbrl.tdnet.info/taxonomy/jp/tse/tdnet/ed/t/2014-01-12/tse-ed-t-2014-01-12.xsd#tse-ed-t_ResultForecastAxis" xlink:label="tse-ed-t_ResultForecastAxis" /><loc xlink:type="locator" xlink:href="http://www.xbrl.tdnet.info/taxonomy/jp/tse/tdnet/ed/t/2014-01-12/tse-ed-t-2014-01-12.xsd#tse-ed-t_ResultMember" xlink:label="tse-ed-t_ResultMember" /><loc xlink:type="locator" xlink:href="http://www.xbrl.tdnet.info/taxonomy/jp/tse/tdnet/ed/t/2014-01-12/tse-ed-t-2014-01-12.xsd#tse-ed-t_RetrospectiveRestatement" xlink:label="tse-ed-t_RetrospectiveRestatement" /><definitionArc xlink:type="arc" xlink:from="tse-ed-t_ChangesInAccountingPoliciesAccountingEstimatesAndRetrospectiveRestatementQuarterlyConsolidatedAbstract" xlink:to="tse-ed-t_ChangesBasedOnRevisionsOfAccountingStandard" xlink:arcrole="http://xbrl.org/int/dim/arcrole/domain-member" order="1" /><definitionArc xlink:type="arc" xlink:from="tse-ed-t_ChangesInAccountingPoliciesAccountingEstimatesAndRetrospectiveRestatementQuarterlyConsolidatedAbstract" xlink:to="tse-ed-t_ChangesOtherThanOnesBasedOnRevisionsOfAccountingStandard" xlink:arcrole="http://xbrl.org/int/dim/arcrole/domain-member" order="2" /><definitionArc xlink:type="arc" xlink:from="tse-ed-t_ChangesInAccountingPoliciesAccountingEstimatesAndRetrospectiveRestatementQuarterlyConsolidatedAbstract" xlink:to="tse-ed-t_ChangesInAccountingEstimates" xlink:arcrole="http://xbrl.org/int/dim/arcrole/domain-member" order="3" /><definitionArc xlink:type="arc" xlink:from="tse-ed-t_ChangesInAccountingPoliciesAccountingEstimatesAndRetrospectiveRestatementQuarterlyConsolidatedAbstract" xlink:to="tse-ed-t_RetrospectiveRestatement" xlink:arcrole="http://xbrl.org/int/dim/arcrole/domain-member" order="4" /><definitionArc xlink:type="arc" xlink:from="tse-ed-t_NotesQuarterlyChangesAccountingPoliciesAccountingEstimatesRetrospectiveRestatementTable" xlink:to="tse-ed-t_ConsolidatedNonconsolidatedAxis" xlink:arcrole="http://xbrl.org/int/dim/arcrole/hypercube-dimension" order="1" /><definitionArc xlink:type="arc" xlink:from="tse-ed-t_ConsolidatedNonconsolidatedAxis" xlink:to="tse-ed-t_NonConsolidatedMember" xlink:arcrole="http://xbrl.org/int/dim/arcrole/dimension-domain" order="1" /><definitionArc xlink:type="arc" xlink:from="tse-ed-t_NotesQuarterlyChangesAccountingPoliciesAccountingEstimatesRetrospectiveRestatementHeading" xlink:to="tse-ed-t_NotesQuarterlyChangesAccountingPoliciesAccountingEstimatesRetrospectiveRestatementTable" xlink:arcrole="http://xbrl.org/int/dim/arcrole/all" xbrldt:contextElement="scenario" xbrldt:closed="true" order="1" /><definitionArc xlink:type="arc" xlink:from="tse-ed-t_NotesQuarterlyChangesAccountingPoliciesAccountingEstimatesRetrospectiveRestatementHeading" xlink:to="tse-ed-t_NotesQuarterlyChangesAccountingPoliciesAccountingEstimatesRetrospectiveRestatementLineItems" xlink:arcrole="http://xbrl.org/int/dim/arcrole/domain-member" order="2" /><definitionArc xlink:type="arc" xlink:from="tse-ed-t_NotesQuarterlyChangesAccountingPoliciesAccountingEstimatesRetrospectiveRestatementLineItems" xlink:to="tse-ed-t_OthersAbstract" xlink:arcrole="http://xbrl.org/int/dim/arcrole/domain-member" order="1" /><definitionArc xlink:type="arc" xlink:from="tse-ed-t_NotesQuarterlyChangesAccountingPoliciesAccountingEstimatesRetrospectiveRestatementTable" xlink:to="tse-ed-t_ResultForecastAxis" xlink:arcrole="http://xbrl.org/int/dim/arcrole/hypercube-dimension" order="2" /><definitionArc xlink:type="arc" xlink:from="tse-ed-t_OthersAbstract" xlink:to="tse-ed-t_ChangesInAccountingPoliciesAccountingEstimatesAndRetrospectiveRestatementQuarterlyConsolidatedAbstract" xlink:arcrole="http://xbrl.org/int/dim/arcrole/domain-member" order="1" /><definitionArc xlink:type="arc" xlink:from="tse-ed-t_OthersAbstract" xlink:to="tse-ed-t_NoteToChangesInAccountingPoliciesAccountingEstimatesAndRetrospectiveRestatementQuarterlyConsolidatedAbstract" xlink:arcrole="http://xbrl.org/int/dim/arcrole/domain-member" order="2" /><definitionArc xlink:type="arc" xlink:from="tse-ed-t_NoteToChangesInAccountingPoliciesAccountingEstimatesAndRetrospectiveRestatementQuarterlyConsolidatedAbstract" xlink:to="tse-ed-t_NoteToChangesInAccountingPoliciesAccountingEstimatesAndRetrospectiveRestatementQuarterlyConsolidated" xlink:arcrole="http://xbrl.org/int/dim/arcrole/domain-member" order="1" /><definitionArc xlink:type="arc" xlink:from="tse-ed-t_ResultForecastAxis" xlink:to="tse-ed-t_ResultMember" xlink:arcrole="http://xbrl.org/int/dim/arcrole/dimension-domain" order="1" /></definitionLink><definitionLink xlink:type="extended" xlink:role="http://www.xbrl.tdnet.info/jp/tse/tdnet/role/RoleNotesQuarterlyNumberIssuedOutstandingSharesCommonStock"><loc xlink:type="locator" xlink:href="http://www.xbrl.tdnet.info/taxonomy/jp/tse/tdnet/ed/t/2014-01-12/tse-ed-t-2014-01-12.xsd#tse-ed-t_AverageNumberOfShares" xlink:label="tse-ed-t_AverageNumberOfShares" /><loc xlink:type="locator" xlink:href="http://www.xbrl.tdnet.info/taxonomy/jp/tse/tdnet/ed/t/2014-01-12/tse-ed-t-2014-01-12.xsd#tse-ed-t_ConsolidatedNonconsolidatedAxis" xlink:label="tse-ed-t_ConsolidatedNonconsolidatedAxis" /><loc xlink:type="locator" xlink:href="http://www.xbrl.tdnet.info/taxonomy/jp/tse/tdnet/ed/t/2014-01-12/tse-ed-t-2014-01-12.xsd#tse-ed-t_NonConsolidatedMember" xlink:label="tse-ed-t_NonConsolidatedMember" /><loc xlink:type="locator" xlink:href="http://www.xbrl.tdnet.info/taxonomy/jp/tse/tdnet/ed/t/2014-01-12/tse-ed-t-2014-01-12.xsd#tse-ed-t_NotesQuarterlyNumberIssuedOutstandingSharesCommonStockHeading" xlink:label="tse-ed-t_NotesQuarterlyNumberIssuedOutstandingSharesCommonStockHeading" /><loc xlink:type="locator" xlink:href="http://www.xbrl.tdnet.info/taxonomy/jp/tse/tdnet/ed/t/2014-01-12/tse-ed-t-2014-01-12.xsd#tse-ed-t_NotesQuarterlyNumberIssuedOutstandingSharesCommonStockLineItems" xlink:label="tse-ed-t_NotesQuarterlyNumberIssuedOutstandingSharesCommonStockLineItems" /><loc xlink:type="locator" xlink:href="http://www.xbrl.tdnet.info/taxonomy/jp/tse/tdnet/ed/t/2014-01-12/tse-ed-t-2014-01-12.xsd#tse-ed-t_NotesQuarterlyNumberIssuedOutstandingSharesCommonStockTable" xlink:label="tse-ed-t_NotesQuarterlyNumberIssuedOutstandingSharesCommonStockTable" /><loc xlink:type="locator" xlink:href="http://www.xbrl.tdnet.info/taxonomy/jp/tse/tdnet/ed/t/2014-01-12/tse-ed-t-2014-01-12.xsd#tse-ed-t_NoteToNumberOfIssuedAndOutstandingSharesCommonStock" xlink:label="tse-ed-t_NoteToNumberOfIssuedAndOutstandingSharesCommonStock" /><loc xlink:type="locator" xlink:href="http://www.xbrl.tdnet.info/taxonomy/jp/tse/tdnet/ed/t/2014-01-12/tse-ed-t-2014-01-12.xsd#tse-ed-t_NoteToNumberOfIssuedAndOutstandingSharesCommonStockAbstract" xlink:label="tse-ed-t_NoteToNumberOfIssuedAndOutstandingSharesCommonStockAbstract" /><loc xlink:type="locator" xlink:href="http://www.xbrl.tdnet.info/taxonomy/jp/tse/tdnet/ed/t/2014-01-12/tse-ed-t-2014-01-12.xsd#tse-ed-t_NumberOfIssuedAndOutstandingSharesAtTheEndOfFiscalYearIncludingTreasuryStock" xlink:label="tse-ed-t_NumberOfIssuedAndOutstandingSharesAtTheEndOfFiscalYearIncludingTreasuryStock" /><loc xlink:type="locator" xlink:href="http://www.xbrl.tdnet.info/taxonomy/jp/tse/tdnet/ed/t/2014-01-12/tse-ed-t-2014-01-12.xsd#tse-ed-t_NumberOfIssuedAndOutstandingSharesCommonStockAbstract" xlink:label="tse-ed-t_NumberOfIssuedAndOutstandingSharesCommonStockAbstract" /><loc xlink:type="locator" xlink:href="http://www.xbrl.tdnet.info/taxonomy/jp/tse/tdnet/ed/t/2014-01-12/tse-ed-t-2014-01-12.xsd#tse-ed-t_NumberOfTreasuryStockAtTheEndOfFiscalYear" xlink:label="tse-ed-t_NumberOfTreasuryStockAtTheEndOfFiscalYear" /><loc xlink:type="locator" xlink:href="http://www.xbrl.tdnet.info/taxonomy/jp/tse/tdnet/ed/t/2014-01-12/tse-ed-t-2014-01-12.xsd#tse-ed-t_OthersAbstract" xlink:label="tse-ed-t_OthersAbstract" /><loc xlink:type="locator" xlink:href="http://www.xbrl.tdnet.info/taxonomy/jp/tse/tdnet/ed/t/2014-01-12/tse-ed-t-2014-01-12.xsd#tse-ed-t_ResultForecastAxis" xlink:label="tse-ed-t_ResultForecastAxis" /><loc xlink:type="locator" xlink:href="http://www.xbrl.tdnet.info/taxonomy/jp/tse/tdnet/ed/t/2014-01-12/tse-ed-t-2014-01-12.xsd#tse-ed-t_ResultMember" xlink:label="tse-ed-t_ResultMember" /><definitionArc xlink:type="arc" xlink:from="tse-ed-t_ConsolidatedNonconsolidatedAxis" xlink:to="tse-ed-t_NonConsolidatedMember" xlink:arcrole="http://xbrl.org/int/dim/arcrole/dimension-domain" order="1" /><definitionArc xlink:type="arc" xlink:from="tse-ed-t_NotesQuarterlyNumberIssuedOutstandingSharesCommonStockHeading" xlink:to="tse-ed-t_NotesQuarterlyNumberIssuedOutstandingSharesCommonStockTable" xlink:arcrole="http://xbrl.org/int/dim/arcrole/all" xbrldt:contextElement="scenario" xbrldt:closed="true" order="1" /><definitionArc xlink:type="arc" xlink:from="tse-ed-t_NotesQuarterlyNumberIssuedOutstandingSharesCommonStockHeading" xlink:to="tse-ed-t_NotesQuarterlyNumberIssuedOutstandingSharesCommonStockLineItems" xlink:arcrole="http://xbrl.org/int/dim/arcrole/domain-member" order="2" /><definitionArc xlink:type="arc" xlink:from="tse-ed-t_NotesQuarterlyNumberIssuedOutstandingSharesCommonStockLineItems" xlink:to="tse-ed-t_OthersAbstract" xlink:arcrole="http://xbrl.org/int/dim/arcrole/domain-member" order="1" /><definitionArc xlink:type="arc" xlink:from="tse-ed-t_NotesQuarterlyNumberIssuedOutstandingSharesCommonStockTable" xlink:to="tse-ed-t_ConsolidatedNonconsolidatedAxis" xlink:arcrole="http://xbrl.org/int/dim/arcrole/hypercube-dimension" order="1" /><definitionArc xlink:type="arc" xlink:from="tse-ed-t_NotesQuarterlyNumberIssuedOutstandingSharesCommonStockTable" xlink:to="tse-ed-t_ResultForecastAxis" xlink:arcrole="http://xbrl.org/int/dim/arcrole/hypercube-dimension" order="2" /><definitionArc xlink:type="arc" xlink:from="tse-ed-t_OthersAbstract" xlink:to="tse-ed-t_NumberOfIssuedAndOutstandingSharesCommonStockAbstract" xlink:arcrole="http://xbrl.org/int/dim/arcrole/domain-member" order="1" /><definitionArc xlink:type="arc" xlink:from="tse-ed-t_NumberOfIssuedAndOutstandingSharesCommonStockAbstract" xlink:to="tse-ed-t_NumberOfIssuedAndOutstandingSharesAtTheEndOfFiscalYearIncludingTreasuryStock" xlink:arcrole="http://xbrl.org/int/dim/arcrole/domain-member" order="1" /><definitionArc xlink:type="arc" xlink:from="tse-ed-t_NumberOfIssuedAndOutstandingSharesCommonStockAbstract" xlink:to="tse-ed-t_NumberOfTreasuryStockAtTheEndOfFiscalYear" xlink:arcrole="http://xbrl.org/int/dim/arcrole/domain-member" order="2" /><definitionArc xlink:type="arc" xlink:from="tse-ed-t_NumberOfIssuedAndOutstandingSharesCommonStockAbstract" xlink:to="tse-ed-t_AverageNumberOfShares" xlink:arcrole="http://xbrl.org/int/dim/arcrole/domain-member" order="3" /><definitionArc xlink:type="arc" xlink:from="tse-ed-t_OthersAbstract" xlink:to="tse-ed-t_NoteToNumberOfIssuedAndOutstandingSharesCommonStockAbstract" xlink:arcrole="http://xbrl.org/int/dim/arcrole/domain-member" order="2" /><definitionArc xlink:type="arc" xlink:from="tse-ed-t_NoteToNumberOfIssuedAndOutstandingSharesCommonStockAbstract" xlink:to="tse-ed-t_NoteToNumberOfIssuedAndOutstandingSharesCommonStock" xlink:arcrole="http://xbrl.org/int/dim/arcrole/domain-member" order="1" /><definitionArc xlink:type="arc" xlink:from="tse-ed-t_ResultForecastAxis" xlink:to="tse-ed-t_ResultMember" xlink:arcrole="http://xbrl.org/int/dim/arcrole/dimension-domain" order="1" /></definitionLink><definitionLink xlink:type="extended" xlink:role="http://www.xbrl.tdnet.info/jp/tse/tdnet/role/RoleSpecialNotesQuarterlyEarningDigestSummary"><loc xlink:type="locator" xlink:href="http://www.xbrl.tdnet.info/taxonomy/jp/tse/tdnet/ed/t/2014-01-12/tse-ed-t-2014-01-12.xsd#tse-ed-t_NotesForUsingForecastedInformationAndOthers" xlink:label="tse-ed-t_NotesForUsingForecastedInformationAndOthers" /><loc xlink:type="locator" xlink:href="http://www.xbrl.tdnet.info/taxonomy/jp/tse/tdnet/ed/t/2014-01-12/tse-ed-t-2014-01-12.xsd#tse-ed-t_ReviewOfAttachedQuarterlyFinancialStatementsByACertifiedPublicAccountantOrAnAuditFirm" xlink:label="tse-ed-t_ReviewOfAttachedQuarterlyFinancialStatementsByACertifiedPublicAccountantOrAnAuditFirm" /><loc xlink:type="locator" xlink:href="http://www.xbrl.tdnet.info/taxonomy/jp/tse/tdnet/ed/t/2014-01-12/tse-ed-t-2014-01-12.xsd#tse-ed-t_SpecialNotesAbstract" xlink:label="tse-ed-t_SpecialNotesAbstract" /><loc xlink:type="locator" xlink:href="http://www.xbrl.tdnet.info/taxonomy/jp/tse/tdnet/ed/t/2014-01-12/tse-ed-t-2014-01-12.xsd#tse-ed-t_SpecialNotesQuarterlyEarningDigestSummaryHeading" xlink:label="tse-ed-t_SpecialNotesQuarterlyEarningDigestSummaryHeading" /><loc xlink:type="locator" xlink:href="http://www.xbrl.tdnet.info/taxonomy/jp/tse/tdnet/ed/t/2014-01-12/tse-ed-t-2014-01-12.xsd#tse-ed-t_SpecialNotesQuarterlyEarningDigestSummaryLineItems" xlink:label="tse-ed-t_SpecialNotesQuarterlyEarningDigestSummaryLineItems" /><loc xlink:type="locator" xlink:href="http://www.xbrl.tdnet.info/taxonomy/jp/tse/tdnet/ed/t/2014-01-12/tse-ed-t-2014-01-12.xsd#tse-ed-t_SpecialNotesQuarterlyEarningDigestSummaryTable" xlink:label="tse-ed-t_SpecialNotesQuarterlyEarningDigestSummaryTable" /><definitionArc xlink:type="arc" xlink:from="tse-ed-t_SpecialNotesQuarterlyEarningDigestSummaryLineItems" xlink:to="tse-ed-t_SpecialNotesAbstract" xlink:arcrole="http://xbrl.org/int/dim/arcrole/domain-member" order="1" /><definitionArc xlink:type="arc" xlink:from="tse-ed-t_SpecialNotesAbstract" xlink:to="tse-ed-t_ReviewOfAttachedQuarterlyFinancialStatementsByACertifiedPublicAccountantOrAnAuditFirm" xlink:arcrole="http://xbrl.org/int/dim/arcrole/domain-member" order="2" /><definitionArc xlink:type="arc" xlink:from="tse-ed-t_SpecialNotesAbstract" xlink:to="tse-ed-t_NotesForUsingForecastedInformationAndOthers" xlink:arcrole="http://xbrl.org/int/dim/arcrole/domain-member" order="3" /><definitionArc xlink:type="arc" xlink:from="tse-ed-t_SpecialNotesQuarterlyEarningDigestSummaryHeading" xlink:to="tse-ed-t_SpecialNotesQuarterlyEarningDigestSummaryTable" xlink:arcrole="http://xbrl.org/int/dim/arcrole/all" xbrldt:contextElement="scenario" xbrldt:closed="true" order="1" /><definitionArc xlink:type="arc" xlink:from="tse-ed-t_SpecialNotesQuarterlyEarningDigestSummaryHeading" xlink:to="tse-ed-t_SpecialNotesQuarterlyEarningDigestSummaryLineItems" xlink:arcrole="http://xbrl.org/int/dim/arcrole/domain-member" order="2" /></definitionLink></linkbase>