﻿<?xml version="1.0" encoding="utf-8"?>
<!-- XBRL Document Created with WizLabo Platform -->
<link:linkbase xmlns:xlink="http://www.w3.org/1999/xlink" xmlns:xsi="http://www.w3.org/2001/XMLSchema-instance" xmlns:link="http://www.xbrl.org/2003/linkbase">
  <link:labelLink xlink:type="extended" xlink:role="http://www.xbrl.org/2003/role/link">
    <link:label xml:lang="ja" xlink:type="resource" xlink:label="tse-qcedjpfr-82600_AllowanceForEmployeeShareBenefitsNCL_label" xlink:role="http://www.xbrl.org/2003/role/label">従業員株式給付引当金</link:label>
    <link:label xml:lang="ja" xlink:type="resource" xlink:label="tse-qcedjpfr-82600_AllowanceForEmployeeShareBenefitsNCL_label_1" xlink:role="http://www.xbrl.org/2003/role/verboseLabel">従業員株式給付引当金、固定負債</link:label>
    <link:label xml:lang="ja" xlink:type="resource" xlink:label="tse-qcedjpfr-82600_DepartmentStoreReportableSegmentsMember_label" xlink:role="http://www.xbrl.org/2003/role/label">百貨店業</link:label>
    <link:label xml:lang="ja" xlink:type="resource" xlink:label="tse-qcedjpfr-82600_DepartmentStoreReportableSegmentsMember_label_1" xlink:role="http://www.xbrl.org/2003/role/verboseLabel">百貨店業、報告セグメント[メンバー]</link:label>
    <link:label xml:lang="ja" xlink:type="resource" xlink:label="tse-qcedjpfr-82600_IncomeFromUnredeemedGiftCertificatesNOI_label_1" xlink:role="http://www.xbrl.org/2003/role/label">未回収商品券受入益</link:label>
    <link:label xml:lang="ja" xlink:type="resource" xlink:label="tse-qcedjpfr-82600_IncomeFromUnredeemedGiftCertificatesNOI_label_2" xlink:role="http://www.xbrl.org/2003/role/verboseLabel">未回収商品券受入益、営業外収益</link:label>
    <link:label xml:lang="ja" xlink:type="resource" xlink:label="tse-qcedjpfr-82600_IncomeFromUnredeemedGiftCertificatesNOI_label" xlink:role="http://www.xbrl.org/2003/role/documentation">未回収商品券受入益、営業外収益</link:label>
    <link:label xml:lang="ja" xlink:type="resource" xlink:label="tse-qcedjpfr-82600_ProvisionForLossOnRedemptionOfGiftCertificatesNCL_label_1" xlink:role="http://www.xbrl.org/2003/role/label">商品券回収損失引当金</link:label>
    <link:label xml:lang="ja" xlink:type="resource" xlink:label="tse-qcedjpfr-82600_ProvisionForLossOnRedemptionOfGiftCertificatesNCL_label_2" xlink:role="http://www.xbrl.org/2003/role/verboseLabel">商品券回収損失引当金、固定負債</link:label>
    <link:label xml:lang="ja" xlink:type="resource" xlink:label="tse-qcedjpfr-82600_ProvisionForLossOnRedemptionOfGiftCertificatesNCL_label" xlink:role="http://www.xbrl.org/2003/role/documentation">商品券回収損失引当金、固定負債</link:label>
    <link:label xml:lang="ja" xlink:type="resource" xlink:label="tse-qcedjpfr-82600_ProvisionForLossOnRedemptionOfGiftCertificatesNOE_label_1" xlink:role="http://www.xbrl.org/2003/role/label">商品券回収損失引当金繰入額</link:label>
    <link:label xml:lang="ja" xlink:type="resource" xlink:label="tse-qcedjpfr-82600_ProvisionForLossOnRedemptionOfGiftCertificatesNOE_label_2" xlink:role="http://www.xbrl.org/2003/role/verboseLabel">商品券回収損失引当金繰入額、営業外費用</link:label>
    <link:label xml:lang="ja" xlink:type="resource" xlink:label="tse-qcedjpfr-82600_ProvisionForLossOnRedemptionOfGiftCertificatesNOE_label" xlink:role="http://www.xbrl.org/2003/role/documentation">商品券回収損失引当金繰入額、営業外費用</link:label>
    <link:label xml:lang="ja" xlink:type="resource" xlink:label="tse-qcedjpfr-82600_TomonokaiReportableSegmentsMember_label" xlink:role="http://www.xbrl.org/2003/role/label">友の会事業</link:label>
    <link:label xml:lang="ja" xlink:type="resource" xlink:label="tse-qcedjpfr-82600_TomonokaiReportableSegmentsMember_label_1" xlink:role="http://www.xbrl.org/2003/role/verboseLabel">友の会事業、報告セグメント[メンバー]</link:label>
    <link:loc xlink:type="locator" xlink:href="tse-qcedjpfr-82600-2025-11-30-01-2026-01-14.xsd#tse-qcedjpfr-82600_AllowanceForEmployeeShareBenefitsNCL" xlink:label="tse-qcedjpfr-82600_AllowanceForEmployeeShareBenefitsNCL" />
    <link:loc xlink:type="locator" xlink:href="tse-qcedjpfr-82600-2025-11-30-01-2026-01-14.xsd#tse-qcedjpfr-82600_DepartmentStoreReportableSegmentsMember" xlink:label="tse-qcedjpfr-82600_DepartmentStoreReportableSegmentsMember" />
    <link:loc xlink:type="locator" xlink:href="tse-qcedjpfr-82600-2025-11-30-01-2026-01-14.xsd#tse-qcedjpfr-82600_IncomeFromUnredeemedGiftCertificatesNOI" xlink:label="tse-qcedjpfr-82600_IncomeFromUnredeemedGiftCertificatesNOI" />
    <link:loc xlink:type="locator" xlink:href="tse-qcedjpfr-82600-2025-11-30-01-2026-01-14.xsd#tse-qcedjpfr-82600_ProvisionForLossOnRedemptionOfGiftCertificatesNCL" xlink:label="tse-qcedjpfr-82600_ProvisionForLossOnRedemptionOfGiftCertificatesNCL" />
    <link:loc xlink:type="locator" xlink:href="tse-qcedjpfr-82600-2025-11-30-01-2026-01-14.xsd#tse-qcedjpfr-82600_ProvisionForLossOnRedemptionOfGiftCertificatesNOE" xlink:label="tse-qcedjpfr-82600_ProvisionForLossOnRedemptionOfGiftCertificatesNOE" />
    <link:loc xlink:type="locator" xlink:href="tse-qcedjpfr-82600-2025-11-30-01-2026-01-14.xsd#tse-qcedjpfr-82600_TomonokaiReportableSegmentsMember" xlink:label="tse-qcedjpfr-82600_TomonokaiReportableSegmentsMember" />
    <link:labelArc xlink:type="arc" xlink:from="tse-qcedjpfr-82600_AllowanceForEmployeeShareBenefitsNCL" xlink:to="tse-qcedjpfr-82600_AllowanceForEmployeeShareBenefitsNCL_label" xlink:arcrole="http://www.xbrl.org/2003/arcrole/concept-label" order="1" />
    <link:labelArc xlink:type="arc" xlink:from="tse-qcedjpfr-82600_AllowanceForEmployeeShareBenefitsNCL" xlink:to="tse-qcedjpfr-82600_AllowanceForEmployeeShareBenefitsNCL_label_1" xlink:arcrole="http://www.xbrl.org/2003/arcrole/concept-label" order="1" />
    <link:labelArc xlink:type="arc" xlink:from="tse-qcedjpfr-82600_DepartmentStoreReportableSegmentsMember" xlink:to="tse-qcedjpfr-82600_DepartmentStoreReportableSegmentsMember_label" xlink:arcrole="http://www.xbrl.org/2003/arcrole/concept-label" order="1" />
    <link:labelArc xlink:type="arc" xlink:from="tse-qcedjpfr-82600_DepartmentStoreReportableSegmentsMember" xlink:to="tse-qcedjpfr-82600_DepartmentStoreReportableSegmentsMember_label_1" xlink:arcrole="http://www.xbrl.org/2003/arcrole/concept-label" order="1" />
    <link:labelArc xlink:type="arc" xlink:from="tse-qcedjpfr-82600_IncomeFromUnredeemedGiftCertificatesNOI" xlink:to="tse-qcedjpfr-82600_IncomeFromUnredeemedGiftCertificatesNOI_label" xlink:arcrole="http://www.xbrl.org/2003/arcrole/concept-label" order="1" />
    <link:labelArc xlink:type="arc" xlink:from="tse-qcedjpfr-82600_IncomeFromUnredeemedGiftCertificatesNOI" xlink:to="tse-qcedjpfr-82600_IncomeFromUnredeemedGiftCertificatesNOI_label_1" xlink:arcrole="http://www.xbrl.org/2003/arcrole/concept-label" order="1" />
    <link:labelArc xlink:type="arc" xlink:from="tse-qcedjpfr-82600_IncomeFromUnredeemedGiftCertificatesNOI" xlink:to="tse-qcedjpfr-82600_IncomeFromUnredeemedGiftCertificatesNOI_label_2" xlink:arcrole="http://www.xbrl.org/2003/arcrole/concept-label" order="1" />
    <link:labelArc xlink:type="arc" xlink:from="tse-qcedjpfr-82600_ProvisionForLossOnRedemptionOfGiftCertificatesNCL" xlink:to="tse-qcedjpfr-82600_ProvisionForLossOnRedemptionOfGiftCertificatesNCL_label" xlink:arcrole="http://www.xbrl.org/2003/arcrole/concept-label" order="1" />
    <link:labelArc xlink:type="arc" xlink:from="tse-qcedjpfr-82600_ProvisionForLossOnRedemptionOfGiftCertificatesNCL" xlink:to="tse-qcedjpfr-82600_ProvisionForLossOnRedemptionOfGiftCertificatesNCL_label_1" xlink:arcrole="http://www.xbrl.org/2003/arcrole/concept-label" order="1" />
    <link:labelArc xlink:type="arc" xlink:from="tse-qcedjpfr-82600_ProvisionForLossOnRedemptionOfGiftCertificatesNCL" xlink:to="tse-qcedjpfr-82600_ProvisionForLossOnRedemptionOfGiftCertificatesNCL_label_2" xlink:arcrole="http://www.xbrl.org/2003/arcrole/concept-label" order="1" />
    <link:labelArc xlink:type="arc" xlink:from="tse-qcedjpfr-82600_ProvisionForLossOnRedemptionOfGiftCertificatesNOE" xlink:to="tse-qcedjpfr-82600_ProvisionForLossOnRedemptionOfGiftCertificatesNOE_label" xlink:arcrole="http://www.xbrl.org/2003/arcrole/concept-label" order="1" />
    <link:labelArc xlink:type="arc" xlink:from="tse-qcedjpfr-82600_ProvisionForLossOnRedemptionOfGiftCertificatesNOE" xlink:to="tse-qcedjpfr-82600_ProvisionForLossOnRedemptionOfGiftCertificatesNOE_label_1" xlink:arcrole="http://www.xbrl.org/2003/arcrole/concept-label" order="1" />
    <link:labelArc xlink:type="arc" xlink:from="tse-qcedjpfr-82600_ProvisionForLossOnRedemptionOfGiftCertificatesNOE" xlink:to="tse-qcedjpfr-82600_ProvisionForLossOnRedemptionOfGiftCertificatesNOE_label_2" xlink:arcrole="http://www.xbrl.org/2003/arcrole/concept-label" order="1" />
    <link:labelArc xlink:type="arc" xlink:from="tse-qcedjpfr-82600_TomonokaiReportableSegmentsMember" xlink:to="tse-qcedjpfr-82600_TomonokaiReportableSegmentsMember_label" xlink:arcrole="http://www.xbrl.org/2003/arcrole/concept-label" order="1" />
    <link:labelArc xlink:type="arc" xlink:from="tse-qcedjpfr-82600_TomonokaiReportableSegmentsMember" xlink:to="tse-qcedjpfr-82600_TomonokaiReportableSegmentsMember_label_1" xlink:arcrole="http://www.xbrl.org/2003/arcrole/concept-label" order="1" />
  </link:labelLink>
</link:linkbase>