<?xml version="1.0" encoding="utf-8"?>
<!-- Generated by PRONEXUS WORKS --><link:linkbase xmlns:link="http://www.xbrl.org/2003/linkbase" xmlns:xsi="http://www.w3.org/2001/XMLSchema-instance" xmlns:xbrli="http://www.xbrl.org/2003/instance" xmlns:xlink="http://www.w3.org/1999/xlink">  <link:labelLink xlink:type="extended" xlink:role="http://www.xbrl.org/2003/role/link">    <link:loc xlink:type="locator" xlink:href="tse-qcedjpfr-44900-2025-11-30-01-2026-01-14.xsd#tse-qcedjpfr-44900_NotesRegardingFinancialCovenantClausesTextBlock" xlink:label="NotesRegardingFinancialCovenantClausesTextBlock" />    <link:loc xlink:type="locator" xlink:href="tse-qcedjpfr-44900-2025-11-30-01-2026-01-14.xsd#tse-qcedjpfr-44900_RefundIncomeNOI" xlink:label="RefundIncomeNOI" />    <link:loc xlink:type="locator" xlink:href="tse-qcedjpfr-44900-2025-11-30-01-2026-01-14.xsd#tse-qcedjpfr-44900_LossOnSalesTaxRepaymentNOE" xlink:label="LossOnSalesTaxRepaymentNOE" />    <link:label xlink:type="resource" xlink:label="label_NotesRegardingFinancialCovenantClausesTextBlock" xml:lang="en" xlink:role="http://www.xbrl.org/2003/role/label" id="label_NotesRegardingFinancialCovenantClausesTextBlock">Notes regarding financial covenant clauses</link:label>    <link:labelArc xlink:type="arc" xlink:arcrole="http://www.xbrl.org/2003/arcrole/concept-label" xlink:from="NotesRegardingFinancialCovenantClausesTextBlock" xlink:to="label_NotesRegardingFinancialCovenantClausesTextBlock" />    <link:label xlink:type="resource" xlink:label="label_NotesRegardingFinancialCovenantClausesTextBlock_2" xml:lang="en" xlink:role="http://www.xbrl.org/2003/role/verboseLabel" id="label_NotesRegardingFinancialCovenantClausesTextBlock_2">Notes regarding financial covenant clauses [text block]</link:label>    <link:labelArc xlink:type="arc" xlink:arcrole="http://www.xbrl.org/2003/arcrole/concept-label" xlink:from="NotesRegardingFinancialCovenantClausesTextBlock" xlink:to="label_NotesRegardingFinancialCovenantClausesTextBlock_2" />    <link:label xlink:type="resource" xlink:label="label_RefundIncomeNOI_2" xml:lang="en" xlink:role="http://www.xbrl.org/2003/role/label" id="label_RefundIncomeNOI_2">Refund income</link:label>    <link:labelArc xlink:type="arc" xlink:arcrole="http://www.xbrl.org/2003/arcrole/concept-label" xlink:from="RefundIncomeNOI" xlink:to="label_RefundIncomeNOI_2" />    <link:label xlink:type="resource" xlink:label="label_RefundIncomeNOI" xml:lang="en" xlink:role="http://www.xbrl.org/2003/role/verboseLabel" id="label_RefundIncomeNOI">Refund income-NOI</link:label>    <link:labelArc xlink:type="arc" xlink:arcrole="http://www.xbrl.org/2003/arcrole/concept-label" xlink:from="RefundIncomeNOI" xlink:to="label_RefundIncomeNOI" />    <link:label xlink:type="resource" xlink:label="label_LossOnSalesTaxRepaymentNOE_2" xml:lang="en" xlink:role="http://www.xbrl.org/2003/role/label" id="label_LossOnSalesTaxRepaymentNOE_2">Loss on sales tax repayment</link:label>    <link:labelArc xlink:type="arc" xlink:arcrole="http://www.xbrl.org/2003/arcrole/concept-label" xlink:from="LossOnSalesTaxRepaymentNOE" xlink:to="label_LossOnSalesTaxRepaymentNOE_2" />    <link:label xlink:type="resource" xlink:label="label_LossOnSalesTaxRepaymentNOE" xml:lang="en" xlink:role="http://www.xbrl.org/2003/role/verboseLabel" id="label_LossOnSalesTaxRepaymentNOE">Loss on sales tax repayment-NOE</link:label>    <link:labelArc xlink:type="arc" xlink:arcrole="http://www.xbrl.org/2003/arcrole/concept-label" xlink:from="LossOnSalesTaxRepaymentNOE" xlink:to="label_LossOnSalesTaxRepaymentNOE" />  </link:labelLink></link:linkbase>