﻿<?xml version="1.0" encoding="utf-8"?>
<!-- XBRL Document Created with WizLabo Platform -->
<link:linkbase xmlns:xlink="http://www.w3.org/1999/xlink" xmlns:xsi="http://www.w3.org/2001/XMLSchema-instance" xmlns:link="http://www.xbrl.org/2003/linkbase">
  <link:labelLink xlink:type="extended" xlink:role="http://www.xbrl.org/2003/role/link">
    <link:label xml:lang="en" xlink:type="resource" xlink:label="tse-qcedjpfr-96970_AmusementEquipmentsReportableSegmentMember_label" xlink:role="http://www.xbrl.org/2003/role/label">Amusement equipments</link:label>
    <link:label xml:lang="en" xlink:type="resource" xlink:label="tse-qcedjpfr-96970_AmusementEquipmentsReportableSegmentMember_label_1" xlink:role="http://www.xbrl.org/2003/role/verboseLabel">Amusement equipments, Reportable segment [member]</link:label>
    <link:label xml:lang="en" xlink:type="resource" xlink:label="tse-qcedjpfr-96970_ArcadeOperationsReportableSegmentMember_label" xlink:role="http://www.xbrl.org/2003/role/label">Arcade operations</link:label>
    <link:label xml:lang="en" xlink:type="resource" xlink:label="tse-qcedjpfr-96970_ArcadeOperationsReportableSegmentMember_label_1" xlink:role="http://www.xbrl.org/2003/role/verboseLabel">Arcade operations, Reportable segment [member]</link:label>
    <link:label xml:lang="en" xlink:type="resource" xlink:label="tse-qcedjpfr-96970_DecreaseIncreaseInWorkInProgressForGameSoftwareOpeCF_label_1" xlink:role="http://www.xbrl.org/2003/role/label">Decrease (increase) in work-in-progress for game software</link:label>
    <link:label xml:lang="en" xlink:type="resource" xlink:label="tse-qcedjpfr-96970_DecreaseIncreaseInWorkInProgressForGameSoftwareOpeCF_label_2" xlink:role="http://www.xbrl.org/2003/role/verboseLabel">Decrease (increase) in work-in-progress for game software-OpeCF</link:label>
    <link:label xml:lang="en" xlink:type="resource" xlink:label="tse-qcedjpfr-96970_DecreaseIncreaseInWorkInProgressForGameSoftwareOpeCF_label" xlink:role="http://www.xbrl.org/2003/role/documentation">Decrease (increase) in work-in-progress for game software-OpeCF</link:label>
    <link:label xml:lang="en" xlink:type="resource" xlink:label="tse-qcedjpfr-96970_DeferredRevenueCL_label" xlink:role="http://www.xbrl.org/2003/role/label">Deferred revenue</link:label>
    <link:label xml:lang="en" xlink:type="resource" xlink:label="tse-qcedjpfr-96970_DeferredRevenueCL_label_1" xlink:role="http://www.xbrl.org/2003/role/verboseLabel">Deferred revenue-CL</link:label>
    <link:label xml:lang="en" xlink:type="resource" xlink:label="tse-qcedjpfr-96970_DegitalContentsReportableSegmentMember_label" xlink:role="http://www.xbrl.org/2003/role/label">Degital contents</link:label>
    <link:label xml:lang="en" xlink:type="resource" xlink:label="tse-qcedjpfr-96970_DegitalContentsReportableSegmentMember_label_1" xlink:role="http://www.xbrl.org/2003/role/verboseLabel">Degital contents, Reportable segment [member]</link:label>
    <link:label xml:lang="en" xlink:type="resource" xlink:label="tse-qcedjpfr-96970_IncreaseDecreaseInDeferredIncomeOpeCF_label" xlink:role="http://www.xbrl.org/2003/role/label">Increase (decrease) in deferred income</link:label>
    <link:label xml:lang="en" xlink:type="resource" xlink:label="tse-qcedjpfr-96970_IncreaseDecreaseInDeferredIncomeOpeCF_label_1" xlink:role="http://www.xbrl.org/2003/role/verboseLabel">Increase (decrease) in deferred income-OpeCF</link:label>
    <link:label xml:lang="en" xlink:type="resource" xlink:label="tse-qcedjpfr-96970_NotesRegardingSocialContributionTextBlock_label" xlink:role="http://www.xbrl.org/2003/role/label">Notes regarding social contribution</link:label>
    <link:label xml:lang="en" xlink:type="resource" xlink:label="tse-qcedjpfr-96970_NotesRegardingSocialContributionTextBlock_label_1" xlink:role="http://www.xbrl.org/2003/role/verboseLabel">Notes regarding social contribution [text block]</link:label>
    <link:label xml:lang="en" xlink:type="resource" xlink:label="tse-qcedjpfr-96970_SocialContributionNOE_label" xlink:role="http://www.xbrl.org/2003/role/label">Social contribution</link:label>
    <link:label xml:lang="en" xlink:type="resource" xlink:label="tse-qcedjpfr-96970_SocialContributionNOE_label_1" xlink:role="http://www.xbrl.org/2003/role/verboseLabel">Social contribution-NOE</link:label>
    <link:label xml:lang="en" xlink:type="resource" xlink:label="tse-qcedjpfr-96970_WorkInProgressForGameSoftwareCA_label_1" xlink:role="http://www.xbrl.org/2003/role/label">Work-in-progress for game software</link:label>
    <link:label xml:lang="en" xlink:type="resource" xlink:label="tse-qcedjpfr-96970_WorkInProgressForGameSoftwareCA_label_2" xlink:role="http://www.xbrl.org/2003/role/verboseLabel">Work-in-progress for game software-CA</link:label>
    <link:label xml:lang="en" xlink:type="resource" xlink:label="tse-qcedjpfr-96970_WorkInProgressForGameSoftwareCA_label" xlink:role="http://www.xbrl.org/2003/role/documentation">Work-in-progress for game software-CA</link:label>
    <link:loc xlink:type="locator" xlink:href="tse-qcedjpfr-96970-2025-12-31-01-2026-01-27.xsd#tse-qcedjpfr-96970_AmusementEquipmentsReportableSegmentMember" xlink:label="tse-qcedjpfr-96970_AmusementEquipmentsReportableSegmentMember" />
    <link:loc xlink:type="locator" xlink:href="tse-qcedjpfr-96970-2025-12-31-01-2026-01-27.xsd#tse-qcedjpfr-96970_ArcadeOperationsReportableSegmentMember" xlink:label="tse-qcedjpfr-96970_ArcadeOperationsReportableSegmentMember" />
    <link:loc xlink:type="locator" xlink:href="tse-qcedjpfr-96970-2025-12-31-01-2026-01-27.xsd#tse-qcedjpfr-96970_DecreaseIncreaseInWorkInProgressForGameSoftwareOpeCF" xlink:label="tse-qcedjpfr-96970_DecreaseIncreaseInWorkInProgressForGameSoftwareOpeCF" />
    <link:loc xlink:type="locator" xlink:href="tse-qcedjpfr-96970-2025-12-31-01-2026-01-27.xsd#tse-qcedjpfr-96970_DeferredRevenueCL" xlink:label="tse-qcedjpfr-96970_DeferredRevenueCL" />
    <link:loc xlink:type="locator" xlink:href="tse-qcedjpfr-96970-2025-12-31-01-2026-01-27.xsd#tse-qcedjpfr-96970_DegitalContentsReportableSegmentMember" xlink:label="tse-qcedjpfr-96970_DegitalContentsReportableSegmentMember" />
    <link:loc xlink:type="locator" xlink:href="tse-qcedjpfr-96970-2025-12-31-01-2026-01-27.xsd#tse-qcedjpfr-96970_IncreaseDecreaseInDeferredIncomeOpeCF" xlink:label="tse-qcedjpfr-96970_IncreaseDecreaseInDeferredIncomeOpeCF" />
    <link:loc xlink:type="locator" xlink:href="tse-qcedjpfr-96970-2025-12-31-01-2026-01-27.xsd#tse-qcedjpfr-96970_NotesRegardingSocialContributionTextBlock" xlink:label="tse-qcedjpfr-96970_NotesRegardingSocialContributionTextBlock" />
    <link:loc xlink:type="locator" xlink:href="tse-qcedjpfr-96970-2025-12-31-01-2026-01-27.xsd#tse-qcedjpfr-96970_SocialContributionNOE" xlink:label="tse-qcedjpfr-96970_SocialContributionNOE" />
    <link:loc xlink:type="locator" xlink:href="tse-qcedjpfr-96970-2025-12-31-01-2026-01-27.xsd#tse-qcedjpfr-96970_WorkInProgressForGameSoftwareCA" xlink:label="tse-qcedjpfr-96970_WorkInProgressForGameSoftwareCA" />
    <link:labelArc xlink:type="arc" xlink:from="tse-qcedjpfr-96970_AmusementEquipmentsReportableSegmentMember" xlink:to="tse-qcedjpfr-96970_AmusementEquipmentsReportableSegmentMember_label" xlink:arcrole="http://www.xbrl.org/2003/arcrole/concept-label" order="1" />
    <link:labelArc xlink:type="arc" xlink:from="tse-qcedjpfr-96970_AmusementEquipmentsReportableSegmentMember" xlink:to="tse-qcedjpfr-96970_AmusementEquipmentsReportableSegmentMember_label_1" xlink:arcrole="http://www.xbrl.org/2003/arcrole/concept-label" order="1" />
    <link:labelArc xlink:type="arc" xlink:from="tse-qcedjpfr-96970_ArcadeOperationsReportableSegmentMember" xlink:to="tse-qcedjpfr-96970_ArcadeOperationsReportableSegmentMember_label" xlink:arcrole="http://www.xbrl.org/2003/arcrole/concept-label" order="1" />
    <link:labelArc xlink:type="arc" xlink:from="tse-qcedjpfr-96970_ArcadeOperationsReportableSegmentMember" xlink:to="tse-qcedjpfr-96970_ArcadeOperationsReportableSegmentMember_label_1" xlink:arcrole="http://www.xbrl.org/2003/arcrole/concept-label" order="1" />
    <link:labelArc xlink:type="arc" xlink:from="tse-qcedjpfr-96970_DecreaseIncreaseInWorkInProgressForGameSoftwareOpeCF" xlink:to="tse-qcedjpfr-96970_DecreaseIncreaseInWorkInProgressForGameSoftwareOpeCF_label" xlink:arcrole="http://www.xbrl.org/2003/arcrole/concept-label" order="1" />
    <link:labelArc xlink:type="arc" xlink:from="tse-qcedjpfr-96970_DecreaseIncreaseInWorkInProgressForGameSoftwareOpeCF" xlink:to="tse-qcedjpfr-96970_DecreaseIncreaseInWorkInProgressForGameSoftwareOpeCF_label_1" xlink:arcrole="http://www.xbrl.org/2003/arcrole/concept-label" order="1" />
    <link:labelArc xlink:type="arc" xlink:from="tse-qcedjpfr-96970_DecreaseIncreaseInWorkInProgressForGameSoftwareOpeCF" xlink:to="tse-qcedjpfr-96970_DecreaseIncreaseInWorkInProgressForGameSoftwareOpeCF_label_2" xlink:arcrole="http://www.xbrl.org/2003/arcrole/concept-label" order="1" />
    <link:labelArc xlink:type="arc" xlink:from="tse-qcedjpfr-96970_DeferredRevenueCL" xlink:to="tse-qcedjpfr-96970_DeferredRevenueCL_label" xlink:arcrole="http://www.xbrl.org/2003/arcrole/concept-label" order="1" />
    <link:labelArc xlink:type="arc" xlink:from="tse-qcedjpfr-96970_DeferredRevenueCL" xlink:to="tse-qcedjpfr-96970_DeferredRevenueCL_label_1" xlink:arcrole="http://www.xbrl.org/2003/arcrole/concept-label" order="1" />
    <link:labelArc xlink:type="arc" xlink:from="tse-qcedjpfr-96970_DegitalContentsReportableSegmentMember" xlink:to="tse-qcedjpfr-96970_DegitalContentsReportableSegmentMember_label_1" xlink:arcrole="http://www.xbrl.org/2003/arcrole/concept-label" order="1" />
    <link:labelArc xlink:type="arc" xlink:from="tse-qcedjpfr-96970_DegitalContentsReportableSegmentMember" xlink:to="tse-qcedjpfr-96970_DegitalContentsReportableSegmentMember_label" xlink:arcrole="http://www.xbrl.org/2003/arcrole/concept-label" order="1" />
    <link:labelArc xlink:type="arc" xlink:from="tse-qcedjpfr-96970_IncreaseDecreaseInDeferredIncomeOpeCF" xlink:to="tse-qcedjpfr-96970_IncreaseDecreaseInDeferredIncomeOpeCF_label" xlink:arcrole="http://www.xbrl.org/2003/arcrole/concept-label" order="1" />
    <link:labelArc xlink:type="arc" xlink:from="tse-qcedjpfr-96970_IncreaseDecreaseInDeferredIncomeOpeCF" xlink:to="tse-qcedjpfr-96970_IncreaseDecreaseInDeferredIncomeOpeCF_label_1" xlink:arcrole="http://www.xbrl.org/2003/arcrole/concept-label" order="1" />
    <link:labelArc xlink:type="arc" xlink:from="tse-qcedjpfr-96970_NotesRegardingSocialContributionTextBlock" xlink:to="tse-qcedjpfr-96970_NotesRegardingSocialContributionTextBlock_label" xlink:arcrole="http://www.xbrl.org/2003/arcrole/concept-label" order="1" />
    <link:labelArc xlink:type="arc" xlink:from="tse-qcedjpfr-96970_NotesRegardingSocialContributionTextBlock" xlink:to="tse-qcedjpfr-96970_NotesRegardingSocialContributionTextBlock_label_1" xlink:arcrole="http://www.xbrl.org/2003/arcrole/concept-label" order="1" />
    <link:labelArc xlink:type="arc" xlink:from="tse-qcedjpfr-96970_SocialContributionNOE" xlink:to="tse-qcedjpfr-96970_SocialContributionNOE_label" xlink:arcrole="http://www.xbrl.org/2003/arcrole/concept-label" order="1" />
    <link:labelArc xlink:type="arc" xlink:from="tse-qcedjpfr-96970_SocialContributionNOE" xlink:to="tse-qcedjpfr-96970_SocialContributionNOE_label_1" xlink:arcrole="http://www.xbrl.org/2003/arcrole/concept-label" order="1" />
    <link:labelArc xlink:type="arc" xlink:from="tse-qcedjpfr-96970_WorkInProgressForGameSoftwareCA" xlink:to="tse-qcedjpfr-96970_WorkInProgressForGameSoftwareCA_label" xlink:arcrole="http://www.xbrl.org/2003/arcrole/concept-label" order="1" />
    <link:labelArc xlink:type="arc" xlink:from="tse-qcedjpfr-96970_WorkInProgressForGameSoftwareCA" xlink:to="tse-qcedjpfr-96970_WorkInProgressForGameSoftwareCA_label_1" xlink:arcrole="http://www.xbrl.org/2003/arcrole/concept-label" order="1" />
    <link:labelArc xlink:type="arc" xlink:from="tse-qcedjpfr-96970_WorkInProgressForGameSoftwareCA" xlink:to="tse-qcedjpfr-96970_WorkInProgressForGameSoftwareCA_label_2" xlink:arcrole="http://www.xbrl.org/2003/arcrole/concept-label" order="1" />
  </link:labelLink>
</link:linkbase>