<?xml version="1.0" encoding="utf-8"?>
<!-- Generated by PRONEXUS WORKS --><link:linkbase xmlns:link="http://www.xbrl.org/2003/linkbase" xmlns:xsi="http://www.w3.org/2001/XMLSchema-instance" xmlns:xbrli="http://www.xbrl.org/2003/instance" xmlns:xlink="http://www.w3.org/1999/xlink">  <link:roleRef xlink:type="simple" roleURI="http://disclosure.edinet-fsa.go.jp/jppfs/ConsolidatedQuarterly/role/label" xlink:href="http://disclosure.edinet-fsa.go.jp/taxonomy/jppfs/2023-12-01/jppfs_rt_2023-12-01.xsd#rol_ConsolidatedQuarterlyLabel" />  <link:labelLink xlink:type="extended" xlink:role="http://www.xbrl.org/2003/role/link">    <link:loc xlink:type="locator" xlink:href="tse-qcedjpfr-78070-2025-11-30-01-2026-01-14.xsd#tse-qcedjpfr-78070_UseRightsAssetsNetPPE" xlink:label="UseRightsAssetsNetPPE" />    <link:loc xlink:type="locator" xlink:href="tse-qcedjpfr-78070-2025-11-30-01-2026-01-14.xsd#tse-qcedjpfr-78070_LeaseRevenueNOI" xlink:label="LeaseRevenueNOI" />    <link:loc xlink:type="locator" xlink:href="tse-qcedjpfr-78070-2025-11-30-01-2026-01-14.xsd#tse-qcedjpfr-78070_WelfareEquipmentProductionSaleMember" xlink:label="WelfareEquipmentProductionSaleMember" />    <link:loc xlink:type="locator" xlink:href="tse-qcedjpfr-78070-2025-11-30-01-2026-01-14.xsd#tse-qcedjpfr-78070_CareServiceMember" xlink:label="CareServiceMember" />    <link:loc xlink:type="locator" xlink:href="tse-qcedjpfr-78070-2025-11-30-01-2026-01-14.xsd#tse-qcedjpfr-78070_ElectronicCommerceMember" xlink:label="ElectronicCommerceMember" />    <link:label xlink:type="resource" xlink:label="label_UseRightsAssetsNetPPE" xml:lang="ja" xlink:role="http://www.xbrl.org/2003/role/label" id="label_UseRightsAssetsNetPPE">使用権資産（純額）</link:label>    <link:labelArc xlink:type="arc" xlink:arcrole="http://www.xbrl.org/2003/arcrole/concept-label" xlink:from="UseRightsAssetsNetPPE" xlink:to="label_UseRightsAssetsNetPPE" />    <link:label xlink:type="resource" xlink:label="label_UseRightsAssetsNetPPE_2" xml:lang="ja" xlink:role="http://www.xbrl.org/2003/role/verboseLabel" id="label_UseRightsAssetsNetPPE_2">使用権資産（純額）、有形固定資産</link:label>    <link:labelArc xlink:type="arc" xlink:arcrole="http://www.xbrl.org/2003/arcrole/concept-label" xlink:from="UseRightsAssetsNetPPE" xlink:to="label_UseRightsAssetsNetPPE_2" />    <link:loc xlink:type="locator" xlink:href="http://disclosure.edinet-fsa.go.jp/taxonomy/jppfs/2023-12-01/jppfs_cor_2023-12-01.xsd#jppfs_cor_OtherPPE" xlink:label="OtherPPE" />    <link:label xlink:type="resource" xlink:label="label_OtherPPE" xml:lang="ja" xlink:role="http://disclosure.edinet-fsa.go.jp/jppfs/ConsolidatedQuarterly/role/label" id="label_OtherPPE">その他（純額）</link:label>    <link:labelArc xlink:type="arc" xlink:arcrole="http://www.xbrl.org/2003/arcrole/concept-label" xlink:from="OtherPPE" xlink:to="label_OtherPPE" />    <link:label xlink:type="resource" xlink:label="label_LeaseRevenueNOI" xml:lang="ja" xlink:role="http://www.xbrl.org/2003/role/label" id="label_LeaseRevenueNOI">賃貸収入</link:label>    <link:labelArc xlink:type="arc" xlink:arcrole="http://www.xbrl.org/2003/arcrole/concept-label" xlink:from="LeaseRevenueNOI" xlink:to="label_LeaseRevenueNOI" />    <link:label xlink:type="resource" xlink:label="label_LeaseRevenueNOI_2" xml:lang="ja" xlink:role="http://www.xbrl.org/2003/role/verboseLabel" id="label_LeaseRevenueNOI_2">賃貸収入、営業外収益</link:label>    <link:labelArc xlink:type="arc" xlink:arcrole="http://www.xbrl.org/2003/arcrole/concept-label" xlink:from="LeaseRevenueNOI" xlink:to="label_LeaseRevenueNOI_2" />    <link:label xlink:type="resource" xlink:label="label_WelfareEquipmentProductionSaleMember" xml:lang="ja" xlink:role="http://www.xbrl.org/2003/role/label" id="label_WelfareEquipmentProductionSaleMember">介護用品・福祉用具製造販売事業</link:label>    <link:labelArc xlink:type="arc" xlink:arcrole="http://www.xbrl.org/2003/arcrole/concept-label" xlink:from="WelfareEquipmentProductionSaleMember" xlink:to="label_WelfareEquipmentProductionSaleMember" />    <link:label xlink:type="resource" xlink:label="label_WelfareEquipmentProductionSaleMember_2" xml:lang="ja" xlink:role="http://www.xbrl.org/2003/role/verboseLabel" id="label_WelfareEquipmentProductionSaleMember_2">福祉用具製造販売事業 [メンバー]</link:label>    <link:labelArc xlink:type="arc" xlink:arcrole="http://www.xbrl.org/2003/arcrole/concept-label" xlink:from="WelfareEquipmentProductionSaleMember" xlink:to="label_WelfareEquipmentProductionSaleMember_2" />    <link:label xlink:type="resource" xlink:label="label_CareServiceMember" xml:lang="ja" xlink:role="http://www.xbrl.org/2003/role/label" id="label_CareServiceMember">介護サービス事業</link:label>    <link:labelArc xlink:type="arc" xlink:arcrole="http://www.xbrl.org/2003/arcrole/concept-label" xlink:from="CareServiceMember" xlink:to="label_CareServiceMember" />    <link:label xlink:type="resource" xlink:label="label_CareServiceMember_2" xml:lang="ja" xlink:role="http://www.xbrl.org/2003/role/verboseLabel" id="label_CareServiceMember_2">介護サービス事業 [メンバー]</link:label>    <link:labelArc xlink:type="arc" xlink:arcrole="http://www.xbrl.org/2003/arcrole/concept-label" xlink:from="CareServiceMember" xlink:to="label_CareServiceMember_2" />    <link:label xlink:type="resource" xlink:label="label_ElectronicCommerceMember" xml:lang="ja" xlink:role="http://www.xbrl.org/2003/role/label" id="label_ElectronicCommerceMember">ＥＣ事業</link:label>    <link:labelArc xlink:type="arc" xlink:arcrole="http://www.xbrl.org/2003/arcrole/concept-label" xlink:from="ElectronicCommerceMember" xlink:to="label_ElectronicCommerceMember" />    <link:label xlink:type="resource" xlink:label="label_ElectronicCommerceMember_2" xml:lang="ja" xlink:role="http://www.xbrl.org/2003/role/verboseLabel" id="label_ElectronicCommerceMember_2">ＥＣ事業</link:label>    <link:labelArc xlink:type="arc" xlink:arcrole="http://www.xbrl.org/2003/arcrole/concept-label" xlink:from="ElectronicCommerceMember" xlink:to="label_ElectronicCommerceMember_2" />  </link:labelLink></link:linkbase>