﻿<?xml version="1.0" encoding="utf-8"?>
<!-- XBRL Document Created with WizLabo Platform -->
<link:linkbase xmlns:xlink="http://www.w3.org/1999/xlink" xmlns:xsi="http://www.w3.org/2001/XMLSchema-instance" xmlns:link="http://www.xbrl.org/2003/linkbase">
  <link:labelLink xlink:type="extended" xlink:role="http://www.xbrl.org/2003/role/link">
    <link:label xml:lang="ja" xlink:type="resource" xlink:label="tse-scedjpfr-60440_IncreaseDecreaseInProvisionForLossCompensationOpeCF_label" xlink:role="http://www.xbrl.org/2003/role/label">損害補償引当金の増減額（△は減少）</link:label>
    <link:label xml:lang="ja" xlink:type="resource" xlink:label="tse-scedjpfr-60440_IncreaseDecreaseInProvisionForLossCompensationOpeCF_label_1" xlink:role="http://www.xbrl.org/2003/role/verboseLabel">損害補償引当金の増減額（△は減少）、営業活動によるキャッシュ・フロー</link:label>
    <link:label xml:lang="ja" xlink:type="resource" xlink:label="tse-scedjpfr-60440_MentenansReportableSegmentMember_label" xlink:role="http://www.xbrl.org/2003/role/label">メンテナンス事業</link:label>
    <link:label xml:lang="ja" xlink:type="resource" xlink:label="tse-scedjpfr-60440_MentenansReportableSegmentMember_label_1" xlink:role="http://www.xbrl.org/2003/role/verboseLabel">メンテナンス事業、報告セグメント[メンバー]</link:label>
    <link:label xml:lang="ja" xlink:type="resource" xlink:label="tse-scedjpfr-60440_NotePayableAccountPayableForConstructionContractsCL_label" xlink:role="http://www.xbrl.org/2003/role/label">支払手形及び工事未払金</link:label>
    <link:label xml:lang="ja" xlink:type="resource" xlink:label="tse-scedjpfr-60440_NotePayableAccountPayableForConstructionContractsCL_label_1" xlink:role="http://www.xbrl.org/2003/role/verboseLabel">支払手形及び工事未払金、流動負債</link:label>
    <link:label xml:lang="ja" xlink:type="resource" xlink:label="tse-scedjpfr-60440_ServiseReportableSegmentMember_label" xlink:role="http://www.xbrl.org/2003/role/label">建設関連製品サービス事業</link:label>
    <link:label xml:lang="ja" xlink:type="resource" xlink:label="tse-scedjpfr-60440_ServiseReportableSegmentMember_label_1" xlink:role="http://www.xbrl.org/2003/role/verboseLabel">建設関連製品サービス事業、報告セグメント[メンバー]</link:label>
    <link:loc xlink:type="locator" xlink:href="tse-scedjpfr-60440-2025-11-30-01-2026-01-14.xsd#tse-scedjpfr-60440_IncreaseDecreaseInProvisionForLossCompensationOpeCF" xlink:label="tse-scedjpfr-60440_IncreaseDecreaseInProvisionForLossCompensationOpeCF" />
    <link:loc xlink:type="locator" xlink:href="tse-scedjpfr-60440-2025-11-30-01-2026-01-14.xsd#tse-scedjpfr-60440_MentenansReportableSegmentMember" xlink:label="tse-scedjpfr-60440_MentenansReportableSegmentMember" />
    <link:loc xlink:type="locator" xlink:href="tse-scedjpfr-60440-2025-11-30-01-2026-01-14.xsd#tse-scedjpfr-60440_NotePayableAccountPayableForConstructionContractsCL" xlink:label="tse-scedjpfr-60440_NotePayableAccountPayableForConstructionContractsCL" />
    <link:loc xlink:type="locator" xlink:href="tse-scedjpfr-60440-2025-11-30-01-2026-01-14.xsd#tse-scedjpfr-60440_ServiseReportableSegmentMember" xlink:label="tse-scedjpfr-60440_ServiseReportableSegmentMember" />
    <link:labelArc xlink:type="arc" xlink:from="tse-scedjpfr-60440_IncreaseDecreaseInProvisionForLossCompensationOpeCF" xlink:to="tse-scedjpfr-60440_IncreaseDecreaseInProvisionForLossCompensationOpeCF_label" xlink:arcrole="http://www.xbrl.org/2003/arcrole/concept-label" order="1" />
    <link:labelArc xlink:type="arc" xlink:from="tse-scedjpfr-60440_IncreaseDecreaseInProvisionForLossCompensationOpeCF" xlink:to="tse-scedjpfr-60440_IncreaseDecreaseInProvisionForLossCompensationOpeCF_label_1" xlink:arcrole="http://www.xbrl.org/2003/arcrole/concept-label" order="1" />
    <link:labelArc xlink:type="arc" xlink:from="tse-scedjpfr-60440_MentenansReportableSegmentMember" xlink:to="tse-scedjpfr-60440_MentenansReportableSegmentMember_label" xlink:arcrole="http://www.xbrl.org/2003/arcrole/concept-label" order="1" />
    <link:labelArc xlink:type="arc" xlink:from="tse-scedjpfr-60440_MentenansReportableSegmentMember" xlink:to="tse-scedjpfr-60440_MentenansReportableSegmentMember_label_1" xlink:arcrole="http://www.xbrl.org/2003/arcrole/concept-label" order="1" />
    <link:labelArc xlink:type="arc" xlink:from="tse-scedjpfr-60440_NotePayableAccountPayableForConstructionContractsCL" xlink:to="tse-scedjpfr-60440_NotePayableAccountPayableForConstructionContractsCL_label" xlink:arcrole="http://www.xbrl.org/2003/arcrole/concept-label" order="1" />
    <link:labelArc xlink:type="arc" xlink:from="tse-scedjpfr-60440_NotePayableAccountPayableForConstructionContractsCL" xlink:to="tse-scedjpfr-60440_NotePayableAccountPayableForConstructionContractsCL_label_1" xlink:arcrole="http://www.xbrl.org/2003/arcrole/concept-label" order="1" />
    <link:labelArc xlink:type="arc" xlink:from="tse-scedjpfr-60440_ServiseReportableSegmentMember" xlink:to="tse-scedjpfr-60440_ServiseReportableSegmentMember_label" xlink:arcrole="http://www.xbrl.org/2003/arcrole/concept-label" order="1" />
    <link:labelArc xlink:type="arc" xlink:from="tse-scedjpfr-60440_ServiseReportableSegmentMember" xlink:to="tse-scedjpfr-60440_ServiseReportableSegmentMember_label_1" xlink:arcrole="http://www.xbrl.org/2003/arcrole/concept-label" order="1" />
  </link:labelLink>
</link:linkbase>