<?xml version="1.0" encoding="utf-8"?>
<!-- Generated by PRONEXUS WORKS --><link:linkbase xmlns:link="http://www.xbrl.org/2003/linkbase" xmlns:xsi="http://www.w3.org/2001/XMLSchema-instance" xmlns:xbrli="http://www.xbrl.org/2003/instance" xmlns:xlink="http://www.w3.org/1999/xlink">  <link:labelLink xlink:type="extended" xlink:role="http://www.xbrl.org/2003/role/link">    <link:loc xlink:type="locator" xlink:href="tse-acedjpfr-40160-2025-11-30-01-2026-01-14.xsd#tse-acedjpfr-40160_SurrenderValueNOI" xlink:label="SurrenderValueNOI" />    <link:loc xlink:type="locator" xlink:href="tse-acedjpfr-40160-2025-11-30-01-2026-01-14.xsd#tse-acedjpfr-40160_PaymentOfDepositsForSubscriptionsToShares" xlink:label="PaymentOfDepositsForSubscriptionsToShares" />    <link:loc xlink:type="locator" xlink:href="tse-acedjpfr-40160-2025-11-30-01-2026-01-14.xsd#tse-acedjpfr-40160_ProceedsFromSurrenderValueOfInsurancePoliciesOpeCF" xlink:label="ProceedsFromSurrenderValueOfInsurancePoliciesOpeCF" />    <link:loc xlink:type="locator" xlink:href="tse-acedjpfr-40160-2025-11-30-01-2026-01-14.xsd#tse-acedjpfr-40160_OtherInvestmentsPaymentsInvCF" xlink:label="OtherInvestmentsPaymentsInvCF" />    <link:loc xlink:type="locator" xlink:href="tse-acedjpfr-40160-2025-11-30-01-2026-01-14.xsd#tse-acedjpfr-40160_OtherInvestmentsProceedsInvCF" xlink:label="OtherInvestmentsProceedsInvCF" />    <link:loc xlink:type="locator" xlink:href="tse-acedjpfr-40160-2025-11-30-01-2026-01-14.xsd#tse-acedjpfr-40160_ProceedsFromDepositForSubscriptionsToSharesFinCF" xlink:label="ProceedsFromDepositForSubscriptionsToSharesFinCF" />    <link:loc xlink:type="locator" xlink:href="tse-acedjpfr-40160-2025-11-30-01-2026-01-14.xsd#tse-acedjpfr-40160_GainOnLiquidationOfSubsidiariesNOI" xlink:label="GainOnLiquidationOfSubsidiariesNOI" />    <link:label xlink:type="resource" xlink:label="label_ProceedsFromSurrenderValueOfInsurancePoliciesOpeCF" xml:lang="ja" xlink:role="http://www.xbrl.org/2003/role/label" id="label_ProceedsFromSurrenderValueOfInsurancePoliciesOpeCF">保険解約返戻金の受取額</link:label>    <link:labelArc xlink:type="arc" xlink:arcrole="http://www.xbrl.org/2003/arcrole/concept-label" xlink:from="ProceedsFromSurrenderValueOfInsurancePoliciesOpeCF" xlink:to="label_ProceedsFromSurrenderValueOfInsurancePoliciesOpeCF" />    <link:label xlink:type="resource" xlink:label="label_ProceedsFromSurrenderValueOfInsurancePoliciesOpeCF_2" xml:lang="ja" xlink:role="http://www.xbrl.org/2003/role/verboseLabel" id="label_ProceedsFromSurrenderValueOfInsurancePoliciesOpeCF_2">保険解約返戻金の受取額、営業活動によるキャッシュ・フロー</link:label>    <link:labelArc xlink:type="arc" xlink:arcrole="http://www.xbrl.org/2003/arcrole/concept-label" xlink:from="ProceedsFromSurrenderValueOfInsurancePoliciesOpeCF" xlink:to="label_ProceedsFromSurrenderValueOfInsurancePoliciesOpeCF_2" />    <link:label xlink:type="resource" xlink:label="label_OtherInvestmentsPaymentsInvCF" xml:lang="ja" xlink:role="http://www.xbrl.org/2003/role/label" id="label_OtherInvestmentsPaymentsInvCF">その他投資活動による支出</link:label>    <link:labelArc xlink:type="arc" xlink:arcrole="http://www.xbrl.org/2003/arcrole/concept-label" xlink:from="OtherInvestmentsPaymentsInvCF" xlink:to="label_OtherInvestmentsPaymentsInvCF" />    <link:label xlink:type="resource" xlink:label="label_OtherInvestmentsPaymentsInvCF_2" xml:lang="ja" xlink:role="http://www.xbrl.org/2003/role/verboseLabel" id="label_OtherInvestmentsPaymentsInvCF_2">その他投資活動による支出、投資活動によるキャッシュ・フロー</link:label>    <link:labelArc xlink:type="arc" xlink:arcrole="http://www.xbrl.org/2003/arcrole/concept-label" xlink:from="OtherInvestmentsPaymentsInvCF" xlink:to="label_OtherInvestmentsPaymentsInvCF_2" />    <link:label xlink:type="resource" xlink:label="label_OtherInvestmentsProceedsInvCF" xml:lang="ja" xlink:role="http://www.xbrl.org/2003/role/label" id="label_OtherInvestmentsProceedsInvCF">その他投資活動による収入</link:label>    <link:labelArc xlink:type="arc" xlink:arcrole="http://www.xbrl.org/2003/arcrole/concept-label" xlink:from="OtherInvestmentsProceedsInvCF" xlink:to="label_OtherInvestmentsProceedsInvCF" />    <link:label xlink:type="resource" xlink:label="label_OtherInvestmentsProceedsInvCF_2" xml:lang="ja" xlink:role="http://www.xbrl.org/2003/role/verboseLabel" id="label_OtherInvestmentsProceedsInvCF_2">その他投資活動による収入、投資活動によるキャッシュ・フロー</link:label>    <link:labelArc xlink:type="arc" xlink:arcrole="http://www.xbrl.org/2003/arcrole/concept-label" xlink:from="OtherInvestmentsProceedsInvCF" xlink:to="label_OtherInvestmentsProceedsInvCF_2" />    <link:label xlink:type="resource" xlink:label="label_ProceedsFromDepositForSubscriptionsToSharesFinCF" xml:lang="ja" xlink:role="http://www.xbrl.org/2003/role/label" id="label_ProceedsFromDepositForSubscriptionsToSharesFinCF">新株式申込証拠金の払込による収入</link:label>    <link:labelArc xlink:type="arc" xlink:arcrole="http://www.xbrl.org/2003/arcrole/concept-label" xlink:from="ProceedsFromDepositForSubscriptionsToSharesFinCF" xlink:to="label_ProceedsFromDepositForSubscriptionsToSharesFinCF" />    <link:label xlink:type="resource" xlink:label="label_ProceedsFromDepositForSubscriptionsToSharesFinCF_2" xml:lang="ja" xlink:role="http://www.xbrl.org/2003/role/verboseLabel" id="label_ProceedsFromDepositForSubscriptionsToSharesFinCF_2">新株式申込証拠金の払込による収入、財務活動によるキャッシュ・フロー</link:label>    <link:labelArc xlink:type="arc" xlink:arcrole="http://www.xbrl.org/2003/arcrole/concept-label" xlink:from="ProceedsFromDepositForSubscriptionsToSharesFinCF" xlink:to="label_ProceedsFromDepositForSubscriptionsToSharesFinCF_2" />    <link:label xlink:type="resource" xlink:label="label_SurrenderValueNOI" xml:lang="ja" xlink:role="http://www.xbrl.org/2003/role/label" id="label_SurrenderValueNOI">解約返戻金</link:label>    <link:labelArc xlink:type="arc" xlink:arcrole="http://www.xbrl.org/2003/arcrole/concept-label" xlink:from="SurrenderValueNOI" xlink:to="label_SurrenderValueNOI" />    <link:label xlink:type="resource" xlink:label="label_SurrenderValueNOI_2" xml:lang="ja" xlink:role="http://www.xbrl.org/2003/role/verboseLabel" id="label_SurrenderValueNOI_2">解約返戻金、営業外収益</link:label>    <link:labelArc xlink:type="arc" xlink:arcrole="http://www.xbrl.org/2003/arcrole/concept-label" xlink:from="SurrenderValueNOI" xlink:to="label_SurrenderValueNOI_2" />    <link:label xlink:type="resource" xlink:label="label_GainOnLiquidationOfSubsidiariesNOI" xml:lang="ja" xlink:role="http://www.xbrl.org/2003/role/label" id="label_GainOnLiquidationOfSubsidiariesNOI">子会社清算益</link:label>    <link:labelArc xlink:type="arc" xlink:arcrole="http://www.xbrl.org/2003/arcrole/concept-label" xlink:from="GainOnLiquidationOfSubsidiariesNOI" xlink:to="label_GainOnLiquidationOfSubsidiariesNOI" />    <link:label xlink:type="resource" xlink:label="label_GainOnLiquidationOfSubsidiariesNOI_2" xml:lang="ja" xlink:role="http://www.xbrl.org/2003/role/verboseLabel" id="label_GainOnLiquidationOfSubsidiariesNOI_2">子会社清算益、営業外収益</link:label>    <link:labelArc xlink:type="arc" xlink:arcrole="http://www.xbrl.org/2003/arcrole/concept-label" xlink:from="GainOnLiquidationOfSubsidiariesNOI" xlink:to="label_GainOnLiquidationOfSubsidiariesNOI_2" />    <link:label xlink:type="resource" xlink:label="label_PaymentOfDepositsForSubscriptionsToShares" xml:lang="ja" xlink:role="http://www.xbrl.org/2003/role/label" id="label_PaymentOfDepositsForSubscriptionsToShares">新株式申込証拠金の払込</link:label>    <link:labelArc xlink:type="arc" xlink:arcrole="http://www.xbrl.org/2003/arcrole/concept-label" xlink:from="PaymentOfDepositsForSubscriptionsToShares" xlink:to="label_PaymentOfDepositsForSubscriptionsToShares" />    <link:label xlink:type="resource" xlink:label="label_PaymentOfDepositsForSubscriptionsToShares_2" xml:lang="ja" xlink:role="http://www.xbrl.org/2003/role/verboseLabel" id="label_PaymentOfDepositsForSubscriptionsToShares_2">新株式申込証拠金の払込</link:label>    <link:labelArc xlink:type="arc" xlink:arcrole="http://www.xbrl.org/2003/arcrole/concept-label" xlink:from="PaymentOfDepositsForSubscriptionsToShares" xlink:to="label_PaymentOfDepositsForSubscriptionsToShares_2" />  </link:labelLink></link:linkbase>