<?xml version="1.0" encoding="utf-8"?>
<!-- Generated by PRONEXUS WORKS --><link:linkbase xmlns:link="http://www.xbrl.org/2003/linkbase" xmlns:xsi="http://www.w3.org/2001/XMLSchema-instance" xmlns:xbrli="http://www.xbrl.org/2003/instance" xmlns:xlink="http://www.w3.org/1999/xlink">  <link:labelLink xlink:type="extended" xlink:role="http://www.xbrl.org/2003/role/link">    <link:loc xlink:type="locator" xlink:href="tse-qcedjpfr-31740-2025-11-30-01-2026-01-14.xsd#tse-qcedjpfr-31740_LossOnRedemptionOfBondsEL" xlink:label="LossOnRedemptionOfBondsEL" />    <link:label xlink:type="resource" xlink:label="label_LossOnRedemptionOfBondsEL" xml:lang="en" xlink:role="http://www.xbrl.org/2003/role/label" id="label_LossOnRedemptionOfBondsEL">Loss on redemption of bonds -EL</link:label>    <link:labelArc xlink:type="arc" xlink:arcrole="http://www.xbrl.org/2003/arcrole/concept-label" xlink:from="LossOnRedemptionOfBondsEL" xlink:to="label_LossOnRedemptionOfBondsEL" />    <link:label xlink:type="resource" xlink:label="label_LossOnRedemptionOfBondsEL_2" xml:lang="en" xlink:role="http://www.xbrl.org/2003/role/verboseLabel" id="label_LossOnRedemptionOfBondsEL_2">Loss on redemption of bonds -EL</link:label>    <link:labelArc xlink:type="arc" xlink:arcrole="http://www.xbrl.org/2003/arcrole/concept-label" xlink:from="LossOnRedemptionOfBondsEL" xlink:to="label_LossOnRedemptionOfBondsEL_2" />  </link:labelLink></link:linkbase>