<?xml version="1.0" encoding="utf-8"?>
<!-- Generated by PRONEXUS WORKS --><link:linkbase xmlns:link="http://www.xbrl.org/2003/linkbase" xmlns:xsi="http://www.w3.org/2001/XMLSchema-instance" xmlns:xbrli="http://www.xbrl.org/2003/instance" xmlns:xlink="http://www.w3.org/1999/xlink">  <link:labelLink xlink:type="extended" xlink:role="http://www.xbrl.org/2003/role/link">    <link:loc xlink:type="locator" xlink:href="tse-qcedjpfr-98420-2025-11-30-01-2026-01-06.xsd#tse-qcedjpfr-98420_DismantlementExpansesEL" xlink:label="DismantlementExpansesEL" />    <link:loc xlink:type="locator" xlink:href="tse-qcedjpfr-98420-2025-11-30-01-2026-01-06.xsd#tse-qcedjpfr-98420_RetailBusinessReportableSegmentsMember" xlink:label="RetailBusinessReportableSegmentsMember" />    <link:loc xlink:type="locator" xlink:href="tse-qcedjpfr-98420-2025-11-30-01-2026-01-06.xsd#tse-qcedjpfr-98420_WholesaleBusinessReportableSegmentsMember" xlink:label="WholesaleBusinessReportableSegmentsMember" />    <link:loc xlink:type="locator" xlink:href="tse-qcedjpfr-98420-2025-11-30-01-2026-01-06.xsd#tse-qcedjpfr-98420_FoodSurviceBusinessReportableSegmentsMember" xlink:label="FoodSurviceBusinessReportableSegmentsMember" />    <link:loc xlink:type="locator" xlink:href="tse-qcedjpfr-98420-2025-11-30-01-2026-01-06.xsd#tse-qcedjpfr-98420_RealEstateBusinessReportableSegmentsMember" xlink:label="RealEstateBusinessReportableSegmentsMember" />    <link:label xlink:type="resource" xlink:label="label_DismantlementExpansesEL" xml:lang="en" xlink:role="http://www.xbrl.org/2003/role/label" id="label_DismantlementExpansesEL">Dismantlement expanses</link:label>    <link:labelArc xlink:type="arc" xlink:arcrole="http://www.xbrl.org/2003/arcrole/concept-label" xlink:from="DismantlementExpansesEL" xlink:to="label_DismantlementExpansesEL" />    <link:label xlink:type="resource" xlink:label="label_DismantlementExpansesEL_2" xml:lang="en" xlink:role="http://www.xbrl.org/2003/role/verboseLabel" id="label_DismantlementExpansesEL_2">Dismantlement expanses-EL</link:label>    <link:labelArc xlink:type="arc" xlink:arcrole="http://www.xbrl.org/2003/arcrole/concept-label" xlink:from="DismantlementExpansesEL" xlink:to="label_DismantlementExpansesEL_2" />    <link:label xlink:type="resource" xlink:label="label_RetailBusinessReportableSegmentsMember" xml:lang="en" xlink:role="http://www.xbrl.org/2003/role/label" id="label_RetailBusinessReportableSegmentsMember">Retail Business</link:label>    <link:labelArc xlink:type="arc" xlink:arcrole="http://www.xbrl.org/2003/arcrole/concept-label" xlink:from="RetailBusinessReportableSegmentsMember" xlink:to="label_RetailBusinessReportableSegmentsMember" />    <link:label xlink:type="resource" xlink:label="label_RetailBusinessReportableSegmentsMember_2" xml:lang="en" xlink:role="http://www.xbrl.org/2003/role/verboseLabel" id="label_RetailBusinessReportableSegmentsMember_2">Retail Business, Reportable segments [member]</link:label>    <link:labelArc xlink:type="arc" xlink:arcrole="http://www.xbrl.org/2003/arcrole/concept-label" xlink:from="RetailBusinessReportableSegmentsMember" xlink:to="label_RetailBusinessReportableSegmentsMember_2" />    <link:label xlink:type="resource" xlink:label="label_WholesaleBusinessReportableSegmentsMember" xml:lang="en" xlink:role="http://www.xbrl.org/2003/role/label" id="label_WholesaleBusinessReportableSegmentsMember">Wholesale Business</link:label>    <link:labelArc xlink:type="arc" xlink:arcrole="http://www.xbrl.org/2003/arcrole/concept-label" xlink:from="WholesaleBusinessReportableSegmentsMember" xlink:to="label_WholesaleBusinessReportableSegmentsMember" />    <link:label xlink:type="resource" xlink:label="label_WholesaleBusinessReportableSegmentsMember_2" xml:lang="en" xlink:role="http://www.xbrl.org/2003/role/verboseLabel" id="label_WholesaleBusinessReportableSegmentsMember_2">Wholesale Business, Reportable segments [member]</link:label>    <link:labelArc xlink:type="arc" xlink:arcrole="http://www.xbrl.org/2003/arcrole/concept-label" xlink:from="WholesaleBusinessReportableSegmentsMember" xlink:to="label_WholesaleBusinessReportableSegmentsMember_2" />    <link:label xlink:type="resource" xlink:label="label_FoodSurviceBusinessReportableSegmentsMember" xml:lang="en" xlink:role="http://www.xbrl.org/2003/role/label" id="label_FoodSurviceBusinessReportableSegmentsMember">Food Service Business</link:label>    <link:labelArc xlink:type="arc" xlink:arcrole="http://www.xbrl.org/2003/arcrole/concept-label" xlink:from="FoodSurviceBusinessReportableSegmentsMember" xlink:to="label_FoodSurviceBusinessReportableSegmentsMember" />    <link:label xlink:type="resource" xlink:label="label_FoodSurviceBusinessReportableSegmentsMember_2" xml:lang="en" xlink:role="http://www.xbrl.org/2003/role/verboseLabel" id="label_FoodSurviceBusinessReportableSegmentsMember_2">Food Survice Business, Reportable segments [member]</link:label>    <link:labelArc xlink:type="arc" xlink:arcrole="http://www.xbrl.org/2003/arcrole/concept-label" xlink:from="FoodSurviceBusinessReportableSegmentsMember" xlink:to="label_FoodSurviceBusinessReportableSegmentsMember_2" />    <link:label xlink:type="resource" xlink:label="label_RealEstateBusinessReportableSegmentsMember" xml:lang="en" xlink:role="http://www.xbrl.org/2003/role/label" id="label_RealEstateBusinessReportableSegmentsMember">Real Estate Business</link:label>    <link:labelArc xlink:type="arc" xlink:arcrole="http://www.xbrl.org/2003/arcrole/concept-label" xlink:from="RealEstateBusinessReportableSegmentsMember" xlink:to="label_RealEstateBusinessReportableSegmentsMember" />    <link:label xlink:type="resource" xlink:label="label_RealEstateBusinessReportableSegmentsMember_2" xml:lang="en" xlink:role="http://www.xbrl.org/2003/role/verboseLabel" id="label_RealEstateBusinessReportableSegmentsMember_2">Real Estate Business, Reportable segments [member]</link:label>    <link:labelArc xlink:type="arc" xlink:arcrole="http://www.xbrl.org/2003/arcrole/concept-label" xlink:from="RealEstateBusinessReportableSegmentsMember" xlink:to="label_RealEstateBusinessReportableSegmentsMember_2" />  </link:labelLink></link:linkbase>