<?xml version="1.0" encoding="utf-8"?>
<!-- Generated by PRONEXUS WORKS --><link:linkbase xmlns:link="http://www.xbrl.org/2003/linkbase" xmlns:xsi="http://www.w3.org/2001/XMLSchema-instance" xmlns:xbrli="http://www.xbrl.org/2003/instance" xmlns:xlink="http://www.w3.org/1999/xlink">  <link:labelLink xlink:type="extended" xlink:role="http://www.xbrl.org/2003/role/link">    <link:loc xlink:type="locator" xlink:href="tse-qcedjpfr-75990-2025-11-30-01-2026-01-13.xsd#tse-qcedjpfr-75990_OtherOperatingAssets" xlink:label="OtherOperatingAssets" />    <link:loc xlink:type="locator" xlink:href="tse-qcedjpfr-75990-2025-11-30-01-2026-01-13.xsd#tse-qcedjpfr-75990_JapanReportableSegmentsMember" xlink:label="JapanReportableSegmentsMember" />    <link:loc xlink:type="locator" xlink:href="tse-qcedjpfr-75990-2025-11-30-01-2026-01-13.xsd#tse-qcedjpfr-75990_NotesToOtherOperatingAssetsTextBlock" xlink:label="NotesToOtherOperatingAssetsTextBlock" />    <link:loc xlink:type="locator" xlink:href="tse-qcedjpfr-75990-2025-11-30-01-2026-01-13.xsd#tse-qcedjpfr-75990_TheftLossNOE" xlink:label="TheftLossNOE" />    <link:label xlink:type="resource" xlink:label="label_NotesToOtherOperatingAssetsTextBlock_2" xml:lang="ja" xlink:role="http://www.xbrl.org/2003/role/label" id="label_NotesToOtherOperatingAssetsTextBlock_2">その他の営業資産に関する注記</link:label>    <link:labelArc xlink:type="arc" xlink:arcrole="http://www.xbrl.org/2003/arcrole/concept-label" xlink:from="NotesToOtherOperatingAssetsTextBlock" xlink:to="label_NotesToOtherOperatingAssetsTextBlock_2" />    <link:label xlink:type="resource" xlink:label="label_NotesToOtherOperatingAssetsTextBlock" xml:lang="ja" xlink:role="http://www.xbrl.org/2003/role/verboseLabel" id="label_NotesToOtherOperatingAssetsTextBlock">その他の営業資産に関する注記 [テキストブロック]</link:label>    <link:labelArc xlink:type="arc" xlink:arcrole="http://www.xbrl.org/2003/arcrole/concept-label" xlink:from="NotesToOtherOperatingAssetsTextBlock" xlink:to="label_NotesToOtherOperatingAssetsTextBlock" />    <link:label xlink:type="resource" xlink:label="label_OtherOperatingAssets_2" xml:lang="ja" xlink:role="http://www.xbrl.org/2003/role/label" id="label_OtherOperatingAssets_2">その他の営業資産</link:label>    <link:labelArc xlink:type="arc" xlink:arcrole="http://www.xbrl.org/2003/arcrole/concept-label" xlink:from="OtherOperatingAssets" xlink:to="label_OtherOperatingAssets_2" />    <link:label xlink:type="resource" xlink:label="label_OtherOperatingAssets" xml:lang="ja" xlink:role="http://www.xbrl.org/2003/role/verboseLabel" id="label_OtherOperatingAssets">その他の営業資産</link:label>    <link:labelArc xlink:type="arc" xlink:arcrole="http://www.xbrl.org/2003/arcrole/concept-label" xlink:from="OtherOperatingAssets" xlink:to="label_OtherOperatingAssets" />    <link:label xlink:type="resource" xlink:label="label_TheftLossNOE_2" xml:lang="ja" xlink:role="http://www.xbrl.org/2003/role/label" id="label_TheftLossNOE_2">盗難損失</link:label>    <link:labelArc xlink:type="arc" xlink:arcrole="http://www.xbrl.org/2003/arcrole/concept-label" xlink:from="TheftLossNOE" xlink:to="label_TheftLossNOE_2" />    <link:label xlink:type="resource" xlink:label="label_TheftLossNOE" xml:lang="ja" xlink:role="http://www.xbrl.org/2003/role/verboseLabel" id="label_TheftLossNOE">盗難損失、営業外費用</link:label>    <link:labelArc xlink:type="arc" xlink:arcrole="http://www.xbrl.org/2003/arcrole/concept-label" xlink:from="TheftLossNOE" xlink:to="label_TheftLossNOE" />    <link:label xlink:type="resource" xlink:label="label_JapanReportableSegmentsMember" xml:lang="ja" xlink:role="http://www.xbrl.org/2003/role/label" id="label_JapanReportableSegmentsMember">日本</link:label>    <link:labelArc xlink:type="arc" xlink:arcrole="http://www.xbrl.org/2003/arcrole/concept-label" xlink:from="JapanReportableSegmentsMember" xlink:to="label_JapanReportableSegmentsMember" />    <link:label xlink:type="resource" xlink:label="label_JapanReportableSegmentsMember_2" xml:lang="ja" xlink:role="http://www.xbrl.org/2003/role/verboseLabel" id="label_JapanReportableSegmentsMember_2">日本、報告セグメント [メンバー]</link:label>    <link:labelArc xlink:type="arc" xlink:arcrole="http://www.xbrl.org/2003/arcrole/concept-label" xlink:from="JapanReportableSegmentsMember" xlink:to="label_JapanReportableSegmentsMember_2" />  </link:labelLink></link:linkbase>