<?xml version="1.0" encoding="utf-8"?>
<!-- Generated by PRONEXUS WORKS --><link:linkbase xmlns:link="http://www.xbrl.org/2003/linkbase" xmlns:xsi="http://www.w3.org/2001/XMLSchema-instance" xmlns:xbrli="http://www.xbrl.org/2003/instance" xmlns:xlink="http://www.w3.org/1999/xlink">  <link:roleRef xlink:type="simple" roleURI="http://disclosure.edinet-fsa.go.jp/jppfs/ConsolidatedQuarterly/role/label" xlink:href="http://disclosure.edinet-fsa.go.jp/taxonomy/jppfs/2024-11-01/jppfs_rt_2024-11-01.xsd#rol_ConsolidatedQuarterlyLabel" />  <link:labelLink xlink:type="extended" xlink:role="http://www.xbrl.org/2003/role/link">    <link:loc xlink:type="locator" xlink:href="tse-scedjpfr-402A0-2025-11-30-01-2026-01-14.xsd#tse-scedjpfr-402A0_InsuranceFeeIncomeOpeCF" xlink:label="InsuranceFeeIncomeOpeCF" />    <link:loc xlink:type="locator" xlink:href="tse-scedjpfr-402A0-2025-11-30-01-2026-01-14.xsd#tse-scedjpfr-402A0_FinancingExpensesOpeCF" xlink:label="FinancingExpensesOpeCF" />    <link:loc xlink:type="locator" xlink:href="tse-scedjpfr-402A0-2025-11-30-01-2026-01-14.xsd#tse-scedjpfr-402A0_DecreaseIncreaseInRawMaterialsAndSuppliesOpeCF" xlink:label="DecreaseIncreaseInRawMaterialsAndSuppliesOpeCF" />    <link:loc xlink:type="locator" xlink:href="tse-scedjpfr-402A0-2025-11-30-01-2026-01-14.xsd#tse-scedjpfr-402A0_IncreaseDecreaseInProvisionForLossOnProjectsOpeCF" xlink:label="IncreaseDecreaseInProvisionForLossOnProjectsOpeCF" />    <link:loc xlink:type="locator" xlink:href="tse-scedjpfr-402A0-2025-11-30-01-2026-01-14.xsd#tse-scedjpfr-402A0_IncreaseDecreaseInAdvancesReceivedAndContractLiabilitiesOpeCF" xlink:label="IncreaseDecreaseInAdvancesReceivedAndContractLiabilitiesOpeCF" />    <link:loc xlink:type="locator" xlink:href="tse-scedjpfr-402A0-2025-11-30-01-2026-01-14.xsd#tse-scedjpfr-402A0_AxelLinerBusinessReportableSegmentMember" xlink:label="AxelLinerBusinessReportableSegmentMember" />    <link:loc xlink:type="locator" xlink:href="tse-scedjpfr-402A0-2025-11-30-01-2026-01-14.xsd#tse-scedjpfr-402A0_AxelGlobeBusinessReportableSegmentMember" xlink:label="AxelGlobeBusinessReportableSegmentMember" />    <link:loc xlink:type="locator" xlink:href="tse-scedjpfr-402A0-2025-11-30-01-2026-01-14.xsd#tse-scedjpfr-402A0_NotesRegardingFinancialCovenantClausesTextBlock" xlink:label="NotesRegardingFinancialCovenantClausesTextBlock" />    <link:loc xlink:type="locator" xlink:href="tse-scedjpfr-402A0-2025-11-30-01-2026-01-14.xsd#tse-scedjpfr-402A0_LossOnRetirementOfTreasurySubscriptionRightsToSharesOpeCF" xlink:label="LossOnRetirementOfTreasurySubscriptionRightsToSharesOpeCF" />    <link:loc xlink:type="locator" xlink:href="tse-scedjpfr-402A0-2025-11-30-01-2026-01-14.xsd#tse-scedjpfr-402A0_PaymentsForPurchaseOfTreasurySubscriptionRightToShareFinCF" xlink:label="PaymentsForPurchaseOfTreasurySubscriptionRightToShareFinCF" />    <link:loc xlink:type="locator" xlink:href="http://disclosure.edinet-fsa.go.jp/taxonomy/jppfs/2024-11-01/jppfs_cor_2024-11-01.xsd#jppfs_cor_StatementOfComprehensiveIncomeTable" xlink:label="StatementOfComprehensiveIncomeTable" />    <link:label xlink:type="resource" xlink:label="label_StatementOfComprehensiveIncomeTable" xml:lang="en" xlink:role="http://disclosure.edinet-fsa.go.jp/jppfs/ConsolidatedQuarterly/role/label" id="label_StatementOfComprehensiveIncomeTable">Quarterly consolidated statement of comprehensive income</link:label>    <link:labelArc xlink:type="arc" xlink:arcrole="http://www.xbrl.org/2003/arcrole/concept-label" xlink:from="StatementOfComprehensiveIncomeTable" xlink:to="label_StatementOfComprehensiveIncomeTable" />    <link:loc xlink:type="locator" xlink:href="http://disclosure.edinet-fsa.go.jp/taxonomy/jppfs/2024-11-01/jppfs_cor_2024-11-01.xsd#jppfs_cor_StatementOfComprehensiveIncomeLineItems" xlink:label="StatementOfComprehensiveIncomeLineItems" />    <link:label xlink:type="resource" xlink:label="label_StatementOfComprehensiveIncomeLineItems" xml:lang="en" xlink:role="http://disclosure.edinet-fsa.go.jp/jppfs/ConsolidatedQuarterly/role/label" id="label_StatementOfComprehensiveIncomeLineItems">Quarterly consolidated statement of comprehensive income</link:label>    <link:labelArc xlink:type="arc" xlink:arcrole="http://www.xbrl.org/2003/arcrole/concept-label" xlink:from="StatementOfComprehensiveIncomeLineItems" xlink:to="label_StatementOfComprehensiveIncomeLineItems" />    <link:label xlink:type="resource" xlink:label="label_InsuranceFeeIncomeOpeCF" xml:lang="en" xlink:role="http://www.xbrl.org/2003/role/label" id="label_InsuranceFeeIncomeOpeCF">Insurance fee income</link:label>    <link:labelArc xlink:type="arc" xlink:arcrole="http://www.xbrl.org/2003/arcrole/concept-label" xlink:from="InsuranceFeeIncomeOpeCF" xlink:to="label_InsuranceFeeIncomeOpeCF" />    <link:label xlink:type="resource" xlink:label="label_InsuranceFeeIncomeOpeCF_2" xml:lang="en" xlink:role="http://www.xbrl.org/2003/role/verboseLabel" id="label_InsuranceFeeIncomeOpeCF_2">Insurance fee income-OpeCF</link:label>    <link:labelArc xlink:type="arc" xlink:arcrole="http://www.xbrl.org/2003/arcrole/concept-label" xlink:from="InsuranceFeeIncomeOpeCF" xlink:to="label_InsuranceFeeIncomeOpeCF_2" />    <link:label xlink:type="resource" xlink:label="label_FinancingExpensesOpeCF" xml:lang="en" xlink:role="http://www.xbrl.org/2003/role/label" id="label_FinancingExpensesOpeCF">Financing expenses</link:label>    <link:labelArc xlink:type="arc" xlink:arcrole="http://www.xbrl.org/2003/arcrole/concept-label" xlink:from="FinancingExpensesOpeCF" xlink:to="label_FinancingExpensesOpeCF" />    <link:label xlink:type="resource" xlink:label="label_FinancingExpensesOpeCF_2" xml:lang="en" xlink:role="http://www.xbrl.org/2003/role/verboseLabel" id="label_FinancingExpensesOpeCF_2">Financing expenses-OpeCF</link:label>    <link:labelArc xlink:type="arc" xlink:arcrole="http://www.xbrl.org/2003/arcrole/concept-label" xlink:from="FinancingExpensesOpeCF" xlink:to="label_FinancingExpensesOpeCF_2" />    <link:label xlink:type="resource" xlink:label="label_DecreaseIncreaseInRawMaterialsAndSuppliesOpeCF" xml:lang="en" xlink:role="http://www.xbrl.org/2003/role/label" id="label_DecreaseIncreaseInRawMaterialsAndSuppliesOpeCF">Decrease (increase) in raw materials and supplies</link:label>    <link:labelArc xlink:type="arc" xlink:arcrole="http://www.xbrl.org/2003/arcrole/concept-label" xlink:from="DecreaseIncreaseInRawMaterialsAndSuppliesOpeCF" xlink:to="label_DecreaseIncreaseInRawMaterialsAndSuppliesOpeCF" />    <link:label xlink:type="resource" xlink:label="label_DecreaseIncreaseInRawMaterialsAndSuppliesOpeCF_2" xml:lang="en" xlink:role="http://www.xbrl.org/2003/role/verboseLabel" id="label_DecreaseIncreaseInRawMaterialsAndSuppliesOpeCF_2">Decrease (increase) in raw materials and supplies-OpeCF</link:label>    <link:labelArc xlink:type="arc" xlink:arcrole="http://www.xbrl.org/2003/arcrole/concept-label" xlink:from="DecreaseIncreaseInRawMaterialsAndSuppliesOpeCF" xlink:to="label_DecreaseIncreaseInRawMaterialsAndSuppliesOpeCF_2" />    <link:label xlink:type="resource" xlink:label="label_IncreaseDecreaseInProvisionForLossOnProjectsOpeCF" xml:lang="en" xlink:role="http://www.xbrl.org/2003/role/label" id="label_IncreaseDecreaseInProvisionForLossOnProjectsOpeCF">Increase(decrease) in provision for loss on projects</link:label>    <link:labelArc xlink:type="arc" xlink:arcrole="http://www.xbrl.org/2003/arcrole/concept-label" xlink:from="IncreaseDecreaseInProvisionForLossOnProjectsOpeCF" xlink:to="label_IncreaseDecreaseInProvisionForLossOnProjectsOpeCF" />    <link:label xlink:type="resource" xlink:label="label_IncreaseDecreaseInProvisionForLossOnProjectsOpeCF_2" xml:lang="en" xlink:role="http://www.xbrl.org/2003/role/verboseLabel" id="label_IncreaseDecreaseInProvisionForLossOnProjectsOpeCF_2">Increase(decrease) in provision for loss on projects-OpeCF</link:label>    <link:labelArc xlink:type="arc" xlink:arcrole="http://www.xbrl.org/2003/arcrole/concept-label" xlink:from="IncreaseDecreaseInProvisionForLossOnProjectsOpeCF" xlink:to="label_IncreaseDecreaseInProvisionForLossOnProjectsOpeCF_2" />    <link:label xlink:type="resource" xlink:label="label_IncreaseDecreaseInAdvancesReceivedAndContractLiabilitiesOpeCF" xml:lang="en" xlink:role="http://www.xbrl.org/2003/role/label" id="label_IncreaseDecreaseInAdvancesReceivedAndContractLiabilitiesOpeCF">Increase (decrease) in advances received and contract liabilities</link:label>    <link:labelArc xlink:type="arc" xlink:arcrole="http://www.xbrl.org/2003/arcrole/concept-label" xlink:from="IncreaseDecreaseInAdvancesReceivedAndContractLiabilitiesOpeCF" xlink:to="label_IncreaseDecreaseInAdvancesReceivedAndContractLiabilitiesOpeCF" />    <link:label xlink:type="resource" xlink:label="label_IncreaseDecreaseInAdvancesReceivedAndContractLiabilitiesOpeCF_2" xml:lang="en" xlink:role="http://www.xbrl.org/2003/role/verboseLabel" id="label_IncreaseDecreaseInAdvancesReceivedAndContractLiabilitiesOpeCF_2">Increase (decrease) in advances received and contract liabilities-OpeCF</link:label>    <link:labelArc xlink:type="arc" xlink:arcrole="http://www.xbrl.org/2003/arcrole/concept-label" xlink:from="IncreaseDecreaseInAdvancesReceivedAndContractLiabilitiesOpeCF" xlink:to="label_IncreaseDecreaseInAdvancesReceivedAndContractLiabilitiesOpeCF_2" />    <link:label xlink:type="resource" xlink:label="label_PaymentsForPurchaseOfTreasurySubscriptionRightToShareFinCF" xml:lang="en" xlink:role="http://www.xbrl.org/2003/role/label" id="label_PaymentsForPurchaseOfTreasurySubscriptionRightToShareFinCF">Payments for purchase of treasury subscription right to share</link:label>    <link:labelArc xlink:type="arc" xlink:arcrole="http://www.xbrl.org/2003/arcrole/concept-label" xlink:from="PaymentsForPurchaseOfTreasurySubscriptionRightToShareFinCF" xlink:to="label_PaymentsForPurchaseOfTreasurySubscriptionRightToShareFinCF" />    <link:label xlink:type="resource" xlink:label="label_PaymentsForPurchaseOfTreasurySubscriptionRightToShareFinCF_2" xml:lang="en" xlink:role="http://www.xbrl.org/2003/role/verboseLabel" id="label_PaymentsForPurchaseOfTreasurySubscriptionRightToShareFinCF_2">Payments for purchase of treasury subscription right to share - FinCF</link:label>    <link:labelArc xlink:type="arc" xlink:arcrole="http://www.xbrl.org/2003/arcrole/concept-label" xlink:from="PaymentsForPurchaseOfTreasurySubscriptionRightToShareFinCF" xlink:to="label_PaymentsForPurchaseOfTreasurySubscriptionRightToShareFinCF_2" />    <link:loc xlink:type="locator" xlink:href="http://disclosure.edinet-fsa.go.jp/taxonomy/jppfs/2024-11-01/jppfs_cor_2024-11-01.xsd#jppfs_cor_StatementOfCashFlowsTable" xlink:label="StatementOfCashFlowsTable" />    <link:label xlink:type="resource" xlink:label="label_StatementOfCashFlowsTable" xml:lang="en" xlink:role="http://disclosure.edinet-fsa.go.jp/jppfs/ConsolidatedQuarterly/role/label" id="label_StatementOfCashFlowsTable">Quarterly consolidated statement of cash flows</link:label>    <link:labelArc xlink:type="arc" xlink:arcrole="http://www.xbrl.org/2003/arcrole/concept-label" xlink:from="StatementOfCashFlowsTable" xlink:to="label_StatementOfCashFlowsTable" />    <link:loc xlink:type="locator" xlink:href="http://disclosure.edinet-fsa.go.jp/taxonomy/jppfs/2024-11-01/jppfs_cor_2024-11-01.xsd#jppfs_cor_StatementOfCashFlowsLineItems" xlink:label="StatementOfCashFlowsLineItems" />    <link:label xlink:type="resource" xlink:label="label_StatementOfCashFlowsLineItems" xml:lang="en" xlink:role="http://disclosure.edinet-fsa.go.jp/jppfs/ConsolidatedQuarterly/role/label" id="label_StatementOfCashFlowsLineItems">Quarterly consolidated statement of cash flows</link:label>    <link:labelArc xlink:type="arc" xlink:arcrole="http://www.xbrl.org/2003/arcrole/concept-label" xlink:from="StatementOfCashFlowsLineItems" xlink:to="label_StatementOfCashFlowsLineItems" />    <link:loc xlink:type="locator" xlink:href="tse-scedjpfr-402A0-2025-11-30-01-2026-01-14.xsd#tse-scedjpfr-402A0_LossOnRetirementOfTreasurySubscriptionRightsToSharesEL" xlink:label="LossOnRetirementOfTreasurySubscriptionRightsToSharesEL" />    <link:label xlink:type="resource" xlink:label="label_LossOnRetirementOfTreasurySubscriptionRightsToSharesEL" xml:lang="en" xlink:role="http://www.xbrl.org/2003/role/label" id="label_LossOnRetirementOfTreasurySubscriptionRightsToSharesEL">Loss on retirement of treasury subscription rights to shares</link:label>    <link:labelArc xlink:type="arc" xlink:arcrole="http://www.xbrl.org/2003/arcrole/concept-label" xlink:from="LossOnRetirementOfTreasurySubscriptionRightsToSharesEL" xlink:to="label_LossOnRetirementOfTreasurySubscriptionRightsToSharesEL" />    <link:label xlink:type="resource" xlink:label="label_LossOnRetirementOfTreasurySubscriptionRightsToSharesEL_2" xml:lang="en" xlink:role="http://www.xbrl.org/2003/role/verboseLabel" id="label_LossOnRetirementOfTreasurySubscriptionRightsToSharesEL_2">Loss on retirement of treasury subscription rights to shares - EL</link:label>    <link:labelArc xlink:type="arc" xlink:arcrole="http://www.xbrl.org/2003/arcrole/concept-label" xlink:from="LossOnRetirementOfTreasurySubscriptionRightsToSharesEL" xlink:to="label_LossOnRetirementOfTreasurySubscriptionRightsToSharesEL_2" />    <link:label xlink:type="resource" xlink:label="label_LossOnRetirementOfTreasurySubscriptionRightsToSharesOpeCF" xml:lang="en" xlink:role="http://www.xbrl.org/2003/role/label" id="label_LossOnRetirementOfTreasurySubscriptionRightsToSharesOpeCF">Loss on retirement of treasury subscription rights to shares</link:label>    <link:labelArc xlink:type="arc" xlink:arcrole="http://www.xbrl.org/2003/arcrole/concept-label" xlink:from="LossOnRetirementOfTreasurySubscriptionRightsToSharesOpeCF" xlink:to="label_LossOnRetirementOfTreasurySubscriptionRightsToSharesOpeCF" />    <link:label xlink:type="resource" xlink:label="label_LossOnRetirementOfTreasurySubscriptionRightsToSharesOpeCF_2" xml:lang="en" xlink:role="http://www.xbrl.org/2003/role/verboseLabel" id="label_LossOnRetirementOfTreasurySubscriptionRightsToSharesOpeCF_2">Loss on retirement of treasury subscription rights to shares - OpeCF</link:label>    <link:labelArc xlink:type="arc" xlink:arcrole="http://www.xbrl.org/2003/arcrole/concept-label" xlink:from="LossOnRetirementOfTreasurySubscriptionRightsToSharesOpeCF" xlink:to="label_LossOnRetirementOfTreasurySubscriptionRightsToSharesOpeCF_2" />    <link:loc xlink:type="locator" xlink:href="http://disclosure.edinet-fsa.go.jp/taxonomy/jppfs/2024-11-01/jppfs_cor_2024-11-01.xsd#jppfs_cor_StatementOfIncomeTable" xlink:label="StatementOfIncomeTable" />    <link:label xlink:type="resource" xlink:label="label_StatementOfIncomeTable" xml:lang="en" xlink:role="http://disclosure.edinet-fsa.go.jp/jppfs/ConsolidatedQuarterly/role/label" id="label_StatementOfIncomeTable">Quarterly consolidated statement of income</link:label>    <link:labelArc xlink:type="arc" xlink:arcrole="http://www.xbrl.org/2003/arcrole/concept-label" xlink:from="StatementOfIncomeTable" xlink:to="label_StatementOfIncomeTable" />    <link:loc xlink:type="locator" xlink:href="http://disclosure.edinet-fsa.go.jp/taxonomy/jppfs/2024-11-01/jppfs_cor_2024-11-01.xsd#jppfs_cor_StatementOfIncomeLineItems" xlink:label="StatementOfIncomeLineItems" />    <link:label xlink:type="resource" xlink:label="label_StatementOfIncomeLineItems" xml:lang="en" xlink:role="http://disclosure.edinet-fsa.go.jp/jppfs/ConsolidatedQuarterly/role/label" id="label_StatementOfIncomeLineItems">Quarterly consolidated statement of income</link:label>    <link:labelArc xlink:type="arc" xlink:arcrole="http://www.xbrl.org/2003/arcrole/concept-label" xlink:from="StatementOfIncomeLineItems" xlink:to="label_StatementOfIncomeLineItems" />    <link:label xlink:type="resource" xlink:label="label_NotesRegardingFinancialCovenantClausesTextBlock" xml:lang="en" xlink:role="http://www.xbrl.org/2003/role/label" id="label_NotesRegardingFinancialCovenantClausesTextBlock">Notes regarding financial covenant clauses</link:label>    <link:labelArc xlink:type="arc" xlink:arcrole="http://www.xbrl.org/2003/arcrole/concept-label" xlink:from="NotesRegardingFinancialCovenantClausesTextBlock" xlink:to="label_NotesRegardingFinancialCovenantClausesTextBlock" />    <link:label xlink:type="resource" xlink:label="label_NotesRegardingFinancialCovenantClausesTextBlock_2" xml:lang="en" xlink:role="http://www.xbrl.org/2003/role/verboseLabel" id="label_NotesRegardingFinancialCovenantClausesTextBlock_2">Notes regarding financial covenant clauses [text block]</link:label>    <link:labelArc xlink:type="arc" xlink:arcrole="http://www.xbrl.org/2003/arcrole/concept-label" xlink:from="NotesRegardingFinancialCovenantClausesTextBlock" xlink:to="label_NotesRegardingFinancialCovenantClausesTextBlock_2" />    <link:loc xlink:type="locator" xlink:href="http://disclosure.edinet-fsa.go.jp/taxonomy/jppfs/2024-11-01/jppfs_cor_2024-11-01.xsd#jppfs_cor_BalanceSheetTable" xlink:label="BalanceSheetTable" />    <link:label xlink:type="resource" xlink:label="label_BalanceSheetTable" xml:lang="en" xlink:role="http://disclosure.edinet-fsa.go.jp/jppfs/ConsolidatedQuarterly/role/label" id="label_BalanceSheetTable">Quarterly consolidated balance sheet</link:label>    <link:labelArc xlink:type="arc" xlink:arcrole="http://www.xbrl.org/2003/arcrole/concept-label" xlink:from="BalanceSheetTable" xlink:to="label_BalanceSheetTable" />    <link:loc xlink:type="locator" xlink:href="http://disclosure.edinet-fsa.go.jp/taxonomy/jppfs/2024-11-01/jppfs_cor_2024-11-01.xsd#jppfs_cor_BalanceSheetLineItems" xlink:label="BalanceSheetLineItems" />    <link:label xlink:type="resource" xlink:label="label_BalanceSheetLineItems" xml:lang="en" xlink:role="http://disclosure.edinet-fsa.go.jp/jppfs/ConsolidatedQuarterly/role/label" id="label_BalanceSheetLineItems">Quarterly consolidated balance sheet</link:label>    <link:labelArc xlink:type="arc" xlink:arcrole="http://www.xbrl.org/2003/arcrole/concept-label" xlink:from="BalanceSheetLineItems" xlink:to="label_BalanceSheetLineItems" />    <link:label xlink:type="resource" xlink:label="label_AxelLinerBusinessReportableSegmentMember" xml:lang="en" xlink:role="http://www.xbrl.org/2003/role/label" id="label_AxelLinerBusinessReportableSegmentMember">AxelLinerBusinessReportableSegmentsMember</link:label>    <link:labelArc xlink:type="arc" xlink:arcrole="http://www.xbrl.org/2003/arcrole/concept-label" xlink:from="AxelLinerBusinessReportableSegmentMember" xlink:to="label_AxelLinerBusinessReportableSegmentMember" />    <link:label xlink:type="resource" xlink:label="label_AxelLinerBusinessReportableSegmentMember_2" xml:lang="en" xlink:role="http://www.xbrl.org/2003/role/verboseLabel" id="label_AxelLinerBusinessReportableSegmentMember_2">AxelLiner business, Reportable segment [member]</link:label>    <link:labelArc xlink:type="arc" xlink:arcrole="http://www.xbrl.org/2003/arcrole/concept-label" xlink:from="AxelLinerBusinessReportableSegmentMember" xlink:to="label_AxelLinerBusinessReportableSegmentMember_2" />    <link:label xlink:type="resource" xlink:label="label_AxelGlobeBusinessReportableSegmentMember" xml:lang="en" xlink:role="http://www.xbrl.org/2003/role/label" id="label_AxelGlobeBusinessReportableSegmentMember">AxelGloberBusinessReportableSegmentsMember</link:label>    <link:labelArc xlink:type="arc" xlink:arcrole="http://www.xbrl.org/2003/arcrole/concept-label" xlink:from="AxelGlobeBusinessReportableSegmentMember" xlink:to="label_AxelGlobeBusinessReportableSegmentMember" />    <link:label xlink:type="resource" xlink:label="label_AxelGlobeBusinessReportableSegmentMember_2" xml:lang="en" xlink:role="http://www.xbrl.org/2003/role/verboseLabel" id="label_AxelGlobeBusinessReportableSegmentMember_2">AxelGlobe business, Reportable segment [member]</link:label>    <link:labelArc xlink:type="arc" xlink:arcrole="http://www.xbrl.org/2003/arcrole/concept-label" xlink:from="AxelGlobeBusinessReportableSegmentMember" xlink:to="label_AxelGlobeBusinessReportableSegmentMember_2" />  </link:labelLink></link:linkbase>