<?xml version="1.0" encoding="utf-8"?>
<!-- Generated by PRONEXUS WORKS --><link:linkbase xmlns:link="http://www.xbrl.org/2003/linkbase" xmlns:xsi="http://www.w3.org/2001/XMLSchema-instance" xmlns:xbrli="http://www.xbrl.org/2003/instance" xmlns:xlink="http://www.w3.org/1999/xlink">  <link:roleRef xlink:type="simple" roleURI="http://disclosure.edinet-fsa.go.jp/jppfs/ConsolidatedQuarterly/role/label" xlink:href="http://disclosure.edinet-fsa.go.jp/taxonomy/jppfs/2024-11-01/jppfs_rt_2024-11-01.xsd#rol_ConsolidatedQuarterlyLabel" />  <link:labelLink xlink:type="extended" xlink:role="http://www.xbrl.org/2003/role/link">    <link:loc xlink:type="locator" xlink:href="tse-scedjpfr-402A0-2025-11-30-01-2026-01-14.xsd#tse-scedjpfr-402A0_InsuranceFeeIncomeOpeCF" xlink:label="InsuranceFeeIncomeOpeCF" />    <link:loc xlink:type="locator" xlink:href="tse-scedjpfr-402A0-2025-11-30-01-2026-01-14.xsd#tse-scedjpfr-402A0_FinancingExpensesOpeCF" xlink:label="FinancingExpensesOpeCF" />    <link:loc xlink:type="locator" xlink:href="tse-scedjpfr-402A0-2025-11-30-01-2026-01-14.xsd#tse-scedjpfr-402A0_DecreaseIncreaseInRawMaterialsAndSuppliesOpeCF" xlink:label="DecreaseIncreaseInRawMaterialsAndSuppliesOpeCF" />    <link:loc xlink:type="locator" xlink:href="tse-scedjpfr-402A0-2025-11-30-01-2026-01-14.xsd#tse-scedjpfr-402A0_IncreaseDecreaseInProvisionForLossOnProjectsOpeCF" xlink:label="IncreaseDecreaseInProvisionForLossOnProjectsOpeCF" />    <link:loc xlink:type="locator" xlink:href="tse-scedjpfr-402A0-2025-11-30-01-2026-01-14.xsd#tse-scedjpfr-402A0_IncreaseDecreaseInAdvancesReceivedAndContractLiabilitiesOpeCF" xlink:label="IncreaseDecreaseInAdvancesReceivedAndContractLiabilitiesOpeCF" />    <link:loc xlink:type="locator" xlink:href="tse-scedjpfr-402A0-2025-11-30-01-2026-01-14.xsd#tse-scedjpfr-402A0_AxelLinerBusinessReportableSegmentMember" xlink:label="AxelLinerBusinessReportableSegmentMember" />    <link:loc xlink:type="locator" xlink:href="tse-scedjpfr-402A0-2025-11-30-01-2026-01-14.xsd#tse-scedjpfr-402A0_AxelGlobeBusinessReportableSegmentMember" xlink:label="AxelGlobeBusinessReportableSegmentMember" />    <link:loc xlink:type="locator" xlink:href="tse-scedjpfr-402A0-2025-11-30-01-2026-01-14.xsd#tse-scedjpfr-402A0_NotesRegardingFinancialCovenantClausesTextBlock" xlink:label="NotesRegardingFinancialCovenantClausesTextBlock" />    <link:loc xlink:type="locator" xlink:href="tse-scedjpfr-402A0-2025-11-30-01-2026-01-14.xsd#tse-scedjpfr-402A0_LossOnRetirementOfTreasurySubscriptionRightsToSharesOpeCF" xlink:label="LossOnRetirementOfTreasurySubscriptionRightsToSharesOpeCF" />    <link:loc xlink:type="locator" xlink:href="tse-scedjpfr-402A0-2025-11-30-01-2026-01-14.xsd#tse-scedjpfr-402A0_PaymentsForPurchaseOfTreasurySubscriptionRightToShareFinCF" xlink:label="PaymentsForPurchaseOfTreasurySubscriptionRightToShareFinCF" />    <link:loc xlink:type="locator" xlink:href="http://disclosure.edinet-fsa.go.jp/taxonomy/jppfs/2024-11-01/jppfs_cor_2024-11-01.xsd#jppfs_cor_StatementOfComprehensiveIncomeTable" xlink:label="StatementOfComprehensiveIncomeTable" />    <link:label xlink:type="resource" xlink:label="label_StatementOfComprehensiveIncomeTable" xml:lang="ja" xlink:role="http://disclosure.edinet-fsa.go.jp/jppfs/ConsolidatedQuarterly/role/label" id="label_StatementOfComprehensiveIncomeTable">四半期連結包括利益計算書</link:label>    <link:labelArc xlink:type="arc" xlink:arcrole="http://www.xbrl.org/2003/arcrole/concept-label" xlink:from="StatementOfComprehensiveIncomeTable" xlink:to="label_StatementOfComprehensiveIncomeTable" />    <link:loc xlink:type="locator" xlink:href="http://disclosure.edinet-fsa.go.jp/taxonomy/jppfs/2024-11-01/jppfs_cor_2024-11-01.xsd#jppfs_cor_StatementOfComprehensiveIncomeLineItems" xlink:label="StatementOfComprehensiveIncomeLineItems" />    <link:label xlink:type="resource" xlink:label="label_StatementOfComprehensiveIncomeLineItems" xml:lang="ja" xlink:role="http://disclosure.edinet-fsa.go.jp/jppfs/ConsolidatedQuarterly/role/label" id="label_StatementOfComprehensiveIncomeLineItems">四半期連結包括利益計算書</link:label>    <link:labelArc xlink:type="arc" xlink:arcrole="http://www.xbrl.org/2003/arcrole/concept-label" xlink:from="StatementOfComprehensiveIncomeLineItems" xlink:to="label_StatementOfComprehensiveIncomeLineItems" />    <link:label xlink:type="resource" xlink:label="label_InsuranceFeeIncomeOpeCF" xml:lang="ja" xlink:role="http://www.xbrl.org/2003/role/label" id="label_InsuranceFeeIncomeOpeCF">受取保険料</link:label>    <link:labelArc xlink:type="arc" xlink:arcrole="http://www.xbrl.org/2003/arcrole/concept-label" xlink:from="InsuranceFeeIncomeOpeCF" xlink:to="label_InsuranceFeeIncomeOpeCF" />    <link:label xlink:type="resource" xlink:label="label_InsuranceFeeIncomeOpeCF_2" xml:lang="ja" xlink:role="http://www.xbrl.org/2003/role/verboseLabel" id="label_InsuranceFeeIncomeOpeCF_2">受取保険料、営業活動によるキャッシュ・フロー</link:label>    <link:labelArc xlink:type="arc" xlink:arcrole="http://www.xbrl.org/2003/arcrole/concept-label" xlink:from="InsuranceFeeIncomeOpeCF" xlink:to="label_InsuranceFeeIncomeOpeCF_2" />    <link:label xlink:type="resource" xlink:label="label_FinancingExpensesOpeCF" xml:lang="ja" xlink:role="http://www.xbrl.org/2003/role/label" id="label_FinancingExpensesOpeCF">資金調達費用</link:label>    <link:labelArc xlink:type="arc" xlink:arcrole="http://www.xbrl.org/2003/arcrole/concept-label" xlink:from="FinancingExpensesOpeCF" xlink:to="label_FinancingExpensesOpeCF" />    <link:label xlink:type="resource" xlink:label="label_FinancingExpensesOpeCF_2" xml:lang="ja" xlink:role="http://www.xbrl.org/2003/role/verboseLabel" id="label_FinancingExpensesOpeCF_2">資金調達費用、営業活動によるキャッシュ・フロー</link:label>    <link:labelArc xlink:type="arc" xlink:arcrole="http://www.xbrl.org/2003/arcrole/concept-label" xlink:from="FinancingExpensesOpeCF" xlink:to="label_FinancingExpensesOpeCF_2" />    <link:label xlink:type="resource" xlink:label="label_DecreaseIncreaseInRawMaterialsAndSuppliesOpeCF" xml:lang="ja" xlink:role="http://www.xbrl.org/2003/role/label" id="label_DecreaseIncreaseInRawMaterialsAndSuppliesOpeCF">原材料及び貯蔵品の増減額（△は増加）</link:label>    <link:labelArc xlink:type="arc" xlink:arcrole="http://www.xbrl.org/2003/arcrole/concept-label" xlink:from="DecreaseIncreaseInRawMaterialsAndSuppliesOpeCF" xlink:to="label_DecreaseIncreaseInRawMaterialsAndSuppliesOpeCF" />    <link:label xlink:type="resource" xlink:label="label_DecreaseIncreaseInRawMaterialsAndSuppliesOpeCF_2" xml:lang="ja" xlink:role="http://www.xbrl.org/2003/role/verboseLabel" id="label_DecreaseIncreaseInRawMaterialsAndSuppliesOpeCF_2">原材料及び貯蔵品の増減額（△は増加）、営業活動によるキャッシュ・フロー</link:label>    <link:labelArc xlink:type="arc" xlink:arcrole="http://www.xbrl.org/2003/arcrole/concept-label" xlink:from="DecreaseIncreaseInRawMaterialsAndSuppliesOpeCF" xlink:to="label_DecreaseIncreaseInRawMaterialsAndSuppliesOpeCF_2" />    <link:label xlink:type="resource" xlink:label="label_IncreaseDecreaseInProvisionForLossOnProjectsOpeCF" xml:lang="ja" xlink:role="http://www.xbrl.org/2003/role/label" id="label_IncreaseDecreaseInProvisionForLossOnProjectsOpeCF">プロジェクト損失引当金の増減額（△は減少）</link:label>    <link:labelArc xlink:type="arc" xlink:arcrole="http://www.xbrl.org/2003/arcrole/concept-label" xlink:from="IncreaseDecreaseInProvisionForLossOnProjectsOpeCF" xlink:to="label_IncreaseDecreaseInProvisionForLossOnProjectsOpeCF" />    <link:label xlink:type="resource" xlink:label="label_IncreaseDecreaseInProvisionForLossOnProjectsOpeCF_2" xml:lang="ja" xlink:role="http://www.xbrl.org/2003/role/verboseLabel" id="label_IncreaseDecreaseInProvisionForLossOnProjectsOpeCF_2">プロジェクト損失引当金の増減額（△は減少）、営業活動によるキャッシュ・フロー</link:label>    <link:labelArc xlink:type="arc" xlink:arcrole="http://www.xbrl.org/2003/arcrole/concept-label" xlink:from="IncreaseDecreaseInProvisionForLossOnProjectsOpeCF" xlink:to="label_IncreaseDecreaseInProvisionForLossOnProjectsOpeCF_2" />    <link:label xlink:type="resource" xlink:label="label_IncreaseDecreaseInAdvancesReceivedAndContractLiabilitiesOpeCF" xml:lang="ja" xlink:role="http://www.xbrl.org/2003/role/label" id="label_IncreaseDecreaseInAdvancesReceivedAndContractLiabilitiesOpeCF">前受金及び契約負債の増減額（△は減少）</link:label>    <link:labelArc xlink:type="arc" xlink:arcrole="http://www.xbrl.org/2003/arcrole/concept-label" xlink:from="IncreaseDecreaseInAdvancesReceivedAndContractLiabilitiesOpeCF" xlink:to="label_IncreaseDecreaseInAdvancesReceivedAndContractLiabilitiesOpeCF" />    <link:label xlink:type="resource" xlink:label="label_IncreaseDecreaseInAdvancesReceivedAndContractLiabilitiesOpeCF_2" xml:lang="ja" xlink:role="http://www.xbrl.org/2003/role/verboseLabel" id="label_IncreaseDecreaseInAdvancesReceivedAndContractLiabilitiesOpeCF_2">前受金及び契約負債の増減額（△は減少）、営業活動によるキャッシュ・フロー</link:label>    <link:labelArc xlink:type="arc" xlink:arcrole="http://www.xbrl.org/2003/arcrole/concept-label" xlink:from="IncreaseDecreaseInAdvancesReceivedAndContractLiabilitiesOpeCF" xlink:to="label_IncreaseDecreaseInAdvancesReceivedAndContractLiabilitiesOpeCF_2" />    <link:label xlink:type="resource" xlink:label="label_PaymentsForPurchaseOfTreasurySubscriptionRightToShareFinCF" xml:lang="ja" xlink:role="http://www.xbrl.org/2003/role/label" id="label_PaymentsForPurchaseOfTreasurySubscriptionRightToShareFinCF">自己新株予約権の取得による支出</link:label>    <link:labelArc xlink:type="arc" xlink:arcrole="http://www.xbrl.org/2003/arcrole/concept-label" xlink:from="PaymentsForPurchaseOfTreasurySubscriptionRightToShareFinCF" xlink:to="label_PaymentsForPurchaseOfTreasurySubscriptionRightToShareFinCF" />    <link:label xlink:type="resource" xlink:label="label_PaymentsForPurchaseOfTreasurySubscriptionRightToShareFinCF_2" xml:lang="ja" xlink:role="http://www.xbrl.org/2003/role/verboseLabel" id="label_PaymentsForPurchaseOfTreasurySubscriptionRightToShareFinCF_2">自己新株予約権の取得による支出、財務活動によるキャッシュ・フロー</link:label>    <link:labelArc xlink:type="arc" xlink:arcrole="http://www.xbrl.org/2003/arcrole/concept-label" xlink:from="PaymentsForPurchaseOfTreasurySubscriptionRightToShareFinCF" xlink:to="label_PaymentsForPurchaseOfTreasurySubscriptionRightToShareFinCF_2" />    <link:loc xlink:type="locator" xlink:href="http://disclosure.edinet-fsa.go.jp/taxonomy/jppfs/2024-11-01/jppfs_cor_2024-11-01.xsd#jppfs_cor_StatementOfCashFlowsTable" xlink:label="StatementOfCashFlowsTable" />    <link:label xlink:type="resource" xlink:label="label_StatementOfCashFlowsTable" xml:lang="ja" xlink:role="http://disclosure.edinet-fsa.go.jp/jppfs/ConsolidatedQuarterly/role/label" id="label_StatementOfCashFlowsTable">四半期連結キャッシュ・フロー計算書</link:label>    <link:labelArc xlink:type="arc" xlink:arcrole="http://www.xbrl.org/2003/arcrole/concept-label" xlink:from="StatementOfCashFlowsTable" xlink:to="label_StatementOfCashFlowsTable" />    <link:loc xlink:type="locator" xlink:href="http://disclosure.edinet-fsa.go.jp/taxonomy/jppfs/2024-11-01/jppfs_cor_2024-11-01.xsd#jppfs_cor_StatementOfCashFlowsLineItems" xlink:label="StatementOfCashFlowsLineItems" />    <link:label xlink:type="resource" xlink:label="label_StatementOfCashFlowsLineItems" xml:lang="ja" xlink:role="http://disclosure.edinet-fsa.go.jp/jppfs/ConsolidatedQuarterly/role/label" id="label_StatementOfCashFlowsLineItems">四半期連結キャッシュ・フロー計算書</link:label>    <link:labelArc xlink:type="arc" xlink:arcrole="http://www.xbrl.org/2003/arcrole/concept-label" xlink:from="StatementOfCashFlowsLineItems" xlink:to="label_StatementOfCashFlowsLineItems" />    <link:loc xlink:type="locator" xlink:href="tse-scedjpfr-402A0-2025-11-30-01-2026-01-14.xsd#tse-scedjpfr-402A0_LossOnRetirementOfTreasurySubscriptionRightsToSharesEL" xlink:label="LossOnRetirementOfTreasurySubscriptionRightsToSharesEL" />    <link:label xlink:type="resource" xlink:label="label_LossOnRetirementOfTreasurySubscriptionRightsToSharesEL" xml:lang="ja" xlink:role="http://www.xbrl.org/2003/role/label" id="label_LossOnRetirementOfTreasurySubscriptionRightsToSharesEL">自己新株予約権消却損</link:label>    <link:labelArc xlink:type="arc" xlink:arcrole="http://www.xbrl.org/2003/arcrole/concept-label" xlink:from="LossOnRetirementOfTreasurySubscriptionRightsToSharesEL" xlink:to="label_LossOnRetirementOfTreasurySubscriptionRightsToSharesEL" />    <link:label xlink:type="resource" xlink:label="label_LossOnRetirementOfTreasurySubscriptionRightsToSharesEL_2" xml:lang="ja" xlink:role="http://www.xbrl.org/2003/role/verboseLabel" id="label_LossOnRetirementOfTreasurySubscriptionRightsToSharesEL_2">自己新株予約権消却損、特別損失</link:label>    <link:labelArc xlink:type="arc" xlink:arcrole="http://www.xbrl.org/2003/arcrole/concept-label" xlink:from="LossOnRetirementOfTreasurySubscriptionRightsToSharesEL" xlink:to="label_LossOnRetirementOfTreasurySubscriptionRightsToSharesEL_2" />    <link:label xlink:type="resource" xlink:label="label_LossOnRetirementOfTreasurySubscriptionRightsToSharesOpeCF" xml:lang="ja" xlink:role="http://www.xbrl.org/2003/role/label" id="label_LossOnRetirementOfTreasurySubscriptionRightsToSharesOpeCF">自己新株予約権消却損</link:label>    <link:labelArc xlink:type="arc" xlink:arcrole="http://www.xbrl.org/2003/arcrole/concept-label" xlink:from="LossOnRetirementOfTreasurySubscriptionRightsToSharesOpeCF" xlink:to="label_LossOnRetirementOfTreasurySubscriptionRightsToSharesOpeCF" />    <link:label xlink:type="resource" xlink:label="label_LossOnRetirementOfTreasurySubscriptionRightsToSharesOpeCF_2" xml:lang="ja" xlink:role="http://www.xbrl.org/2003/role/verboseLabel" id="label_LossOnRetirementOfTreasurySubscriptionRightsToSharesOpeCF_2">自己新株予約権消却損、営業活動によるキャッシュ・フロー</link:label>    <link:labelArc xlink:type="arc" xlink:arcrole="http://www.xbrl.org/2003/arcrole/concept-label" xlink:from="LossOnRetirementOfTreasurySubscriptionRightsToSharesOpeCF" xlink:to="label_LossOnRetirementOfTreasurySubscriptionRightsToSharesOpeCF_2" />    <link:loc xlink:type="locator" xlink:href="http://disclosure.edinet-fsa.go.jp/taxonomy/jppfs/2024-11-01/jppfs_cor_2024-11-01.xsd#jppfs_cor_StatementOfIncomeTable" xlink:label="StatementOfIncomeTable" />    <link:label xlink:type="resource" xlink:label="label_StatementOfIncomeTable" xml:lang="ja" xlink:role="http://disclosure.edinet-fsa.go.jp/jppfs/ConsolidatedQuarterly/role/label" id="label_StatementOfIncomeTable">四半期連結損益計算書</link:label>    <link:labelArc xlink:type="arc" xlink:arcrole="http://www.xbrl.org/2003/arcrole/concept-label" xlink:from="StatementOfIncomeTable" xlink:to="label_StatementOfIncomeTable" />    <link:loc xlink:type="locator" xlink:href="http://disclosure.edinet-fsa.go.jp/taxonomy/jppfs/2024-11-01/jppfs_cor_2024-11-01.xsd#jppfs_cor_StatementOfIncomeLineItems" xlink:label="StatementOfIncomeLineItems" />    <link:label xlink:type="resource" xlink:label="label_StatementOfIncomeLineItems" xml:lang="ja" xlink:role="http://disclosure.edinet-fsa.go.jp/jppfs/ConsolidatedQuarterly/role/label" id="label_StatementOfIncomeLineItems">四半期連結損益計算書</link:label>    <link:labelArc xlink:type="arc" xlink:arcrole="http://www.xbrl.org/2003/arcrole/concept-label" xlink:from="StatementOfIncomeLineItems" xlink:to="label_StatementOfIncomeLineItems" />    <link:label xlink:type="resource" xlink:label="label_NotesRegardingFinancialCovenantClausesTextBlock" xml:lang="ja" xlink:role="http://www.xbrl.org/2003/role/label" id="label_NotesRegardingFinancialCovenantClausesTextBlock">財務制限条項に関する注記</link:label>    <link:labelArc xlink:type="arc" xlink:arcrole="http://www.xbrl.org/2003/arcrole/concept-label" xlink:from="NotesRegardingFinancialCovenantClausesTextBlock" xlink:to="label_NotesRegardingFinancialCovenantClausesTextBlock" />    <link:label xlink:type="resource" xlink:label="label_NotesRegardingFinancialCovenantClausesTextBlock_2" xml:lang="ja" xlink:role="http://www.xbrl.org/2003/role/verboseLabel" id="label_NotesRegardingFinancialCovenantClausesTextBlock_2">財務制限条項に関する注記 [テキストブロック]</link:label>    <link:labelArc xlink:type="arc" xlink:arcrole="http://www.xbrl.org/2003/arcrole/concept-label" xlink:from="NotesRegardingFinancialCovenantClausesTextBlock" xlink:to="label_NotesRegardingFinancialCovenantClausesTextBlock_2" />    <link:loc xlink:type="locator" xlink:href="http://disclosure.edinet-fsa.go.jp/taxonomy/jppfs/2024-11-01/jppfs_cor_2024-11-01.xsd#jppfs_cor_BalanceSheetTable" xlink:label="BalanceSheetTable" />    <link:label xlink:type="resource" xlink:label="label_BalanceSheetTable" xml:lang="ja" xlink:role="http://disclosure.edinet-fsa.go.jp/jppfs/ConsolidatedQuarterly/role/label" id="label_BalanceSheetTable">四半期連結貸借対照表</link:label>    <link:labelArc xlink:type="arc" xlink:arcrole="http://www.xbrl.org/2003/arcrole/concept-label" xlink:from="BalanceSheetTable" xlink:to="label_BalanceSheetTable" />    <link:loc xlink:type="locator" xlink:href="http://disclosure.edinet-fsa.go.jp/taxonomy/jppfs/2024-11-01/jppfs_cor_2024-11-01.xsd#jppfs_cor_BalanceSheetLineItems" xlink:label="BalanceSheetLineItems" />    <link:label xlink:type="resource" xlink:label="label_BalanceSheetLineItems" xml:lang="ja" xlink:role="http://disclosure.edinet-fsa.go.jp/jppfs/ConsolidatedQuarterly/role/label" id="label_BalanceSheetLineItems">四半期連結貸借対照表</link:label>    <link:labelArc xlink:type="arc" xlink:arcrole="http://www.xbrl.org/2003/arcrole/concept-label" xlink:from="BalanceSheetLineItems" xlink:to="label_BalanceSheetLineItems" />    <link:label xlink:type="resource" xlink:label="label_AxelLinerBusinessReportableSegmentMember" xml:lang="ja" xlink:role="http://www.xbrl.org/2003/role/label" id="label_AxelLinerBusinessReportableSegmentMember">AxelLiner事業</link:label>    <link:labelArc xlink:type="arc" xlink:arcrole="http://www.xbrl.org/2003/arcrole/concept-label" xlink:from="AxelLinerBusinessReportableSegmentMember" xlink:to="label_AxelLinerBusinessReportableSegmentMember" />    <link:label xlink:type="resource" xlink:label="label_AxelLinerBusinessReportableSegmentMember_2" xml:lang="ja" xlink:role="http://www.xbrl.org/2003/role/verboseLabel" id="label_AxelLinerBusinessReportableSegmentMember_2">AxelLiner事業、報告セグメント [メンバー]</link:label>    <link:labelArc xlink:type="arc" xlink:arcrole="http://www.xbrl.org/2003/arcrole/concept-label" xlink:from="AxelLinerBusinessReportableSegmentMember" xlink:to="label_AxelLinerBusinessReportableSegmentMember_2" />    <link:label xlink:type="resource" xlink:label="label_AxelGlobeBusinessReportableSegmentMember" xml:lang="ja" xlink:role="http://www.xbrl.org/2003/role/label" id="label_AxelGlobeBusinessReportableSegmentMember">AxelGlobe事業</link:label>    <link:labelArc xlink:type="arc" xlink:arcrole="http://www.xbrl.org/2003/arcrole/concept-label" xlink:from="AxelGlobeBusinessReportableSegmentMember" xlink:to="label_AxelGlobeBusinessReportableSegmentMember" />    <link:label xlink:type="resource" xlink:label="label_AxelGlobeBusinessReportableSegmentMember_2" xml:lang="ja" xlink:role="http://www.xbrl.org/2003/role/verboseLabel" id="label_AxelGlobeBusinessReportableSegmentMember_2">AxelGlobe事業、報告セグメント [メンバー]</link:label>    <link:labelArc xlink:type="arc" xlink:arcrole="http://www.xbrl.org/2003/arcrole/concept-label" xlink:from="AxelGlobeBusinessReportableSegmentMember" xlink:to="label_AxelGlobeBusinessReportableSegmentMember_2" />  </link:labelLink></link:linkbase>