﻿<?xml version="1.0" encoding="utf-8"?>
<!-- XBRL Document Created with WizLabo Platform -->
<link:linkbase xmlns:xlink="http://www.w3.org/1999/xlink" xmlns:xsi="http://www.w3.org/2001/XMLSchema-instance" xmlns:link="http://www.xbrl.org/2003/linkbase">
  <link:roleRef xlink:type="simple" xlink:href="http://disclosure.edinet-fsa.go.jp/taxonomy/jppfs/2024-11-01/jppfs_rt_2024-11-01.xsd#rol_ConsolidatedLabel" roleURI="http://disclosure.edinet-fsa.go.jp/jppfs/Consolidated/role/label" />
  <link:roleRef xlink:type="simple" xlink:href="http://disclosure.edinet-fsa.go.jp/taxonomy/jppfs/2024-11-01/jppfs_rt_2024-11-01.xsd#rol_NonConsolidatedLabel" roleURI="http://disclosure.edinet-fsa.go.jp/jppfs/NonConsolidated/role/label" />
  <link:labelLink xlink:type="extended" xlink:role="http://www.xbrl.org/2003/role/link">
    <link:label xml:lang="ja" xlink:type="resource" xlink:label="jppfs_cor_DecreaseIncreaseInInventoriesOpeCF_label" xlink:role="http://disclosure.edinet-fsa.go.jp/jppfs/Consolidated/role/label">たな卸資産の増減額（△は増加）</link:label>
    <link:label xml:lang="ja" xlink:type="resource" xlink:label="jppfs_cor_DecreaseIncreaseInInventoriesOpeCF_label_1" xlink:role="http://disclosure.edinet-fsa.go.jp/jppfs/NonConsolidated/role/label">たな卸資産の増減額（△は増加）</link:label>
    <link:label xml:lang="ja" xlink:type="resource" xlink:label="tse-scedjpfr-31480_IncreaseDecreaseInProvisionForLossOnSubleasesOpeCF_label_1" xlink:role="http://www.xbrl.org/2003/role/label">転貸損失引当金の増減額（△は減少）</link:label>
    <link:label xml:lang="ja" xlink:type="resource" xlink:label="tse-scedjpfr-31480_IncreaseDecreaseInProvisionForLossOnSubleasesOpeCF_label_2" xlink:role="http://www.xbrl.org/2003/role/verboseLabel">転貸損失引当金の増減額（△は減少）、営業活動によるキャッシュ・フロー</link:label>
    <link:label xml:lang="ja" xlink:type="resource" xlink:label="tse-scedjpfr-31480_IncreaseDecreaseInProvisionForLossOnSubleasesOpeCF_label" xlink:role="http://www.xbrl.org/2003/role/documentation">転貸損失引当金の増減額（△は減少）、営業活動によるキャッシュ・フロー</link:label>
    <link:label xml:lang="ja" xlink:type="resource" xlink:label="tse-scedjpfr-31480_IncreaseDecreaseInProvisionForProvisionForLossOnCansellationOpeCF_label" xlink:role="http://www.xbrl.org/2003/role/label">解約損失引当金の増減額（△は減少）</link:label>
    <link:label xml:lang="ja" xlink:type="resource" xlink:label="tse-scedjpfr-31480_IncreaseDecreaseInProvisionForProvisionForLossOnCansellationOpeCF_label_1" xlink:role="http://www.xbrl.org/2003/role/verboseLabel">解約損失引当金の増減額（△は減少）、営業活動によるキャッシュ・フロー</link:label>
    <link:label xml:lang="ja" xlink:type="resource" xlink:label="tse-scedjpfr-31480_PaymentsIntoDepositMoneyInvCF_label" xlink:role="http://www.xbrl.org/2003/role/label">供託金の預入による支出</link:label>
    <link:label xml:lang="ja" xlink:type="resource" xlink:label="tse-scedjpfr-31480_PaymentsIntoDepositMoneyInvCF_label_1" xlink:role="http://www.xbrl.org/2003/role/verboseLabel">供託金の預入による支出、投資活動によるキャッシュ・フロー</link:label>
    <link:label xml:lang="ja" xlink:type="resource" xlink:label="tse-scedjpfr-31480_PaymentsOfBranchInProgressInvCF_label_1" xlink:role="http://www.xbrl.org/2003/role/label">出店仮勘定による支出</link:label>
    <link:label xml:lang="ja" xlink:type="resource" xlink:label="tse-scedjpfr-31480_PaymentsOfBranchInProgressInvCF_label_2" xlink:role="http://www.xbrl.org/2003/role/verboseLabel">出店仮勘定による支出、投資活動によるキャッシュ・フロー</link:label>
    <link:label xml:lang="ja" xlink:type="resource" xlink:label="tse-scedjpfr-31480_PaymentsOfBranchInProgressInvCF_label" xlink:role="http://www.xbrl.org/2003/role/documentation">出店仮勘定による支出、投資活動によるキャッシュ・フロー</link:label>
    <link:label xml:lang="ja" xlink:type="resource" xlink:label="tse-scedjpfr-31480_ProvisionForLossOnCancellationCL_label" xlink:role="http://www.xbrl.org/2003/role/label">解約損失引当金</link:label>
    <link:label xml:lang="ja" xlink:type="resource" xlink:label="tse-scedjpfr-31480_ProvisionForLossOnCancellationCL_label_1" xlink:role="http://www.xbrl.org/2003/role/verboseLabel">解約損失引当金、流動負債</link:label>
    <link:label xml:lang="ja" xlink:type="resource" xlink:label="tse-scedjpfr-31480_ProvisionForLossOnCancellationEL_label" xlink:role="http://www.xbrl.org/2003/role/label">解約損失引当金繰入額</link:label>
    <link:label xml:lang="ja" xlink:type="resource" xlink:label="tse-scedjpfr-31480_ProvisionForLossOnCancellationEL_label_1" xlink:role="http://www.xbrl.org/2003/role/verboseLabel">解約損失引当金繰入額、特別損失</link:label>
    <link:label xml:lang="ja" xlink:type="resource" xlink:label="tse-scedjpfr-31480_ProvisionForLossOnCancellationNCL_label" xlink:role="http://www.xbrl.org/2003/role/label">解約損失引当金</link:label>
    <link:label xml:lang="ja" xlink:type="resource" xlink:label="tse-scedjpfr-31480_ProvisionForLossOnCancellationNCL_label_1" xlink:role="http://www.xbrl.org/2003/role/verboseLabel">解約損失引当金、固定負債</link:label>
    <link:label xml:lang="ja" xlink:type="resource" xlink:label="tse-scedjpfr-31480_ProvisionForLossOnSubleaseNCL_label" xlink:role="http://www.xbrl.org/2003/role/label">転貸損失引当金</link:label>
    <link:label xml:lang="ja" xlink:type="resource" xlink:label="tse-scedjpfr-31480_ProvisionForLossOnSubleaseNCL_label_1" xlink:role="http://www.xbrl.org/2003/role/verboseLabel">転貸損失引当金、固定負債</link:label>
    <link:loc xlink:type="locator" xlink:href="http://disclosure.edinet-fsa.go.jp/taxonomy/jppfs/2024-11-01/jppfs_cor_2024-11-01.xsd#jppfs_cor_DecreaseIncreaseInInventoriesOpeCF" xlink:label="jppfs_cor_DecreaseIncreaseInInventoriesOpeCF" />
    <link:loc xlink:type="locator" xlink:href="tse-scedjpfr-31480-2025-11-30-01-2026-01-13.xsd#tse-scedjpfr-31480_IncreaseDecreaseInProvisionForLossOnSubleasesOpeCF" xlink:label="tse-scedjpfr-31480_IncreaseDecreaseInProvisionForLossOnSubleasesOpeCF" />
    <link:loc xlink:type="locator" xlink:href="tse-scedjpfr-31480-2025-11-30-01-2026-01-13.xsd#tse-scedjpfr-31480_IncreaseDecreaseInProvisionForProvisionForLossOnCansellationOpeCF" xlink:label="tse-scedjpfr-31480_IncreaseDecreaseInProvisionForProvisionForLossOnCansellationOpeCF" />
    <link:loc xlink:type="locator" xlink:href="tse-scedjpfr-31480-2025-11-30-01-2026-01-13.xsd#tse-scedjpfr-31480_PaymentsIntoDepositMoneyInvCF" xlink:label="tse-scedjpfr-31480_PaymentsIntoDepositMoneyInvCF" />
    <link:loc xlink:type="locator" xlink:href="tse-scedjpfr-31480-2025-11-30-01-2026-01-13.xsd#tse-scedjpfr-31480_PaymentsOfBranchInProgressInvCF" xlink:label="tse-scedjpfr-31480_PaymentsOfBranchInProgressInvCF" />
    <link:loc xlink:type="locator" xlink:href="tse-scedjpfr-31480-2025-11-30-01-2026-01-13.xsd#tse-scedjpfr-31480_ProvisionForLossOnCancellationCL" xlink:label="tse-scedjpfr-31480_ProvisionForLossOnCancellationCL" />
    <link:loc xlink:type="locator" xlink:href="tse-scedjpfr-31480-2025-11-30-01-2026-01-13.xsd#tse-scedjpfr-31480_ProvisionForLossOnCancellationEL" xlink:label="tse-scedjpfr-31480_ProvisionForLossOnCancellationEL" />
    <link:loc xlink:type="locator" xlink:href="tse-scedjpfr-31480-2025-11-30-01-2026-01-13.xsd#tse-scedjpfr-31480_ProvisionForLossOnCancellationNCL" xlink:label="tse-scedjpfr-31480_ProvisionForLossOnCancellationNCL" />
    <link:loc xlink:type="locator" xlink:href="tse-scedjpfr-31480-2025-11-30-01-2026-01-13.xsd#tse-scedjpfr-31480_ProvisionForLossOnSubleaseNCL" xlink:label="tse-scedjpfr-31480_ProvisionForLossOnSubleaseNCL" />
    <link:labelArc xlink:type="arc" xlink:from="jppfs_cor_DecreaseIncreaseInInventoriesOpeCF" xlink:to="jppfs_cor_DecreaseIncreaseInInventoriesOpeCF_label" xlink:arcrole="http://www.xbrl.org/2003/arcrole/concept-label" order="1" />
    <link:labelArc xlink:type="arc" xlink:from="jppfs_cor_DecreaseIncreaseInInventoriesOpeCF" xlink:to="jppfs_cor_DecreaseIncreaseInInventoriesOpeCF_label_1" xlink:arcrole="http://www.xbrl.org/2003/arcrole/concept-label" order="1" />
    <link:labelArc xlink:type="arc" xlink:from="tse-scedjpfr-31480_IncreaseDecreaseInProvisionForLossOnSubleasesOpeCF" xlink:to="tse-scedjpfr-31480_IncreaseDecreaseInProvisionForLossOnSubleasesOpeCF_label" xlink:arcrole="http://www.xbrl.org/2003/arcrole/concept-label" order="1" />
    <link:labelArc xlink:type="arc" xlink:from="tse-scedjpfr-31480_IncreaseDecreaseInProvisionForLossOnSubleasesOpeCF" xlink:to="tse-scedjpfr-31480_IncreaseDecreaseInProvisionForLossOnSubleasesOpeCF_label_1" xlink:arcrole="http://www.xbrl.org/2003/arcrole/concept-label" order="1" />
    <link:labelArc xlink:type="arc" xlink:from="tse-scedjpfr-31480_IncreaseDecreaseInProvisionForLossOnSubleasesOpeCF" xlink:to="tse-scedjpfr-31480_IncreaseDecreaseInProvisionForLossOnSubleasesOpeCF_label_2" xlink:arcrole="http://www.xbrl.org/2003/arcrole/concept-label" order="1" />
    <link:labelArc xlink:type="arc" xlink:from="tse-scedjpfr-31480_IncreaseDecreaseInProvisionForProvisionForLossOnCansellationOpeCF" xlink:to="tse-scedjpfr-31480_IncreaseDecreaseInProvisionForProvisionForLossOnCansellationOpeCF_label" xlink:arcrole="http://www.xbrl.org/2003/arcrole/concept-label" order="1" />
    <link:labelArc xlink:type="arc" xlink:from="tse-scedjpfr-31480_IncreaseDecreaseInProvisionForProvisionForLossOnCansellationOpeCF" xlink:to="tse-scedjpfr-31480_IncreaseDecreaseInProvisionForProvisionForLossOnCansellationOpeCF_label_1" xlink:arcrole="http://www.xbrl.org/2003/arcrole/concept-label" order="1" />
    <link:labelArc xlink:type="arc" xlink:from="tse-scedjpfr-31480_PaymentsIntoDepositMoneyInvCF" xlink:to="tse-scedjpfr-31480_PaymentsIntoDepositMoneyInvCF_label" xlink:arcrole="http://www.xbrl.org/2003/arcrole/concept-label" order="1" />
    <link:labelArc xlink:type="arc" xlink:from="tse-scedjpfr-31480_PaymentsIntoDepositMoneyInvCF" xlink:to="tse-scedjpfr-31480_PaymentsIntoDepositMoneyInvCF_label_1" xlink:arcrole="http://www.xbrl.org/2003/arcrole/concept-label" order="1" />
    <link:labelArc xlink:type="arc" xlink:from="tse-scedjpfr-31480_PaymentsOfBranchInProgressInvCF" xlink:to="tse-scedjpfr-31480_PaymentsOfBranchInProgressInvCF_label_2" xlink:arcrole="http://www.xbrl.org/2003/arcrole/concept-label" order="1" />
    <link:labelArc xlink:type="arc" xlink:from="tse-scedjpfr-31480_PaymentsOfBranchInProgressInvCF" xlink:to="tse-scedjpfr-31480_PaymentsOfBranchInProgressInvCF_label" xlink:arcrole="http://www.xbrl.org/2003/arcrole/concept-label" order="1" />
    <link:labelArc xlink:type="arc" xlink:from="tse-scedjpfr-31480_PaymentsOfBranchInProgressInvCF" xlink:to="tse-scedjpfr-31480_PaymentsOfBranchInProgressInvCF_label_1" xlink:arcrole="http://www.xbrl.org/2003/arcrole/concept-label" order="1" />
    <link:labelArc xlink:type="arc" xlink:from="tse-scedjpfr-31480_ProvisionForLossOnCancellationCL" xlink:to="tse-scedjpfr-31480_ProvisionForLossOnCancellationCL_label" xlink:arcrole="http://www.xbrl.org/2003/arcrole/concept-label" order="1" />
    <link:labelArc xlink:type="arc" xlink:from="tse-scedjpfr-31480_ProvisionForLossOnCancellationCL" xlink:to="tse-scedjpfr-31480_ProvisionForLossOnCancellationCL_label_1" xlink:arcrole="http://www.xbrl.org/2003/arcrole/concept-label" order="1" />
    <link:labelArc xlink:type="arc" xlink:from="tse-scedjpfr-31480_ProvisionForLossOnCancellationEL" xlink:to="tse-scedjpfr-31480_ProvisionForLossOnCancellationEL_label" xlink:arcrole="http://www.xbrl.org/2003/arcrole/concept-label" order="1" />
    <link:labelArc xlink:type="arc" xlink:from="tse-scedjpfr-31480_ProvisionForLossOnCancellationEL" xlink:to="tse-scedjpfr-31480_ProvisionForLossOnCancellationEL_label_1" xlink:arcrole="http://www.xbrl.org/2003/arcrole/concept-label" order="1" />
    <link:labelArc xlink:type="arc" xlink:from="tse-scedjpfr-31480_ProvisionForLossOnCancellationNCL" xlink:to="tse-scedjpfr-31480_ProvisionForLossOnCancellationNCL_label" xlink:arcrole="http://www.xbrl.org/2003/arcrole/concept-label" order="1" />
    <link:labelArc xlink:type="arc" xlink:from="tse-scedjpfr-31480_ProvisionForLossOnCancellationNCL" xlink:to="tse-scedjpfr-31480_ProvisionForLossOnCancellationNCL_label_1" xlink:arcrole="http://www.xbrl.org/2003/arcrole/concept-label" order="1" />
    <link:labelArc xlink:type="arc" xlink:from="tse-scedjpfr-31480_ProvisionForLossOnSubleaseNCL" xlink:to="tse-scedjpfr-31480_ProvisionForLossOnSubleaseNCL_label" xlink:arcrole="http://www.xbrl.org/2003/arcrole/concept-label" order="1" />
    <link:labelArc xlink:type="arc" xlink:from="tse-scedjpfr-31480_ProvisionForLossOnSubleaseNCL" xlink:to="tse-scedjpfr-31480_ProvisionForLossOnSubleaseNCL_label_1" xlink:arcrole="http://www.xbrl.org/2003/arcrole/concept-label" order="1" />
  </link:labelLink>
</link:linkbase>