﻿<?xml version="1.0" encoding="utf-8"?>
<!-- XBRL Document Created with WizLabo Platform -->
<link:linkbase xmlns:xlink="http://www.w3.org/1999/xlink" xmlns:xsi="http://www.w3.org/2001/XMLSchema-instance" xmlns:link="http://www.xbrl.org/2003/linkbase">
  <link:roleRef xlink:type="simple" xlink:href="http://disclosure.edinet-fsa.go.jp/taxonomy/jppfs/2024-11-01/jppfs_rt_2024-11-01.xsd#rol_CTELabel" roleURI="http://disclosure.edinet-fsa.go.jp/jppfs/cte/role/label" />
  <link:labelLink xlink:type="extended" xlink:role="http://www.xbrl.org/2003/role/link">
    <link:label xml:lang="en" xlink:type="resource" xlink:label="jppfs_cor_RealEstateForRentNet_label" xlink:role="http://disclosure.edinet-fsa.go.jp/jppfs/cte/role/label">Real estate for rent</link:label>
    <link:label xml:lang="en" xlink:type="resource" xlink:label="tse-scedjpfr-78080_ConstructionContractingReportableSegmentMember_label" xlink:role="http://www.xbrl.org/2003/role/label">Construction contracting</link:label>
    <link:label xml:lang="en" xlink:type="resource" xlink:label="tse-scedjpfr-78080_ConstructionContractingReportableSegmentMember_label_1" xlink:role="http://www.xbrl.org/2003/role/verboseLabel">Construction contracting, Reportable segment [member]</link:label>
    <link:label xml:lang="en" xlink:type="resource" xlink:label="tse-scedjpfr-78080_PrecutReportableSegmentMember_label" xlink:role="http://www.xbrl.org/2003/role/label">Precut</link:label>
    <link:label xml:lang="en" xlink:type="resource" xlink:label="tse-scedjpfr-78080_PrecutReportableSegmentMember_label_1" xlink:role="http://www.xbrl.org/2003/role/verboseLabel">Precut, Reportable segment [member]</link:label>
    <link:label xml:lang="en" xlink:type="resource" xlink:label="tse-scedjpfr-78080_RealEstateLeaseReportableSegmentMember_label" xlink:role="http://www.xbrl.org/2003/role/label">Real estate lease</link:label>
    <link:label xml:lang="en" xlink:type="resource" xlink:label="tse-scedjpfr-78080_RealEstateLeaseReportableSegmentMember_label_1" xlink:role="http://www.xbrl.org/2003/role/verboseLabel">Real estate lease, Reportable segment [member]</link:label>
    <link:loc xlink:type="locator" xlink:href="http://disclosure.edinet-fsa.go.jp/taxonomy/jppfs/2024-11-01/jppfs_cor_2024-11-01.xsd#jppfs_cor_RealEstateForRentNet" xlink:label="jppfs_cor_RealEstateForRentNet" />
    <link:loc xlink:type="locator" xlink:href="tse-scedjpfr-78080-2025-11-30-01-2026-01-14.xsd#tse-scedjpfr-78080_ConstructionContractingReportableSegmentMember" xlink:label="tse-scedjpfr-78080_ConstructionContractingReportableSegmentMember" />
    <link:loc xlink:type="locator" xlink:href="tse-scedjpfr-78080-2025-11-30-01-2026-01-14.xsd#tse-scedjpfr-78080_PrecutReportableSegmentMember" xlink:label="tse-scedjpfr-78080_PrecutReportableSegmentMember" />
    <link:loc xlink:type="locator" xlink:href="tse-scedjpfr-78080-2025-11-30-01-2026-01-14.xsd#tse-scedjpfr-78080_RealEstateLeaseReportableSegmentMember" xlink:label="tse-scedjpfr-78080_RealEstateLeaseReportableSegmentMember" />
    <link:labelArc xlink:type="arc" xlink:from="jppfs_cor_RealEstateForRentNet" xlink:to="jppfs_cor_RealEstateForRentNet_label" xlink:arcrole="http://www.xbrl.org/2003/arcrole/concept-label" order="1" />
    <link:labelArc xlink:type="arc" xlink:from="tse-scedjpfr-78080_ConstructionContractingReportableSegmentMember" xlink:to="tse-scedjpfr-78080_ConstructionContractingReportableSegmentMember_label" xlink:arcrole="http://www.xbrl.org/2003/arcrole/concept-label" order="1" />
    <link:labelArc xlink:type="arc" xlink:from="tse-scedjpfr-78080_ConstructionContractingReportableSegmentMember" xlink:to="tse-scedjpfr-78080_ConstructionContractingReportableSegmentMember_label_1" xlink:arcrole="http://www.xbrl.org/2003/arcrole/concept-label" order="1" />
    <link:labelArc xlink:type="arc" xlink:from="tse-scedjpfr-78080_PrecutReportableSegmentMember" xlink:to="tse-scedjpfr-78080_PrecutReportableSegmentMember_label" xlink:arcrole="http://www.xbrl.org/2003/arcrole/concept-label" order="1" />
    <link:labelArc xlink:type="arc" xlink:from="tse-scedjpfr-78080_PrecutReportableSegmentMember" xlink:to="tse-scedjpfr-78080_PrecutReportableSegmentMember_label_1" xlink:arcrole="http://www.xbrl.org/2003/arcrole/concept-label" order="1" />
    <link:labelArc xlink:type="arc" xlink:from="tse-scedjpfr-78080_RealEstateLeaseReportableSegmentMember" xlink:to="tse-scedjpfr-78080_RealEstateLeaseReportableSegmentMember_label" xlink:arcrole="http://www.xbrl.org/2003/arcrole/concept-label" order="1" />
    <link:labelArc xlink:type="arc" xlink:from="tse-scedjpfr-78080_RealEstateLeaseReportableSegmentMember" xlink:to="tse-scedjpfr-78080_RealEstateLeaseReportableSegmentMember_label_1" xlink:arcrole="http://www.xbrl.org/2003/arcrole/concept-label" order="1" />
  </link:labelLink>
</link:linkbase>