﻿<?xml version="1.0" encoding="utf-8"?>
<!-- XBRL Document Created with WizLabo Platform -->
<link:linkbase xmlns:xlink="http://www.w3.org/1999/xlink" xmlns:xsi="http://www.w3.org/2001/XMLSchema-instance" xmlns:link="http://www.xbrl.org/2003/linkbase">
  <link:labelLink xlink:type="extended" xlink:role="http://www.xbrl.org/2003/role/link">
    <link:label xml:lang="en" xlink:type="resource" xlink:label="tse-acedjpfr-66340_CashSegregatedAsDepositsCA_label" xlink:role="http://www.xbrl.org/2003/role/label">Cash segregated as deposits</link:label>
    <link:label xml:lang="en" xlink:type="resource" xlink:label="tse-acedjpfr-66340_CashSegregatedAsDepositsCA_label_1" xlink:role="http://www.xbrl.org/2003/role/verboseLabel">Cash segregated as deposits-CA</link:label>
    <link:label xml:lang="en" xlink:type="resource" xlink:label="tse-acedjpfr-66340_ChangeInSharesOfParentHeldBySubsidiaries_label" xlink:role="http://www.xbrl.org/2003/role/label">Change in shares of parent held by subsidiaries</link:label>
    <link:label xml:lang="en" xlink:type="resource" xlink:label="tse-acedjpfr-66340_ChangeInSharesOfParentHeldBySubsidiaries_label_1" xlink:role="http://www.xbrl.org/2003/role/verboseLabel">Change in shares of parent held by subsidiaries</link:label>
    <link:label xml:lang="en" xlink:type="resource" xlink:label="tse-acedjpfr-66340_ChangesInEquityOfParentFromTransactionOfNonControllingInterestStatementOfChangesInEquity_label" xlink:role="http://www.xbrl.org/2003/role/label">Changes in equity of parent from transaction of non controlling interest</link:label>
    <link:label xml:lang="en" xlink:type="resource" xlink:label="tse-acedjpfr-66340_ChangesInEquityOfParentFromTransactionOfNonControllingInterestStatementOfChangesInEquity_label_1" xlink:role="http://www.xbrl.org/2003/role/verboseLabel">Changes in equity of parent from transaction of non controlling interest, Statement of changes in equity</link:label>
    <link:label xml:lang="en" xlink:type="resource" xlink:label="tse-acedjpfr-66340_CryptoAssetsBlockChainBusinessReportableSegmentsMemberReportableSegmentMember_label" xlink:role="http://www.xbrl.org/2003/role/label">CryptoAssetsBlockChainBusinessReportableSegmentsMember</link:label>
    <link:label xml:lang="en" xlink:type="resource" xlink:label="tse-acedjpfr-66340_CryptoAssetsBlockChainBusinessReportableSegmentsMemberReportableSegmentMember_label_1" xlink:role="http://www.xbrl.org/2003/role/verboseLabel">CryptoAssetsBlockChainBusinessReportableSegmentsMember, Reportable segment [member]</link:label>
    <link:label xml:lang="en" xlink:type="resource" xlink:label="tse-acedjpfr-66340_CryptoassetsHeldForCustomersCA_label" xlink:role="http://www.xbrl.org/2003/role/label">Cryptoassets held for customers</link:label>
    <link:label xml:lang="en" xlink:type="resource" xlink:label="tse-acedjpfr-66340_CryptoassetsHeldForCustomersCA_label_1" xlink:role="http://www.xbrl.org/2003/role/verboseLabel">Cryptoassets held for customers-CA</link:label>
    <link:label xml:lang="en" xlink:type="resource" xlink:label="tse-acedjpfr-66340_DecreaseIncreaseInCashSegregatedAsDepositsOpeCF_label" xlink:role="http://www.xbrl.org/2003/role/label">Decrease (increase) in cash segregated as deposits</link:label>
    <link:label xml:lang="en" xlink:type="resource" xlink:label="tse-acedjpfr-66340_DecreaseIncreaseInCashSegregatedAsDepositsOpeCF_label_1" xlink:role="http://www.xbrl.org/2003/role/verboseLabel">Decrease (increase) in cash segregated as deposits-OpeCF</link:label>
    <link:label xml:lang="en" xlink:type="resource" xlink:label="tse-acedjpfr-66340_DepositsReceivedForCryptoassetsCL_label" xlink:role="http://www.xbrl.org/2003/role/label">Deposits received for cryptoassets</link:label>
    <link:label xml:lang="en" xlink:type="resource" xlink:label="tse-acedjpfr-66340_DepositsReceivedForCryptoassetsCL_label_1" xlink:role="http://www.xbrl.org/2003/role/verboseLabel">Deposits received for cryptoassets-CL</link:label>
    <link:label xml:lang="en" xlink:type="resource" xlink:label="tse-acedjpfr-66340_IncreaseDecreaseInCryptoassetsHeldForCustomersOpeCF_label" xlink:role="http://www.xbrl.org/2003/role/label">Increase (decrease) in cryptoassets held for customers</link:label>
    <link:label xml:lang="en" xlink:type="resource" xlink:label="tse-acedjpfr-66340_IncreaseDecreaseInCryptoassetsHeldForCustomersOpeCF_label_1" xlink:role="http://www.xbrl.org/2003/role/verboseLabel">Increase (decrease) in cryptoassets held for customers-OpeCF</link:label>
    <link:label xml:lang="en" xlink:type="resource" xlink:label="tse-acedjpfr-66340_IncreaseDecreaseInDepositsReceivedForCryptoassetsOpeCF_label" xlink:role="http://www.xbrl.org/2003/role/label">Increase (decrease) in deposits received for cryptoassets</link:label>
    <link:label xml:lang="en" xlink:type="resource" xlink:label="tse-acedjpfr-66340_IncreaseDecreaseInDepositsReceivedForCryptoassetsOpeCF_label_1" xlink:role="http://www.xbrl.org/2003/role/verboseLabel">Increase (decrease) in deposits received for cryptoassets-OpeCF</link:label>
    <link:label xml:lang="en" xlink:type="resource" xlink:label="tse-acedjpfr-66340_IncreaseDecreaseInOwnedCryptoassetsOpeCF_label" xlink:role="http://www.xbrl.org/2003/role/label">Increase (decrease) in owned cryptoassets</link:label>
    <link:label xml:lang="en" xlink:type="resource" xlink:label="tse-acedjpfr-66340_IncreaseDecreaseInOwnedCryptoassetsOpeCF_label_1" xlink:role="http://www.xbrl.org/2003/role/verboseLabel">Increase (decrease) in owned cryptoassets-OpeCF</link:label>
    <link:label xml:lang="en" xlink:type="resource" xlink:label="tse-acedjpfr-66340_IncreaseInCashAndCashEquivalentsDueToShareExchangeCF_label" xlink:role="http://www.xbrl.org/2003/role/label">Increase in cash and cash equivalents due to share exchange</link:label>
    <link:label xml:lang="en" xlink:type="resource" xlink:label="tse-acedjpfr-66340_IncreaseInCashAndCashEquivalentsDueToShareExchangeCF_label_1" xlink:role="http://www.xbrl.org/2003/role/verboseLabel">Increase in cash and cash equivalents due to share exchange-CF</link:label>
    <link:label xml:lang="en" xlink:type="resource" xlink:label="tse-acedjpfr-66340_IoTRelateedBusinessReportableSegmentMember_label" xlink:role="http://www.xbrl.org/2003/role/label">IoT Relateed Business</link:label>
    <link:label xml:lang="en" xlink:type="resource" xlink:label="tse-acedjpfr-66340_IoTRelateedBusinessReportableSegmentMember_label_1" xlink:role="http://www.xbrl.org/2003/role/verboseLabel">IoT Relateed Business, Reportable segment [member]</link:label>
    <link:label xml:lang="en" xlink:type="resource" xlink:label="tse-acedjpfr-66340_MetaverseDigitalContentsBusinessReportableSegmentMember_label" xlink:role="http://www.xbrl.org/2003/role/label">Metaverse digital contents business</link:label>
    <link:label xml:lang="en" xlink:type="resource" xlink:label="tse-acedjpfr-66340_MetaverseDigitalContentsBusinessReportableSegmentMember_label_1" xlink:role="http://www.xbrl.org/2003/role/verboseLabel">Metaverse digital contents business, Reportable segment [member]</link:label>
    <link:label xml:lang="en" xlink:type="resource" xlink:label="tse-acedjpfr-66340_MovementOfTreasuryStockOwnedByEquityMethodAffiliate_label" xlink:role="http://www.xbrl.org/2003/role/label">Movement of treasury stock owned by equity-method affiliate</link:label>
    <link:label xml:lang="en" xlink:type="resource" xlink:label="tse-acedjpfr-66340_MovementOfTreasuryStockOwnedByEquityMethodAffiliate_label_1" xlink:role="http://www.xbrl.org/2003/role/verboseLabel">Movement of treasury stock owned by equity-method affiliate</link:label>
    <link:label xml:lang="en" xlink:type="resource" xlink:label="tse-acedjpfr-66340_OwnedCryptoassetsCA_label" xlink:role="http://www.xbrl.org/2003/role/label">Owned cryptoassets</link:label>
    <link:label xml:lang="en" xlink:type="resource" xlink:label="tse-acedjpfr-66340_OwnedCryptoassetsCA_label_1" xlink:role="http://www.xbrl.org/2003/role/verboseLabel">Owned cryptoassets-CA</link:label>
    <link:label xml:lang="en" xlink:type="resource" xlink:label="tse-acedjpfr-66340_RevenueFromContractsWithCustomersSegment_label" xlink:role="http://www.xbrl.org/2003/role/label">Revenue from contracts with customers</link:label>
    <link:label xml:lang="en" xlink:type="resource" xlink:label="tse-acedjpfr-66340_RevenueFromContractsWithCustomersSegment_label_1" xlink:role="http://www.xbrl.org/2003/role/verboseLabel">Revenue from contracts with customers,segment</link:label>
    <link:label xml:lang="en" xlink:type="resource" xlink:label="tse-acedjpfr-66340_SolutionBusinessReportableSegmentMember_label" xlink:role="http://www.xbrl.org/2003/role/label">Solution Business</link:label>
    <link:label xml:lang="en" xlink:type="resource" xlink:label="tse-acedjpfr-66340_SolutionBusinessReportableSegmentMember_label_1" xlink:role="http://www.xbrl.org/2003/role/verboseLabel">Solution Business, Reportable segment [member]</link:label>
    <link:label xml:lang="en" xlink:type="resource" xlink:label="tse-acedjpfr-66340_TheMutualReliefSystemForThePreventionOfSMEBankruptciesContributionsRefundedCancellationNOI_label" xlink:role="http://www.xbrl.org/2003/role/label">The mutual relief system for the prevention of SME bankruptcies contributions refunded cancellation</link:label>
    <link:label xml:lang="en" xlink:type="resource" xlink:label="tse-acedjpfr-66340_TheMutualReliefSystemForThePreventionOfSMEBankruptciesContributionsRefundedCancellationNOI_label_1" xlink:role="http://www.xbrl.org/2003/role/verboseLabel">The mutual relief system for the prevention of SME bankruptcies contributions refunded cancellation-NOI</link:label>
    <link:loc xlink:type="locator" xlink:href="tse-acedjpfr-66340-2025-11-30-01-2026-01-16.xsd#tse-acedjpfr-66340_CashSegregatedAsDepositsCA" xlink:label="tse-acedjpfr-66340_CashSegregatedAsDepositsCA" />
    <link:loc xlink:type="locator" xlink:href="tse-acedjpfr-66340-2025-11-30-01-2026-01-16.xsd#tse-acedjpfr-66340_ChangeInSharesOfParentHeldBySubsidiaries" xlink:label="tse-acedjpfr-66340_ChangeInSharesOfParentHeldBySubsidiaries" />
    <link:loc xlink:type="locator" xlink:href="tse-acedjpfr-66340-2025-11-30-01-2026-01-16.xsd#tse-acedjpfr-66340_ChangesInEquityOfParentFromTransactionOfNonControllingInterestStatementOfChangesInEquity" xlink:label="tse-acedjpfr-66340_ChangesInEquityOfParentFromTransactionOfNonControllingInterestStatementOfChangesInEquity" />
    <link:loc xlink:type="locator" xlink:href="tse-acedjpfr-66340-2025-11-30-01-2026-01-16.xsd#tse-acedjpfr-66340_CryptoAssetsBlockChainBusinessReportableSegmentsMemberReportableSegmentMember" xlink:label="tse-acedjpfr-66340_CryptoAssetsBlockChainBusinessReportableSegmentsMemberReportableSegmentMember" />
    <link:loc xlink:type="locator" xlink:href="tse-acedjpfr-66340-2025-11-30-01-2026-01-16.xsd#tse-acedjpfr-66340_CryptoassetsHeldForCustomersCA" xlink:label="tse-acedjpfr-66340_CryptoassetsHeldForCustomersCA" />
    <link:loc xlink:type="locator" xlink:href="tse-acedjpfr-66340-2025-11-30-01-2026-01-16.xsd#tse-acedjpfr-66340_DecreaseIncreaseInCashSegregatedAsDepositsOpeCF" xlink:label="tse-acedjpfr-66340_DecreaseIncreaseInCashSegregatedAsDepositsOpeCF" />
    <link:loc xlink:type="locator" xlink:href="tse-acedjpfr-66340-2025-11-30-01-2026-01-16.xsd#tse-acedjpfr-66340_DepositsReceivedForCryptoassetsCL" xlink:label="tse-acedjpfr-66340_DepositsReceivedForCryptoassetsCL" />
    <link:loc xlink:type="locator" xlink:href="tse-acedjpfr-66340-2025-11-30-01-2026-01-16.xsd#tse-acedjpfr-66340_IncreaseDecreaseInCryptoassetsHeldForCustomersOpeCF" xlink:label="tse-acedjpfr-66340_IncreaseDecreaseInCryptoassetsHeldForCustomersOpeCF" />
    <link:loc xlink:type="locator" xlink:href="tse-acedjpfr-66340-2025-11-30-01-2026-01-16.xsd#tse-acedjpfr-66340_IncreaseDecreaseInDepositsReceivedForCryptoassetsOpeCF" xlink:label="tse-acedjpfr-66340_IncreaseDecreaseInDepositsReceivedForCryptoassetsOpeCF" />
    <link:loc xlink:type="locator" xlink:href="tse-acedjpfr-66340-2025-11-30-01-2026-01-16.xsd#tse-acedjpfr-66340_IncreaseDecreaseInOwnedCryptoassetsOpeCF" xlink:label="tse-acedjpfr-66340_IncreaseDecreaseInOwnedCryptoassetsOpeCF" />
    <link:loc xlink:type="locator" xlink:href="tse-acedjpfr-66340-2025-11-30-01-2026-01-16.xsd#tse-acedjpfr-66340_IncreaseInCashAndCashEquivalentsDueToShareExchangeCF" xlink:label="tse-acedjpfr-66340_IncreaseInCashAndCashEquivalentsDueToShareExchangeCF" />
    <link:loc xlink:type="locator" xlink:href="tse-acedjpfr-66340-2025-11-30-01-2026-01-16.xsd#tse-acedjpfr-66340_IoTRelateedBusinessReportableSegmentMember" xlink:label="tse-acedjpfr-66340_IoTRelateedBusinessReportableSegmentMember" />
    <link:loc xlink:type="locator" xlink:href="tse-acedjpfr-66340-2025-11-30-01-2026-01-16.xsd#tse-acedjpfr-66340_MetaverseDigitalContentsBusinessReportableSegmentMember" xlink:label="tse-acedjpfr-66340_MetaverseDigitalContentsBusinessReportableSegmentMember" />
    <link:loc xlink:type="locator" xlink:href="tse-acedjpfr-66340-2025-11-30-01-2026-01-16.xsd#tse-acedjpfr-66340_MovementOfTreasuryStockOwnedByEquityMethodAffiliate" xlink:label="tse-acedjpfr-66340_MovementOfTreasuryStockOwnedByEquityMethodAffiliate" />
    <link:loc xlink:type="locator" xlink:href="tse-acedjpfr-66340-2025-11-30-01-2026-01-16.xsd#tse-acedjpfr-66340_OwnedCryptoassetsCA" xlink:label="tse-acedjpfr-66340_OwnedCryptoassetsCA" />
    <link:loc xlink:type="locator" xlink:href="tse-acedjpfr-66340-2025-11-30-01-2026-01-16.xsd#tse-acedjpfr-66340_RevenueFromContractsWithCustomersSegment" xlink:label="tse-acedjpfr-66340_RevenueFromContractsWithCustomersSegment" />
    <link:loc xlink:type="locator" xlink:href="tse-acedjpfr-66340-2025-11-30-01-2026-01-16.xsd#tse-acedjpfr-66340_SolutionBusinessReportableSegmentMember" xlink:label="tse-acedjpfr-66340_SolutionBusinessReportableSegmentMember" />
    <link:loc xlink:type="locator" xlink:href="tse-acedjpfr-66340-2025-11-30-01-2026-01-16.xsd#tse-acedjpfr-66340_TheMutualReliefSystemForThePreventionOfSMEBankruptciesContributionsRefundedCancellationNOI" xlink:label="tse-acedjpfr-66340_TheMutualReliefSystemForThePreventionOfSMEBankruptciesContributionsRefundedCancellationNOI" />
    <link:labelArc xlink:type="arc" xlink:from="tse-acedjpfr-66340_CashSegregatedAsDepositsCA" xlink:to="tse-acedjpfr-66340_CashSegregatedAsDepositsCA_label" xlink:arcrole="http://www.xbrl.org/2003/arcrole/concept-label" order="1" />
    <link:labelArc xlink:type="arc" xlink:from="tse-acedjpfr-66340_CashSegregatedAsDepositsCA" xlink:to="tse-acedjpfr-66340_CashSegregatedAsDepositsCA_label_1" xlink:arcrole="http://www.xbrl.org/2003/arcrole/concept-label" order="1" />
    <link:labelArc xlink:type="arc" xlink:from="tse-acedjpfr-66340_ChangeInSharesOfParentHeldBySubsidiaries" xlink:to="tse-acedjpfr-66340_ChangeInSharesOfParentHeldBySubsidiaries_label" xlink:arcrole="http://www.xbrl.org/2003/arcrole/concept-label" order="1" />
    <link:labelArc xlink:type="arc" xlink:from="tse-acedjpfr-66340_ChangeInSharesOfParentHeldBySubsidiaries" xlink:to="tse-acedjpfr-66340_ChangeInSharesOfParentHeldBySubsidiaries_label_1" xlink:arcrole="http://www.xbrl.org/2003/arcrole/concept-label" order="1" />
    <link:labelArc xlink:type="arc" xlink:from="tse-acedjpfr-66340_ChangesInEquityOfParentFromTransactionOfNonControllingInterestStatementOfChangesInEquity" xlink:to="tse-acedjpfr-66340_ChangesInEquityOfParentFromTransactionOfNonControllingInterestStatementOfChangesInEquity_label" xlink:arcrole="http://www.xbrl.org/2003/arcrole/concept-label" order="1" />
    <link:labelArc xlink:type="arc" xlink:from="tse-acedjpfr-66340_ChangesInEquityOfParentFromTransactionOfNonControllingInterestStatementOfChangesInEquity" xlink:to="tse-acedjpfr-66340_ChangesInEquityOfParentFromTransactionOfNonControllingInterestStatementOfChangesInEquity_label_1" xlink:arcrole="http://www.xbrl.org/2003/arcrole/concept-label" order="1" />
    <link:labelArc xlink:type="arc" xlink:from="tse-acedjpfr-66340_CryptoAssetsBlockChainBusinessReportableSegmentsMemberReportableSegmentMember" xlink:to="tse-acedjpfr-66340_CryptoAssetsBlockChainBusinessReportableSegmentsMemberReportableSegmentMember_label" xlink:arcrole="http://www.xbrl.org/2003/arcrole/concept-label" order="1" />
    <link:labelArc xlink:type="arc" xlink:from="tse-acedjpfr-66340_CryptoAssetsBlockChainBusinessReportableSegmentsMemberReportableSegmentMember" xlink:to="tse-acedjpfr-66340_CryptoAssetsBlockChainBusinessReportableSegmentsMemberReportableSegmentMember_label_1" xlink:arcrole="http://www.xbrl.org/2003/arcrole/concept-label" order="1" />
    <link:labelArc xlink:type="arc" xlink:from="tse-acedjpfr-66340_CryptoassetsHeldForCustomersCA" xlink:to="tse-acedjpfr-66340_CryptoassetsHeldForCustomersCA_label" xlink:arcrole="http://www.xbrl.org/2003/arcrole/concept-label" order="1" />
    <link:labelArc xlink:type="arc" xlink:from="tse-acedjpfr-66340_CryptoassetsHeldForCustomersCA" xlink:to="tse-acedjpfr-66340_CryptoassetsHeldForCustomersCA_label_1" xlink:arcrole="http://www.xbrl.org/2003/arcrole/concept-label" order="1" />
    <link:labelArc xlink:type="arc" xlink:from="tse-acedjpfr-66340_DecreaseIncreaseInCashSegregatedAsDepositsOpeCF" xlink:to="tse-acedjpfr-66340_DecreaseIncreaseInCashSegregatedAsDepositsOpeCF_label" xlink:arcrole="http://www.xbrl.org/2003/arcrole/concept-label" order="1" />
    <link:labelArc xlink:type="arc" xlink:from="tse-acedjpfr-66340_DecreaseIncreaseInCashSegregatedAsDepositsOpeCF" xlink:to="tse-acedjpfr-66340_DecreaseIncreaseInCashSegregatedAsDepositsOpeCF_label_1" xlink:arcrole="http://www.xbrl.org/2003/arcrole/concept-label" order="1" />
    <link:labelArc xlink:type="arc" xlink:from="tse-acedjpfr-66340_DepositsReceivedForCryptoassetsCL" xlink:to="tse-acedjpfr-66340_DepositsReceivedForCryptoassetsCL_label" xlink:arcrole="http://www.xbrl.org/2003/arcrole/concept-label" order="1" />
    <link:labelArc xlink:type="arc" xlink:from="tse-acedjpfr-66340_DepositsReceivedForCryptoassetsCL" xlink:to="tse-acedjpfr-66340_DepositsReceivedForCryptoassetsCL_label_1" xlink:arcrole="http://www.xbrl.org/2003/arcrole/concept-label" order="1" />
    <link:labelArc xlink:type="arc" xlink:from="tse-acedjpfr-66340_IncreaseDecreaseInCryptoassetsHeldForCustomersOpeCF" xlink:to="tse-acedjpfr-66340_IncreaseDecreaseInCryptoassetsHeldForCustomersOpeCF_label" xlink:arcrole="http://www.xbrl.org/2003/arcrole/concept-label" order="1" />
    <link:labelArc xlink:type="arc" xlink:from="tse-acedjpfr-66340_IncreaseDecreaseInCryptoassetsHeldForCustomersOpeCF" xlink:to="tse-acedjpfr-66340_IncreaseDecreaseInCryptoassetsHeldForCustomersOpeCF_label_1" xlink:arcrole="http://www.xbrl.org/2003/arcrole/concept-label" order="1" />
    <link:labelArc xlink:type="arc" xlink:from="tse-acedjpfr-66340_IncreaseDecreaseInDepositsReceivedForCryptoassetsOpeCF" xlink:to="tse-acedjpfr-66340_IncreaseDecreaseInDepositsReceivedForCryptoassetsOpeCF_label_1" xlink:arcrole="http://www.xbrl.org/2003/arcrole/concept-label" order="1" />
    <link:labelArc xlink:type="arc" xlink:from="tse-acedjpfr-66340_IncreaseDecreaseInDepositsReceivedForCryptoassetsOpeCF" xlink:to="tse-acedjpfr-66340_IncreaseDecreaseInDepositsReceivedForCryptoassetsOpeCF_label" xlink:arcrole="http://www.xbrl.org/2003/arcrole/concept-label" order="1" />
    <link:labelArc xlink:type="arc" xlink:from="tse-acedjpfr-66340_IncreaseDecreaseInOwnedCryptoassetsOpeCF" xlink:to="tse-acedjpfr-66340_IncreaseDecreaseInOwnedCryptoassetsOpeCF_label" xlink:arcrole="http://www.xbrl.org/2003/arcrole/concept-label" order="1" />
    <link:labelArc xlink:type="arc" xlink:from="tse-acedjpfr-66340_IncreaseDecreaseInOwnedCryptoassetsOpeCF" xlink:to="tse-acedjpfr-66340_IncreaseDecreaseInOwnedCryptoassetsOpeCF_label_1" xlink:arcrole="http://www.xbrl.org/2003/arcrole/concept-label" order="1" />
    <link:labelArc xlink:type="arc" xlink:from="tse-acedjpfr-66340_IncreaseInCashAndCashEquivalentsDueToShareExchangeCF" xlink:to="tse-acedjpfr-66340_IncreaseInCashAndCashEquivalentsDueToShareExchangeCF_label" xlink:arcrole="http://www.xbrl.org/2003/arcrole/concept-label" order="1" />
    <link:labelArc xlink:type="arc" xlink:from="tse-acedjpfr-66340_IncreaseInCashAndCashEquivalentsDueToShareExchangeCF" xlink:to="tse-acedjpfr-66340_IncreaseInCashAndCashEquivalentsDueToShareExchangeCF_label_1" xlink:arcrole="http://www.xbrl.org/2003/arcrole/concept-label" order="1" />
    <link:labelArc xlink:type="arc" xlink:from="tse-acedjpfr-66340_IoTRelateedBusinessReportableSegmentMember" xlink:to="tse-acedjpfr-66340_IoTRelateedBusinessReportableSegmentMember_label" xlink:arcrole="http://www.xbrl.org/2003/arcrole/concept-label" order="1" />
    <link:labelArc xlink:type="arc" xlink:from="tse-acedjpfr-66340_IoTRelateedBusinessReportableSegmentMember" xlink:to="tse-acedjpfr-66340_IoTRelateedBusinessReportableSegmentMember_label_1" xlink:arcrole="http://www.xbrl.org/2003/arcrole/concept-label" order="1" />
    <link:labelArc xlink:type="arc" xlink:from="tse-acedjpfr-66340_MetaverseDigitalContentsBusinessReportableSegmentMember" xlink:to="tse-acedjpfr-66340_MetaverseDigitalContentsBusinessReportableSegmentMember_label_1" xlink:arcrole="http://www.xbrl.org/2003/arcrole/concept-label" order="1" />
    <link:labelArc xlink:type="arc" xlink:from="tse-acedjpfr-66340_MetaverseDigitalContentsBusinessReportableSegmentMember" xlink:to="tse-acedjpfr-66340_MetaverseDigitalContentsBusinessReportableSegmentMember_label" xlink:arcrole="http://www.xbrl.org/2003/arcrole/concept-label" order="1" />
    <link:labelArc xlink:type="arc" xlink:from="tse-acedjpfr-66340_MovementOfTreasuryStockOwnedByEquityMethodAffiliate" xlink:to="tse-acedjpfr-66340_MovementOfTreasuryStockOwnedByEquityMethodAffiliate_label_1" xlink:arcrole="http://www.xbrl.org/2003/arcrole/concept-label" order="1" />
    <link:labelArc xlink:type="arc" xlink:from="tse-acedjpfr-66340_MovementOfTreasuryStockOwnedByEquityMethodAffiliate" xlink:to="tse-acedjpfr-66340_MovementOfTreasuryStockOwnedByEquityMethodAffiliate_label" xlink:arcrole="http://www.xbrl.org/2003/arcrole/concept-label" order="1" />
    <link:labelArc xlink:type="arc" xlink:from="tse-acedjpfr-66340_OwnedCryptoassetsCA" xlink:to="tse-acedjpfr-66340_OwnedCryptoassetsCA_label" xlink:arcrole="http://www.xbrl.org/2003/arcrole/concept-label" order="1" />
    <link:labelArc xlink:type="arc" xlink:from="tse-acedjpfr-66340_OwnedCryptoassetsCA" xlink:to="tse-acedjpfr-66340_OwnedCryptoassetsCA_label_1" xlink:arcrole="http://www.xbrl.org/2003/arcrole/concept-label" order="1" />
    <link:labelArc xlink:type="arc" xlink:from="tse-acedjpfr-66340_RevenueFromContractsWithCustomersSegment" xlink:to="tse-acedjpfr-66340_RevenueFromContractsWithCustomersSegment_label" xlink:arcrole="http://www.xbrl.org/2003/arcrole/concept-label" order="1" />
    <link:labelArc xlink:type="arc" xlink:from="tse-acedjpfr-66340_RevenueFromContractsWithCustomersSegment" xlink:to="tse-acedjpfr-66340_RevenueFromContractsWithCustomersSegment_label_1" xlink:arcrole="http://www.xbrl.org/2003/arcrole/concept-label" order="1" />
    <link:labelArc xlink:type="arc" xlink:from="tse-acedjpfr-66340_SolutionBusinessReportableSegmentMember" xlink:to="tse-acedjpfr-66340_SolutionBusinessReportableSegmentMember_label" xlink:arcrole="http://www.xbrl.org/2003/arcrole/concept-label" order="1" />
    <link:labelArc xlink:type="arc" xlink:from="tse-acedjpfr-66340_SolutionBusinessReportableSegmentMember" xlink:to="tse-acedjpfr-66340_SolutionBusinessReportableSegmentMember_label_1" xlink:arcrole="http://www.xbrl.org/2003/arcrole/concept-label" order="1" />
    <link:labelArc xlink:type="arc" xlink:from="tse-acedjpfr-66340_TheMutualReliefSystemForThePreventionOfSMEBankruptciesContributionsRefundedCancellationNOI" xlink:to="tse-acedjpfr-66340_TheMutualReliefSystemForThePreventionOfSMEBankruptciesContributionsRefundedCancellationNOI_label" xlink:arcrole="http://www.xbrl.org/2003/arcrole/concept-label" order="1" />
    <link:labelArc xlink:type="arc" xlink:from="tse-acedjpfr-66340_TheMutualReliefSystemForThePreventionOfSMEBankruptciesContributionsRefundedCancellationNOI" xlink:to="tse-acedjpfr-66340_TheMutualReliefSystemForThePreventionOfSMEBankruptciesContributionsRefundedCancellationNOI_label_1" xlink:arcrole="http://www.xbrl.org/2003/arcrole/concept-label" order="1" />
  </link:labelLink>
</link:linkbase>