<?xml version="1.0" encoding="utf-8"?>
<!-- Generated by PRONEXUS WORKS --><link:linkbase xmlns:link="http://www.xbrl.org/2003/linkbase" xmlns:xsi="http://www.w3.org/2001/XMLSchema-instance" xmlns:xbrli="http://www.xbrl.org/2003/instance" xmlns:xlink="http://www.w3.org/1999/xlink">  <link:labelLink xlink:type="extended" xlink:role="http://www.xbrl.org/2003/role/link">    <link:loc xlink:type="locator" xlink:href="tse-qnedjpfr-45560-2025-12-31-01-2026-01-27.xsd#tse-qnedjpfr-45560_OutsourcingServiceExpenseNOE" xlink:label="OutsourcingServiceExpenseNOE" />    <link:label xlink:type="resource" xlink:label="label_OutsourcingServiceExpenseNOE_2" xml:lang="ja" xlink:role="http://www.xbrl.org/2003/role/label" id="label_OutsourcingServiceExpenseNOE_2">業務受託費</link:label>    <link:labelArc xlink:type="arc" xlink:arcrole="http://www.xbrl.org/2003/arcrole/concept-label" xlink:from="OutsourcingServiceExpenseNOE" xlink:to="label_OutsourcingServiceExpenseNOE_2" />    <link:label xlink:type="resource" xlink:label="label_OutsourcingServiceExpenseNOE" xml:lang="ja" xlink:role="http://www.xbrl.org/2003/role/verboseLabel" id="label_OutsourcingServiceExpenseNOE">業務受託費、営業外費用</link:label>    <link:labelArc xlink:type="arc" xlink:arcrole="http://www.xbrl.org/2003/arcrole/concept-label" xlink:from="OutsourcingServiceExpenseNOE" xlink:to="label_OutsourcingServiceExpenseNOE" />  </link:labelLink></link:linkbase>