<?xml version="1.0" encoding="utf-8"?>
<manifest xmlns="http://disclosure.edinet-fsa.go.jp/2013/manifest">
  <tocComposition>
    <title xml:lang="ja">決算短信添付資料</title>
    <title xml:lang="en">Earnings digest attached document</title>
    <item ref="scedjpfr" extrole="http://www.xbrl.tdnet.info/jp/tse/tdnet/role/RoleAttachedDocument" in="presentation" />
  </tocComposition>
  <list>
    <instance id="scedjpfr" type="Attachment" preferredFilename="tse-scedjpfr-74200-2025-11-30-01-2026-01-14.xbrl">
      <ixbrl>0500000-scbs15-tse-scedjpfr-74200-2025-11-30-01-2026-01-14-ixbrl.htm</ixbrl>
      <ixbrl>0600000-scpl15-tse-scedjpfr-74200-2025-11-30-01-2026-01-14-ixbrl.htm</ixbrl>
      <ixbrl>0800000-scci15-tse-scedjpfr-74200-2025-11-30-01-2026-01-14-ixbrl.htm</ixbrl>
      <ixbrl>1000000-sccf15-tse-scedjpfr-74200-2025-11-30-01-2026-01-14-ixbrl.htm</ixbrl>
      <ixbrl>1100000-scsg15-tse-scedjpfr-74200-2025-11-30-01-2026-01-14-ixbrl.htm</ixbrl>
    </instance>
  </list>
</manifest>