<?xml version="1.0" encoding="utf-8"?>
<!-- Generated by PRONEXUS WORKS --><link:linkbase xmlns:link="http://www.xbrl.org/2003/linkbase" xmlns:xsi="http://www.w3.org/2001/XMLSchema-instance" xmlns:xbrli="http://www.xbrl.org/2003/instance" xmlns:xlink="http://www.w3.org/1999/xlink">  <link:labelLink xlink:type="extended" xlink:role="http://www.xbrl.org/2003/role/link">    <link:loc xlink:type="locator" xlink:href="tse-qcedjpfr-65430-2025-11-30-01-2026-01-14.xsd#tse-qcedjpfr-65430_FinishedGoodsAndWorkInProcessCA" xlink:label="FinishedGoodsAndWorkInProcessCA" />    <link:loc xlink:type="locator" xlink:href="tse-qcedjpfr-65430-2025-11-30-01-2026-01-14.xsd#tse-qcedjpfr-65430_BisinessRight" xlink:label="BisinessRight" />    <link:loc xlink:type="locator" xlink:href="tse-qcedjpfr-65430-2025-11-30-01-2026-01-14.xsd#tse-qcedjpfr-65430_AdvertisingBusinessReportableSegmentsMember" xlink:label="AdvertisingBusinessReportableSegmentsMember" />    <link:label xlink:type="resource" xlink:label="label_AdvertisingBusinessReportableSegmentsMember" xml:lang="en" xlink:role="http://www.xbrl.org/2003/role/label" id="label_AdvertisingBusinessReportableSegmentsMember">Advertising Business</link:label>    <link:labelArc xlink:type="arc" xlink:arcrole="http://www.xbrl.org/2003/arcrole/concept-label" xlink:from="AdvertisingBusinessReportableSegmentsMember" xlink:to="label_AdvertisingBusinessReportableSegmentsMember" />    <link:label xlink:type="resource" xlink:label="label_AdvertisingBusinessReportableSegmentsMember_2" xml:lang="en" xlink:role="http://www.xbrl.org/2003/role/verboseLabel" id="label_AdvertisingBusinessReportableSegmentsMember_2">Advertising Business, Reportable segments [member]</link:label>    <link:labelArc xlink:type="arc" xlink:arcrole="http://www.xbrl.org/2003/arcrole/concept-label" xlink:from="AdvertisingBusinessReportableSegmentsMember" xlink:to="label_AdvertisingBusinessReportableSegmentsMember_2" />    <link:label xlink:type="resource" xlink:label="label_FinishedGoodsAndWorkInProcessCA" xml:lang="en" xlink:role="http://www.xbrl.org/2003/role/label" id="label_FinishedGoodsAndWorkInProcessCA">Finished goods and work in process</link:label>    <link:labelArc xlink:type="arc" xlink:arcrole="http://www.xbrl.org/2003/arcrole/concept-label" xlink:from="FinishedGoodsAndWorkInProcessCA" xlink:to="label_FinishedGoodsAndWorkInProcessCA" />    <link:label xlink:type="resource" xlink:label="label_FinishedGoodsAndWorkInProcessCA_2" xml:lang="en" xlink:role="http://www.xbrl.org/2003/role/verboseLabel" id="label_FinishedGoodsAndWorkInProcessCA_2">Finished goods and work in process -CA</link:label>    <link:labelArc xlink:type="arc" xlink:arcrole="http://www.xbrl.org/2003/arcrole/concept-label" xlink:from="FinishedGoodsAndWorkInProcessCA" xlink:to="label_FinishedGoodsAndWorkInProcessCA_2" />    <link:label xlink:type="resource" xlink:label="label_BisinessRight" xml:lang="en" xlink:role="http://www.xbrl.org/2003/role/label" id="label_BisinessRight">Bisiness right</link:label>    <link:labelArc xlink:type="arc" xlink:arcrole="http://www.xbrl.org/2003/arcrole/concept-label" xlink:from="BisinessRight" xlink:to="label_BisinessRight" />    <link:label xlink:type="resource" xlink:label="label_BisinessRight_2" xml:lang="en" xlink:role="http://www.xbrl.org/2003/role/verboseLabel" id="label_BisinessRight_2">Bisiness right</link:label>    <link:labelArc xlink:type="arc" xlink:arcrole="http://www.xbrl.org/2003/arcrole/concept-label" xlink:from="BisinessRight" xlink:to="label_BisinessRight_2" />  </link:labelLink></link:linkbase>