﻿<?xml version="1.0" encoding="utf-8"?>
<!-- XBRL Document Created with WizLabo Platform -->
<link:linkbase xmlns:xlink="http://www.w3.org/1999/xlink" xmlns:xsi="http://www.w3.org/2001/XMLSchema-instance" xmlns:link="http://www.xbrl.org/2003/linkbase">
  <link:labelLink xlink:type="extended" xlink:role="http://www.xbrl.org/2003/role/link">
    <link:label xml:lang="en" xlink:type="resource" xlink:label="jppfs_cor_RestatedBalance_label" xlink:role="http://www.xbrl.org/2003/role/periodStartLabel">Restated balance</link:label>
    <link:label xml:lang="en" xlink:type="resource" xlink:label="tse-acedjpfr-23150_AccountsPayableCL_label" xlink:role="http://www.xbrl.org/2003/role/label">Accounts payable</link:label>
    <link:label xml:lang="en" xlink:type="resource" xlink:label="tse-acedjpfr-23150_AccountsPayableCL_label_1" xlink:role="http://www.xbrl.org/2003/role/verboseLabel">Accounts payable-CL</link:label>
    <link:label xml:lang="en" xlink:type="resource" xlink:label="tse-acedjpfr-23150_AllowanceForWithdrawalOfBusinessCL_label" xlink:role="http://www.xbrl.org/2003/role/label">Allowance for withdrawal of business</link:label>
    <link:label xml:lang="en" xlink:type="resource" xlink:label="tse-acedjpfr-23150_AllowanceForWithdrawalOfBusinessCL_label_1" xlink:role="http://www.xbrl.org/2003/role/verboseLabel">Allowance for withdrawal of business-CL</link:label>
    <link:label xml:lang="en" xlink:type="resource" xlink:label="tse-acedjpfr-23150_DecreaseFromLiquidationOfConsolidatedSubsidiaries_label" xlink:role="http://www.xbrl.org/2003/role/label">Decrease from liquidation of consolidated subsidiaries</link:label>
    <link:label xml:lang="en" xlink:type="resource" xlink:label="tse-acedjpfr-23150_DecreaseFromLiquidationOfConsolidatedSubsidiaries_label_1" xlink:role="http://www.xbrl.org/2003/role/verboseLabel">Decrease from liquidation of consolidated subsidiaries</link:label>
    <link:label xml:lang="en" xlink:type="resource" xlink:label="tse-acedjpfr-23150_DecreaseIncreaseInCashSegregatedAsDepositsOpeCF_label" xlink:role="http://www.xbrl.org/2003/role/label">Decrease (increase) in cash segregated as deposits</link:label>
    <link:label xml:lang="en" xlink:type="resource" xlink:label="tse-acedjpfr-23150_DecreaseIncreaseInCashSegregatedAsDepositsOpeCF_label_1" xlink:role="http://www.xbrl.org/2003/role/verboseLabel">Decrease (increase) in cash segregated as deposits-OpeCF</link:label>
    <link:label xml:lang="en" xlink:type="resource" xlink:label="tse-acedjpfr-23150_FinancialServiceBusinessReportableSegmentMember_label" xlink:role="http://www.xbrl.org/2003/role/label">Financial service business</link:label>
    <link:label xml:lang="en" xlink:type="resource" xlink:label="tse-acedjpfr-23150_FinancialServiceBusinessReportableSegmentMember_label_1" xlink:role="http://www.xbrl.org/2003/role/verboseLabel">Financial service business, Reportable segment [member]</link:label>
    <link:label xml:lang="en" xlink:type="resource" xlink:label="tse-acedjpfr-23150_GainOnReversalOfSubscriptionRightsOfSharesEI_label" xlink:role="http://www.xbrl.org/2003/role/label">Gain on reversal of subscription rights of shares</link:label>
    <link:label xml:lang="en" xlink:type="resource" xlink:label="tse-acedjpfr-23150_GainOnReversalOfSubscriptionRightsOfSharesEI_label_1" xlink:role="http://www.xbrl.org/2003/role/verboseLabel">Gain on reversal of subscription rights of shares-EI</link:label>
    <link:label xml:lang="en" xlink:type="resource" xlink:label="tse-acedjpfr-23150_IncreaseDecreaseInOwnedCryptoassetsOpeCF_label" xlink:role="http://www.xbrl.org/2003/role/label">Increase (decrease) in owned cryptoassets</link:label>
    <link:label xml:lang="en" xlink:type="resource" xlink:label="tse-acedjpfr-23150_IncreaseDecreaseInOwnedCryptoassetsOpeCF_label_1" xlink:role="http://www.xbrl.org/2003/role/verboseLabel">Increase (decrease) in owned cryptoassets-OpeCF</link:label>
    <link:label xml:lang="en" xlink:type="resource" xlink:label="tse-acedjpfr-23150_IncreaseDecreaseInReserveForFinancialProductsTransactionLiabilitiesOpeCF_label" xlink:role="http://www.xbrl.org/2003/role/label">Increase (decrease) in reserve for financial products transaction liabilities</link:label>
    <link:label xml:lang="en" xlink:type="resource" xlink:label="tse-acedjpfr-23150_IncreaseDecreaseInReserveForFinancialProductsTransactionLiabilitiesOpeCF_label_1" xlink:role="http://www.xbrl.org/2003/role/verboseLabel">Increase (decrease) in reserve for financial products transaction liabilities-OpeCF</link:label>
    <link:label xml:lang="en" xlink:type="resource" xlink:label="tse-acedjpfr-23150_IncreaseInCashAndCashEquivalentsResultingFromShareExchangesCF_label" xlink:role="http://www.xbrl.org/2003/role/label">Increase in cash and cash equivalents resulting from share exchanges</link:label>
    <link:label xml:lang="en" xlink:type="resource" xlink:label="tse-acedjpfr-23150_IncreaseInCashAndCashEquivalentsResultingFromShareExchangesCF_label_1" xlink:role="http://www.xbrl.org/2003/role/verboseLabel">Increase in cash and cash equivalents resulting from share exchanges-CF</link:label>
    <link:label xml:lang="en" xlink:type="resource" xlink:label="tse-acedjpfr-23150_IoTRelateedBusinessMember_label" xlink:role="http://www.xbrl.org/2003/role/label">IoT Relateed Business</link:label>
    <link:label xml:lang="en" xlink:type="resource" xlink:label="tse-acedjpfr-23150_IoTRelateedBusinessMember_label_1" xlink:role="http://www.xbrl.org/2003/role/verboseLabel">IoT Relateed Business [member]</link:label>
    <link:label xml:lang="en" xlink:type="resource" xlink:label="tse-acedjpfr-23150_ITServicesBusinessReportableSegmentMember_label" xlink:role="http://www.xbrl.org/2003/role/label">IT Services Business</link:label>
    <link:label xml:lang="en" xlink:type="resource" xlink:label="tse-acedjpfr-23150_ITServicesBusinessReportableSegmentMember_label_1" xlink:role="http://www.xbrl.org/2003/role/verboseLabel">IT Services Business, Reportable segment [member]</link:label>
    <link:label xml:lang="en" xlink:type="resource" xlink:label="tse-acedjpfr-23150_ReversalOfReserveForFinancialProductsTransactionLiabilitiesASumEI_label" xlink:role="http://www.xbrl.org/2003/role/label">Reversal of reserve for financial products transaction liabilities a sum</link:label>
    <link:label xml:lang="en" xlink:type="resource" xlink:label="tse-acedjpfr-23150_ReversalOfReserveForFinancialProductsTransactionLiabilitiesASumEI_label_1" xlink:role="http://www.xbrl.org/2003/role/verboseLabel">Reversal of reserve for financial products transaction liabilities a sum-EI</link:label>
    <link:label xml:lang="en" xlink:type="resource" xlink:label="tse-acedjpfr-23150_SettlementExpensesNOE_label" xlink:role="http://www.xbrl.org/2003/role/label">Settlement expenses</link:label>
    <link:label xml:lang="en" xlink:type="resource" xlink:label="tse-acedjpfr-23150_SettlementExpensesNOE_label_1" xlink:role="http://www.xbrl.org/2003/role/verboseLabel">Settlement expenses-NOE</link:label>
    <link:label xml:lang="en" xlink:type="resource" xlink:label="tse-acedjpfr-23150_TransferFromCapitalSurplusToRetainedEarnings_label" xlink:role="http://www.xbrl.org/2003/role/label">Transfer from capital surplus to retained earnings</link:label>
    <link:label xml:lang="en" xlink:type="resource" xlink:label="tse-acedjpfr-23150_TransferFromCapitalSurplusToRetainedEarnings_label_1" xlink:role="http://www.xbrl.org/2003/role/verboseLabel">Transfer from capital surplus to retained earnings</link:label>
    <link:loc xlink:type="locator" xlink:href="http://disclosure.edinet-fsa.go.jp/taxonomy/jppfs/2024-11-01/jppfs_cor_2024-11-01.xsd#jppfs_cor_RestatedBalance" xlink:label="jppfs_cor_RestatedBalance" />
    <link:loc xlink:type="locator" xlink:href="tse-acedjpfr-23150-2025-10-31-01-2025-12-19.xsd#tse-acedjpfr-23150_AccountsPayableCL" xlink:label="tse-acedjpfr-23150_AccountsPayableCL" />
    <link:loc xlink:type="locator" xlink:href="tse-acedjpfr-23150-2025-10-31-01-2025-12-19.xsd#tse-acedjpfr-23150_AllowanceForWithdrawalOfBusinessCL" xlink:label="tse-acedjpfr-23150_AllowanceForWithdrawalOfBusinessCL" />
    <link:loc xlink:type="locator" xlink:href="tse-acedjpfr-23150-2025-10-31-01-2025-12-19.xsd#tse-acedjpfr-23150_DecreaseFromLiquidationOfConsolidatedSubsidiaries" xlink:label="tse-acedjpfr-23150_DecreaseFromLiquidationOfConsolidatedSubsidiaries" />
    <link:loc xlink:type="locator" xlink:href="tse-acedjpfr-23150-2025-10-31-01-2025-12-19.xsd#tse-acedjpfr-23150_DecreaseIncreaseInCashSegregatedAsDepositsOpeCF" xlink:label="tse-acedjpfr-23150_DecreaseIncreaseInCashSegregatedAsDepositsOpeCF" />
    <link:loc xlink:type="locator" xlink:href="tse-acedjpfr-23150-2025-10-31-01-2025-12-19.xsd#tse-acedjpfr-23150_FinancialServiceBusinessReportableSegmentMember" xlink:label="tse-acedjpfr-23150_FinancialServiceBusinessReportableSegmentMember" />
    <link:loc xlink:type="locator" xlink:href="tse-acedjpfr-23150-2025-10-31-01-2025-12-19.xsd#tse-acedjpfr-23150_GainOnReversalOfSubscriptionRightsOfSharesEI" xlink:label="tse-acedjpfr-23150_GainOnReversalOfSubscriptionRightsOfSharesEI" />
    <link:loc xlink:type="locator" xlink:href="tse-acedjpfr-23150-2025-10-31-01-2025-12-19.xsd#tse-acedjpfr-23150_IncreaseDecreaseInOwnedCryptoassetsOpeCF" xlink:label="tse-acedjpfr-23150_IncreaseDecreaseInOwnedCryptoassetsOpeCF" />
    <link:loc xlink:type="locator" xlink:href="tse-acedjpfr-23150-2025-10-31-01-2025-12-19.xsd#tse-acedjpfr-23150_IncreaseDecreaseInReserveForFinancialProductsTransactionLiabilitiesOpeCF" xlink:label="tse-acedjpfr-23150_IncreaseDecreaseInReserveForFinancialProductsTransactionLiabilitiesOpeCF" />
    <link:loc xlink:type="locator" xlink:href="tse-acedjpfr-23150-2025-10-31-01-2025-12-19.xsd#tse-acedjpfr-23150_IncreaseInCashAndCashEquivalentsResultingFromShareExchangesCF" xlink:label="tse-acedjpfr-23150_IncreaseInCashAndCashEquivalentsResultingFromShareExchangesCF" />
    <link:loc xlink:type="locator" xlink:href="tse-acedjpfr-23150-2025-10-31-01-2025-12-19.xsd#tse-acedjpfr-23150_IoTRelateedBusinessMember" xlink:label="tse-acedjpfr-23150_IoTRelateedBusinessMember" />
    <link:loc xlink:type="locator" xlink:href="tse-acedjpfr-23150-2025-10-31-01-2025-12-19.xsd#tse-acedjpfr-23150_ITServicesBusinessReportableSegmentMember" xlink:label="tse-acedjpfr-23150_ITServicesBusinessReportableSegmentMember" />
    <link:loc xlink:type="locator" xlink:href="tse-acedjpfr-23150-2025-10-31-01-2025-12-19.xsd#tse-acedjpfr-23150_ReversalOfReserveForFinancialProductsTransactionLiabilitiesASumEI" xlink:label="tse-acedjpfr-23150_ReversalOfReserveForFinancialProductsTransactionLiabilitiesASumEI" />
    <link:loc xlink:type="locator" xlink:href="tse-acedjpfr-23150-2025-10-31-01-2025-12-19.xsd#tse-acedjpfr-23150_SettlementExpensesNOE" xlink:label="tse-acedjpfr-23150_SettlementExpensesNOE" />
    <link:loc xlink:type="locator" xlink:href="tse-acedjpfr-23150-2025-10-31-01-2025-12-19.xsd#tse-acedjpfr-23150_TransferFromCapitalSurplusToRetainedEarnings" xlink:label="tse-acedjpfr-23150_TransferFromCapitalSurplusToRetainedEarnings" />
    <link:labelArc xlink:type="arc" xlink:from="jppfs_cor_RestatedBalance" xlink:to="jppfs_cor_RestatedBalance_label" xlink:arcrole="http://www.xbrl.org/2003/arcrole/concept-label" order="1" />
    <link:labelArc xlink:type="arc" xlink:from="tse-acedjpfr-23150_AccountsPayableCL" xlink:to="tse-acedjpfr-23150_AccountsPayableCL_label" xlink:arcrole="http://www.xbrl.org/2003/arcrole/concept-label" order="1" />
    <link:labelArc xlink:type="arc" xlink:from="tse-acedjpfr-23150_AccountsPayableCL" xlink:to="tse-acedjpfr-23150_AccountsPayableCL_label_1" xlink:arcrole="http://www.xbrl.org/2003/arcrole/concept-label" order="1" />
    <link:labelArc xlink:type="arc" xlink:from="tse-acedjpfr-23150_AllowanceForWithdrawalOfBusinessCL" xlink:to="tse-acedjpfr-23150_AllowanceForWithdrawalOfBusinessCL_label" xlink:arcrole="http://www.xbrl.org/2003/arcrole/concept-label" order="1" />
    <link:labelArc xlink:type="arc" xlink:from="tse-acedjpfr-23150_AllowanceForWithdrawalOfBusinessCL" xlink:to="tse-acedjpfr-23150_AllowanceForWithdrawalOfBusinessCL_label_1" xlink:arcrole="http://www.xbrl.org/2003/arcrole/concept-label" order="1" />
    <link:labelArc xlink:type="arc" xlink:from="tse-acedjpfr-23150_DecreaseFromLiquidationOfConsolidatedSubsidiaries" xlink:to="tse-acedjpfr-23150_DecreaseFromLiquidationOfConsolidatedSubsidiaries_label" xlink:arcrole="http://www.xbrl.org/2003/arcrole/concept-label" order="1" />
    <link:labelArc xlink:type="arc" xlink:from="tse-acedjpfr-23150_DecreaseFromLiquidationOfConsolidatedSubsidiaries" xlink:to="tse-acedjpfr-23150_DecreaseFromLiquidationOfConsolidatedSubsidiaries_label_1" xlink:arcrole="http://www.xbrl.org/2003/arcrole/concept-label" order="1" />
    <link:labelArc xlink:type="arc" xlink:from="tse-acedjpfr-23150_DecreaseIncreaseInCashSegregatedAsDepositsOpeCF" xlink:to="tse-acedjpfr-23150_DecreaseIncreaseInCashSegregatedAsDepositsOpeCF_label" xlink:arcrole="http://www.xbrl.org/2003/arcrole/concept-label" order="1" />
    <link:labelArc xlink:type="arc" xlink:from="tse-acedjpfr-23150_DecreaseIncreaseInCashSegregatedAsDepositsOpeCF" xlink:to="tse-acedjpfr-23150_DecreaseIncreaseInCashSegregatedAsDepositsOpeCF_label_1" xlink:arcrole="http://www.xbrl.org/2003/arcrole/concept-label" order="1" />
    <link:labelArc xlink:type="arc" xlink:from="tse-acedjpfr-23150_FinancialServiceBusinessReportableSegmentMember" xlink:to="tse-acedjpfr-23150_FinancialServiceBusinessReportableSegmentMember_label" xlink:arcrole="http://www.xbrl.org/2003/arcrole/concept-label" order="1" />
    <link:labelArc xlink:type="arc" xlink:from="tse-acedjpfr-23150_FinancialServiceBusinessReportableSegmentMember" xlink:to="tse-acedjpfr-23150_FinancialServiceBusinessReportableSegmentMember_label_1" xlink:arcrole="http://www.xbrl.org/2003/arcrole/concept-label" order="1" />
    <link:labelArc xlink:type="arc" xlink:from="tse-acedjpfr-23150_GainOnReversalOfSubscriptionRightsOfSharesEI" xlink:to="tse-acedjpfr-23150_GainOnReversalOfSubscriptionRightsOfSharesEI_label" xlink:arcrole="http://www.xbrl.org/2003/arcrole/concept-label" order="1" />
    <link:labelArc xlink:type="arc" xlink:from="tse-acedjpfr-23150_GainOnReversalOfSubscriptionRightsOfSharesEI" xlink:to="tse-acedjpfr-23150_GainOnReversalOfSubscriptionRightsOfSharesEI_label_1" xlink:arcrole="http://www.xbrl.org/2003/arcrole/concept-label" order="1" />
    <link:labelArc xlink:type="arc" xlink:from="tse-acedjpfr-23150_IncreaseDecreaseInOwnedCryptoassetsOpeCF" xlink:to="tse-acedjpfr-23150_IncreaseDecreaseInOwnedCryptoassetsOpeCF_label_1" xlink:arcrole="http://www.xbrl.org/2003/arcrole/concept-label" order="1" />
    <link:labelArc xlink:type="arc" xlink:from="tse-acedjpfr-23150_IncreaseDecreaseInOwnedCryptoassetsOpeCF" xlink:to="tse-acedjpfr-23150_IncreaseDecreaseInOwnedCryptoassetsOpeCF_label" xlink:arcrole="http://www.xbrl.org/2003/arcrole/concept-label" order="1" />
    <link:labelArc xlink:type="arc" xlink:from="tse-acedjpfr-23150_IncreaseDecreaseInReserveForFinancialProductsTransactionLiabilitiesOpeCF" xlink:to="tse-acedjpfr-23150_IncreaseDecreaseInReserveForFinancialProductsTransactionLiabilitiesOpeCF_label" xlink:arcrole="http://www.xbrl.org/2003/arcrole/concept-label" order="1" />
    <link:labelArc xlink:type="arc" xlink:from="tse-acedjpfr-23150_IncreaseDecreaseInReserveForFinancialProductsTransactionLiabilitiesOpeCF" xlink:to="tse-acedjpfr-23150_IncreaseDecreaseInReserveForFinancialProductsTransactionLiabilitiesOpeCF_label_1" xlink:arcrole="http://www.xbrl.org/2003/arcrole/concept-label" order="1" />
    <link:labelArc xlink:type="arc" xlink:from="tse-acedjpfr-23150_IncreaseInCashAndCashEquivalentsResultingFromShareExchangesCF" xlink:to="tse-acedjpfr-23150_IncreaseInCashAndCashEquivalentsResultingFromShareExchangesCF_label" xlink:arcrole="http://www.xbrl.org/2003/arcrole/concept-label" order="1" />
    <link:labelArc xlink:type="arc" xlink:from="tse-acedjpfr-23150_IncreaseInCashAndCashEquivalentsResultingFromShareExchangesCF" xlink:to="tse-acedjpfr-23150_IncreaseInCashAndCashEquivalentsResultingFromShareExchangesCF_label_1" xlink:arcrole="http://www.xbrl.org/2003/arcrole/concept-label" order="1" />
    <link:labelArc xlink:type="arc" xlink:from="tse-acedjpfr-23150_IoTRelateedBusinessMember" xlink:to="tse-acedjpfr-23150_IoTRelateedBusinessMember_label" xlink:arcrole="http://www.xbrl.org/2003/arcrole/concept-label" order="1" />
    <link:labelArc xlink:type="arc" xlink:from="tse-acedjpfr-23150_IoTRelateedBusinessMember" xlink:to="tse-acedjpfr-23150_IoTRelateedBusinessMember_label_1" xlink:arcrole="http://www.xbrl.org/2003/arcrole/concept-label" order="1" />
    <link:labelArc xlink:type="arc" xlink:from="tse-acedjpfr-23150_ITServicesBusinessReportableSegmentMember" xlink:to="tse-acedjpfr-23150_ITServicesBusinessReportableSegmentMember_label" xlink:arcrole="http://www.xbrl.org/2003/arcrole/concept-label" order="1" />
    <link:labelArc xlink:type="arc" xlink:from="tse-acedjpfr-23150_ITServicesBusinessReportableSegmentMember" xlink:to="tse-acedjpfr-23150_ITServicesBusinessReportableSegmentMember_label_1" xlink:arcrole="http://www.xbrl.org/2003/arcrole/concept-label" order="1" />
    <link:labelArc xlink:type="arc" xlink:from="tse-acedjpfr-23150_ReversalOfReserveForFinancialProductsTransactionLiabilitiesASumEI" xlink:to="tse-acedjpfr-23150_ReversalOfReserveForFinancialProductsTransactionLiabilitiesASumEI_label" xlink:arcrole="http://www.xbrl.org/2003/arcrole/concept-label" order="1" />
    <link:labelArc xlink:type="arc" xlink:from="tse-acedjpfr-23150_ReversalOfReserveForFinancialProductsTransactionLiabilitiesASumEI" xlink:to="tse-acedjpfr-23150_ReversalOfReserveForFinancialProductsTransactionLiabilitiesASumEI_label_1" xlink:arcrole="http://www.xbrl.org/2003/arcrole/concept-label" order="1" />
    <link:labelArc xlink:type="arc" xlink:from="tse-acedjpfr-23150_SettlementExpensesNOE" xlink:to="tse-acedjpfr-23150_SettlementExpensesNOE_label" xlink:arcrole="http://www.xbrl.org/2003/arcrole/concept-label" order="1" />
    <link:labelArc xlink:type="arc" xlink:from="tse-acedjpfr-23150_SettlementExpensesNOE" xlink:to="tse-acedjpfr-23150_SettlementExpensesNOE_label_1" xlink:arcrole="http://www.xbrl.org/2003/arcrole/concept-label" order="1" />
    <link:labelArc xlink:type="arc" xlink:from="tse-acedjpfr-23150_TransferFromCapitalSurplusToRetainedEarnings" xlink:to="tse-acedjpfr-23150_TransferFromCapitalSurplusToRetainedEarnings_label" xlink:arcrole="http://www.xbrl.org/2003/arcrole/concept-label" order="1" />
    <link:labelArc xlink:type="arc" xlink:from="tse-acedjpfr-23150_TransferFromCapitalSurplusToRetainedEarnings" xlink:to="tse-acedjpfr-23150_TransferFromCapitalSurplusToRetainedEarnings_label_1" xlink:arcrole="http://www.xbrl.org/2003/arcrole/concept-label" order="1" />
  </link:labelLink>
</link:linkbase>