﻿<?xml version="1.0" encoding="utf-8"?>
<!-- XBRL Document Created with WizLabo Platform -->
<link:linkbase xmlns:xlink="http://www.w3.org/1999/xlink" xmlns:xsi="http://www.w3.org/2001/XMLSchema-instance" xmlns:link="http://www.xbrl.org/2003/linkbase">
  <link:labelLink xlink:type="extended" xlink:role="http://www.xbrl.org/2003/role/link">
    <link:label xml:lang="en" xlink:type="resource" xlink:label="tse-anedjpfr-75010_FishingReportableSegmentsMember_label" xlink:role="http://www.xbrl.org/2003/role/label">Fishing</link:label>
    <link:label xml:lang="en" xlink:type="resource" xlink:label="tse-anedjpfr-75010_FishingReportableSegmentsMember_label_1" xlink:role="http://www.xbrl.org/2003/role/verboseLabel">Fishing, Reportable segments[member]</link:label>
    <link:label xml:lang="en" xlink:type="resource" xlink:label="tse-anedjpfr-75010_IncreaseDecreaseInRefundLiabilitiesOpeCF_label" xlink:role="http://www.xbrl.org/2003/role/label">Increase (decrease) in refund liabilities</link:label>
    <link:label xml:lang="en" xlink:type="resource" xlink:label="tse-anedjpfr-75010_IncreaseDecreaseInRefundLiabilitiesOpeCF_label_1" xlink:role="http://www.xbrl.org/2003/role/verboseLabel">Increase (decrease) in refund liabilities-OpeCF</link:label>
    <link:label xml:lang="en" xlink:type="resource" xlink:label="tse-anedjpfr-75010_OutdoorReportableSegmentsMember_label" xlink:role="http://www.xbrl.org/2003/role/label">Outdoor</link:label>
    <link:label xml:lang="en" xlink:type="resource" xlink:label="tse-anedjpfr-75010_OutdoorReportableSegmentsMember_label_1" xlink:role="http://www.xbrl.org/2003/role/verboseLabel">Outdoor, Reportable segments[member]</link:label>
    <link:label xml:lang="en" xlink:type="resource" xlink:label="tse-anedjpfr-75010_RefundLiabilitiesCL_label" xlink:role="http://www.xbrl.org/2003/role/label">Refund liabilities</link:label>
    <link:label xml:lang="en" xlink:type="resource" xlink:label="tse-anedjpfr-75010_RefundLiabilitiesCL_label_1" xlink:role="http://www.xbrl.org/2003/role/verboseLabel">Refund liabilities-CL</link:label>
    <link:loc xlink:type="locator" xlink:href="tse-anedjpfr-75010-2025-11-30-01-2026-01-16.xsd#tse-anedjpfr-75010_FishingReportableSegmentsMember" xlink:label="tse-anedjpfr-75010_FishingReportableSegmentsMember" />
    <link:loc xlink:type="locator" xlink:href="tse-anedjpfr-75010-2025-11-30-01-2026-01-16.xsd#tse-anedjpfr-75010_IncreaseDecreaseInRefundLiabilitiesOpeCF" xlink:label="tse-anedjpfr-75010_IncreaseDecreaseInRefundLiabilitiesOpeCF" />
    <link:loc xlink:type="locator" xlink:href="tse-anedjpfr-75010-2025-11-30-01-2026-01-16.xsd#tse-anedjpfr-75010_OutdoorReportableSegmentsMember" xlink:label="tse-anedjpfr-75010_OutdoorReportableSegmentsMember" />
    <link:loc xlink:type="locator" xlink:href="tse-anedjpfr-75010-2025-11-30-01-2026-01-16.xsd#tse-anedjpfr-75010_RefundLiabilitiesCL" xlink:label="tse-anedjpfr-75010_RefundLiabilitiesCL" />
    <link:labelArc xlink:type="arc" xlink:from="tse-anedjpfr-75010_FishingReportableSegmentsMember" xlink:to="tse-anedjpfr-75010_FishingReportableSegmentsMember_label" xlink:arcrole="http://www.xbrl.org/2003/arcrole/concept-label" order="1" />
    <link:labelArc xlink:type="arc" xlink:from="tse-anedjpfr-75010_FishingReportableSegmentsMember" xlink:to="tse-anedjpfr-75010_FishingReportableSegmentsMember_label_1" xlink:arcrole="http://www.xbrl.org/2003/arcrole/concept-label" order="1" />
    <link:labelArc xlink:type="arc" xlink:from="tse-anedjpfr-75010_IncreaseDecreaseInRefundLiabilitiesOpeCF" xlink:to="tse-anedjpfr-75010_IncreaseDecreaseInRefundLiabilitiesOpeCF_label" xlink:arcrole="http://www.xbrl.org/2003/arcrole/concept-label" order="1" />
    <link:labelArc xlink:type="arc" xlink:from="tse-anedjpfr-75010_IncreaseDecreaseInRefundLiabilitiesOpeCF" xlink:to="tse-anedjpfr-75010_IncreaseDecreaseInRefundLiabilitiesOpeCF_label_1" xlink:arcrole="http://www.xbrl.org/2003/arcrole/concept-label" order="1" />
    <link:labelArc xlink:type="arc" xlink:from="tse-anedjpfr-75010_OutdoorReportableSegmentsMember" xlink:to="tse-anedjpfr-75010_OutdoorReportableSegmentsMember_label" xlink:arcrole="http://www.xbrl.org/2003/arcrole/concept-label" order="1" />
    <link:labelArc xlink:type="arc" xlink:from="tse-anedjpfr-75010_OutdoorReportableSegmentsMember" xlink:to="tse-anedjpfr-75010_OutdoorReportableSegmentsMember_label_1" xlink:arcrole="http://www.xbrl.org/2003/arcrole/concept-label" order="1" />
    <link:labelArc xlink:type="arc" xlink:from="tse-anedjpfr-75010_RefundLiabilitiesCL" xlink:to="tse-anedjpfr-75010_RefundLiabilitiesCL_label" xlink:arcrole="http://www.xbrl.org/2003/arcrole/concept-label" order="1" />
    <link:labelArc xlink:type="arc" xlink:from="tse-anedjpfr-75010_RefundLiabilitiesCL" xlink:to="tse-anedjpfr-75010_RefundLiabilitiesCL_label_1" xlink:arcrole="http://www.xbrl.org/2003/arcrole/concept-label" order="1" />
  </link:labelLink>
</link:linkbase>