<?xml version="1.0" encoding="utf-8"?>
<!-- Generated by PRONEXUS WORKS --><link:linkbase xmlns:link="http://www.xbrl.org/2003/linkbase" xmlns:xsi="http://www.w3.org/2001/XMLSchema-instance" xmlns:xbrli="http://www.xbrl.org/2003/instance" xmlns:xlink="http://www.w3.org/1999/xlink">  <link:labelLink xlink:type="extended" xlink:role="http://www.xbrl.org/2003/role/link">    <link:loc xlink:type="locator" xlink:href="tse-qnedjpfr-21640-2025-11-30-01-2026-01-14.xsd#tse-qnedjpfr-21640_Deliverables" xlink:label="Deliverables" />    <link:label xlink:type="resource" xlink:label="label_Deliverables_2" xml:lang="en" xlink:role="http://www.xbrl.org/2003/role/label" id="label_Deliverables_2">Deliverables</link:label>    <link:labelArc xlink:type="arc" xlink:arcrole="http://www.xbrl.org/2003/arcrole/concept-label" xlink:from="Deliverables" xlink:to="label_Deliverables_2" />    <link:label xlink:type="resource" xlink:label="label_Deliverables" xml:lang="en" xlink:role="http://www.xbrl.org/2003/role/verboseLabel" id="label_Deliverables">Deliverables</link:label>    <link:labelArc xlink:type="arc" xlink:arcrole="http://www.xbrl.org/2003/arcrole/concept-label" xlink:from="Deliverables" xlink:to="label_Deliverables" />    <link:loc xlink:type="locator" xlink:href="tse-qnedjpfr-21640-2025-11-30-01-2026-01-14.xsd#tse-qnedjpfr-21640_AdvertisingBusiness" xlink:label="AdvertisingBusiness" />    <link:label xlink:type="resource" xlink:label="label_AdvertisingBusiness_2" xml:lang="en" xlink:role="http://www.xbrl.org/2003/role/label" id="label_AdvertisingBusiness_2">advertising business</link:label>    <link:labelArc xlink:type="arc" xlink:arcrole="http://www.xbrl.org/2003/arcrole/concept-label" xlink:from="AdvertisingBusiness" xlink:to="label_AdvertisingBusiness_2" />    <link:label xlink:type="resource" xlink:label="label_AdvertisingBusiness" xml:lang="en" xlink:role="http://www.xbrl.org/2003/role/verboseLabel" id="label_AdvertisingBusiness">advertising business</link:label>    <link:labelArc xlink:type="arc" xlink:arcrole="http://www.xbrl.org/2003/arcrole/concept-label" xlink:from="AdvertisingBusiness" xlink:to="label_AdvertisingBusiness" />    <link:loc xlink:type="locator" xlink:href="tse-qnedjpfr-21640-2025-11-30-01-2026-01-14.xsd#tse-qnedjpfr-21640_RealEstateBusiness" xlink:label="RealEstateBusiness" />    <link:label xlink:type="resource" xlink:label="label_RealEstateBusiness_2" xml:lang="en" xlink:role="http://www.xbrl.org/2003/role/label" id="label_RealEstateBusiness_2">real estate business</link:label>    <link:labelArc xlink:type="arc" xlink:arcrole="http://www.xbrl.org/2003/arcrole/concept-label" xlink:from="RealEstateBusiness" xlink:to="label_RealEstateBusiness_2" />    <link:label xlink:type="resource" xlink:label="label_RealEstateBusiness" xml:lang="en" xlink:role="http://www.xbrl.org/2003/role/verboseLabel" id="label_RealEstateBusiness">real estate business</link:label>    <link:labelArc xlink:type="arc" xlink:arcrole="http://www.xbrl.org/2003/arcrole/concept-label" xlink:from="RealEstateBusiness" xlink:to="label_RealEstateBusiness" />  </link:labelLink></link:linkbase>