<?xml version="1.0" encoding="utf-8"?>
<!-- Generated by PRONEXUS WORKS --><link:linkbase xmlns:link="http://www.xbrl.org/2003/linkbase" xmlns:xsi="http://www.w3.org/2001/XMLSchema-instance" xmlns:xbrli="http://www.xbrl.org/2003/instance" xmlns:xlink="http://www.w3.org/1999/xlink">  <link:labelLink xlink:type="extended" xlink:role="http://www.xbrl.org/2003/role/link">    <link:loc xlink:type="locator" xlink:href="tse-qnedjpfr-29360-2025-11-30-01-2026-01-14.xsd#tse-qnedjpfr-29360_CompensationReceivedNOI" xlink:label="CompensationReceivedNOI" />    <link:loc xlink:type="locator" xlink:href="tse-qnedjpfr-29360-2025-11-30-01-2026-01-14.xsd#tse-qnedjpfr-29360_CompleteNutritionFoodBusinessMember" xlink:label="CompleteNutritionFoodBusinessMember" />    <link:label xlink:type="resource" xlink:label="label_CompensationReceivedNOI" xml:lang="ja" xlink:role="http://www.xbrl.org/2003/role/label" id="label_CompensationReceivedNOI">受取補填金</link:label>    <link:labelArc xlink:type="arc" xlink:arcrole="http://www.xbrl.org/2003/arcrole/concept-label" xlink:from="CompensationReceivedNOI" xlink:to="label_CompensationReceivedNOI" />    <link:label xlink:type="resource" xlink:label="label_CompensationReceivedNOI_2" xml:lang="ja" xlink:role="http://www.xbrl.org/2003/role/verboseLabel" id="label_CompensationReceivedNOI_2">受取補填金、営業外収益</link:label>    <link:labelArc xlink:type="arc" xlink:arcrole="http://www.xbrl.org/2003/arcrole/concept-label" xlink:from="CompensationReceivedNOI" xlink:to="label_CompensationReceivedNOI_2" />    <link:label xlink:type="resource" xlink:label="label_CompleteNutritionFoodBusinessMember_2" xml:lang="ja" xlink:role="http://www.xbrl.org/2003/role/label" id="label_CompleteNutritionFoodBusinessMember_2">完全栄養食事業</link:label>    <link:labelArc xlink:type="arc" xlink:arcrole="http://www.xbrl.org/2003/arcrole/concept-label" xlink:from="CompleteNutritionFoodBusinessMember" xlink:to="label_CompleteNutritionFoodBusinessMember_2" />    <link:label xlink:type="resource" xlink:label="label_CompleteNutritionFoodBusinessMember" xml:lang="ja" xlink:role="http://www.xbrl.org/2003/role/verboseLabel" id="label_CompleteNutritionFoodBusinessMember">完全栄養食事業 [メンバー]</link:label>    <link:labelArc xlink:type="arc" xlink:arcrole="http://www.xbrl.org/2003/arcrole/concept-label" xlink:from="CompleteNutritionFoodBusinessMember" xlink:to="label_CompleteNutritionFoodBusinessMember" />  </link:labelLink></link:linkbase>