<?xml version="1.0" encoding="utf-8"?>
<!-- Generated by PRONEXUS WORKS --><link:linkbase xmlns:link="http://www.xbrl.org/2003/linkbase" xmlns:xsi="http://www.w3.org/2001/XMLSchema-instance" xmlns:xbrli="http://www.xbrl.org/2003/instance" xmlns:xlink="http://www.w3.org/1999/xlink">  <link:labelLink xlink:type="extended" xlink:role="http://www.xbrl.org/2003/role/link">    <link:loc xlink:type="locator" xlink:href="tse-qcedjpfr-46840-2025-12-31-01-2026-01-26.xsd#tse-qcedjpfr-46840_SystemIntegrationReportableSegmentsMember" xlink:label="SystemIntegrationReportableSegmentsMember" />    <link:loc xlink:type="locator" xlink:href="tse-qcedjpfr-46840-2025-12-31-01-2026-01-26.xsd#tse-qcedjpfr-46840_SystemSupportReportableSegmentsMember" xlink:label="SystemSupportReportableSegmentsMember" />    <link:loc xlink:type="locator" xlink:href="tse-qcedjpfr-46840-2025-12-31-01-2026-01-26.xsd#tse-qcedjpfr-46840_OfficeAutomationReportableSegmentsMember" xlink:label="OfficeAutomationReportableSegmentsMember" />    <link:label xlink:type="resource" xlink:label="label_SystemIntegrationReportableSegmentsMember" xml:lang="en" xlink:role="http://www.xbrl.org/2003/role/label" id="label_SystemIntegrationReportableSegmentsMember">System integration</link:label>    <link:labelArc xlink:type="arc" xlink:arcrole="http://www.xbrl.org/2003/arcrole/concept-label" xlink:from="SystemIntegrationReportableSegmentsMember" xlink:to="label_SystemIntegrationReportableSegmentsMember" />    <link:label xlink:type="resource" xlink:label="label_SystemIntegrationReportableSegmentsMember_2" xml:lang="en" xlink:role="http://www.xbrl.org/2003/role/verboseLabel" id="label_SystemIntegrationReportableSegmentsMember_2">System integration, Reportable segments [member]</link:label>    <link:labelArc xlink:type="arc" xlink:arcrole="http://www.xbrl.org/2003/arcrole/concept-label" xlink:from="SystemIntegrationReportableSegmentsMember" xlink:to="label_SystemIntegrationReportableSegmentsMember_2" />    <link:label xlink:type="resource" xlink:label="label_SystemSupportReportableSegmentsMember" xml:lang="en" xlink:role="http://www.xbrl.org/2003/role/label" id="label_SystemSupportReportableSegmentsMember">System support</link:label>    <link:labelArc xlink:type="arc" xlink:arcrole="http://www.xbrl.org/2003/arcrole/concept-label" xlink:from="SystemSupportReportableSegmentsMember" xlink:to="label_SystemSupportReportableSegmentsMember" />    <link:label xlink:type="resource" xlink:label="label_SystemSupportReportableSegmentsMember_2" xml:lang="en" xlink:role="http://www.xbrl.org/2003/role/verboseLabel" id="label_SystemSupportReportableSegmentsMember_2">System support, Reportable segments [member]</link:label>    <link:labelArc xlink:type="arc" xlink:arcrole="http://www.xbrl.org/2003/arcrole/concept-label" xlink:from="SystemSupportReportableSegmentsMember" xlink:to="label_SystemSupportReportableSegmentsMember_2" />    <link:label xlink:type="resource" xlink:label="label_OfficeAutomationReportableSegmentsMember" xml:lang="en" xlink:role="http://www.xbrl.org/2003/role/label" id="label_OfficeAutomationReportableSegmentsMember">Office automation</link:label>    <link:labelArc xlink:type="arc" xlink:arcrole="http://www.xbrl.org/2003/arcrole/concept-label" xlink:from="OfficeAutomationReportableSegmentsMember" xlink:to="label_OfficeAutomationReportableSegmentsMember" />    <link:label xlink:type="resource" xlink:label="label_OfficeAutomationReportableSegmentsMember_2" xml:lang="en" xlink:role="http://www.xbrl.org/2003/role/verboseLabel" id="label_OfficeAutomationReportableSegmentsMember_2">Office automation, Reportable segments [member]</link:label>    <link:labelArc xlink:type="arc" xlink:arcrole="http://www.xbrl.org/2003/arcrole/concept-label" xlink:from="OfficeAutomationReportableSegmentsMember" xlink:to="label_OfficeAutomationReportableSegmentsMember_2" />  </link:labelLink></link:linkbase>