﻿<?xml version="1.0" encoding="utf-8"?>
<!-- XBRL Document Created with WizLabo Platform -->
<link:linkbase xmlns:xlink="http://www.w3.org/1999/xlink" xmlns:xsi="http://www.w3.org/2001/XMLSchema-instance" xmlns:link="http://www.xbrl.org/2003/linkbase">
  <link:labelLink xlink:type="extended" xlink:role="http://www.xbrl.org/2003/role/link">
    <link:label xml:lang="ja" xlink:type="resource" xlink:label="tse-scedjpfr-21680_AllowanceForStockBenefitForEmployeeNCL_label" xlink:role="http://www.xbrl.org/2003/role/label">従業員株式給付引当金</link:label>
    <link:label xml:lang="ja" xlink:type="resource" xlink:label="tse-scedjpfr-21680_AllowanceForStockBenefitForEmployeeNCL_label_1" xlink:role="http://www.xbrl.org/2003/role/verboseLabel">従業員株式給付引当金、固定負債</link:label>
    <link:label xml:lang="ja" xlink:type="resource" xlink:label="tse-scedjpfr-21680_BPOSolutionExpertSolutionReportableSegmentMember_label" xlink:role="http://www.xbrl.org/2003/role/label">BPOソリューション・エキスパートソリューション</link:label>
    <link:label xml:lang="ja" xlink:type="resource" xlink:label="tse-scedjpfr-21680_BPOSolutionExpertSolutionReportableSegmentMember_label_1" xlink:role="http://www.xbrl.org/2003/role/verboseLabel">BPOソリューション・エキスパートソリューション、報告セグメント [メンバー]</link:label>
    <link:label xml:lang="ja" xlink:type="resource" xlink:label="tse-scedjpfr-21680_CareerSolutionsReportableSegmentsMember_label" xlink:role="http://www.xbrl.org/2003/role/label">キャリアソリューション</link:label>
    <link:label xml:lang="ja" xlink:type="resource" xlink:label="tse-scedjpfr-21680_CareerSolutionsReportableSegmentsMember_label_1" xlink:role="http://www.xbrl.org/2003/role/verboseLabel">キャリアソリューション、報告セグメント [メンバー]</link:label>
    <link:label xml:lang="ja" xlink:type="resource" xlink:label="tse-scedjpfr-21680_ExpoCostOfProductSalesNOE_label" xlink:role="http://www.xbrl.org/2003/role/label">万博物販原価</link:label>
    <link:label xml:lang="ja" xlink:type="resource" xlink:label="tse-scedjpfr-21680_ExpoCostOfProductSalesNOE_label_1" xlink:role="http://www.xbrl.org/2003/role/verboseLabel">万博物販原価、営業外費用</link:label>
    <link:label xml:lang="ja" xlink:type="resource" xlink:label="tse-scedjpfr-21680_ExpoExhibitRelatedExpensesEL_label" xlink:role="http://www.xbrl.org/2003/role/label">万博出展関連費用</link:label>
    <link:label xml:lang="ja" xlink:type="resource" xlink:label="tse-scedjpfr-21680_ExpoExhibitRelatedExpensesEL_label_1" xlink:role="http://www.xbrl.org/2003/role/verboseLabel">万博出展関連費用、特別損失</link:label>
    <link:label xml:lang="ja" xlink:type="resource" xlink:label="tse-scedjpfr-21680_ExpoProductSalesIncomeNOI_label" xlink:role="http://www.xbrl.org/2003/role/label">万博物販収入</link:label>
    <link:label xml:lang="ja" xlink:type="resource" xlink:label="tse-scedjpfr-21680_ExpoProductSalesIncomeNOI_label_1" xlink:role="http://www.xbrl.org/2003/role/verboseLabel">万博物販収入、営業外収益</link:label>
    <link:label xml:lang="ja" xlink:type="resource" xlink:label="tse-scedjpfr-21680_GrobalSolutionReportableSegmentMember_label" xlink:role="http://www.xbrl.org/2003/role/label">グローバルソリューション</link:label>
    <link:label xml:lang="ja" xlink:type="resource" xlink:label="tse-scedjpfr-21680_GrobalSolutionReportableSegmentMember_label_1" xlink:role="http://www.xbrl.org/2003/role/verboseLabel">グローバルソリューション、報告セグメント[メンバー]</link:label>
    <link:label xml:lang="ja" xlink:type="resource" xlink:label="tse-scedjpfr-21680_LifeSolutionReportableSegmentsMember_label" xlink:role="http://www.xbrl.org/2003/role/label">ライフソリューション</link:label>
    <link:label xml:lang="ja" xlink:type="resource" xlink:label="tse-scedjpfr-21680_LifeSolutionReportableSegmentsMember_label_1" xlink:role="http://www.xbrl.org/2003/role/verboseLabel">ライフソリューション、報告セグメント [メンバー]</link:label>
    <link:label xml:lang="ja" xlink:type="resource" xlink:label="tse-scedjpfr-21680_RegionalRevitalizationSightseeingSolutionReportableSegmentMember_label" xlink:role="http://www.xbrl.org/2003/role/label">地方創生・観光ソリューション</link:label>
    <link:label xml:lang="ja" xlink:type="resource" xlink:label="tse-scedjpfr-21680_RegionalRevitalizationSightseeingSolutionReportableSegmentMember_label_1" xlink:role="http://www.xbrl.org/2003/role/verboseLabel">地方創生・観光ソリューション、報告セグメント [メンバー]</link:label>
    <link:label xml:lang="ja" xlink:type="resource" xlink:label="tse-scedjpfr-21680_SponsorshipIncomeOpeCF_label" xlink:role="http://www.xbrl.org/2003/role/label">協賛金収入</link:label>
    <link:label xml:lang="ja" xlink:type="resource" xlink:label="tse-scedjpfr-21680_SponsorshipIncomeOpeCF_label_1" xlink:role="http://www.xbrl.org/2003/role/verboseLabel">協賛金収入、営業活動によるキャッシュ・フロー</link:label>
    <link:label xml:lang="ja" xlink:type="resource" xlink:label="tse-scedjpfr-21680_SupportMoneyReceivedOpeCF_label" xlink:role="http://www.xbrl.org/2003/role/label">協賛金の受取額</link:label>
    <link:label xml:lang="ja" xlink:type="resource" xlink:label="tse-scedjpfr-21680_SupportMoneyReceivedOpeCF_label_1" xlink:role="http://www.xbrl.org/2003/role/verboseLabel">協賛金の受取額、営業活動によるキャッシュ・フロー</link:label>
    <link:loc xlink:type="locator" xlink:href="tse-scedjpfr-21680-2025-11-30-01-2026-01-14.xsd#tse-scedjpfr-21680_AllowanceForStockBenefitForEmployeeNCL" xlink:label="tse-scedjpfr-21680_AllowanceForStockBenefitForEmployeeNCL" />
    <link:loc xlink:type="locator" xlink:href="tse-scedjpfr-21680-2025-11-30-01-2026-01-14.xsd#tse-scedjpfr-21680_BPOSolutionExpertSolutionReportableSegmentMember" xlink:label="tse-scedjpfr-21680_BPOSolutionExpertSolutionReportableSegmentMember" />
    <link:loc xlink:type="locator" xlink:href="tse-scedjpfr-21680-2025-11-30-01-2026-01-14.xsd#tse-scedjpfr-21680_CareerSolutionsReportableSegmentsMember" xlink:label="tse-scedjpfr-21680_CareerSolutionsReportableSegmentsMember" />
    <link:loc xlink:type="locator" xlink:href="tse-scedjpfr-21680-2025-11-30-01-2026-01-14.xsd#tse-scedjpfr-21680_ExpoCostOfProductSalesNOE" xlink:label="tse-scedjpfr-21680_ExpoCostOfProductSalesNOE" />
    <link:loc xlink:type="locator" xlink:href="tse-scedjpfr-21680-2025-11-30-01-2026-01-14.xsd#tse-scedjpfr-21680_ExpoExhibitRelatedExpensesEL" xlink:label="tse-scedjpfr-21680_ExpoExhibitRelatedExpensesEL" />
    <link:loc xlink:type="locator" xlink:href="tse-scedjpfr-21680-2025-11-30-01-2026-01-14.xsd#tse-scedjpfr-21680_ExpoProductSalesIncomeNOI" xlink:label="tse-scedjpfr-21680_ExpoProductSalesIncomeNOI" />
    <link:loc xlink:type="locator" xlink:href="tse-scedjpfr-21680-2025-11-30-01-2026-01-14.xsd#tse-scedjpfr-21680_GrobalSolutionReportableSegmentMember" xlink:label="tse-scedjpfr-21680_GrobalSolutionReportableSegmentMember" />
    <link:loc xlink:type="locator" xlink:href="tse-scedjpfr-21680-2025-11-30-01-2026-01-14.xsd#tse-scedjpfr-21680_LifeSolutionReportableSegmentsMember" xlink:label="tse-scedjpfr-21680_LifeSolutionReportableSegmentsMember" />
    <link:loc xlink:type="locator" xlink:href="tse-scedjpfr-21680-2025-11-30-01-2026-01-14.xsd#tse-scedjpfr-21680_RegionalRevitalizationSightseeingSolutionReportableSegmentMember" xlink:label="tse-scedjpfr-21680_RegionalRevitalizationSightseeingSolutionReportableSegmentMember" />
    <link:loc xlink:type="locator" xlink:href="tse-scedjpfr-21680-2025-11-30-01-2026-01-14.xsd#tse-scedjpfr-21680_SponsorshipIncomeOpeCF" xlink:label="tse-scedjpfr-21680_SponsorshipIncomeOpeCF" />
    <link:loc xlink:type="locator" xlink:href="tse-scedjpfr-21680-2025-11-30-01-2026-01-14.xsd#tse-scedjpfr-21680_SupportMoneyReceivedOpeCF" xlink:label="tse-scedjpfr-21680_SupportMoneyReceivedOpeCF" />
    <link:labelArc xlink:type="arc" xlink:from="tse-scedjpfr-21680_AllowanceForStockBenefitForEmployeeNCL" xlink:to="tse-scedjpfr-21680_AllowanceForStockBenefitForEmployeeNCL_label" xlink:arcrole="http://www.xbrl.org/2003/arcrole/concept-label" order="1" />
    <link:labelArc xlink:type="arc" xlink:from="tse-scedjpfr-21680_AllowanceForStockBenefitForEmployeeNCL" xlink:to="tse-scedjpfr-21680_AllowanceForStockBenefitForEmployeeNCL_label_1" xlink:arcrole="http://www.xbrl.org/2003/arcrole/concept-label" order="1" />
    <link:labelArc xlink:type="arc" xlink:from="tse-scedjpfr-21680_BPOSolutionExpertSolutionReportableSegmentMember" xlink:to="tse-scedjpfr-21680_BPOSolutionExpertSolutionReportableSegmentMember_label" xlink:arcrole="http://www.xbrl.org/2003/arcrole/concept-label" order="1" />
    <link:labelArc xlink:type="arc" xlink:from="tse-scedjpfr-21680_BPOSolutionExpertSolutionReportableSegmentMember" xlink:to="tse-scedjpfr-21680_BPOSolutionExpertSolutionReportableSegmentMember_label_1" xlink:arcrole="http://www.xbrl.org/2003/arcrole/concept-label" order="1" />
    <link:labelArc xlink:type="arc" xlink:from="tse-scedjpfr-21680_CareerSolutionsReportableSegmentsMember" xlink:to="tse-scedjpfr-21680_CareerSolutionsReportableSegmentsMember_label" xlink:arcrole="http://www.xbrl.org/2003/arcrole/concept-label" order="1" />
    <link:labelArc xlink:type="arc" xlink:from="tse-scedjpfr-21680_CareerSolutionsReportableSegmentsMember" xlink:to="tse-scedjpfr-21680_CareerSolutionsReportableSegmentsMember_label_1" xlink:arcrole="http://www.xbrl.org/2003/arcrole/concept-label" order="1" />
    <link:labelArc xlink:type="arc" xlink:from="tse-scedjpfr-21680_ExpoCostOfProductSalesNOE" xlink:to="tse-scedjpfr-21680_ExpoCostOfProductSalesNOE_label" xlink:arcrole="http://www.xbrl.org/2003/arcrole/concept-label" order="1" />
    <link:labelArc xlink:type="arc" xlink:from="tse-scedjpfr-21680_ExpoCostOfProductSalesNOE" xlink:to="tse-scedjpfr-21680_ExpoCostOfProductSalesNOE_label_1" xlink:arcrole="http://www.xbrl.org/2003/arcrole/concept-label" order="1" />
    <link:labelArc xlink:type="arc" xlink:from="tse-scedjpfr-21680_ExpoExhibitRelatedExpensesEL" xlink:to="tse-scedjpfr-21680_ExpoExhibitRelatedExpensesEL_label" xlink:arcrole="http://www.xbrl.org/2003/arcrole/concept-label" order="1" />
    <link:labelArc xlink:type="arc" xlink:from="tse-scedjpfr-21680_ExpoExhibitRelatedExpensesEL" xlink:to="tse-scedjpfr-21680_ExpoExhibitRelatedExpensesEL_label_1" xlink:arcrole="http://www.xbrl.org/2003/arcrole/concept-label" order="1" />
    <link:labelArc xlink:type="arc" xlink:from="tse-scedjpfr-21680_ExpoProductSalesIncomeNOI" xlink:to="tse-scedjpfr-21680_ExpoProductSalesIncomeNOI_label_1" xlink:arcrole="http://www.xbrl.org/2003/arcrole/concept-label" order="1" />
    <link:labelArc xlink:type="arc" xlink:from="tse-scedjpfr-21680_ExpoProductSalesIncomeNOI" xlink:to="tse-scedjpfr-21680_ExpoProductSalesIncomeNOI_label" xlink:arcrole="http://www.xbrl.org/2003/arcrole/concept-label" order="1" />
    <link:labelArc xlink:type="arc" xlink:from="tse-scedjpfr-21680_GrobalSolutionReportableSegmentMember" xlink:to="tse-scedjpfr-21680_GrobalSolutionReportableSegmentMember_label" xlink:arcrole="http://www.xbrl.org/2003/arcrole/concept-label" order="1" />
    <link:labelArc xlink:type="arc" xlink:from="tse-scedjpfr-21680_GrobalSolutionReportableSegmentMember" xlink:to="tse-scedjpfr-21680_GrobalSolutionReportableSegmentMember_label_1" xlink:arcrole="http://www.xbrl.org/2003/arcrole/concept-label" order="1" />
    <link:labelArc xlink:type="arc" xlink:from="tse-scedjpfr-21680_LifeSolutionReportableSegmentsMember" xlink:to="tse-scedjpfr-21680_LifeSolutionReportableSegmentsMember_label" xlink:arcrole="http://www.xbrl.org/2003/arcrole/concept-label" order="1" />
    <link:labelArc xlink:type="arc" xlink:from="tse-scedjpfr-21680_LifeSolutionReportableSegmentsMember" xlink:to="tse-scedjpfr-21680_LifeSolutionReportableSegmentsMember_label_1" xlink:arcrole="http://www.xbrl.org/2003/arcrole/concept-label" order="1" />
    <link:labelArc xlink:type="arc" xlink:from="tse-scedjpfr-21680_RegionalRevitalizationSightseeingSolutionReportableSegmentMember" xlink:to="tse-scedjpfr-21680_RegionalRevitalizationSightseeingSolutionReportableSegmentMember_label" xlink:arcrole="http://www.xbrl.org/2003/arcrole/concept-label" order="1" />
    <link:labelArc xlink:type="arc" xlink:from="tse-scedjpfr-21680_RegionalRevitalizationSightseeingSolutionReportableSegmentMember" xlink:to="tse-scedjpfr-21680_RegionalRevitalizationSightseeingSolutionReportableSegmentMember_label_1" xlink:arcrole="http://www.xbrl.org/2003/arcrole/concept-label" order="1" />
    <link:labelArc xlink:type="arc" xlink:from="tse-scedjpfr-21680_SponsorshipIncomeOpeCF" xlink:to="tse-scedjpfr-21680_SponsorshipIncomeOpeCF_label" xlink:arcrole="http://www.xbrl.org/2003/arcrole/concept-label" order="1" />
    <link:labelArc xlink:type="arc" xlink:from="tse-scedjpfr-21680_SponsorshipIncomeOpeCF" xlink:to="tse-scedjpfr-21680_SponsorshipIncomeOpeCF_label_1" xlink:arcrole="http://www.xbrl.org/2003/arcrole/concept-label" order="1" />
    <link:labelArc xlink:type="arc" xlink:from="tse-scedjpfr-21680_SupportMoneyReceivedOpeCF" xlink:to="tse-scedjpfr-21680_SupportMoneyReceivedOpeCF_label" xlink:arcrole="http://www.xbrl.org/2003/arcrole/concept-label" order="1" />
    <link:labelArc xlink:type="arc" xlink:from="tse-scedjpfr-21680_SupportMoneyReceivedOpeCF" xlink:to="tse-scedjpfr-21680_SupportMoneyReceivedOpeCF_label_1" xlink:arcrole="http://www.xbrl.org/2003/arcrole/concept-label" order="1" />
  </link:labelLink>
</link:linkbase>