<?xml version="1.0" encoding="utf-8"?>
<manifest xmlns="http://disclosure.edinet-fsa.go.jp/2013/manifest"><tocComposition><title xml:lang="ja">決算短信添付資料</title><title xml:lang="en">Earnings digest attached document</title><item in="presentation" ref="tse-acedjpfr" extrole="http://www.xbrl.tdnet.info/jp/tse/tdnet/role/RoleAttachedDocument" /></tocComposition><list><instance id="tse-acedjpfr" type="Attachment" preferredFilename="tse-acedjpfr-68660-2025-12-31-01-2026-01-23.xbrl"><ixbrl>0101010-acbs01-tse-acedjpfr-68660-2025-12-31-01-2026-01-23-ixbrl.htm</ixbrl><ixbrl>0102010-acpl01-tse-acedjpfr-68660-2025-12-31-01-2026-01-23-ixbrl.htm</ixbrl><ixbrl>0102020-acci01-tse-acedjpfr-68660-2025-12-31-01-2026-01-23-ixbrl.htm</ixbrl><ixbrl>0103010-acss01-tse-acedjpfr-68660-2025-12-31-01-2026-01-23-ixbrl.htm</ixbrl><ixbrl>0104010-accf01-tse-acedjpfr-68660-2025-12-31-01-2026-01-23-ixbrl.htm</ixbrl><ixbrl>0201010-anbs01-tse-acedjpfr-68660-2025-12-31-01-2026-01-23-ixbrl.htm</ixbrl><ixbrl>0202010-anpl01-tse-acedjpfr-68660-2025-12-31-01-2026-01-23-ixbrl.htm</ixbrl><ixbrl>0203010-anss01-tse-acedjpfr-68660-2025-12-31-01-2026-01-23-ixbrl.htm</ixbrl></instance></list></manifest>