<?xml version="1.0" encoding="utf-8"?>
<!-- Generated by PRONEXUS WORKS --><link:linkbase xmlns:link="http://www.xbrl.org/2003/linkbase" xmlns:xsi="http://www.w3.org/2001/XMLSchema-instance" xmlns:xbrli="http://www.xbrl.org/2003/instance" xmlns:xlink="http://www.w3.org/1999/xlink">  <link:labelLink xlink:type="extended" xlink:role="http://www.xbrl.org/2003/role/link">    <link:loc xlink:type="locator" xlink:href="tse-qnedjpfr-30750-2025-11-30-01-2026-01-13.xsd#tse-qnedjpfr-30750_ShareholdersSpecialBenefitsCL" xlink:label="ShareholdersSpecialBenefitsCL" />    <link:label xlink:type="resource" xlink:label="label_ShareholdersSpecialBenefitsCL" xml:lang="en" xlink:role="http://www.xbrl.org/2003/role/label" id="label_ShareholdersSpecialBenefitsCL">Shareholders special benefits</link:label>    <link:labelArc xlink:type="arc" xlink:arcrole="http://www.xbrl.org/2003/arcrole/concept-label" xlink:from="ShareholdersSpecialBenefitsCL" xlink:to="label_ShareholdersSpecialBenefitsCL" />    <link:label xlink:type="resource" xlink:label="label_ShareholdersSpecialBenefitsCL_2" xml:lang="en" xlink:role="http://www.xbrl.org/2003/role/verboseLabel" id="label_ShareholdersSpecialBenefitsCL_2">Shareholders special benefits-CL</link:label>    <link:labelArc xlink:type="arc" xlink:arcrole="http://www.xbrl.org/2003/arcrole/concept-label" xlink:from="ShareholdersSpecialBenefitsCL" xlink:to="label_ShareholdersSpecialBenefitsCL_2" />  </link:labelLink></link:linkbase>