<?xml version="1.0" encoding="utf-8"?>
<!-- Generated by PRONEXUS WORKS --><link:linkbase xmlns:link="http://www.xbrl.org/2003/linkbase" xmlns:xsi="http://www.w3.org/2001/XMLSchema-instance" xmlns:xbrli="http://www.xbrl.org/2003/instance" xmlns:xlink="http://www.w3.org/1999/xlink">  <link:labelLink xlink:type="extended" xlink:role="http://www.xbrl.org/2003/role/link">    <link:loc xlink:type="locator" xlink:href="tse-qcedjpfr-66680-2025-11-30-01-2026-01-09.xsd#tse-qcedjpfr-66680_RelatedBusinessOfSemiconductorAndLCDReportableSegmentsMember" xlink:label="RelatedBusinessOfSemiconductorAndLCDReportableSegmentsMember" />    <link:loc xlink:type="locator" xlink:href="tse-qcedjpfr-66680-2025-11-30-01-2026-01-09.xsd#tse-qcedjpfr-66680_RelatedBusinessOfResearchInstitutesAndUniversitiesReportableSegmentsMember" xlink:label="RelatedBusinessOfResearchInstitutesAndUniversitiesReportableSegmentsMember" />    <link:label xlink:type="resource" xlink:label="label_RelatedBusinessOfSemiconductorAndLCDReportableSegmentsMember" xml:lang="ja" xlink:role="http://www.xbrl.org/2003/role/label" id="label_RelatedBusinessOfSemiconductorAndLCDReportableSegmentsMember">半導体・液晶関連事業</link:label>    <link:labelArc xlink:type="arc" xlink:arcrole="http://www.xbrl.org/2003/arcrole/concept-label" xlink:from="RelatedBusinessOfSemiconductorAndLCDReportableSegmentsMember" xlink:to="label_RelatedBusinessOfSemiconductorAndLCDReportableSegmentsMember" />    <link:label xlink:type="resource" xlink:label="label_RelatedBusinessOfSemiconductorAndLCDReportableSegmentsMember_2" xml:lang="ja" xlink:role="http://www.xbrl.org/2003/role/verboseLabel" id="label_RelatedBusinessOfSemiconductorAndLCDReportableSegmentsMember_2">半導体・液晶関連事業、報告セグメント [メンバー]</link:label>    <link:labelArc xlink:type="arc" xlink:arcrole="http://www.xbrl.org/2003/arcrole/concept-label" xlink:from="RelatedBusinessOfSemiconductorAndLCDReportableSegmentsMember" xlink:to="label_RelatedBusinessOfSemiconductorAndLCDReportableSegmentsMember_2" />    <link:label xlink:type="resource" xlink:label="label_RelatedBusinessOfResearchInstitutesAndUniversitiesReportableSegmentsMember" xml:lang="ja" xlink:role="http://www.xbrl.org/2003/role/label" id="label_RelatedBusinessOfResearchInstitutesAndUniversitiesReportableSegmentsMember">研究機関・大学関連事業</link:label>    <link:labelArc xlink:type="arc" xlink:arcrole="http://www.xbrl.org/2003/arcrole/concept-label" xlink:from="RelatedBusinessOfResearchInstitutesAndUniversitiesReportableSegmentsMember" xlink:to="label_RelatedBusinessOfResearchInstitutesAndUniversitiesReportableSegmentsMember" />    <link:label xlink:type="resource" xlink:label="label_RelatedBusinessOfResearchInstitutesAndUniversitiesReportableSegmentsMember_2" xml:lang="ja" xlink:role="http://www.xbrl.org/2003/role/verboseLabel" id="label_RelatedBusinessOfResearchInstitutesAndUniversitiesReportableSegmentsMember_2">研究機関・大学関連事業、報告セグメント [メンバー]</link:label>    <link:labelArc xlink:type="arc" xlink:arcrole="http://www.xbrl.org/2003/arcrole/concept-label" xlink:from="RelatedBusinessOfResearchInstitutesAndUniversitiesReportableSegmentsMember" xlink:to="label_RelatedBusinessOfResearchInstitutesAndUniversitiesReportableSegmentsMember_2" />  </link:labelLink></link:linkbase>