<?xml version="1.0" encoding="utf-8"?>
<!-- Generated by PRONEXUS WORKS --><link:linkbase xmlns:link="http://www.xbrl.org/2003/linkbase" xmlns:xsi="http://www.w3.org/2001/XMLSchema-instance" xmlns:xbrli="http://www.xbrl.org/2003/instance" xmlns:xlink="http://www.w3.org/1999/xlink">  <link:labelLink xlink:type="extended" xlink:role="http://www.xbrl.org/2003/role/link">    <link:loc xlink:type="locator" xlink:href="tse-scedjpfr-33210-2025-11-30-01-2025-12-25.xsd#tse-scedjpfr-33210_DomesticBusinessDepartmentReportableSegmentsMember" xlink:label="DomesticBusinessDepartmentReportableSegmentsMember" />    <link:loc xlink:type="locator" xlink:href="tse-scedjpfr-33210-2025-11-30-01-2025-12-25.xsd#tse-scedjpfr-33210_OverseasBusinessDepartmentReportableSegmentsMember" xlink:label="OverseasBusinessDepartmentReportableSegmentsMember" />    <link:loc xlink:type="locator" xlink:href="tse-scedjpfr-33210-2025-11-30-01-2025-12-25.xsd#tse-scedjpfr-33210_CommissonFeePaidFinCF" xlink:label="CommissonFeePaidFinCF" />    <link:label xlink:type="resource" xlink:label="label_DomesticBusinessDepartmentReportableSegmentsMember" xml:lang="ja" xlink:role="http://www.xbrl.org/2003/role/label" id="label_DomesticBusinessDepartmentReportableSegmentsMember">国内事業部門</link:label>    <link:labelArc xlink:type="arc" xlink:arcrole="http://www.xbrl.org/2003/arcrole/concept-label" xlink:from="DomesticBusinessDepartmentReportableSegmentsMember" xlink:to="label_DomesticBusinessDepartmentReportableSegmentsMember" />    <link:label xlink:type="resource" xlink:label="label_DomesticBusinessDepartmentReportableSegmentsMember_2" xml:lang="ja" xlink:role="http://www.xbrl.org/2003/role/verboseLabel" id="label_DomesticBusinessDepartmentReportableSegmentsMember_2">国内事業部門、報告セグメント [メンバー]</link:label>    <link:labelArc xlink:type="arc" xlink:arcrole="http://www.xbrl.org/2003/arcrole/concept-label" xlink:from="DomesticBusinessDepartmentReportableSegmentsMember" xlink:to="label_DomesticBusinessDepartmentReportableSegmentsMember_2" />    <link:label xlink:type="resource" xlink:label="label_OverseasBusinessDepartmentReportableSegmentsMember" xml:lang="ja" xlink:role="http://www.xbrl.org/2003/role/label" id="label_OverseasBusinessDepartmentReportableSegmentsMember">海外事業部門</link:label>    <link:labelArc xlink:type="arc" xlink:arcrole="http://www.xbrl.org/2003/arcrole/concept-label" xlink:from="OverseasBusinessDepartmentReportableSegmentsMember" xlink:to="label_OverseasBusinessDepartmentReportableSegmentsMember" />    <link:label xlink:type="resource" xlink:label="label_OverseasBusinessDepartmentReportableSegmentsMember_2" xml:lang="ja" xlink:role="http://www.xbrl.org/2003/role/verboseLabel" id="label_OverseasBusinessDepartmentReportableSegmentsMember_2">海外事業部門、報告セグメント [メンバー]</link:label>    <link:labelArc xlink:type="arc" xlink:arcrole="http://www.xbrl.org/2003/arcrole/concept-label" xlink:from="OverseasBusinessDepartmentReportableSegmentsMember" xlink:to="label_OverseasBusinessDepartmentReportableSegmentsMember_2" />    <link:label xlink:type="resource" xlink:label="label_CommissonFeePaidFinCF" xml:lang="ja" xlink:role="http://www.xbrl.org/2003/role/label" id="label_CommissonFeePaidFinCF">支払手数料の支払額</link:label>    <link:labelArc xlink:type="arc" xlink:arcrole="http://www.xbrl.org/2003/arcrole/concept-label" xlink:from="CommissonFeePaidFinCF" xlink:to="label_CommissonFeePaidFinCF" />    <link:label xlink:type="resource" xlink:label="label_CommissonFeePaidFinCF_2" xml:lang="ja" xlink:role="http://www.xbrl.org/2003/role/verboseLabel" id="label_CommissonFeePaidFinCF_2">支払手数料の支払額、財務活動によるキャッシュ・フロー</link:label>    <link:labelArc xlink:type="arc" xlink:arcrole="http://www.xbrl.org/2003/arcrole/concept-label" xlink:from="CommissonFeePaidFinCF" xlink:to="label_CommissonFeePaidFinCF_2" />  </link:labelLink></link:linkbase>