﻿<?xml version="1.0" encoding="utf-8"?>
<!-- XBRL Document Created with WizLabo Platform -->
<link:linkbase xmlns:xlink="http://www.w3.org/1999/xlink" xmlns:xsi="http://www.w3.org/2001/XMLSchema-instance" xmlns:link="http://www.xbrl.org/2003/linkbase">
  <link:labelLink xlink:type="extended" xlink:role="http://www.xbrl.org/2003/role/link">
    <link:label xml:lang="en" xlink:type="resource" xlink:label="tse-qnedjpfr-75120_IncreaseDecreaseInProvisionForDirectorsRemunerationBasedOnPerformanceOpeCF_label" xlink:role="http://www.xbrl.org/2003/role/label">Increase (decrease) in provision for directors remuneration based on performance</link:label>
    <link:label xml:lang="en" xlink:type="resource" xlink:label="tse-qnedjpfr-75120_IncreaseDecreaseInProvisionForDirectorsRemunerationBasedOnPerformanceOpeCF_label_1" xlink:role="http://www.xbrl.org/2003/role/verboseLabel">Increase (decrease) in provision for directors remuneration based on performance-OpeCF</link:label>
    <link:label xml:lang="en" xlink:type="resource" xlink:label="tse-qnedjpfr-75120_LossOnStoreAccidentsNOE_label" xlink:role="http://www.xbrl.org/2003/role/label">Loss on store accidents</link:label>
    <link:label xml:lang="en" xlink:type="resource" xlink:label="tse-qnedjpfr-75120_LossOnStoreAccidentsNOE_label_1" xlink:role="http://www.xbrl.org/2003/role/verboseLabel">Loss on store accidents-NOE</link:label>
    <link:label xml:lang="en" xlink:type="resource" xlink:label="tse-qnedjpfr-75120_ProvisionForDirectorsRemunerationBasedOnCL_label" xlink:role="http://www.xbrl.org/2003/role/label">Provision for directors remuneration based on</link:label>
    <link:label xml:lang="en" xlink:type="resource" xlink:label="tse-qnedjpfr-75120_ProvisionForDirectorsRemunerationBasedOnCL_label_1" xlink:role="http://www.xbrl.org/2003/role/verboseLabel">Provision for directors remuneration based on-CL</link:label>
    <link:label xml:lang="en" xlink:type="resource" xlink:label="tse-qnedjpfr-75120_TenantPenaltyIncomeNOI_label" xlink:role="http://www.xbrl.org/2003/role/label">Tenant penalty income</link:label>
    <link:label xml:lang="en" xlink:type="resource" xlink:label="tse-qnedjpfr-75120_TenantPenaltyIncomeNOI_label_1" xlink:role="http://www.xbrl.org/2003/role/verboseLabel">Tenant penalty income-NOI</link:label>
    <link:loc xlink:type="locator" xlink:href="tse-qnedjpfr-75120-2025-11-30-01-2026-01-08.xsd#tse-qnedjpfr-75120_IncreaseDecreaseInProvisionForDirectorsRemunerationBasedOnPerformanceOpeCF" xlink:label="tse-qnedjpfr-75120_IncreaseDecreaseInProvisionForDirectorsRemunerationBasedOnPerformanceOpeCF" />
    <link:loc xlink:type="locator" xlink:href="tse-qnedjpfr-75120-2025-11-30-01-2026-01-08.xsd#tse-qnedjpfr-75120_LossOnStoreAccidentsNOE" xlink:label="tse-qnedjpfr-75120_LossOnStoreAccidentsNOE" />
    <link:loc xlink:type="locator" xlink:href="tse-qnedjpfr-75120-2025-11-30-01-2026-01-08.xsd#tse-qnedjpfr-75120_ProvisionForDirectorsRemunerationBasedOnCL" xlink:label="tse-qnedjpfr-75120_ProvisionForDirectorsRemunerationBasedOnCL" />
    <link:loc xlink:type="locator" xlink:href="tse-qnedjpfr-75120-2025-11-30-01-2026-01-08.xsd#tse-qnedjpfr-75120_TenantPenaltyIncomeNOI" xlink:label="tse-qnedjpfr-75120_TenantPenaltyIncomeNOI" />
    <link:labelArc xlink:type="arc" xlink:from="tse-qnedjpfr-75120_IncreaseDecreaseInProvisionForDirectorsRemunerationBasedOnPerformanceOpeCF" xlink:to="tse-qnedjpfr-75120_IncreaseDecreaseInProvisionForDirectorsRemunerationBasedOnPerformanceOpeCF_label" xlink:arcrole="http://www.xbrl.org/2003/arcrole/concept-label" order="1" />
    <link:labelArc xlink:type="arc" xlink:from="tse-qnedjpfr-75120_IncreaseDecreaseInProvisionForDirectorsRemunerationBasedOnPerformanceOpeCF" xlink:to="tse-qnedjpfr-75120_IncreaseDecreaseInProvisionForDirectorsRemunerationBasedOnPerformanceOpeCF_label_1" xlink:arcrole="http://www.xbrl.org/2003/arcrole/concept-label" order="1" />
    <link:labelArc xlink:type="arc" xlink:from="tse-qnedjpfr-75120_LossOnStoreAccidentsNOE" xlink:to="tse-qnedjpfr-75120_LossOnStoreAccidentsNOE_label" xlink:arcrole="http://www.xbrl.org/2003/arcrole/concept-label" order="1" />
    <link:labelArc xlink:type="arc" xlink:from="tse-qnedjpfr-75120_LossOnStoreAccidentsNOE" xlink:to="tse-qnedjpfr-75120_LossOnStoreAccidentsNOE_label_1" xlink:arcrole="http://www.xbrl.org/2003/arcrole/concept-label" order="1" />
    <link:labelArc xlink:type="arc" xlink:from="tse-qnedjpfr-75120_ProvisionForDirectorsRemunerationBasedOnCL" xlink:to="tse-qnedjpfr-75120_ProvisionForDirectorsRemunerationBasedOnCL_label" xlink:arcrole="http://www.xbrl.org/2003/arcrole/concept-label" order="1" />
    <link:labelArc xlink:type="arc" xlink:from="tse-qnedjpfr-75120_ProvisionForDirectorsRemunerationBasedOnCL" xlink:to="tse-qnedjpfr-75120_ProvisionForDirectorsRemunerationBasedOnCL_label_1" xlink:arcrole="http://www.xbrl.org/2003/arcrole/concept-label" order="1" />
    <link:labelArc xlink:type="arc" xlink:from="tse-qnedjpfr-75120_TenantPenaltyIncomeNOI" xlink:to="tse-qnedjpfr-75120_TenantPenaltyIncomeNOI_label" xlink:arcrole="http://www.xbrl.org/2003/arcrole/concept-label" order="1" />
    <link:labelArc xlink:type="arc" xlink:from="tse-qnedjpfr-75120_TenantPenaltyIncomeNOI" xlink:to="tse-qnedjpfr-75120_TenantPenaltyIncomeNOI_label_1" xlink:arcrole="http://www.xbrl.org/2003/arcrole/concept-label" order="1" />
  </link:labelLink>
</link:linkbase>