﻿<?xml version="1.0" encoding="utf-8"?>
<!-- XBRL Document Created with WizLabo Platform -->
<link:linkbase xmlns:xlink="http://www.w3.org/1999/xlink" xmlns:xsi="http://www.w3.org/2001/XMLSchema-instance" xmlns:link="http://www.xbrl.org/2003/linkbase">
  <link:roleRef xlink:type="simple" xlink:href="http://disclosure.edinet-fsa.go.jp/taxonomy/jppfs/2024-11-01/jppfs_rt_2024-11-01.xsd#rol_CTELabel" roleURI="http://disclosure.edinet-fsa.go.jp/jppfs/cte/role/label" />
  <link:labelLink xlink:type="extended" xlink:role="http://www.xbrl.org/2003/role/link">
    <link:label xml:lang="ja" xlink:type="resource" xlink:label="jppfs_cor_RealEstateForInvestmentNet_label" xlink:role="http://disclosure.edinet-fsa.go.jp/jppfs/cte/role/label">投資不動産</link:label>
    <link:label xml:lang="ja" xlink:type="resource" xlink:label="tse-acedjpfr-31860_EffectOfChangesInAccountingPeriodOfSubsidiaries_label" xlink:role="http://www.xbrl.org/2003/role/label">連結子会社の決算期変更に伴う増減</link:label>
    <link:label xml:lang="ja" xlink:type="resource" xlink:label="tse-acedjpfr-31860_EffectOfChangesInAccountingPeriodOfSubsidiaries_label_1" xlink:role="http://www.xbrl.org/2003/role/verboseLabel">連結子会社の決算期変更に伴う増減</link:label>
    <link:label xml:lang="ja" xlink:type="resource" xlink:label="tse-acedjpfr-31860_GainOnSalesOfScrapsNOI_label" xlink:role="http://www.xbrl.org/2003/role/label">廃棄物リサイクル収入</link:label>
    <link:label xml:lang="ja" xlink:type="resource" xlink:label="tse-acedjpfr-31860_GainOnSalesOfScrapsNOI_label_1" xlink:role="http://www.xbrl.org/2003/role/verboseLabel">廃棄物リサイクル収入、営業外収益</link:label>
    <link:label xml:lang="ja" xlink:type="resource" xlink:label="tse-acedjpfr-31860_RentCostNOE_label_1" xlink:role="http://www.xbrl.org/2003/role/label">賃貸原価</link:label>
    <link:label xml:lang="ja" xlink:type="resource" xlink:label="tse-acedjpfr-31860_RentCostNOE_label_2" xlink:role="http://www.xbrl.org/2003/role/verboseLabel">賃貸原価、営業外費用</link:label>
    <link:label xml:lang="ja" xlink:type="resource" xlink:label="tse-acedjpfr-31860_RentCostNOE_label" xlink:role="http://www.xbrl.org/2003/role/documentation">賃貸原価、営業外費用</link:label>
    <link:loc xlink:type="locator" xlink:href="http://disclosure.edinet-fsa.go.jp/taxonomy/jppfs/2024-11-01/jppfs_cor_2024-11-01.xsd#jppfs_cor_RealEstateForInvestmentNet" xlink:label="jppfs_cor_RealEstateForInvestmentNet" />
    <link:loc xlink:type="locator" xlink:href="tse-acedjpfr-31860-2025-11-30-01-2026-01-05.xsd#tse-acedjpfr-31860_EffectOfChangesInAccountingPeriodOfSubsidiaries" xlink:label="tse-acedjpfr-31860_EffectOfChangesInAccountingPeriodOfSubsidiaries" />
    <link:loc xlink:type="locator" xlink:href="tse-acedjpfr-31860-2025-11-30-01-2026-01-05.xsd#tse-acedjpfr-31860_GainOnSalesOfScrapsNOI" xlink:label="tse-acedjpfr-31860_GainOnSalesOfScrapsNOI" />
    <link:loc xlink:type="locator" xlink:href="tse-acedjpfr-31860-2025-11-30-01-2026-01-05.xsd#tse-acedjpfr-31860_RentCostNOE" xlink:label="tse-acedjpfr-31860_RentCostNOE" />
    <link:labelArc xlink:type="arc" xlink:from="jppfs_cor_RealEstateForInvestmentNet" xlink:to="jppfs_cor_RealEstateForInvestmentNet_label" xlink:arcrole="http://www.xbrl.org/2003/arcrole/concept-label" order="1" />
    <link:labelArc xlink:type="arc" xlink:from="tse-acedjpfr-31860_EffectOfChangesInAccountingPeriodOfSubsidiaries" xlink:to="tse-acedjpfr-31860_EffectOfChangesInAccountingPeriodOfSubsidiaries_label" xlink:arcrole="http://www.xbrl.org/2003/arcrole/concept-label" order="1" />
    <link:labelArc xlink:type="arc" xlink:from="tse-acedjpfr-31860_EffectOfChangesInAccountingPeriodOfSubsidiaries" xlink:to="tse-acedjpfr-31860_EffectOfChangesInAccountingPeriodOfSubsidiaries_label_1" xlink:arcrole="http://www.xbrl.org/2003/arcrole/concept-label" order="1" />
    <link:labelArc xlink:type="arc" xlink:from="tse-acedjpfr-31860_GainOnSalesOfScrapsNOI" xlink:to="tse-acedjpfr-31860_GainOnSalesOfScrapsNOI_label" xlink:arcrole="http://www.xbrl.org/2003/arcrole/concept-label" order="1" />
    <link:labelArc xlink:type="arc" xlink:from="tse-acedjpfr-31860_GainOnSalesOfScrapsNOI" xlink:to="tse-acedjpfr-31860_GainOnSalesOfScrapsNOI_label_1" xlink:arcrole="http://www.xbrl.org/2003/arcrole/concept-label" order="1" />
    <link:labelArc xlink:type="arc" xlink:from="tse-acedjpfr-31860_RentCostNOE" xlink:to="tse-acedjpfr-31860_RentCostNOE_label" xlink:arcrole="http://www.xbrl.org/2003/arcrole/concept-label" order="1" />
    <link:labelArc xlink:type="arc" xlink:from="tse-acedjpfr-31860_RentCostNOE" xlink:to="tse-acedjpfr-31860_RentCostNOE_label_1" xlink:arcrole="http://www.xbrl.org/2003/arcrole/concept-label" order="1" />
    <link:labelArc xlink:type="arc" xlink:from="tse-acedjpfr-31860_RentCostNOE" xlink:to="tse-acedjpfr-31860_RentCostNOE_label_2" xlink:arcrole="http://www.xbrl.org/2003/arcrole/concept-label" order="1" />
  </link:labelLink>
</link:linkbase>