﻿<?xml version="1.0" encoding="utf-8"?>
<!-- XBRL Document Created with WizLabo Platform -->
<link:linkbase xmlns:xlink="http://www.w3.org/1999/xlink" xmlns:xsi="http://www.w3.org/2001/XMLSchema-instance" xmlns:link="http://www.xbrl.org/2003/linkbase">
  <link:labelLink xlink:type="extended" xlink:role="http://www.xbrl.org/2003/role/link">
    <link:label xml:lang="en" xlink:type="resource" xlink:label="tse-scedjpfr-205A0_AccountsReceivableFromCompletedConstructionContractsAndOtherCA_label" xlink:role="http://www.xbrl.org/2003/role/label">Accounts receivable from completed construction contracts and other</link:label>
    <link:label xml:lang="en" xlink:type="resource" xlink:label="tse-scedjpfr-205A0_AccountsReceivableFromCompletedConstructionContractsAndOtherCA_label_1" xlink:role="http://www.xbrl.org/2003/role/verboseLabel">Accounts receivable from completed construction contracts and other-CA</link:label>
    <link:label xml:lang="en" xlink:type="resource" xlink:label="tse-scedjpfr-205A0_CommissionIncomeNOI_label" xlink:role="http://www.xbrl.org/2003/role/label">Commission income</link:label>
    <link:label xml:lang="en" xlink:type="resource" xlink:label="tse-scedjpfr-205A0_CommissionIncomeNOI_label_1" xlink:role="http://www.xbrl.org/2003/role/verboseLabel">Commission income-NOI</link:label>
    <link:label xml:lang="en" xlink:type="resource" xlink:label="tse-scedjpfr-205A0_CommissonFeePaidFinCF_label" xlink:role="http://www.xbrl.org/2003/role/label">Commisson fee paid</link:label>
    <link:label xml:lang="en" xlink:type="resource" xlink:label="tse-scedjpfr-205A0_CommissonFeePaidFinCF_label_1" xlink:role="http://www.xbrl.org/2003/role/verboseLabel">Commisson fee paid-FinCF</link:label>
    <link:label xml:lang="en" xlink:type="resource" xlink:label="tse-scedjpfr-205A0_ContributedIncomeNOI_label" xlink:role="http://www.xbrl.org/2003/role/label">Contributed income</link:label>
    <link:label xml:lang="en" xlink:type="resource" xlink:label="tse-scedjpfr-205A0_ContributedIncomeNOI_label_1" xlink:role="http://www.xbrl.org/2003/role/verboseLabel">Contributed income-NOI</link:label>
    <link:label xml:lang="en" xlink:type="resource" xlink:label="tse-scedjpfr-205A0_IncreaseDecreaseInAdvancesReceivedOnConstructionContractsInProgressOpeCF_label" xlink:role="http://www.xbrl.org/2003/role/label">Increase (decrease) in advances received on construction contracts in progress</link:label>
    <link:label xml:lang="en" xlink:type="resource" xlink:label="tse-scedjpfr-205A0_IncreaseDecreaseInAdvancesReceivedOnConstructionContractsInProgressOpeCF_label_1" xlink:role="http://www.xbrl.org/2003/role/verboseLabel">Increase (decrease) in advances received on construction contracts in progress - OpeCF</link:label>
    <link:loc xlink:type="locator" xlink:href="tse-scedjpfr-205A0-2025-11-30-01-2026-01-14.xsd#tse-scedjpfr-205A0_AccountsReceivableFromCompletedConstructionContractsAndOtherCA" xlink:label="tse-scedjpfr-205A0_AccountsReceivableFromCompletedConstructionContractsAndOtherCA" />
    <link:loc xlink:type="locator" xlink:href="tse-scedjpfr-205A0-2025-11-30-01-2026-01-14.xsd#tse-scedjpfr-205A0_CommissionIncomeNOI" xlink:label="tse-scedjpfr-205A0_CommissionIncomeNOI" />
    <link:loc xlink:type="locator" xlink:href="tse-scedjpfr-205A0-2025-11-30-01-2026-01-14.xsd#tse-scedjpfr-205A0_CommissonFeePaidFinCF" xlink:label="tse-scedjpfr-205A0_CommissonFeePaidFinCF" />
    <link:loc xlink:type="locator" xlink:href="tse-scedjpfr-205A0-2025-11-30-01-2026-01-14.xsd#tse-scedjpfr-205A0_ContributedIncomeNOI" xlink:label="tse-scedjpfr-205A0_ContributedIncomeNOI" />
    <link:loc xlink:type="locator" xlink:href="tse-scedjpfr-205A0-2025-11-30-01-2026-01-14.xsd#tse-scedjpfr-205A0_IncreaseDecreaseInAdvancesReceivedOnConstructionContractsInProgressOpeCF" xlink:label="tse-scedjpfr-205A0_IncreaseDecreaseInAdvancesReceivedOnConstructionContractsInProgressOpeCF" />
    <link:labelArc xlink:type="arc" xlink:from="tse-scedjpfr-205A0_AccountsReceivableFromCompletedConstructionContractsAndOtherCA" xlink:to="tse-scedjpfr-205A0_AccountsReceivableFromCompletedConstructionContractsAndOtherCA_label" xlink:arcrole="http://www.xbrl.org/2003/arcrole/concept-label" order="1" />
    <link:labelArc xlink:type="arc" xlink:from="tse-scedjpfr-205A0_AccountsReceivableFromCompletedConstructionContractsAndOtherCA" xlink:to="tse-scedjpfr-205A0_AccountsReceivableFromCompletedConstructionContractsAndOtherCA_label_1" xlink:arcrole="http://www.xbrl.org/2003/arcrole/concept-label" order="1" />
    <link:labelArc xlink:type="arc" xlink:from="tse-scedjpfr-205A0_CommissionIncomeNOI" xlink:to="tse-scedjpfr-205A0_CommissionIncomeNOI_label" xlink:arcrole="http://www.xbrl.org/2003/arcrole/concept-label" order="1" />
    <link:labelArc xlink:type="arc" xlink:from="tse-scedjpfr-205A0_CommissionIncomeNOI" xlink:to="tse-scedjpfr-205A0_CommissionIncomeNOI_label_1" xlink:arcrole="http://www.xbrl.org/2003/arcrole/concept-label" order="1" />
    <link:labelArc xlink:type="arc" xlink:from="tse-scedjpfr-205A0_CommissonFeePaidFinCF" xlink:to="tse-scedjpfr-205A0_CommissonFeePaidFinCF_label" xlink:arcrole="http://www.xbrl.org/2003/arcrole/concept-label" order="1" />
    <link:labelArc xlink:type="arc" xlink:from="tse-scedjpfr-205A0_CommissonFeePaidFinCF" xlink:to="tse-scedjpfr-205A0_CommissonFeePaidFinCF_label_1" xlink:arcrole="http://www.xbrl.org/2003/arcrole/concept-label" order="1" />
    <link:labelArc xlink:type="arc" xlink:from="tse-scedjpfr-205A0_ContributedIncomeNOI" xlink:to="tse-scedjpfr-205A0_ContributedIncomeNOI_label" xlink:arcrole="http://www.xbrl.org/2003/arcrole/concept-label" order="1" />
    <link:labelArc xlink:type="arc" xlink:from="tse-scedjpfr-205A0_ContributedIncomeNOI" xlink:to="tse-scedjpfr-205A0_ContributedIncomeNOI_label_1" xlink:arcrole="http://www.xbrl.org/2003/arcrole/concept-label" order="1" />
    <link:labelArc xlink:type="arc" xlink:from="tse-scedjpfr-205A0_IncreaseDecreaseInAdvancesReceivedOnConstructionContractsInProgressOpeCF" xlink:to="tse-scedjpfr-205A0_IncreaseDecreaseInAdvancesReceivedOnConstructionContractsInProgressOpeCF_label" xlink:arcrole="http://www.xbrl.org/2003/arcrole/concept-label" order="1" />
    <link:labelArc xlink:type="arc" xlink:from="tse-scedjpfr-205A0_IncreaseDecreaseInAdvancesReceivedOnConstructionContractsInProgressOpeCF" xlink:to="tse-scedjpfr-205A0_IncreaseDecreaseInAdvancesReceivedOnConstructionContractsInProgressOpeCF_label_1" xlink:arcrole="http://www.xbrl.org/2003/arcrole/concept-label" order="1" />
  </link:labelLink>
</link:linkbase>