<?xml version="1.0" encoding="utf-8"?>
<!-- Generated by PRONEXUS WORKS --><link:linkbase xmlns:link="http://www.xbrl.org/2003/linkbase" xmlns:xsi="http://www.w3.org/2001/XMLSchema-instance" xmlns:xbrli="http://www.xbrl.org/2003/instance" xmlns:xlink="http://www.w3.org/1999/xlink">  <link:roleRef xlink:type="simple" roleURI="http://disclosure.edinet-fsa.go.jp/jppfs/ConsolidatedInterim/role/periodEndLabel" xlink:href="http://disclosure.edinet-fsa.go.jp/taxonomy/jppfs/2023-12-01/jppfs_rt_2023-12-01.xsd#rol_ConsolidatedInterimPeriodEndLabel" />  <link:roleRef xlink:type="simple" roleURI="http://disclosure.edinet-fsa.go.jp/jppfs/ConsolidatedInterim/role/periodStartLabel" xlink:href="http://disclosure.edinet-fsa.go.jp/taxonomy/jppfs/2023-12-01/jppfs_rt_2023-12-01.xsd#rol_ConsolidatedInterimPeriodStartLabel" />  <link:roleRef xlink:type="simple" roleURI="http://disclosure.edinet-fsa.go.jp/jppfs/ConsolidatedInterim/role/label" xlink:href="http://disclosure.edinet-fsa.go.jp/taxonomy/jppfs/2023-12-01/jppfs_rt_2023-12-01.xsd#rol_ConsolidatedInterimLabel" />  <link:roleRef xlink:type="simple" roleURI="http://disclosure.edinet-fsa.go.jp/jpcrp/alt/role/negativeLabel" xlink:href="http://disclosure.edinet-fsa.go.jp/taxonomy/jpcrp/2023-12-01/jpcrp_rt_2023-12-01.xsd#rol_altNegativeLabel" />  <link:roleRef xlink:type="simple" roleURI="http://disclosure.edinet-fsa.go.jp/jpcrp/alt/ConsolidatedQuarterly/role/negativeLabel" xlink:href="http://disclosure.edinet-fsa.go.jp/taxonomy/jpcrp/2023-12-01/jpcrp_rt_2023-12-01.xsd#rol_altConsolidatedQuarterlyNegativeLabel" />  <link:roleRef xlink:type="simple" roleURI="http://disclosure.edinet-fsa.go.jp/jpcrp/alt/ConsolidatedQuarterly/role/label" xlink:href="http://disclosure.edinet-fsa.go.jp/taxonomy/jpcrp/2023-12-01/jpcrp_rt_2023-12-01.xsd#rol_altConsolidatedQuarterlyLabel" />  <link:roleRef xlink:type="simple" roleURI="http://disclosure.edinet-fsa.go.jp/jpcrp/alt/role/label" xlink:href="http://disclosure.edinet-fsa.go.jp/taxonomy/jpcrp/2023-12-01/jpcrp_rt_2023-12-01.xsd#rol_altLabel" />  <link:roleRef xlink:type="simple" roleURI="http://disclosure.edinet-fsa.go.jp/jppfs/ConsolidatedQuarterly/role/periodEndLabel" xlink:href="http://disclosure.edinet-fsa.go.jp/taxonomy/jppfs/2023-12-01/jppfs_rt_2023-12-01.xsd#rol_ConsolidatedQuarterlyPeriodEndLabel" />  <link:labelLink xlink:type="extended" xlink:role="http://www.xbrl.org/2003/role/link">    <link:loc xlink:type="locator" xlink:href="tse-qcediffr-30860-2025-11-30-01-2025-12-26.xsd#tse-qcediffr-30860_LossOnDisposalsOfNonCurrentAssetsOpeCFIFRS" xlink:label="LossOnDisposalsOfNonCurrentAssetsOpeCFIFRS" />    <link:loc xlink:type="locator" xlink:href="tse-qcediffr-30860-2025-11-30-01-2025-12-26.xsd#tse-qcediffr-30860_ProceedsFromRefundOfGuaranteeDepositsInvCFIFRS" xlink:label="ProceedsFromRefundOfGuaranteeDepositsInvCFIFRS" />    <link:loc xlink:type="locator" xlink:href="tse-qcediffr-30860-2025-11-30-01-2025-12-26.xsd#tse-qcediffr-30860_CapitalIncreaseOfConsolidatedSubsidiariesSSIFRS" xlink:label="CapitalIncreaseOfConsolidatedSubsidiariesSSIFRS" />    <link:loc xlink:type="locator" xlink:href="http://disclosure.edinet-fsa.go.jp/taxonomy/jpigp/2023-12-01/jpigp_cor_2023-12-01.xsd#jpigp_cor_CashAndCashEquivalentsIFRS" xlink:label="CashAndCashEquivalentsIFRS" />    <link:loc xlink:type="locator" xlink:href="tse-qcediffr-30860-2025-11-30-01-2025-12-26.xsd#tse-qcediffr-30860_DepartmentStoreBusinessReportableSegmentMember" xlink:label="DepartmentStoreBusinessReportableSegmentMember" />    <link:loc xlink:type="locator" xlink:href="tse-qcediffr-30860-2025-11-30-01-2025-12-26.xsd#tse-qcediffr-30860_PARCOBusinessReportableSegmentMember" xlink:label="PARCOBusinessReportableSegmentMember" />    <link:loc xlink:type="locator" xlink:href="tse-qcediffr-30860-2025-11-30-01-2025-12-26.xsd#tse-qcediffr-30860_RealEstateBusinessReportableSegmentMember" xlink:label="RealEstateBusinessReportableSegmentMember" />    <link:loc xlink:type="locator" xlink:href="tse-qcediffr-30860-2025-11-30-01-2025-12-26.xsd#tse-qcediffr-30860_CreditFinanceBusinessReportableSegmentMember" xlink:label="CreditFinanceBusinessReportableSegmentMember" />    <link:loc xlink:type="locator" xlink:href="http://disclosure.edinet-fsa.go.jp/taxonomy/jpigp/2023-12-01/jpigp_cor_2023-12-01.xsd#jpigp_cor_ProfitLossAttributableToIFRSAbstract" xlink:label="ProfitLossAttributableToIFRSAbstract" />    <link:loc xlink:type="locator" xlink:href="http://disclosure.edinet-fsa.go.jp/taxonomy/jpigp/2023-12-01/jpigp_cor_2023-12-01.xsd#jpigp_cor_BasicEarningsLossPerShareIFRS" xlink:label="BasicEarningsLossPerShareIFRS" />    <link:loc xlink:type="locator" xlink:href="http://disclosure.edinet-fsa.go.jp/taxonomy/jpigp/2023-12-01/jpigp_cor_2023-12-01.xsd#jpigp_cor_OperatingProfitLossIFRS" xlink:label="OperatingProfitLossIFRS" />    <link:loc xlink:type="locator" xlink:href="http://disclosure.edinet-fsa.go.jp/taxonomy/jpigp/2023-12-01/jpigp_cor_2023-12-01.xsd#jpigp_cor_ProfitLossBeforeTaxIFRS" xlink:label="ProfitLossBeforeTaxIFRS" />    <link:loc xlink:type="locator" xlink:href="http://disclosure.edinet-fsa.go.jp/taxonomy/jpigp/2023-12-01/jpigp_cor_2023-12-01.xsd#jpigp_cor_ProfitLossIFRS" xlink:label="ProfitLossIFRS" />    <link:loc xlink:type="locator" xlink:href="http://disclosure.edinet-fsa.go.jp/taxonomy/jpigp/2023-12-01/jpigp_cor_2023-12-01.xsd#jpigp_cor_EquityIFRS" xlink:label="EquityIFRS" />    <link:loc xlink:type="locator" xlink:href="tse-qcediffr-30860-2025-11-30-01-2025-12-26.xsd#tse-qcediffr-30860_PaymentsFromChangesInOwnershipInterestsInSubsidiariesThatDoNotResultInChangeInScopeOfConsolidationFinCFIFRS" xlink:label="PaymentsFromChangesInOwnershipInterestsInSubsidiariesThatDoNotResultInChangeInScopeOfConsolidationFinCFIFRS" />    <link:loc xlink:type="locator" xlink:href="http://disclosure.edinet-fsa.go.jp/taxonomy/jpigp/2023-12-01/jpigp_cor_2023-12-01.xsd#jpigp_cor_IncomeTaxesPayableCLIFRS" xlink:label="IncomeTaxesPayableCLIFRS" />    <link:label xlink:type="resource" xlink:label="label_IncomeTaxesPayableCLIFRS" xml:lang="en" xlink:role="http://disclosure.edinet-fsa.go.jp/jpcrp/alt/role/label" id="label_IncomeTaxesPayableCLIFRS">Income taxes payable</link:label>    <link:labelArc xlink:type="arc" xlink:arcrole="http://www.xbrl.org/2003/arcrole/concept-label" xlink:from="IncomeTaxesPayableCLIFRS" xlink:to="label_IncomeTaxesPayableCLIFRS" />    <link:label xlink:type="resource" xlink:label="label_DepartmentStoreBusinessReportableSegmentMember" xml:lang="en" xlink:role="http://www.xbrl.org/2003/role/label" id="label_DepartmentStoreBusinessReportableSegmentMember">Department Store Business</link:label>    <link:labelArc xlink:type="arc" xlink:arcrole="http://www.xbrl.org/2003/arcrole/concept-label" xlink:from="DepartmentStoreBusinessReportableSegmentMember" xlink:to="label_DepartmentStoreBusinessReportableSegmentMember" />    <link:label xlink:type="resource" xlink:label="label_DepartmentStoreBusinessReportableSegmentMember_2" xml:lang="en" xlink:role="http://www.xbrl.org/2003/role/verboseLabel" id="label_DepartmentStoreBusinessReportableSegmentMember_2">Department Store Business, Reportable segment [member]</link:label>    <link:labelArc xlink:type="arc" xlink:arcrole="http://www.xbrl.org/2003/arcrole/concept-label" xlink:from="DepartmentStoreBusinessReportableSegmentMember" xlink:to="label_DepartmentStoreBusinessReportableSegmentMember_2" />    <link:label xlink:type="resource" xlink:label="label_PARCOBusinessReportableSegmentMember" xml:lang="en" xlink:role="http://www.xbrl.org/2003/role/label" id="label_PARCOBusinessReportableSegmentMember">SC Business</link:label>    <link:labelArc xlink:type="arc" xlink:arcrole="http://www.xbrl.org/2003/arcrole/concept-label" xlink:from="PARCOBusinessReportableSegmentMember" xlink:to="label_PARCOBusinessReportableSegmentMember" />    <link:label xlink:type="resource" xlink:label="label_PARCOBusinessReportableSegmentMember_2" xml:lang="en" xlink:role="http://www.xbrl.org/2003/role/verboseLabel" id="label_PARCOBusinessReportableSegmentMember_2">PARCO Business, Reportable segment [member]</link:label>    <link:labelArc xlink:type="arc" xlink:arcrole="http://www.xbrl.org/2003/arcrole/concept-label" xlink:from="PARCOBusinessReportableSegmentMember" xlink:to="label_PARCOBusinessReportableSegmentMember_2" />    <link:label xlink:type="resource" xlink:label="label_RealEstateBusinessReportableSegmentMember" xml:lang="en" xlink:role="http://www.xbrl.org/2003/role/label" id="label_RealEstateBusinessReportableSegmentMember">Developer Business</link:label>    <link:labelArc xlink:type="arc" xlink:arcrole="http://www.xbrl.org/2003/arcrole/concept-label" xlink:from="RealEstateBusinessReportableSegmentMember" xlink:to="label_RealEstateBusinessReportableSegmentMember" />    <link:label xlink:type="resource" xlink:label="label_RealEstateBusinessReportableSegmentMember_2" xml:lang="en" xlink:role="http://www.xbrl.org/2003/role/verboseLabel" id="label_RealEstateBusinessReportableSegmentMember_2">Real Estate Business, Reportable segment [member]</link:label>    <link:labelArc xlink:type="arc" xlink:arcrole="http://www.xbrl.org/2003/arcrole/concept-label" xlink:from="RealEstateBusinessReportableSegmentMember" xlink:to="label_RealEstateBusinessReportableSegmentMember_2" />    <link:label xlink:type="resource" xlink:label="label_CreditFinanceBusinessReportableSegmentMember" xml:lang="en" xlink:role="http://www.xbrl.org/2003/role/label" id="label_CreditFinanceBusinessReportableSegmentMember">Credit Finance Business</link:label>    <link:labelArc xlink:type="arc" xlink:arcrole="http://www.xbrl.org/2003/arcrole/concept-label" xlink:from="CreditFinanceBusinessReportableSegmentMember" xlink:to="label_CreditFinanceBusinessReportableSegmentMember" />    <link:label xlink:type="resource" xlink:label="label_CreditFinanceBusinessReportableSegmentMember_2" xml:lang="en" xlink:role="http://www.xbrl.org/2003/role/verboseLabel" id="label_CreditFinanceBusinessReportableSegmentMember_2">Credit Finance Business, Reportable segment [member]</link:label>    <link:labelArc xlink:type="arc" xlink:arcrole="http://www.xbrl.org/2003/arcrole/concept-label" xlink:from="CreditFinanceBusinessReportableSegmentMember" xlink:to="label_CreditFinanceBusinessReportableSegmentMember_2" />    <link:loc xlink:type="locator" xlink:href="http://disclosure.edinet-fsa.go.jp/taxonomy/jpigp/2023-12-01/jpigp_cor_2023-12-01.xsd#jpigp_cor_NetChangeInFairValueOfEquityInstrumentsDesignatedAsMeasuredAtFairValueThroughOtherComprehensiveIncomeNetOfTaxItemsThatWillNotBeReclassifiedToProfitOrLossOCIIFRS" xlink:label="NetChangeInFairValueOfEquityInstrumentsDesignatedAsMeasuredAtFairValueThroughOtherComprehensiveIncomeNetOfTaxItemsThatWillNotBeReclassifiedToProfitOrLossOCIIFRS" />    <link:label xlink:type="resource" xlink:label="label_NetChangeInFairValueOfEquityInstrumentsDesignatedAsMeasuredAtFairValueThroughOtherComprehensiveIncomeNetOfTaxItemsThatWillNotBeReclassifiedToProfitOrLossOCIIFRS" xml:lang="en" xlink:role="http://disclosure.edinet-fsa.go.jp/jpcrp/alt/role/label" id="label_NetChangeInFairValueOfEquityInstrumentsDesignatedAsMeasuredAtFairValueThroughOtherComprehensiveIncomeNetOfTaxItemsThatWillNotBeReclassifiedToProfitOrLossOCIIFRS">Net change in fair value of equity instruments designated as measured at fair value through other comprehensive income</link:label>    <link:labelArc xlink:type="arc" xlink:arcrole="http://www.xbrl.org/2003/arcrole/concept-label" xlink:from="NetChangeInFairValueOfEquityInstrumentsDesignatedAsMeasuredAtFairValueThroughOtherComprehensiveIncomeNetOfTaxItemsThatWillNotBeReclassifiedToProfitOrLossOCIIFRS" xlink:to="label_NetChangeInFairValueOfEquityInstrumentsDesignatedAsMeasuredAtFairValueThroughOtherComprehensiveIncomeNetOfTaxItemsThatWillNotBeReclassifiedToProfitOrLossOCIIFRS" />    <link:loc xlink:type="locator" xlink:href="http://disclosure.edinet-fsa.go.jp/taxonomy/jpigp/2023-12-01/jpigp_cor_2023-12-01.xsd#jpigp_cor_ComprehensiveIncomeAttributableToIFRSAbstract" xlink:label="ComprehensiveIncomeAttributableToIFRSAbstract" />    <link:label xlink:type="resource" xlink:label="label_ComprehensiveIncomeAttributableToIFRSAbstract" xml:lang="en" xlink:role="http://disclosure.edinet-fsa.go.jp/jppfs/ConsolidatedInterim/role/label" id="label_ComprehensiveIncomeAttributableToIFRSAbstract">Comprehensive income attributable to</link:label>    <link:labelArc xlink:type="arc" xlink:arcrole="http://www.xbrl.org/2003/arcrole/concept-label" xlink:from="ComprehensiveIncomeAttributableToIFRSAbstract" xlink:to="label_ComprehensiveIncomeAttributableToIFRSAbstract" />    <link:label xlink:type="resource" xlink:label="label_CapitalIncreaseOfConsolidatedSubsidiariesSSIFRS" xml:lang="en" xlink:role="http://www.xbrl.org/2003/role/label" id="label_CapitalIncreaseOfConsolidatedSubsidiariesSSIFRS">Capital increase of consolidated subsidiaries</link:label>    <link:labelArc xlink:type="arc" xlink:arcrole="http://www.xbrl.org/2003/arcrole/concept-label" xlink:from="CapitalIncreaseOfConsolidatedSubsidiariesSSIFRS" xlink:to="label_CapitalIncreaseOfConsolidatedSubsidiariesSSIFRS" />    <link:label xlink:type="resource" xlink:label="label_CapitalIncreaseOfConsolidatedSubsidiariesSSIFRS_2" xml:lang="en" xlink:role="http://www.xbrl.org/2003/role/verboseLabel" id="label_CapitalIncreaseOfConsolidatedSubsidiariesSSIFRS_2">Capital increase of consolidated subsidiaries - SS (IFRS)</link:label>    <link:labelArc xlink:type="arc" xlink:arcrole="http://www.xbrl.org/2003/arcrole/concept-label" xlink:from="CapitalIncreaseOfConsolidatedSubsidiariesSSIFRS" xlink:to="label_CapitalIncreaseOfConsolidatedSubsidiariesSSIFRS_2" />    <link:label xlink:type="resource" xlink:label="label_EquityIFRS" xml:lang="en" xlink:role="http://disclosure.edinet-fsa.go.jp/jppfs/ConsolidatedInterim/role/periodStartLabel" id="label_EquityIFRS">Balance at beginning of period</link:label>    <link:labelArc xlink:type="arc" xlink:arcrole="http://www.xbrl.org/2003/arcrole/concept-label" xlink:from="EquityIFRS" xlink:to="label_EquityIFRS" />    <link:label xlink:type="resource" xlink:label="label_EquityIFRS_2" xml:lang="en" xlink:role="http://disclosure.edinet-fsa.go.jp/jppfs/ConsolidatedInterim/role/periodEndLabel" id="label_EquityIFRS_2">Balance at end of period</link:label>    <link:labelArc xlink:type="arc" xlink:arcrole="http://www.xbrl.org/2003/arcrole/concept-label" xlink:from="EquityIFRS" xlink:to="label_EquityIFRS_2" />    <link:loc xlink:type="locator" xlink:href="http://disclosure.edinet-fsa.go.jp/taxonomy/jpigp/2023-12-01/jpigp_cor_2023-12-01.xsd#jpigp_cor_OtherComprehensiveIncomeIFRS" xlink:label="OtherComprehensiveIncomeIFRS" />    <link:label xlink:type="resource" xlink:label="label_OtherComprehensiveIncomeIFRS" xml:lang="en" xlink:role="http://disclosure.edinet-fsa.go.jp/jpcrp/alt/role/label" id="label_OtherComprehensiveIncomeIFRS">Other comprehensive income</link:label>    <link:labelArc xlink:type="arc" xlink:arcrole="http://www.xbrl.org/2003/arcrole/concept-label" xlink:from="OtherComprehensiveIncomeIFRS" xlink:to="label_OtherComprehensiveIncomeIFRS" />    <link:label xlink:type="resource" xlink:label="label_LossOnDisposalsOfNonCurrentAssetsOpeCFIFRS" xml:lang="en" xlink:role="http://www.xbrl.org/2003/role/label" id="label_LossOnDisposalsOfNonCurrentAssetsOpeCFIFRS">Loss on disposals of non-current assets</link:label>    <link:labelArc xlink:type="arc" xlink:arcrole="http://www.xbrl.org/2003/arcrole/concept-label" xlink:from="LossOnDisposalsOfNonCurrentAssetsOpeCFIFRS" xlink:to="label_LossOnDisposalsOfNonCurrentAssetsOpeCFIFRS" />    <link:label xlink:type="resource" xlink:label="label_LossOnDisposalsOfNonCurrentAssetsOpeCFIFRS_2" xml:lang="en" xlink:role="http://www.xbrl.org/2003/role/verboseLabel" id="label_LossOnDisposalsOfNonCurrentAssetsOpeCFIFRS_2">Loss on disposals of non-current assets - OpeCF (IFRS)</link:label>    <link:labelArc xlink:type="arc" xlink:arcrole="http://www.xbrl.org/2003/arcrole/concept-label" xlink:from="LossOnDisposalsOfNonCurrentAssetsOpeCFIFRS" xlink:to="label_LossOnDisposalsOfNonCurrentAssetsOpeCFIFRS_2" />    <link:label xlink:type="resource" xlink:label="label_ProceedsFromRefundOfGuaranteeDepositsInvCFIFRS" xml:lang="en" xlink:role="http://www.xbrl.org/2003/role/label" id="label_ProceedsFromRefundOfGuaranteeDepositsInvCFIFRS">Proceeds from refund of guarantee deposits</link:label>    <link:labelArc xlink:type="arc" xlink:arcrole="http://www.xbrl.org/2003/arcrole/concept-label" xlink:from="ProceedsFromRefundOfGuaranteeDepositsInvCFIFRS" xlink:to="label_ProceedsFromRefundOfGuaranteeDepositsInvCFIFRS" />    <link:label xlink:type="resource" xlink:label="label_ProceedsFromRefundOfGuaranteeDepositsInvCFIFRS_2" xml:lang="en" xlink:role="http://www.xbrl.org/2003/role/verboseLabel" id="label_ProceedsFromRefundOfGuaranteeDepositsInvCFIFRS_2">Proceeds from refund of guarantee deposits- InvCF (IFRS)</link:label>    <link:labelArc xlink:type="arc" xlink:arcrole="http://www.xbrl.org/2003/arcrole/concept-label" xlink:from="ProceedsFromRefundOfGuaranteeDepositsInvCFIFRS" xlink:to="label_ProceedsFromRefundOfGuaranteeDepositsInvCFIFRS_2" />    <link:label xlink:type="resource" xlink:label="label_PaymentsFromChangesInOwnershipInterestsInSubsidiariesThatDoNotResultInChangeInScopeOfConsolidationFinCFIFRS" xml:lang="en" xlink:role="http://www.xbrl.org/2003/role/label" id="label_PaymentsFromChangesInOwnershipInterestsInSubsidiariesThatDoNotResultInChangeInScopeOfConsolidationFinCFIFRS">Payments from changes in ownership interests in subsidiaries that do not result in change in scope of consolidation</link:label>    <link:labelArc xlink:type="arc" xlink:arcrole="http://www.xbrl.org/2003/arcrole/concept-label" xlink:from="PaymentsFromChangesInOwnershipInterestsInSubsidiariesThatDoNotResultInChangeInScopeOfConsolidationFinCFIFRS" xlink:to="label_PaymentsFromChangesInOwnershipInterestsInSubsidiariesThatDoNotResultInChangeInScopeOfConsolidationFinCFIFRS" />    <link:label xlink:type="resource" xlink:label="label_PaymentsFromChangesInOwnershipInterestsInSubsidiariesThatDoNotResultInChangeInScopeOfConsolidationFinCFIFRS_2" xml:lang="en" xlink:role="http://www.xbrl.org/2003/role/verboseLabel" id="label_PaymentsFromChangesInOwnershipInterestsInSubsidiariesThatDoNotResultInChangeInScopeOfConsolidationFinCFIFRS_2">Payments from changes in ownership interests in subsidiaries that do not result in change in scope of consolidation- FinCF (IFRS)</link:label>    <link:labelArc xlink:type="arc" xlink:arcrole="http://www.xbrl.org/2003/arcrole/concept-label" xlink:from="PaymentsFromChangesInOwnershipInterestsInSubsidiariesThatDoNotResultInChangeInScopeOfConsolidationFinCFIFRS" xlink:to="label_PaymentsFromChangesInOwnershipInterestsInSubsidiariesThatDoNotResultInChangeInScopeOfConsolidationFinCFIFRS_2" />    <link:loc xlink:type="locator" xlink:href="http://disclosure.edinet-fsa.go.jp/taxonomy/jpigp/2023-12-01/label/jpigp_2023-12-01_lab-en.xml#label_CashAndCashEquivalentsIFRS_8" xlink:label="label_CashAndCashEquivalentsIFRS" xlink:role="http://disclosure.edinet-fsa.go.jp/jppfs/ConsolidatedQuarterly/role/periodEndLabel" />    <link:labelArc xlink:type="arc" xlink:arcrole="http://www.xbrl.org/2003/arcrole/concept-label" xlink:from="CashAndCashEquivalentsIFRS" xlink:to="label_CashAndCashEquivalentsIFRS" use="prohibited" priority="1" />    <link:label xlink:type="resource" xlink:label="label_CashAndCashEquivalentsIFRS_2" xml:lang="en" xlink:role="http://disclosure.edinet-fsa.go.jp/jppfs/ConsolidatedQuarterly/role/periodEndLabel" id="label_CashAndCashEquivalentsIFRS_2">Cash and cash equivalents</link:label>    <link:labelArc xlink:type="arc" xlink:arcrole="http://www.xbrl.org/2003/arcrole/concept-label" xlink:from="CashAndCashEquivalentsIFRS" xlink:to="label_CashAndCashEquivalentsIFRS_2" priority="2" />    <link:loc xlink:type="locator" xlink:href="http://disclosure.edinet-fsa.go.jp/taxonomy/jpigp/2023-12-01/jpigp_cor_2023-12-01.xsd#jpigp_cor_RepaymentsOfLeaseObligationsFinCFIFRS" xlink:label="RepaymentsOfLeaseObligationsFinCFIFRS" />    <link:label xlink:type="resource" xlink:label="label_RepaymentsOfLeaseObligationsFinCFIFRS" xml:lang="en" xlink:role="http://disclosure.edinet-fsa.go.jp/jpcrp/alt/role/label" id="label_RepaymentsOfLeaseObligationsFinCFIFRS">Repayments of lease liabilities</link:label>    <link:labelArc xlink:type="arc" xlink:arcrole="http://www.xbrl.org/2003/arcrole/concept-label" xlink:from="RepaymentsOfLeaseObligationsFinCFIFRS" xlink:to="label_RepaymentsOfLeaseObligationsFinCFIFRS" />    <link:loc xlink:type="locator" xlink:href="http://disclosure.edinet-fsa.go.jp/taxonomy/jpigp/2023-12-01/jpigp_cor_2023-12-01.xsd#jpigp_cor_DividendsPaidToNonControllingInterestsFinCFIFRS" xlink:label="DividendsPaidToNonControllingInterestsFinCFIFRS" />    <link:label xlink:type="resource" xlink:label="label_DividendsPaidToNonControllingInterestsFinCFIFRS" xml:lang="en" xlink:role="http://disclosure.edinet-fsa.go.jp/jpcrp/alt/role/label" id="label_DividendsPaidToNonControllingInterestsFinCFIFRS">Dividends paid to non-controlling interests</link:label>    <link:labelArc xlink:type="arc" xlink:arcrole="http://www.xbrl.org/2003/arcrole/concept-label" xlink:from="DividendsPaidToNonControllingInterestsFinCFIFRS" xlink:to="label_DividendsPaidToNonControllingInterestsFinCFIFRS" />    <link:label xlink:type="resource" xlink:label="label_OperatingProfitLossIFRS" xml:lang="en" xlink:role="http://disclosure.edinet-fsa.go.jp/jpcrp/alt/role/label" id="label_OperatingProfitLossIFRS">Operating profit (loss)</link:label>    <link:labelArc xlink:type="arc" xlink:arcrole="http://www.xbrl.org/2003/arcrole/concept-label" xlink:from="OperatingProfitLossIFRS" xlink:to="label_OperatingProfitLossIFRS" />    <link:label xlink:type="resource" xlink:label="label_OperatingProfitLossIFRS_2" xml:lang="en" xlink:role="http://disclosure.edinet-fsa.go.jp/jpcrp/alt/role/negativeLabel" id="label_OperatingProfitLossIFRS_2">Operating loss</link:label>    <link:labelArc xlink:type="arc" xlink:arcrole="http://www.xbrl.org/2003/arcrole/concept-label" xlink:from="OperatingProfitLossIFRS" xlink:to="label_OperatingProfitLossIFRS_2" />    <link:loc xlink:type="locator" xlink:href="http://disclosure.edinet-fsa.go.jp/taxonomy/jpigp/2023-12-01/jpigp_cor_2023-12-01.xsd#jpigp_cor_ShareOfProfitLossOfInvestmentsAccountedForUsingEquityMethodIFRS" xlink:label="ShareOfProfitLossOfInvestmentsAccountedForUsingEquityMethodIFRS" />    <link:label xlink:type="resource" xlink:label="label_ShareOfProfitLossOfInvestmentsAccountedForUsingEquityMethodIFRS" xml:lang="en" xlink:role="http://disclosure.edinet-fsa.go.jp/jpcrp/alt/role/label" id="label_ShareOfProfitLossOfInvestmentsAccountedForUsingEquityMethodIFRS">Share of profit (loss) of investments accounted for using equity method</link:label>    <link:labelArc xlink:type="arc" xlink:arcrole="http://www.xbrl.org/2003/arcrole/concept-label" xlink:from="ShareOfProfitLossOfInvestmentsAccountedForUsingEquityMethodIFRS" xlink:to="label_ShareOfProfitLossOfInvestmentsAccountedForUsingEquityMethodIFRS" />    <link:label xlink:type="resource" xlink:label="label_ProfitLossBeforeTaxIFRS" xml:lang="en" xlink:role="http://disclosure.edinet-fsa.go.jp/jpcrp/alt/ConsolidatedQuarterly/role/label" id="label_ProfitLossBeforeTaxIFRS">Profit (loss) before tax</link:label>    <link:labelArc xlink:type="arc" xlink:arcrole="http://www.xbrl.org/2003/arcrole/concept-label" xlink:from="ProfitLossBeforeTaxIFRS" xlink:to="label_ProfitLossBeforeTaxIFRS" />    <link:label xlink:type="resource" xlink:label="label_ProfitLossBeforeTaxIFRS_2" xml:lang="en" xlink:role="http://disclosure.edinet-fsa.go.jp/jpcrp/alt/ConsolidatedQuarterly/role/negativeLabel" id="label_ProfitLossBeforeTaxIFRS_2">Loss before tax</link:label>    <link:labelArc xlink:type="arc" xlink:arcrole="http://www.xbrl.org/2003/arcrole/concept-label" xlink:from="ProfitLossBeforeTaxIFRS" xlink:to="label_ProfitLossBeforeTaxIFRS_2" />    <link:label xlink:type="resource" xlink:label="label_ProfitLossIFRS" xml:lang="en" xlink:role="http://disclosure.edinet-fsa.go.jp/jpcrp/alt/ConsolidatedQuarterly/role/label" id="label_ProfitLossIFRS">Profit (loss)</link:label>    <link:labelArc xlink:type="arc" xlink:arcrole="http://www.xbrl.org/2003/arcrole/concept-label" xlink:from="ProfitLossIFRS" xlink:to="label_ProfitLossIFRS" />    <link:label xlink:type="resource" xlink:label="label_ProfitLossIFRS_2" xml:lang="en" xlink:role="http://disclosure.edinet-fsa.go.jp/jpcrp/alt/ConsolidatedQuarterly/role/negativeLabel" id="label_ProfitLossIFRS_2">Loss</link:label>    <link:labelArc xlink:type="arc" xlink:arcrole="http://www.xbrl.org/2003/arcrole/concept-label" xlink:from="ProfitLossIFRS" xlink:to="label_ProfitLossIFRS_2" />    <link:label xlink:type="resource" xlink:label="label_ProfitLossAttributableToIFRSAbstract" xml:lang="en" xlink:role="http://disclosure.edinet-fsa.go.jp/jpcrp/alt/ConsolidatedQuarterly/role/label" id="label_ProfitLossAttributableToIFRSAbstract">Profit (loss) attributable to</link:label>    <link:labelArc xlink:type="arc" xlink:arcrole="http://www.xbrl.org/2003/arcrole/concept-label" xlink:from="ProfitLossAttributableToIFRSAbstract" xlink:to="label_ProfitLossAttributableToIFRSAbstract" />    <link:label xlink:type="resource" xlink:label="label_ProfitLossAttributableToIFRSAbstract_2" xml:lang="en" xlink:role="http://disclosure.edinet-fsa.go.jp/jpcrp/alt/ConsolidatedQuarterly/role/negativeLabel" id="label_ProfitLossAttributableToIFRSAbstract_2">Loss attributable to</link:label>    <link:labelArc xlink:type="arc" xlink:arcrole="http://www.xbrl.org/2003/arcrole/concept-label" xlink:from="ProfitLossAttributableToIFRSAbstract" xlink:to="label_ProfitLossAttributableToIFRSAbstract_2" />    <link:label xlink:type="resource" xlink:label="label_BasicEarningsLossPerShareIFRS" xml:lang="en" xlink:role="http://disclosure.edinet-fsa.go.jp/jpcrp/alt/ConsolidatedQuarterly/role/label" id="label_BasicEarningsLossPerShareIFRS">Basic earnings (loss) per share</link:label>    <link:labelArc xlink:type="arc" xlink:arcrole="http://www.xbrl.org/2003/arcrole/concept-label" xlink:from="BasicEarningsLossPerShareIFRS" xlink:to="label_BasicEarningsLossPerShareIFRS" />    <link:label xlink:type="resource" xlink:label="label_BasicEarningsLossPerShareIFRS_2" xml:lang="en" xlink:role="http://disclosure.edinet-fsa.go.jp/jpcrp/alt/ConsolidatedQuarterly/role/negativeLabel" id="label_BasicEarningsLossPerShareIFRS_2">Basic loss per share</link:label>    <link:labelArc xlink:type="arc" xlink:arcrole="http://www.xbrl.org/2003/arcrole/concept-label" xlink:from="BasicEarningsLossPerShareIFRS" xlink:to="label_BasicEarningsLossPerShareIFRS_2" />    <link:label xlink:type="resource" xlink:label="label_BasicEarningsLossPerShareIFRS_3" xml:lang="en" xlink:role="http://disclosure.edinet-fsa.go.jp/jpcrp/alt/role/label" id="label_BasicEarningsLossPerShareIFRS_3">Basic earnings per share</link:label>    <link:labelArc xlink:type="arc" xlink:arcrole="http://www.xbrl.org/2003/arcrole/concept-label" xlink:from="BasicEarningsLossPerShareIFRS" xlink:to="label_BasicEarningsLossPerShareIFRS_3" />    <link:loc xlink:type="locator" xlink:href="http://disclosure.edinet-fsa.go.jp/taxonomy/jpigp/2023-12-01/jpigp_cor_2023-12-01.xsd#jpigp_cor_DilutedEarningsLossPerShareIFRS" xlink:label="DilutedEarningsLossPerShareIFRS" />    <link:label xlink:type="resource" xlink:label="label_DilutedEarningsLossPerShareIFRS" xml:lang="en" xlink:role="http://disclosure.edinet-fsa.go.jp/jpcrp/alt/ConsolidatedQuarterly/role/label" id="label_DilutedEarningsLossPerShareIFRS">Diluted earnings (loss) per share</link:label>    <link:labelArc xlink:type="arc" xlink:arcrole="http://www.xbrl.org/2003/arcrole/concept-label" xlink:from="DilutedEarningsLossPerShareIFRS" xlink:to="label_DilutedEarningsLossPerShareIFRS" />  </link:labelLink></link:linkbase>