<?xml version="1.0" encoding="utf-8"?>
<!-- Generated by PRONEXUS WORKS --><link:linkbase xmlns:link="http://www.xbrl.org/2003/linkbase" xmlns:xsi="http://www.w3.org/2001/XMLSchema-instance" xmlns:xbrli="http://www.xbrl.org/2003/instance" xmlns:xlink="http://www.w3.org/1999/xlink">  <link:labelLink xlink:type="extended" xlink:role="http://www.xbrl.org/2003/role/link">    <link:loc xlink:type="locator" xlink:href="tse-scedjpfr-48290-2025-11-30-01-2026-01-09.xsd#tse-scedjpfr-48290_CreationBusinessReportableSegmentsMember" xlink:label="CreationBusinessReportableSegmentsMember" />    <link:loc xlink:type="locator" xlink:href="tse-scedjpfr-48290-2025-11-30-01-2026-01-09.xsd#tse-scedjpfr-48290_SolutionBusinessReportableSegmentsMember" xlink:label="SolutionBusinessReportableSegmentsMember" />    <link:label xlink:type="resource" xlink:label="label_CreationBusinessReportableSegmentsMember" xml:lang="en" xlink:role="http://www.xbrl.org/2003/role/label" id="label_CreationBusinessReportableSegmentsMember">Creation business</link:label>    <link:labelArc xlink:type="arc" xlink:arcrole="http://www.xbrl.org/2003/arcrole/concept-label" xlink:from="CreationBusinessReportableSegmentsMember" xlink:to="label_CreationBusinessReportableSegmentsMember" />    <link:label xlink:type="resource" xlink:label="label_CreationBusinessReportableSegmentsMember_2" xml:lang="en" xlink:role="http://www.xbrl.org/2003/role/verboseLabel" id="label_CreationBusinessReportableSegmentsMember_2">Creation business,Reportable segments [member]</link:label>    <link:labelArc xlink:type="arc" xlink:arcrole="http://www.xbrl.org/2003/arcrole/concept-label" xlink:from="CreationBusinessReportableSegmentsMember" xlink:to="label_CreationBusinessReportableSegmentsMember_2" />    <link:label xlink:type="resource" xlink:label="label_SolutionBusinessReportableSegmentsMember" xml:lang="en" xlink:role="http://www.xbrl.org/2003/role/label" id="label_SolutionBusinessReportableSegmentsMember">Solution business</link:label>    <link:labelArc xlink:type="arc" xlink:arcrole="http://www.xbrl.org/2003/arcrole/concept-label" xlink:from="SolutionBusinessReportableSegmentsMember" xlink:to="label_SolutionBusinessReportableSegmentsMember" />    <link:label xlink:type="resource" xlink:label="label_SolutionBusinessReportableSegmentsMember_2" xml:lang="en" xlink:role="http://www.xbrl.org/2003/role/verboseLabel" id="label_SolutionBusinessReportableSegmentsMember_2">Solution business, Reportable segments [member]</link:label>    <link:labelArc xlink:type="arc" xlink:arcrole="http://www.xbrl.org/2003/arcrole/concept-label" xlink:from="SolutionBusinessReportableSegmentsMember" xlink:to="label_SolutionBusinessReportableSegmentsMember_2" />  </link:labelLink></link:linkbase>