<?xml version="1.0" encoding="utf-8"?>
<!-- Generated by PRONEXUS WORKS --><link:linkbase xmlns:link="http://www.xbrl.org/2003/linkbase" xmlns:xsi="http://www.w3.org/2001/XMLSchema-instance" xmlns:xbrli="http://www.xbrl.org/2003/instance" xmlns:xlink="http://www.w3.org/1999/xlink">  <link:labelLink xlink:type="extended" xlink:role="http://www.xbrl.org/2003/role/link">    <link:loc xlink:type="locator" xlink:href="tse-qcedjpfr-27530-2025-12-31-01-2026-01-05.xsd#tse-qcedjpfr-27530_YakinikuRestaurantReportableSegmentsMember" xlink:label="YakinikuRestaurantReportableSegmentsMember" />    <link:loc xlink:type="locator" xlink:href="tse-qcedjpfr-27530-2025-12-31-01-2026-01-05.xsd#tse-qcedjpfr-27530_YakitoriRestaurantReportableSegmentsMember" xlink:label="YakitoriRestaurantReportableSegmentsMember" />    <link:loc xlink:type="locator" xlink:href="tse-qcedjpfr-27530-2025-12-31-01-2026-01-05.xsd#tse-qcedjpfr-27530_RestaurantReportableSegmentsMember" xlink:label="RestaurantReportableSegmentsMember" />    <link:label xlink:type="resource" xlink:label="label_YakinikuRestaurantReportableSegmentsMember" xml:lang="ja" xlink:role="http://www.xbrl.org/2003/role/label" id="label_YakinikuRestaurantReportableSegmentsMember">焼肉事業</link:label>    <link:labelArc xlink:type="arc" xlink:arcrole="http://www.xbrl.org/2003/arcrole/concept-label" xlink:from="YakinikuRestaurantReportableSegmentsMember" xlink:to="label_YakinikuRestaurantReportableSegmentsMember" />    <link:label xlink:type="resource" xlink:label="label_YakinikuRestaurantReportableSegmentsMember_2" xml:lang="ja" xlink:role="http://www.xbrl.org/2003/role/verboseLabel" id="label_YakinikuRestaurantReportableSegmentsMember_2">焼肉事業、報告セグメント [メンバー]</link:label>    <link:labelArc xlink:type="arc" xlink:arcrole="http://www.xbrl.org/2003/arcrole/concept-label" xlink:from="YakinikuRestaurantReportableSegmentsMember" xlink:to="label_YakinikuRestaurantReportableSegmentsMember_2" />    <link:label xlink:type="resource" xlink:label="label_YakitoriRestaurantReportableSegmentsMember" xml:lang="ja" xlink:role="http://www.xbrl.org/2003/role/label" id="label_YakitoriRestaurantReportableSegmentsMember">焼鳥事業</link:label>    <link:labelArc xlink:type="arc" xlink:arcrole="http://www.xbrl.org/2003/arcrole/concept-label" xlink:from="YakitoriRestaurantReportableSegmentsMember" xlink:to="label_YakitoriRestaurantReportableSegmentsMember" />    <link:label xlink:type="resource" xlink:label="label_YakitoriRestaurantReportableSegmentsMember_2" xml:lang="ja" xlink:role="http://www.xbrl.org/2003/role/verboseLabel" id="label_YakitoriRestaurantReportableSegmentsMember_2">焼鳥事業、報告セグメント [メンバー]</link:label>    <link:labelArc xlink:type="arc" xlink:arcrole="http://www.xbrl.org/2003/arcrole/concept-label" xlink:from="YakitoriRestaurantReportableSegmentsMember" xlink:to="label_YakitoriRestaurantReportableSegmentsMember_2" />    <link:label xlink:type="resource" xlink:label="label_RestaurantReportableSegmentsMember" xml:lang="ja" xlink:role="http://www.xbrl.org/2003/role/label" id="label_RestaurantReportableSegmentsMember">レストラン事業</link:label>    <link:labelArc xlink:type="arc" xlink:arcrole="http://www.xbrl.org/2003/arcrole/concept-label" xlink:from="RestaurantReportableSegmentsMember" xlink:to="label_RestaurantReportableSegmentsMember" />    <link:label xlink:type="resource" xlink:label="label_RestaurantReportableSegmentsMember_2" xml:lang="ja" xlink:role="http://www.xbrl.org/2003/role/verboseLabel" id="label_RestaurantReportableSegmentsMember_2">レストラン事業、報告セグメント [メンバー]</link:label>    <link:labelArc xlink:type="arc" xlink:arcrole="http://www.xbrl.org/2003/arcrole/concept-label" xlink:from="RestaurantReportableSegmentsMember" xlink:to="label_RestaurantReportableSegmentsMember_2" />  </link:labelLink></link:linkbase>