<?xml version="1.0" encoding="utf-8"?>
<!-- Generated by PRONEXUS WORKS --><link:linkbase xmlns:link="http://www.xbrl.org/2003/linkbase" xmlns:xsi="http://www.w3.org/2001/XMLSchema-instance" xmlns:xbrli="http://www.xbrl.org/2003/instance" xmlns:xlink="http://www.w3.org/1999/xlink">  <link:labelLink xlink:type="extended" xlink:role="http://www.xbrl.org/2003/role/link">    <link:loc xlink:type="locator" xlink:href="tse-qcedjpfr-81850-2025-11-30-01-2026-01-09.xsd#tse-qcedjpfr-81850_NotesRegardingFactoringLiabilitiesTextBlock" xlink:label="NotesRegardingFactoringLiabilitiesTextBlock" />    <link:loc xlink:type="locator" xlink:href="tse-qcedjpfr-81850-2025-11-30-01-2026-01-09.xsd#tse-qcedjpfr-81850_ShoeBusinessReportableSegmentsMember" xlink:label="ShoeBusinessReportableSegmentsMember" />    <link:loc xlink:type="locator" xlink:href="tse-qcedjpfr-81850-2025-11-30-01-2026-01-09.xsd#tse-qcedjpfr-81850_CasualClothingBusinessReportableSegmentsMember" xlink:label="CasualClothingBusinessReportableSegmentsMember" />    <link:loc xlink:type="locator" xlink:href="tse-qcedjpfr-81850-2025-11-30-01-2026-01-09.xsd#tse-qcedjpfr-81850_ReturnedAssetsMerchandiseAndFinishedGoods" xlink:label="ReturnedAssetsMerchandiseAndFinishedGoods" />    <link:loc xlink:type="locator" xlink:href="tse-qcedjpfr-81850-2025-11-30-01-2026-01-09.xsd#tse-qcedjpfr-81850_ReturnLiabilityAdvancesReceived" xlink:label="ReturnLiabilityAdvancesReceived" />    <link:loc xlink:type="locator" xlink:href="tse-qcedjpfr-81850-2025-11-30-01-2026-01-09.xsd#tse-qcedjpfr-81850_ProvisionForLossOnSubrentNCL" xlink:label="ProvisionForLossOnSubrentNCL" />    <link:loc xlink:type="locator" xlink:href="tse-qcedjpfr-81850-2025-11-30-01-2026-01-09.xsd#tse-qcedjpfr-81850_NotesRegardingLossOnSalesOfSharesOfSubsidiariesAndAssociatesTextBlock" xlink:label="NotesRegardingLossOnSalesOfSharesOfSubsidiariesAndAssociatesTextBlock" />    <link:label xlink:type="resource" xlink:label="label_NotesRegardingLossOnSalesOfSharesOfSubsidiariesAndAssociatesTextBlock_2" xml:lang="ja" xlink:role="http://www.xbrl.org/2003/role/label" id="label_NotesRegardingLossOnSalesOfSharesOfSubsidiariesAndAssociatesTextBlock_2">関係会社株式売却損の注記</link:label>    <link:labelArc xlink:type="arc" xlink:arcrole="http://www.xbrl.org/2003/arcrole/concept-label" xlink:from="NotesRegardingLossOnSalesOfSharesOfSubsidiariesAndAssociatesTextBlock" xlink:to="label_NotesRegardingLossOnSalesOfSharesOfSubsidiariesAndAssociatesTextBlock_2" />    <link:label xlink:type="resource" xlink:label="label_NotesRegardingLossOnSalesOfSharesOfSubsidiariesAndAssociatesTextBlock" xml:lang="ja" xlink:role="http://www.xbrl.org/2003/role/verboseLabel" id="label_NotesRegardingLossOnSalesOfSharesOfSubsidiariesAndAssociatesTextBlock">関係会社株式売却損の注記 [テキストブロック]</link:label>    <link:labelArc xlink:type="arc" xlink:arcrole="http://www.xbrl.org/2003/arcrole/concept-label" xlink:from="NotesRegardingLossOnSalesOfSharesOfSubsidiariesAndAssociatesTextBlock" xlink:to="label_NotesRegardingLossOnSalesOfSharesOfSubsidiariesAndAssociatesTextBlock" />    <link:label xlink:type="resource" xlink:label="label_ShoeBusinessReportableSegmentsMember" xml:lang="ja" xlink:role="http://www.xbrl.org/2003/role/label" id="label_ShoeBusinessReportableSegmentsMember">靴事業</link:label>    <link:labelArc xlink:type="arc" xlink:arcrole="http://www.xbrl.org/2003/arcrole/concept-label" xlink:from="ShoeBusinessReportableSegmentsMember" xlink:to="label_ShoeBusinessReportableSegmentsMember" />    <link:label xlink:type="resource" xlink:label="label_ShoeBusinessReportableSegmentsMember_2" xml:lang="ja" xlink:role="http://www.xbrl.org/2003/role/verboseLabel" id="label_ShoeBusinessReportableSegmentsMember_2">靴事業、報告セグメント [メンバー]</link:label>    <link:labelArc xlink:type="arc" xlink:arcrole="http://www.xbrl.org/2003/arcrole/concept-label" xlink:from="ShoeBusinessReportableSegmentsMember" xlink:to="label_ShoeBusinessReportableSegmentsMember_2" />    <link:label xlink:type="resource" xlink:label="label_CasualClothingBusinessReportableSegmentsMember" xml:lang="ja" xlink:role="http://www.xbrl.org/2003/role/label" id="label_CasualClothingBusinessReportableSegmentsMember">衣料品事業</link:label>    <link:labelArc xlink:type="arc" xlink:arcrole="http://www.xbrl.org/2003/arcrole/concept-label" xlink:from="CasualClothingBusinessReportableSegmentsMember" xlink:to="label_CasualClothingBusinessReportableSegmentsMember" />    <link:label xlink:type="resource" xlink:label="label_CasualClothingBusinessReportableSegmentsMember_2" xml:lang="ja" xlink:role="http://www.xbrl.org/2003/role/verboseLabel" id="label_CasualClothingBusinessReportableSegmentsMember_2">衣料品事業、報告セグメント [メンバー]</link:label>    <link:labelArc xlink:type="arc" xlink:arcrole="http://www.xbrl.org/2003/arcrole/concept-label" xlink:from="CasualClothingBusinessReportableSegmentsMember" xlink:to="label_CasualClothingBusinessReportableSegmentsMember_2" />    <link:label xlink:type="resource" xlink:label="label_NotesRegardingFactoringLiabilitiesTextBlock" xml:lang="ja" xlink:role="http://www.xbrl.org/2003/role/label" id="label_NotesRegardingFactoringLiabilitiesTextBlock">ファクタリング債務に関する注記</link:label>    <link:labelArc xlink:type="arc" xlink:arcrole="http://www.xbrl.org/2003/arcrole/concept-label" xlink:from="NotesRegardingFactoringLiabilitiesTextBlock" xlink:to="label_NotesRegardingFactoringLiabilitiesTextBlock" />    <link:label xlink:type="resource" xlink:label="label_NotesRegardingFactoringLiabilitiesTextBlock_2" xml:lang="ja" xlink:role="http://www.xbrl.org/2003/role/verboseLabel" id="label_NotesRegardingFactoringLiabilitiesTextBlock_2">ファクタリング債務に関する注記 [テキストブロック]</link:label>    <link:labelArc xlink:type="arc" xlink:arcrole="http://www.xbrl.org/2003/arcrole/concept-label" xlink:from="NotesRegardingFactoringLiabilitiesTextBlock" xlink:to="label_NotesRegardingFactoringLiabilitiesTextBlock_2" />    <link:label xlink:type="resource" xlink:label="label_ReturnedAssetsMerchandiseAndFinishedGoods" xml:lang="ja" xlink:role="http://www.xbrl.org/2003/role/label" id="label_ReturnedAssetsMerchandiseAndFinishedGoods">返品資産</link:label>    <link:labelArc xlink:type="arc" xlink:arcrole="http://www.xbrl.org/2003/arcrole/concept-label" xlink:from="ReturnedAssetsMerchandiseAndFinishedGoods" xlink:to="label_ReturnedAssetsMerchandiseAndFinishedGoods" />    <link:label xlink:type="resource" xlink:label="label_ReturnedAssetsMerchandiseAndFinishedGoods_2" xml:lang="ja" xlink:role="http://www.xbrl.org/2003/role/verboseLabel" id="label_ReturnedAssetsMerchandiseAndFinishedGoods_2">返品資産</link:label>    <link:labelArc xlink:type="arc" xlink:arcrole="http://www.xbrl.org/2003/arcrole/concept-label" xlink:from="ReturnedAssetsMerchandiseAndFinishedGoods" xlink:to="label_ReturnedAssetsMerchandiseAndFinishedGoods_2" />    <link:label xlink:type="resource" xlink:label="label_ReturnLiabilityAdvancesReceived" xml:lang="ja" xlink:role="http://www.xbrl.org/2003/role/label" id="label_ReturnLiabilityAdvancesReceived">返品負債</link:label>    <link:labelArc xlink:type="arc" xlink:arcrole="http://www.xbrl.org/2003/arcrole/concept-label" xlink:from="ReturnLiabilityAdvancesReceived" xlink:to="label_ReturnLiabilityAdvancesReceived" />    <link:label xlink:type="resource" xlink:label="label_ReturnLiabilityAdvancesReceived_2" xml:lang="ja" xlink:role="http://www.xbrl.org/2003/role/verboseLabel" id="label_ReturnLiabilityAdvancesReceived_2">返品負債</link:label>    <link:labelArc xlink:type="arc" xlink:arcrole="http://www.xbrl.org/2003/arcrole/concept-label" xlink:from="ReturnLiabilityAdvancesReceived" xlink:to="label_ReturnLiabilityAdvancesReceived_2" />    <link:label xlink:type="resource" xlink:label="label_ProvisionForLossOnSubrentNCL" xml:lang="ja" xlink:role="http://www.xbrl.org/2003/role/label" id="label_ProvisionForLossOnSubrentNCL">転貸損失引当金</link:label>    <link:labelArc xlink:type="arc" xlink:arcrole="http://www.xbrl.org/2003/arcrole/concept-label" xlink:from="ProvisionForLossOnSubrentNCL" xlink:to="label_ProvisionForLossOnSubrentNCL" />    <link:label xlink:type="resource" xlink:label="label_ProvisionForLossOnSubrentNCL_2" xml:lang="ja" xlink:role="http://www.xbrl.org/2003/role/verboseLabel" id="label_ProvisionForLossOnSubrentNCL_2">転貸損失引当金、固定負債</link:label>    <link:labelArc xlink:type="arc" xlink:arcrole="http://www.xbrl.org/2003/arcrole/concept-label" xlink:from="ProvisionForLossOnSubrentNCL" xlink:to="label_ProvisionForLossOnSubrentNCL_2" />  </link:labelLink></link:linkbase>