﻿<?xml version="1.0" encoding="utf-8"?>
<!-- XBRL Document Created with WizLabo Platform -->
<link:linkbase xmlns:xlink="http://www.w3.org/1999/xlink" xmlns:xsi="http://www.w3.org/2001/XMLSchema-instance" xmlns:link="http://www.xbrl.org/2003/linkbase">
  <link:labelLink xlink:type="extended" xlink:role="http://www.xbrl.org/2003/role/link">
    <link:label xml:lang="en" xlink:type="resource" xlink:label="jppfs_cor_AccumulatedDepreciationRightOfUseAssets_label" xlink:role="http://www.xbrl.org/2003/role/verboseLabel">Accumulated depreciation-right of use assets</link:label>
    <link:label xml:lang="en" xlink:type="resource" xlink:label="tse-acedjpfr-98370_AsiaReportableSegmentsMember_label" xlink:role="http://www.xbrl.org/2003/role/label">Asia</link:label>
    <link:label xml:lang="en" xlink:type="resource" xlink:label="tse-acedjpfr-98370_AsiaReportableSegmentsMember_label_1" xlink:role="http://www.xbrl.org/2003/role/verboseLabel">Asia, Reportable segments [member]</link:label>
    <link:label xml:lang="en" xlink:type="resource" xlink:label="tse-acedjpfr-98370_EuropeAndAmericaReportableSegmentsMember_label" xlink:role="http://www.xbrl.org/2003/role/label">Europe and America</link:label>
    <link:label xml:lang="en" xlink:type="resource" xlink:label="tse-acedjpfr-98370_EuropeAndAmericaReportableSegmentsMember_label_1" xlink:role="http://www.xbrl.org/2003/role/verboseLabel">Europe and America, Reportable segments [member]</link:label>
    <link:label xml:lang="en" xlink:type="resource" xlink:label="tse-acedjpfr-98370_InformationAboutGainOnBargainPurchaseForEachReportableSegmentTextBlock_label" xlink:role="http://www.xbrl.org/2003/role/label">Information about gain on bargain purchase for each reportable segment</link:label>
    <link:label xml:lang="en" xlink:type="resource" xlink:label="tse-acedjpfr-98370_InformationAboutGainOnBargainPurchaseForEachReportableSegmentTextBlock_label_1" xlink:role="http://www.xbrl.org/2003/role/verboseLabel">Information about gain on bargain purchase for each reportable segment [text block]</link:label>
    <link:label xml:lang="en" xlink:type="resource" xlink:label="tse-acedjpfr-98370_JapanReportableSegmentsMember_label" xlink:role="http://www.xbrl.org/2003/role/label">Japan</link:label>
    <link:label xml:lang="en" xlink:type="resource" xlink:label="tse-acedjpfr-98370_JapanReportableSegmentsMember_label_1" xlink:role="http://www.xbrl.org/2003/role/verboseLabel">Japan, Reportable segments [member]</link:label>
    <link:label xml:lang="en" xlink:type="resource" xlink:label="tse-acedjpfr-98370_LossDueToDisasterEL_label" xlink:role="http://www.xbrl.org/2003/role/label">Loss due to disaster</link:label>
    <link:label xml:lang="en" xlink:type="resource" xlink:label="tse-acedjpfr-98370_LossDueToDisasterEL_label_1" xlink:role="http://www.xbrl.org/2003/role/verboseLabel">Loss due to disaster-EL</link:label>
    <link:label xml:lang="en" xlink:type="resource" xlink:label="tse-acedjpfr-98370_LossOnTerminationOfEmploymentEL_label" xlink:role="http://www.xbrl.org/2003/role/label">Loss on termination of employment</link:label>
    <link:label xml:lang="en" xlink:type="resource" xlink:label="tse-acedjpfr-98370_LossOnTerminationOfEmploymentEL_label_1" xlink:role="http://www.xbrl.org/2003/role/verboseLabel">Loss on termination of employment-EL</link:label>
    <link:label xml:lang="en" xlink:type="resource" xlink:label="tse-acedjpfr-98370_PresentationOfGainsLossesRelatedToForwardExchangeContractsTextBlock_label" xlink:role="http://www.xbrl.org/2003/role/label">Presentation of gains (losses) related to forward exchange contracts</link:label>
    <link:label xml:lang="en" xlink:type="resource" xlink:label="tse-acedjpfr-98370_PresentationOfGainsLossesRelatedToForwardExchangeContractsTextBlock_label_1" xlink:role="http://www.xbrl.org/2003/role/verboseLabel">Presentation of gains (losses) related to forward exchange contracts [text block]</link:label>
    <link:label xml:lang="en" xlink:type="resource" xlink:label="tse-acedjpfr-98370_RightOfUseAssetsNetRightOfUseAssets_label" xlink:role="http://www.xbrl.org/2003/role/label">Right of use assets, net</link:label>
    <link:label xml:lang="en" xlink:type="resource" xlink:label="tse-acedjpfr-98370_RightOfUseAssetsNetRightOfUseAssets_label_1" xlink:role="http://www.xbrl.org/2003/role/verboseLabel">Right of use assets, net-right of use assets</link:label>
    <link:label xml:lang="en" xlink:type="resource" xlink:label="tse-acedjpfr-98370_RightOfUseAssetsPPE_label" xlink:role="http://www.xbrl.org/2003/role/label">Right of use assets</link:label>
    <link:label xml:lang="en" xlink:type="resource" xlink:label="tse-acedjpfr-98370_RightOfUseAssetsPPE_label_1" xlink:role="http://www.xbrl.org/2003/role/verboseLabel">Right of use assets-PPE</link:label>
    <link:loc xlink:type="locator" xlink:href="http://disclosure.edinet-fsa.go.jp/taxonomy/jppfs/2024-11-01/jppfs_cor_2024-11-01.xsd#jppfs_cor_AccumulatedDepreciationRightOfUseAssets" xlink:label="jppfs_cor_AccumulatedDepreciationRightOfUseAssets" />
    <link:loc xlink:type="locator" xlink:href="http://disclosure.edinet-fsa.go.jp/taxonomy/jppfs/2024-11-01/label/jppfs_2024-11-01_lab-en.xml#label_AccumulatedDepreciationRightOfUseAssets_2" xlink:label="label_AccumulatedDepreciationRightOfUseAssets_2" />
    <link:loc xlink:type="locator" xlink:href="tse-acedjpfr-98370-2025-11-30-01-2026-01-14.xsd#tse-acedjpfr-98370_AsiaReportableSegmentsMember" xlink:label="tse-acedjpfr-98370_AsiaReportableSegmentsMember" />
    <link:loc xlink:type="locator" xlink:href="tse-acedjpfr-98370-2025-11-30-01-2026-01-14.xsd#tse-acedjpfr-98370_EuropeAndAmericaReportableSegmentsMember" xlink:label="tse-acedjpfr-98370_EuropeAndAmericaReportableSegmentsMember" />
    <link:loc xlink:type="locator" xlink:href="tse-acedjpfr-98370-2025-11-30-01-2026-01-14.xsd#tse-acedjpfr-98370_InformationAboutGainOnBargainPurchaseForEachReportableSegmentTextBlock" xlink:label="tse-acedjpfr-98370_InformationAboutGainOnBargainPurchaseForEachReportableSegmentTextBlock" />
    <link:loc xlink:type="locator" xlink:href="tse-acedjpfr-98370-2025-11-30-01-2026-01-14.xsd#tse-acedjpfr-98370_JapanReportableSegmentsMember" xlink:label="tse-acedjpfr-98370_JapanReportableSegmentsMember" />
    <link:loc xlink:type="locator" xlink:href="tse-acedjpfr-98370-2025-11-30-01-2026-01-14.xsd#tse-acedjpfr-98370_LossDueToDisasterEL" xlink:label="tse-acedjpfr-98370_LossDueToDisasterEL" />
    <link:loc xlink:type="locator" xlink:href="tse-acedjpfr-98370-2025-11-30-01-2026-01-14.xsd#tse-acedjpfr-98370_LossOnTerminationOfEmploymentEL" xlink:label="tse-acedjpfr-98370_LossOnTerminationOfEmploymentEL" />
    <link:loc xlink:type="locator" xlink:href="tse-acedjpfr-98370-2025-11-30-01-2026-01-14.xsd#tse-acedjpfr-98370_PresentationOfGainsLossesRelatedToForwardExchangeContractsTextBlock" xlink:label="tse-acedjpfr-98370_PresentationOfGainsLossesRelatedToForwardExchangeContractsTextBlock" />
    <link:loc xlink:type="locator" xlink:href="tse-acedjpfr-98370-2025-11-30-01-2026-01-14.xsd#tse-acedjpfr-98370_RightOfUseAssetsNetRightOfUseAssets" xlink:label="tse-acedjpfr-98370_RightOfUseAssetsNetRightOfUseAssets" />
    <link:loc xlink:type="locator" xlink:href="tse-acedjpfr-98370-2025-11-30-01-2026-01-14.xsd#tse-acedjpfr-98370_RightOfUseAssetsPPE" xlink:label="tse-acedjpfr-98370_RightOfUseAssetsPPE" />
    <link:labelArc xlink:type="arc" xlink:from="jppfs_cor_AccumulatedDepreciationRightOfUseAssets" xlink:to="label_AccumulatedDepreciationRightOfUseAssets_2" xlink:arcrole="http://www.xbrl.org/2003/arcrole/concept-label" use="prohibited" priority="1" order="1" />
    <link:labelArc xlink:type="arc" xlink:from="jppfs_cor_AccumulatedDepreciationRightOfUseAssets" xlink:to="jppfs_cor_AccumulatedDepreciationRightOfUseAssets_label" xlink:arcrole="http://www.xbrl.org/2003/arcrole/concept-label" order="1" />
    <link:labelArc xlink:type="arc" xlink:from="tse-acedjpfr-98370_AsiaReportableSegmentsMember" xlink:to="tse-acedjpfr-98370_AsiaReportableSegmentsMember_label" xlink:arcrole="http://www.xbrl.org/2003/arcrole/concept-label" order="1" />
    <link:labelArc xlink:type="arc" xlink:from="tse-acedjpfr-98370_AsiaReportableSegmentsMember" xlink:to="tse-acedjpfr-98370_AsiaReportableSegmentsMember_label_1" xlink:arcrole="http://www.xbrl.org/2003/arcrole/concept-label" order="1" />
    <link:labelArc xlink:type="arc" xlink:from="tse-acedjpfr-98370_EuropeAndAmericaReportableSegmentsMember" xlink:to="tse-acedjpfr-98370_EuropeAndAmericaReportableSegmentsMember_label" xlink:arcrole="http://www.xbrl.org/2003/arcrole/concept-label" order="1" />
    <link:labelArc xlink:type="arc" xlink:from="tse-acedjpfr-98370_EuropeAndAmericaReportableSegmentsMember" xlink:to="tse-acedjpfr-98370_EuropeAndAmericaReportableSegmentsMember_label_1" xlink:arcrole="http://www.xbrl.org/2003/arcrole/concept-label" order="1" />
    <link:labelArc xlink:type="arc" xlink:from="tse-acedjpfr-98370_InformationAboutGainOnBargainPurchaseForEachReportableSegmentTextBlock" xlink:to="tse-acedjpfr-98370_InformationAboutGainOnBargainPurchaseForEachReportableSegmentTextBlock_label" xlink:arcrole="http://www.xbrl.org/2003/arcrole/concept-label" order="1" />
    <link:labelArc xlink:type="arc" xlink:from="tse-acedjpfr-98370_InformationAboutGainOnBargainPurchaseForEachReportableSegmentTextBlock" xlink:to="tse-acedjpfr-98370_InformationAboutGainOnBargainPurchaseForEachReportableSegmentTextBlock_label_1" xlink:arcrole="http://www.xbrl.org/2003/arcrole/concept-label" order="1" />
    <link:labelArc xlink:type="arc" xlink:from="tse-acedjpfr-98370_JapanReportableSegmentsMember" xlink:to="tse-acedjpfr-98370_JapanReportableSegmentsMember_label_1" xlink:arcrole="http://www.xbrl.org/2003/arcrole/concept-label" order="1" />
    <link:labelArc xlink:type="arc" xlink:from="tse-acedjpfr-98370_JapanReportableSegmentsMember" xlink:to="tse-acedjpfr-98370_JapanReportableSegmentsMember_label" xlink:arcrole="http://www.xbrl.org/2003/arcrole/concept-label" order="1" />
    <link:labelArc xlink:type="arc" xlink:from="tse-acedjpfr-98370_LossDueToDisasterEL" xlink:to="tse-acedjpfr-98370_LossDueToDisasterEL_label" xlink:arcrole="http://www.xbrl.org/2003/arcrole/concept-label" order="1" />
    <link:labelArc xlink:type="arc" xlink:from="tse-acedjpfr-98370_LossDueToDisasterEL" xlink:to="tse-acedjpfr-98370_LossDueToDisasterEL_label_1" xlink:arcrole="http://www.xbrl.org/2003/arcrole/concept-label" order="1" />
    <link:labelArc xlink:type="arc" xlink:from="tse-acedjpfr-98370_LossOnTerminationOfEmploymentEL" xlink:to="tse-acedjpfr-98370_LossOnTerminationOfEmploymentEL_label" xlink:arcrole="http://www.xbrl.org/2003/arcrole/concept-label" order="1" />
    <link:labelArc xlink:type="arc" xlink:from="tse-acedjpfr-98370_LossOnTerminationOfEmploymentEL" xlink:to="tse-acedjpfr-98370_LossOnTerminationOfEmploymentEL_label_1" xlink:arcrole="http://www.xbrl.org/2003/arcrole/concept-label" order="1" />
    <link:labelArc xlink:type="arc" xlink:from="tse-acedjpfr-98370_PresentationOfGainsLossesRelatedToForwardExchangeContractsTextBlock" xlink:to="tse-acedjpfr-98370_PresentationOfGainsLossesRelatedToForwardExchangeContractsTextBlock_label" xlink:arcrole="http://www.xbrl.org/2003/arcrole/concept-label" order="1" />
    <link:labelArc xlink:type="arc" xlink:from="tse-acedjpfr-98370_PresentationOfGainsLossesRelatedToForwardExchangeContractsTextBlock" xlink:to="tse-acedjpfr-98370_PresentationOfGainsLossesRelatedToForwardExchangeContractsTextBlock_label_1" xlink:arcrole="http://www.xbrl.org/2003/arcrole/concept-label" order="1" />
    <link:labelArc xlink:type="arc" xlink:from="tse-acedjpfr-98370_RightOfUseAssetsNetRightOfUseAssets" xlink:to="tse-acedjpfr-98370_RightOfUseAssetsNetRightOfUseAssets_label" xlink:arcrole="http://www.xbrl.org/2003/arcrole/concept-label" order="1" />
    <link:labelArc xlink:type="arc" xlink:from="tse-acedjpfr-98370_RightOfUseAssetsNetRightOfUseAssets" xlink:to="tse-acedjpfr-98370_RightOfUseAssetsNetRightOfUseAssets_label_1" xlink:arcrole="http://www.xbrl.org/2003/arcrole/concept-label" order="1" />
    <link:labelArc xlink:type="arc" xlink:from="tse-acedjpfr-98370_RightOfUseAssetsPPE" xlink:to="tse-acedjpfr-98370_RightOfUseAssetsPPE_label" xlink:arcrole="http://www.xbrl.org/2003/arcrole/concept-label" order="1" />
    <link:labelArc xlink:type="arc" xlink:from="tse-acedjpfr-98370_RightOfUseAssetsPPE" xlink:to="tse-acedjpfr-98370_RightOfUseAssetsPPE_label_1" xlink:arcrole="http://www.xbrl.org/2003/arcrole/concept-label" order="1" />
  </link:labelLink>
</link:linkbase>