﻿<?xml version="1.0" encoding="utf-8"?>
<!-- XBRL Document Created with WizLabo Platform -->
<link:linkbase xmlns:xlink="http://www.w3.org/1999/xlink" xmlns:xsi="http://www.w3.org/2001/XMLSchema-instance" xmlns:link="http://www.xbrl.org/2003/linkbase">
  <link:labelLink xlink:type="extended" xlink:role="http://www.xbrl.org/2003/role/link">
    <link:label xml:lang="ja" xlink:type="resource" xlink:label="tse-acedjpfr-98370_AsiaReportableSegmentsMember_label" xlink:role="http://www.xbrl.org/2003/role/label">アジア</link:label>
    <link:label xml:lang="ja" xlink:type="resource" xlink:label="tse-acedjpfr-98370_AsiaReportableSegmentsMember_label_1" xlink:role="http://www.xbrl.org/2003/role/verboseLabel">アジア、報告セグメント [メンバー]</link:label>
    <link:label xml:lang="ja" xlink:type="resource" xlink:label="tse-acedjpfr-98370_EuropeAndAmericaReportableSegmentsMember_label" xlink:role="http://www.xbrl.org/2003/role/label">欧米</link:label>
    <link:label xml:lang="ja" xlink:type="resource" xlink:label="tse-acedjpfr-98370_EuropeAndAmericaReportableSegmentsMember_label_1" xlink:role="http://www.xbrl.org/2003/role/verboseLabel">欧米、報告セグメント [メンバー]</link:label>
    <link:label xml:lang="ja" xlink:type="resource" xlink:label="tse-acedjpfr-98370_InformationAboutGainOnBargainPurchaseForEachReportableSegmentTextBlock_label" xlink:role="http://www.xbrl.org/2003/role/label">報告セグメントごとの負ののれん発生益に関する情報</link:label>
    <link:label xml:lang="ja" xlink:type="resource" xlink:label="tse-acedjpfr-98370_InformationAboutGainOnBargainPurchaseForEachReportableSegmentTextBlock_label_1" xlink:role="http://www.xbrl.org/2003/role/verboseLabel">報告セグメントごとの負ののれん発生益に関する情報 [テキストブロック]</link:label>
    <link:label xml:lang="ja" xlink:type="resource" xlink:label="tse-acedjpfr-98370_JapanReportableSegmentsMember_label" xlink:role="http://www.xbrl.org/2003/role/label">日本</link:label>
    <link:label xml:lang="ja" xlink:type="resource" xlink:label="tse-acedjpfr-98370_JapanReportableSegmentsMember_label_1" xlink:role="http://www.xbrl.org/2003/role/verboseLabel">日本、報告セグメント [メンバー]</link:label>
    <link:label xml:lang="ja" xlink:type="resource" xlink:label="tse-acedjpfr-98370_LossDueToDisasterEL_label" xlink:role="http://www.xbrl.org/2003/role/label">災害損失</link:label>
    <link:label xml:lang="ja" xlink:type="resource" xlink:label="tse-acedjpfr-98370_LossDueToDisasterEL_label_1" xlink:role="http://www.xbrl.org/2003/role/verboseLabel">災害損失、特別損失</link:label>
    <link:label xml:lang="ja" xlink:type="resource" xlink:label="tse-acedjpfr-98370_LossOnTerminationOfEmploymentEL_label" xlink:role="http://www.xbrl.org/2003/role/label">雇用終了損</link:label>
    <link:label xml:lang="ja" xlink:type="resource" xlink:label="tse-acedjpfr-98370_LossOnTerminationOfEmploymentEL_label_1" xlink:role="http://www.xbrl.org/2003/role/verboseLabel">雇用終了損、特別損失</link:label>
    <link:label xml:lang="ja" xlink:type="resource" xlink:label="tse-acedjpfr-98370_PresentationOfGainsLossesRelatedToForwardExchangeContractsTextBlock_label" xlink:role="http://www.xbrl.org/2003/role/label">為替予約に係る損益の表示</link:label>
    <link:label xml:lang="ja" xlink:type="resource" xlink:label="tse-acedjpfr-98370_PresentationOfGainsLossesRelatedToForwardExchangeContractsTextBlock_label_1" xlink:role="http://www.xbrl.org/2003/role/verboseLabel">為替予約に係る損益の表示 [テキストブロック]</link:label>
    <link:label xml:lang="ja" xlink:type="resource" xlink:label="tse-acedjpfr-98370_RightOfUseAssetsNetRightOfUseAssets_label" xlink:role="http://www.xbrl.org/2003/role/label">使用権資産（純額）</link:label>
    <link:label xml:lang="ja" xlink:type="resource" xlink:label="tse-acedjpfr-98370_RightOfUseAssetsNetRightOfUseAssets_label_1" xlink:role="http://www.xbrl.org/2003/role/verboseLabel">使用権資産（純額）、使用権資産</link:label>
    <link:label xml:lang="ja" xlink:type="resource" xlink:label="tse-acedjpfr-98370_RightOfUseAssetsPPE_label" xlink:role="http://www.xbrl.org/2003/role/label">使用権資産</link:label>
    <link:label xml:lang="ja" xlink:type="resource" xlink:label="tse-acedjpfr-98370_RightOfUseAssetsPPE_label_1" xlink:role="http://www.xbrl.org/2003/role/verboseLabel">使用権資産、有形固定資産</link:label>
    <link:loc xlink:type="locator" xlink:href="tse-acedjpfr-98370-2025-11-30-01-2026-01-14.xsd#tse-acedjpfr-98370_AsiaReportableSegmentsMember" xlink:label="tse-acedjpfr-98370_AsiaReportableSegmentsMember" />
    <link:loc xlink:type="locator" xlink:href="tse-acedjpfr-98370-2025-11-30-01-2026-01-14.xsd#tse-acedjpfr-98370_EuropeAndAmericaReportableSegmentsMember" xlink:label="tse-acedjpfr-98370_EuropeAndAmericaReportableSegmentsMember" />
    <link:loc xlink:type="locator" xlink:href="tse-acedjpfr-98370-2025-11-30-01-2026-01-14.xsd#tse-acedjpfr-98370_InformationAboutGainOnBargainPurchaseForEachReportableSegmentTextBlock" xlink:label="tse-acedjpfr-98370_InformationAboutGainOnBargainPurchaseForEachReportableSegmentTextBlock" />
    <link:loc xlink:type="locator" xlink:href="tse-acedjpfr-98370-2025-11-30-01-2026-01-14.xsd#tse-acedjpfr-98370_JapanReportableSegmentsMember" xlink:label="tse-acedjpfr-98370_JapanReportableSegmentsMember" />
    <link:loc xlink:type="locator" xlink:href="tse-acedjpfr-98370-2025-11-30-01-2026-01-14.xsd#tse-acedjpfr-98370_LossDueToDisasterEL" xlink:label="tse-acedjpfr-98370_LossDueToDisasterEL" />
    <link:loc xlink:type="locator" xlink:href="tse-acedjpfr-98370-2025-11-30-01-2026-01-14.xsd#tse-acedjpfr-98370_LossOnTerminationOfEmploymentEL" xlink:label="tse-acedjpfr-98370_LossOnTerminationOfEmploymentEL" />
    <link:loc xlink:type="locator" xlink:href="tse-acedjpfr-98370-2025-11-30-01-2026-01-14.xsd#tse-acedjpfr-98370_PresentationOfGainsLossesRelatedToForwardExchangeContractsTextBlock" xlink:label="tse-acedjpfr-98370_PresentationOfGainsLossesRelatedToForwardExchangeContractsTextBlock" />
    <link:loc xlink:type="locator" xlink:href="tse-acedjpfr-98370-2025-11-30-01-2026-01-14.xsd#tse-acedjpfr-98370_RightOfUseAssetsNetRightOfUseAssets" xlink:label="tse-acedjpfr-98370_RightOfUseAssetsNetRightOfUseAssets" />
    <link:loc xlink:type="locator" xlink:href="tse-acedjpfr-98370-2025-11-30-01-2026-01-14.xsd#tse-acedjpfr-98370_RightOfUseAssetsPPE" xlink:label="tse-acedjpfr-98370_RightOfUseAssetsPPE" />
    <link:labelArc xlink:type="arc" xlink:from="tse-acedjpfr-98370_AsiaReportableSegmentsMember" xlink:to="tse-acedjpfr-98370_AsiaReportableSegmentsMember_label" xlink:arcrole="http://www.xbrl.org/2003/arcrole/concept-label" order="1" />
    <link:labelArc xlink:type="arc" xlink:from="tse-acedjpfr-98370_AsiaReportableSegmentsMember" xlink:to="tse-acedjpfr-98370_AsiaReportableSegmentsMember_label_1" xlink:arcrole="http://www.xbrl.org/2003/arcrole/concept-label" order="1" />
    <link:labelArc xlink:type="arc" xlink:from="tse-acedjpfr-98370_EuropeAndAmericaReportableSegmentsMember" xlink:to="tse-acedjpfr-98370_EuropeAndAmericaReportableSegmentsMember_label" xlink:arcrole="http://www.xbrl.org/2003/arcrole/concept-label" order="1" />
    <link:labelArc xlink:type="arc" xlink:from="tse-acedjpfr-98370_EuropeAndAmericaReportableSegmentsMember" xlink:to="tse-acedjpfr-98370_EuropeAndAmericaReportableSegmentsMember_label_1" xlink:arcrole="http://www.xbrl.org/2003/arcrole/concept-label" order="1" />
    <link:labelArc xlink:type="arc" xlink:from="tse-acedjpfr-98370_InformationAboutGainOnBargainPurchaseForEachReportableSegmentTextBlock" xlink:to="tse-acedjpfr-98370_InformationAboutGainOnBargainPurchaseForEachReportableSegmentTextBlock_label" xlink:arcrole="http://www.xbrl.org/2003/arcrole/concept-label" order="1" />
    <link:labelArc xlink:type="arc" xlink:from="tse-acedjpfr-98370_InformationAboutGainOnBargainPurchaseForEachReportableSegmentTextBlock" xlink:to="tse-acedjpfr-98370_InformationAboutGainOnBargainPurchaseForEachReportableSegmentTextBlock_label_1" xlink:arcrole="http://www.xbrl.org/2003/arcrole/concept-label" order="1" />
    <link:labelArc xlink:type="arc" xlink:from="tse-acedjpfr-98370_JapanReportableSegmentsMember" xlink:to="tse-acedjpfr-98370_JapanReportableSegmentsMember_label" xlink:arcrole="http://www.xbrl.org/2003/arcrole/concept-label" order="1" />
    <link:labelArc xlink:type="arc" xlink:from="tse-acedjpfr-98370_JapanReportableSegmentsMember" xlink:to="tse-acedjpfr-98370_JapanReportableSegmentsMember_label_1" xlink:arcrole="http://www.xbrl.org/2003/arcrole/concept-label" order="1" />
    <link:labelArc xlink:type="arc" xlink:from="tse-acedjpfr-98370_LossDueToDisasterEL" xlink:to="tse-acedjpfr-98370_LossDueToDisasterEL_label_1" xlink:arcrole="http://www.xbrl.org/2003/arcrole/concept-label" order="1" />
    <link:labelArc xlink:type="arc" xlink:from="tse-acedjpfr-98370_LossDueToDisasterEL" xlink:to="tse-acedjpfr-98370_LossDueToDisasterEL_label" xlink:arcrole="http://www.xbrl.org/2003/arcrole/concept-label" order="1" />
    <link:labelArc xlink:type="arc" xlink:from="tse-acedjpfr-98370_LossOnTerminationOfEmploymentEL" xlink:to="tse-acedjpfr-98370_LossOnTerminationOfEmploymentEL_label" xlink:arcrole="http://www.xbrl.org/2003/arcrole/concept-label" order="1" />
    <link:labelArc xlink:type="arc" xlink:from="tse-acedjpfr-98370_LossOnTerminationOfEmploymentEL" xlink:to="tse-acedjpfr-98370_LossOnTerminationOfEmploymentEL_label_1" xlink:arcrole="http://www.xbrl.org/2003/arcrole/concept-label" order="1" />
    <link:labelArc xlink:type="arc" xlink:from="tse-acedjpfr-98370_PresentationOfGainsLossesRelatedToForwardExchangeContractsTextBlock" xlink:to="tse-acedjpfr-98370_PresentationOfGainsLossesRelatedToForwardExchangeContractsTextBlock_label" xlink:arcrole="http://www.xbrl.org/2003/arcrole/concept-label" order="1" />
    <link:labelArc xlink:type="arc" xlink:from="tse-acedjpfr-98370_PresentationOfGainsLossesRelatedToForwardExchangeContractsTextBlock" xlink:to="tse-acedjpfr-98370_PresentationOfGainsLossesRelatedToForwardExchangeContractsTextBlock_label_1" xlink:arcrole="http://www.xbrl.org/2003/arcrole/concept-label" order="1" />
    <link:labelArc xlink:type="arc" xlink:from="tse-acedjpfr-98370_RightOfUseAssetsNetRightOfUseAssets" xlink:to="tse-acedjpfr-98370_RightOfUseAssetsNetRightOfUseAssets_label" xlink:arcrole="http://www.xbrl.org/2003/arcrole/concept-label" order="1" />
    <link:labelArc xlink:type="arc" xlink:from="tse-acedjpfr-98370_RightOfUseAssetsNetRightOfUseAssets" xlink:to="tse-acedjpfr-98370_RightOfUseAssetsNetRightOfUseAssets_label_1" xlink:arcrole="http://www.xbrl.org/2003/arcrole/concept-label" order="1" />
    <link:labelArc xlink:type="arc" xlink:from="tse-acedjpfr-98370_RightOfUseAssetsPPE" xlink:to="tse-acedjpfr-98370_RightOfUseAssetsPPE_label" xlink:arcrole="http://www.xbrl.org/2003/arcrole/concept-label" order="1" />
    <link:labelArc xlink:type="arc" xlink:from="tse-acedjpfr-98370_RightOfUseAssetsPPE" xlink:to="tse-acedjpfr-98370_RightOfUseAssetsPPE_label_1" xlink:arcrole="http://www.xbrl.org/2003/arcrole/concept-label" order="1" />
  </link:labelLink>
</link:linkbase>