﻿<?xml version="1.0" encoding="utf-8"?>
<!-- XBRL Document Created with WizLabo Platform -->
<link:linkbase xmlns:xlink="http://www.w3.org/1999/xlink" xmlns:xsi="http://www.w3.org/2001/XMLSchema-instance" xmlns:link="http://www.xbrl.org/2003/linkbase">
  <link:labelLink xlink:type="extended" xlink:role="http://www.xbrl.org/2003/role/link">
    <link:label xml:lang="en" xlink:type="resource" xlink:label="tse-scedjpfr-92650_MedicalEquipmentManufacturingAndSalesReportableSegmentMember_label" xlink:role="http://www.xbrl.org/2003/role/label">Medical equipment manufacturing and sales</link:label>
    <link:label xml:lang="en" xlink:type="resource" xlink:label="tse-scedjpfr-92650_MedicalEquipmentManufacturingAndSalesReportableSegmentMember_label_1" xlink:role="http://www.xbrl.org/2003/role/verboseLabel">Medical equipment manufacturing and sales, Reportable segment [member]</link:label>
    <link:label xml:lang="en" xlink:type="resource" xlink:label="tse-scedjpfr-92650_MedicalEquipmentSalesReportableSegmentsMember_label" xlink:role="http://www.xbrl.org/2003/role/label">Medical equipment sales</link:label>
    <link:label xml:lang="en" xlink:type="resource" xlink:label="tse-scedjpfr-92650_MedicalEquipmentSalesReportableSegmentsMember_label_1" xlink:role="http://www.xbrl.org/2003/role/verboseLabel">Medical equipment sales, Reportable segments[member]</link:label>
    <link:label xml:lang="en" xlink:type="resource" xlink:label="tse-scedjpfr-92650_MedicalMallReportableSegmentsMember_label" xlink:role="http://www.xbrl.org/2003/role/label">Medical mall</link:label>
    <link:label xml:lang="en" xlink:type="resource" xlink:label="tse-scedjpfr-92650_MedicalMallReportableSegmentsMember_label_1" xlink:role="http://www.xbrl.org/2003/role/verboseLabel">Medical mall, Reportable segments[member]</link:label>
    <link:loc xlink:type="locator" xlink:href="tse-scedjpfr-92650-2025-11-30-01-2026-01-14.xsd#tse-scedjpfr-92650_MedicalEquipmentManufacturingAndSalesReportableSegmentMember" xlink:label="tse-scedjpfr-92650_MedicalEquipmentManufacturingAndSalesReportableSegmentMember" />
    <link:loc xlink:type="locator" xlink:href="tse-scedjpfr-92650-2025-11-30-01-2026-01-14.xsd#tse-scedjpfr-92650_MedicalEquipmentSalesReportableSegmentsMember" xlink:label="tse-scedjpfr-92650_MedicalEquipmentSalesReportableSegmentsMember" />
    <link:loc xlink:type="locator" xlink:href="tse-scedjpfr-92650-2025-11-30-01-2026-01-14.xsd#tse-scedjpfr-92650_MedicalMallReportableSegmentsMember" xlink:label="tse-scedjpfr-92650_MedicalMallReportableSegmentsMember" />
    <link:labelArc xlink:type="arc" xlink:from="tse-scedjpfr-92650_MedicalEquipmentManufacturingAndSalesReportableSegmentMember" xlink:to="tse-scedjpfr-92650_MedicalEquipmentManufacturingAndSalesReportableSegmentMember_label" xlink:arcrole="http://www.xbrl.org/2003/arcrole/concept-label" order="1" />
    <link:labelArc xlink:type="arc" xlink:from="tse-scedjpfr-92650_MedicalEquipmentManufacturingAndSalesReportableSegmentMember" xlink:to="tse-scedjpfr-92650_MedicalEquipmentManufacturingAndSalesReportableSegmentMember_label_1" xlink:arcrole="http://www.xbrl.org/2003/arcrole/concept-label" order="1" />
    <link:labelArc xlink:type="arc" xlink:from="tse-scedjpfr-92650_MedicalEquipmentSalesReportableSegmentsMember" xlink:to="tse-scedjpfr-92650_MedicalEquipmentSalesReportableSegmentsMember_label" xlink:arcrole="http://www.xbrl.org/2003/arcrole/concept-label" order="1" />
    <link:labelArc xlink:type="arc" xlink:from="tse-scedjpfr-92650_MedicalEquipmentSalesReportableSegmentsMember" xlink:to="tse-scedjpfr-92650_MedicalEquipmentSalesReportableSegmentsMember_label_1" xlink:arcrole="http://www.xbrl.org/2003/arcrole/concept-label" order="1" />
    <link:labelArc xlink:type="arc" xlink:from="tse-scedjpfr-92650_MedicalMallReportableSegmentsMember" xlink:to="tse-scedjpfr-92650_MedicalMallReportableSegmentsMember_label" xlink:arcrole="http://www.xbrl.org/2003/arcrole/concept-label" order="1" />
    <link:labelArc xlink:type="arc" xlink:from="tse-scedjpfr-92650_MedicalMallReportableSegmentsMember" xlink:to="tse-scedjpfr-92650_MedicalMallReportableSegmentsMember_label_1" xlink:arcrole="http://www.xbrl.org/2003/arcrole/concept-label" order="1" />
  </link:labelLink>
</link:linkbase>