﻿<?xml version="1.0" encoding="utf-8"?>
<!-- XBRL Document Created with WizLabo Platform -->
<link:linkbase xmlns:xlink="http://www.w3.org/1999/xlink" xmlns:xsi="http://www.w3.org/2001/XMLSchema-instance" xmlns:link="http://www.xbrl.org/2003/linkbase">
  <link:labelLink xlink:type="extended" xlink:role="http://www.xbrl.org/2003/role/link">
    <link:label xml:lang="en" xlink:type="resource" xlink:label="tse-qcedjpfr-82540_DepartmentStoreBusinessReportableSegmentMember_label" xlink:role="http://www.xbrl.org/2003/role/label">Department Store Business</link:label>
    <link:label xml:lang="en" xlink:type="resource" xlink:label="tse-qcedjpfr-82540_DepartmentStoreBusinessReportableSegmentMember_label_1" xlink:role="http://www.xbrl.org/2003/role/verboseLabel">Department Store Business, Reportable segment [member]</link:label>
    <link:label xml:lang="en" xlink:type="resource" xlink:label="tse-qcedjpfr-82540_ProfitLossProfitLoss_label" xlink:role="http://www.xbrl.org/2003/role/label">Profit(loss)</link:label>
    <link:label xml:lang="en" xlink:type="resource" xlink:label="tse-qcedjpfr-82540_ProfitLossProfitLoss_label_1" xlink:role="http://www.xbrl.org/2003/role/verboseLabel">Profit(loss), Profit (loss)</link:label>
    <link:label xml:lang="en" xlink:type="resource" xlink:label="tse-qcedjpfr-82540_RealEstateBusinessReportableSegmentMember_label" xlink:role="http://www.xbrl.org/2003/role/label">Real estate business</link:label>
    <link:label xml:lang="en" xlink:type="resource" xlink:label="tse-qcedjpfr-82540_RealEstateBusinessReportableSegmentMember_label_1" xlink:role="http://www.xbrl.org/2003/role/verboseLabel">Real estate business, Reportable segment [member]</link:label>
    <link:loc xlink:type="locator" xlink:href="tse-qcedjpfr-82540-2025-11-30-01-2026-01-14.xsd#tse-qcedjpfr-82540_DepartmentStoreBusinessReportableSegmentMember" xlink:label="tse-qcedjpfr-82540_DepartmentStoreBusinessReportableSegmentMember" />
    <link:loc xlink:type="locator" xlink:href="tse-qcedjpfr-82540-2025-11-30-01-2026-01-14.xsd#tse-qcedjpfr-82540_ProfitLossProfitLoss" xlink:label="tse-qcedjpfr-82540_ProfitLossProfitLoss" />
    <link:loc xlink:type="locator" xlink:href="tse-qcedjpfr-82540-2025-11-30-01-2026-01-14.xsd#tse-qcedjpfr-82540_RealEstateBusinessReportableSegmentMember" xlink:label="tse-qcedjpfr-82540_RealEstateBusinessReportableSegmentMember" />
    <link:labelArc xlink:type="arc" xlink:from="tse-qcedjpfr-82540_DepartmentStoreBusinessReportableSegmentMember" xlink:to="tse-qcedjpfr-82540_DepartmentStoreBusinessReportableSegmentMember_label" xlink:arcrole="http://www.xbrl.org/2003/arcrole/concept-label" order="1" />
    <link:labelArc xlink:type="arc" xlink:from="tse-qcedjpfr-82540_DepartmentStoreBusinessReportableSegmentMember" xlink:to="tse-qcedjpfr-82540_DepartmentStoreBusinessReportableSegmentMember_label_1" xlink:arcrole="http://www.xbrl.org/2003/arcrole/concept-label" order="1" />
    <link:labelArc xlink:type="arc" xlink:from="tse-qcedjpfr-82540_ProfitLossProfitLoss" xlink:to="tse-qcedjpfr-82540_ProfitLossProfitLoss_label" xlink:arcrole="http://www.xbrl.org/2003/arcrole/concept-label" order="1" />
    <link:labelArc xlink:type="arc" xlink:from="tse-qcedjpfr-82540_ProfitLossProfitLoss" xlink:to="tse-qcedjpfr-82540_ProfitLossProfitLoss_label_1" xlink:arcrole="http://www.xbrl.org/2003/arcrole/concept-label" order="1" />
    <link:labelArc xlink:type="arc" xlink:from="tse-qcedjpfr-82540_RealEstateBusinessReportableSegmentMember" xlink:to="tse-qcedjpfr-82540_RealEstateBusinessReportableSegmentMember_label" xlink:arcrole="http://www.xbrl.org/2003/arcrole/concept-label" order="1" />
    <link:labelArc xlink:type="arc" xlink:from="tse-qcedjpfr-82540_RealEstateBusinessReportableSegmentMember" xlink:to="tse-qcedjpfr-82540_RealEstateBusinessReportableSegmentMember_label_1" xlink:arcrole="http://www.xbrl.org/2003/arcrole/concept-label" order="1" />
  </link:labelLink>
</link:linkbase>