﻿<?xml version="1.0" encoding="utf-8"?>
<!-- XBRL Document Created with WizLabo Platform -->
<link:linkbase xmlns:xlink="http://www.w3.org/1999/xlink" xmlns:xsi="http://www.w3.org/2001/XMLSchema-instance" xmlns:link="http://www.xbrl.org/2003/linkbase">
  <link:labelLink xlink:type="extended" xlink:role="http://www.xbrl.org/2003/role/link">
    <link:label xml:lang="ja" xlink:type="resource" xlink:label="tse-qcedjpfr-82540_DepartmentStoreBusinessReportableSegmentMember_label" xlink:role="http://www.xbrl.org/2003/role/label">百貨店事業</link:label>
    <link:label xml:lang="ja" xlink:type="resource" xlink:label="tse-qcedjpfr-82540_DepartmentStoreBusinessReportableSegmentMember_label_1" xlink:role="http://www.xbrl.org/2003/role/verboseLabel">百貨店事業、報告セグメント [メンバー]</link:label>
    <link:label xml:lang="ja" xlink:type="resource" xlink:label="tse-qcedjpfr-82540_ProfitLossProfitLoss_label" xlink:role="http://www.xbrl.org/2003/role/label">四半期純利益又は四半期純損失（△）</link:label>
    <link:label xml:lang="ja" xlink:type="resource" xlink:label="tse-qcedjpfr-82540_ProfitLossProfitLoss_label_1" xlink:role="http://www.xbrl.org/2003/role/verboseLabel">四半期純利益又は四半期純損失（△）、当期純利益又は当期純損失（△）</link:label>
    <link:label xml:lang="ja" xlink:type="resource" xlink:label="tse-qcedjpfr-82540_RealEstateBusinessReportableSegmentMember_label" xlink:role="http://www.xbrl.org/2003/role/label">不動産事業</link:label>
    <link:label xml:lang="ja" xlink:type="resource" xlink:label="tse-qcedjpfr-82540_RealEstateBusinessReportableSegmentMember_label_1" xlink:role="http://www.xbrl.org/2003/role/verboseLabel">不動産事業、報告セグメント [メンバー]</link:label>
    <link:loc xlink:type="locator" xlink:href="tse-qcedjpfr-82540-2025-11-30-01-2026-01-14.xsd#tse-qcedjpfr-82540_DepartmentStoreBusinessReportableSegmentMember" xlink:label="tse-qcedjpfr-82540_DepartmentStoreBusinessReportableSegmentMember" />
    <link:loc xlink:type="locator" xlink:href="tse-qcedjpfr-82540-2025-11-30-01-2026-01-14.xsd#tse-qcedjpfr-82540_ProfitLossProfitLoss" xlink:label="tse-qcedjpfr-82540_ProfitLossProfitLoss" />
    <link:loc xlink:type="locator" xlink:href="tse-qcedjpfr-82540-2025-11-30-01-2026-01-14.xsd#tse-qcedjpfr-82540_RealEstateBusinessReportableSegmentMember" xlink:label="tse-qcedjpfr-82540_RealEstateBusinessReportableSegmentMember" />
    <link:labelArc xlink:type="arc" xlink:from="tse-qcedjpfr-82540_DepartmentStoreBusinessReportableSegmentMember" xlink:to="tse-qcedjpfr-82540_DepartmentStoreBusinessReportableSegmentMember_label" xlink:arcrole="http://www.xbrl.org/2003/arcrole/concept-label" order="1" />
    <link:labelArc xlink:type="arc" xlink:from="tse-qcedjpfr-82540_DepartmentStoreBusinessReportableSegmentMember" xlink:to="tse-qcedjpfr-82540_DepartmentStoreBusinessReportableSegmentMember_label_1" xlink:arcrole="http://www.xbrl.org/2003/arcrole/concept-label" order="1" />
    <link:labelArc xlink:type="arc" xlink:from="tse-qcedjpfr-82540_ProfitLossProfitLoss" xlink:to="tse-qcedjpfr-82540_ProfitLossProfitLoss_label" xlink:arcrole="http://www.xbrl.org/2003/arcrole/concept-label" order="1" />
    <link:labelArc xlink:type="arc" xlink:from="tse-qcedjpfr-82540_ProfitLossProfitLoss" xlink:to="tse-qcedjpfr-82540_ProfitLossProfitLoss_label_1" xlink:arcrole="http://www.xbrl.org/2003/arcrole/concept-label" order="1" />
    <link:labelArc xlink:type="arc" xlink:from="tse-qcedjpfr-82540_RealEstateBusinessReportableSegmentMember" xlink:to="tse-qcedjpfr-82540_RealEstateBusinessReportableSegmentMember_label" xlink:arcrole="http://www.xbrl.org/2003/arcrole/concept-label" order="1" />
    <link:labelArc xlink:type="arc" xlink:from="tse-qcedjpfr-82540_RealEstateBusinessReportableSegmentMember" xlink:to="tse-qcedjpfr-82540_RealEstateBusinessReportableSegmentMember_label_1" xlink:arcrole="http://www.xbrl.org/2003/arcrole/concept-label" order="1" />
  </link:labelLink>
</link:linkbase>