<?xml version="1.0" encoding="utf-8"?>
<!-- Generated by PRONEXUS WORKS --><link:linkbase xmlns:link="http://www.xbrl.org/2003/linkbase" xmlns:xsi="http://www.w3.org/2001/XMLSchema-instance" xmlns:xbrli="http://www.xbrl.org/2003/instance" xmlns:xlink="http://www.w3.org/1999/xlink">  <link:labelLink xlink:type="extended" xlink:role="http://www.xbrl.org/2003/role/link">    <link:loc xlink:type="locator" xlink:href="tse-qnedjpfr-97820-2025-12-31-01-2026-01-27.xsd#tse-qnedjpfr-97820_AdvancesPaidMailingCostCA" xlink:label="AdvancesPaidMailingCostCA" />    <link:loc xlink:type="locator" xlink:href="tse-qnedjpfr-97820-2025-12-31-01-2026-01-27.xsd#tse-qnedjpfr-97820_DirectMailReportableSegmentsMember" xlink:label="DirectMailReportableSegmentsMember" />    <link:loc xlink:type="locator" xlink:href="tse-qnedjpfr-97820-2025-12-31-01-2026-01-27.xsd#tse-qnedjpfr-97820_LogisticsReportableSegmentsMember" xlink:label="LogisticsReportableSegmentsMember" />    <link:loc xlink:type="locator" xlink:href="tse-qnedjpfr-97820-2025-12-31-01-2026-01-27.xsd#tse-qnedjpfr-97820_SalesPromotionsReportableSegmentsMember" xlink:label="SalesPromotionsReportableSegmentsMember" />    <link:loc xlink:type="locator" xlink:href="tse-qnedjpfr-97820-2025-12-31-01-2026-01-27.xsd#tse-qnedjpfr-97820_EventsReportableSegmentsMember" xlink:label="EventsReportableSegmentsMember" />    <link:loc xlink:type="locator" xlink:href="tse-qnedjpfr-97820-2025-12-31-01-2026-01-27.xsd#tse-qnedjpfr-97820_LeasingReportableSegmentsMember" xlink:label="LeasingReportableSegmentsMember" />    <link:label xlink:type="resource" xlink:label="label_DirectMailReportableSegmentsMember" xml:lang="ja" xlink:role="http://www.xbrl.org/2003/role/label" id="label_DirectMailReportableSegmentsMember">ダイレクトメール事業</link:label>    <link:labelArc xlink:type="arc" xlink:arcrole="http://www.xbrl.org/2003/arcrole/concept-label" xlink:from="DirectMailReportableSegmentsMember" xlink:to="label_DirectMailReportableSegmentsMember" />    <link:label xlink:type="resource" xlink:label="label_DirectMailReportableSegmentsMember_2" xml:lang="ja" xlink:role="http://www.xbrl.org/2003/role/verboseLabel" id="label_DirectMailReportableSegmentsMember_2">ダイレクトメール事業、報告セグメント [メンバー]</link:label>    <link:labelArc xlink:type="arc" xlink:arcrole="http://www.xbrl.org/2003/arcrole/concept-label" xlink:from="DirectMailReportableSegmentsMember" xlink:to="label_DirectMailReportableSegmentsMember_2" />    <link:label xlink:type="resource" xlink:label="label_LogisticsReportableSegmentsMember" xml:lang="ja" xlink:role="http://www.xbrl.org/2003/role/label" id="label_LogisticsReportableSegmentsMember">物流事業</link:label>    <link:labelArc xlink:type="arc" xlink:arcrole="http://www.xbrl.org/2003/arcrole/concept-label" xlink:from="LogisticsReportableSegmentsMember" xlink:to="label_LogisticsReportableSegmentsMember" />    <link:label xlink:type="resource" xlink:label="label_LogisticsReportableSegmentsMember_2" xml:lang="ja" xlink:role="http://www.xbrl.org/2003/role/verboseLabel" id="label_LogisticsReportableSegmentsMember_2">物流事業、報告セグメント [メンバー]</link:label>    <link:labelArc xlink:type="arc" xlink:arcrole="http://www.xbrl.org/2003/arcrole/concept-label" xlink:from="LogisticsReportableSegmentsMember" xlink:to="label_LogisticsReportableSegmentsMember_2" />    <link:label xlink:type="resource" xlink:label="label_SalesPromotionsReportableSegmentsMember" xml:lang="ja" xlink:role="http://www.xbrl.org/2003/role/label" id="label_SalesPromotionsReportableSegmentsMember">セールスプロモーション事業</link:label>    <link:labelArc xlink:type="arc" xlink:arcrole="http://www.xbrl.org/2003/arcrole/concept-label" xlink:from="SalesPromotionsReportableSegmentsMember" xlink:to="label_SalesPromotionsReportableSegmentsMember" />    <link:label xlink:type="resource" xlink:label="label_SalesPromotionsReportableSegmentsMember_2" xml:lang="ja" xlink:role="http://www.xbrl.org/2003/role/verboseLabel" id="label_SalesPromotionsReportableSegmentsMember_2">セールスプロモーション事業、報告セグメント [メンバー]</link:label>    <link:labelArc xlink:type="arc" xlink:arcrole="http://www.xbrl.org/2003/arcrole/concept-label" xlink:from="SalesPromotionsReportableSegmentsMember" xlink:to="label_SalesPromotionsReportableSegmentsMember_2" />    <link:label xlink:type="resource" xlink:label="label_EventsReportableSegmentsMember" xml:lang="ja" xlink:role="http://www.xbrl.org/2003/role/label" id="label_EventsReportableSegmentsMember">イベント事業</link:label>    <link:labelArc xlink:type="arc" xlink:arcrole="http://www.xbrl.org/2003/arcrole/concept-label" xlink:from="EventsReportableSegmentsMember" xlink:to="label_EventsReportableSegmentsMember" />    <link:label xlink:type="resource" xlink:label="label_EventsReportableSegmentsMember_2" xml:lang="ja" xlink:role="http://www.xbrl.org/2003/role/verboseLabel" id="label_EventsReportableSegmentsMember_2">イベント事業、報告セグメント [メンバー]</link:label>    <link:labelArc xlink:type="arc" xlink:arcrole="http://www.xbrl.org/2003/arcrole/concept-label" xlink:from="EventsReportableSegmentsMember" xlink:to="label_EventsReportableSegmentsMember_2" />    <link:label xlink:type="resource" xlink:label="label_LeasingReportableSegmentsMember" xml:lang="ja" xlink:role="http://www.xbrl.org/2003/role/label" id="label_LeasingReportableSegmentsMember">賃貸事業</link:label>    <link:labelArc xlink:type="arc" xlink:arcrole="http://www.xbrl.org/2003/arcrole/concept-label" xlink:from="LeasingReportableSegmentsMember" xlink:to="label_LeasingReportableSegmentsMember" />    <link:label xlink:type="resource" xlink:label="label_LeasingReportableSegmentsMember_2" xml:lang="ja" xlink:role="http://www.xbrl.org/2003/role/verboseLabel" id="label_LeasingReportableSegmentsMember_2">賃貸事業、報告セグメント [メンバー]</link:label>    <link:labelArc xlink:type="arc" xlink:arcrole="http://www.xbrl.org/2003/arcrole/concept-label" xlink:from="LeasingReportableSegmentsMember" xlink:to="label_LeasingReportableSegmentsMember_2" />    <link:label xlink:type="resource" xlink:label="label_AdvancesPaidMailingCostCA" xml:lang="ja" xlink:role="http://www.xbrl.org/2003/role/label" id="label_AdvancesPaidMailingCostCA">立替郵送料</link:label>    <link:labelArc xlink:type="arc" xlink:arcrole="http://www.xbrl.org/2003/arcrole/concept-label" xlink:from="AdvancesPaidMailingCostCA" xlink:to="label_AdvancesPaidMailingCostCA" />    <link:label xlink:type="resource" xlink:label="label_AdvancesPaidMailingCostCA_2" xml:lang="ja" xlink:role="http://www.xbrl.org/2003/role/verboseLabel" id="label_AdvancesPaidMailingCostCA_2">立替郵送料、流動資産、資産の部</link:label>    <link:labelArc xlink:type="arc" xlink:arcrole="http://www.xbrl.org/2003/arcrole/concept-label" xlink:from="AdvancesPaidMailingCostCA" xlink:to="label_AdvancesPaidMailingCostCA_2" />  </link:labelLink></link:linkbase>