<?xml version="1.0" encoding="utf-8"?>
<!-- Generated by PRONEXUS WORKS --><link:linkbase xmlns:link="http://www.xbrl.org/2003/linkbase" xmlns:xsi="http://www.w3.org/2001/XMLSchema-instance" xmlns:xbrli="http://www.xbrl.org/2003/instance" xmlns:xlink="http://www.w3.org/1999/xlink">  <link:labelLink xlink:type="extended" xlink:role="http://www.xbrl.org/2003/role/link">    <link:loc xlink:type="locator" xlink:href="tse-scedjpfr-77250-2025-11-30-01-2026-01-09.xsd#tse-scedjpfr-77250_IOTReportableSegmentsMember" xlink:label="IOTReportableSegmentsMember" />    <link:loc xlink:type="locator" xlink:href="tse-scedjpfr-77250-2025-11-30-01-2026-01-09.xsd#tse-scedjpfr-77250_Industry40PromotionProjectReportableSegmentsMember" xlink:label="Industry40PromotionProjectReportableSegmentsMember" />    <link:loc xlink:type="locator" xlink:href="tse-scedjpfr-77250-2025-11-30-01-2026-01-09.xsd#tse-scedjpfr-77250_InterestExpensesAndGuranteeCommisionOpeCF" xlink:label="InterestExpensesAndGuranteeCommisionOpeCF" />    <link:loc xlink:type="locator" xlink:href="tse-scedjpfr-77250-2025-11-30-01-2026-01-09.xsd#tse-scedjpfr-77250_InterestExpensesAndGuaranteeCommissionsPaidOpeCF" xlink:label="InterestExpensesAndGuaranteeCommissionsPaidOpeCF" />    <link:loc xlink:type="locator" xlink:href="tse-scedjpfr-77250-2025-11-30-01-2026-01-09.xsd#tse-scedjpfr-77250_RentIncomeOnAssetsRentNOI" xlink:label="RentIncomeOnAssetsRentNOI" />    <link:loc xlink:type="locator" xlink:href="tse-scedjpfr-77250-2025-11-30-01-2026-01-09.xsd#tse-scedjpfr-77250_RentExpensesOnAssetsRentNOE" xlink:label="RentExpensesOnAssetsRentNOE" />    <link:label xlink:type="resource" xlink:label="label_RentIncomeOnAssetsRentNOI" xml:lang="en" xlink:role="http://www.xbrl.org/2003/role/label" id="label_RentIncomeOnAssetsRentNOI">Rent income on assets rent</link:label>    <link:labelArc xlink:type="arc" xlink:arcrole="http://www.xbrl.org/2003/arcrole/concept-label" xlink:from="RentIncomeOnAssetsRentNOI" xlink:to="label_RentIncomeOnAssetsRentNOI" />    <link:label xlink:type="resource" xlink:label="label_RentIncomeOnAssetsRentNOI_2" xml:lang="en" xlink:role="http://www.xbrl.org/2003/role/verboseLabel" id="label_RentIncomeOnAssetsRentNOI_2">Rent income on assets rent-NOI</link:label>    <link:labelArc xlink:type="arc" xlink:arcrole="http://www.xbrl.org/2003/arcrole/concept-label" xlink:from="RentIncomeOnAssetsRentNOI" xlink:to="label_RentIncomeOnAssetsRentNOI_2" />    <link:label xlink:type="resource" xlink:label="label_RentExpensesOnAssetsRentNOE" xml:lang="en" xlink:role="http://www.xbrl.org/2003/role/label" id="label_RentExpensesOnAssetsRentNOE">Rent expenses on assets rent</link:label>    <link:labelArc xlink:type="arc" xlink:arcrole="http://www.xbrl.org/2003/arcrole/concept-label" xlink:from="RentExpensesOnAssetsRentNOE" xlink:to="label_RentExpensesOnAssetsRentNOE" />    <link:label xlink:type="resource" xlink:label="label_RentExpensesOnAssetsRentNOE_2" xml:lang="en" xlink:role="http://www.xbrl.org/2003/role/verboseLabel" id="label_RentExpensesOnAssetsRentNOE_2">Rent expenses on assets rent-NOE</link:label>    <link:labelArc xlink:type="arc" xlink:arcrole="http://www.xbrl.org/2003/arcrole/concept-label" xlink:from="RentExpensesOnAssetsRentNOE" xlink:to="label_RentExpensesOnAssetsRentNOE_2" />    <link:label xlink:type="resource" xlink:label="label_InterestExpensesAndGuranteeCommisionOpeCF" xml:lang="en" xlink:role="http://www.xbrl.org/2003/role/label" id="label_InterestExpensesAndGuranteeCommisionOpeCF">Interest expenses and guarantee commision</link:label>    <link:labelArc xlink:type="arc" xlink:arcrole="http://www.xbrl.org/2003/arcrole/concept-label" xlink:from="InterestExpensesAndGuranteeCommisionOpeCF" xlink:to="label_InterestExpensesAndGuranteeCommisionOpeCF" />    <link:label xlink:type="resource" xlink:label="label_InterestExpensesAndGuranteeCommisionOpeCF_2" xml:lang="en" xlink:role="http://www.xbrl.org/2003/role/verboseLabel" id="label_InterestExpensesAndGuranteeCommisionOpeCF_2">Interest expenses and gurantee commision-OpeCF</link:label>    <link:labelArc xlink:type="arc" xlink:arcrole="http://www.xbrl.org/2003/arcrole/concept-label" xlink:from="InterestExpensesAndGuranteeCommisionOpeCF" xlink:to="label_InterestExpensesAndGuranteeCommisionOpeCF_2" />    <link:label xlink:type="resource" xlink:label="label_InterestExpensesAndGuaranteeCommissionsPaidOpeCF" xml:lang="en" xlink:role="http://www.xbrl.org/2003/role/label" id="label_InterestExpensesAndGuaranteeCommissionsPaidOpeCF">Interest expenses and guarantee comissions paid</link:label>    <link:labelArc xlink:type="arc" xlink:arcrole="http://www.xbrl.org/2003/arcrole/concept-label" xlink:from="InterestExpensesAndGuaranteeCommissionsPaidOpeCF" xlink:to="label_InterestExpensesAndGuaranteeCommissionsPaidOpeCF" />    <link:label xlink:type="resource" xlink:label="label_InterestExpensesAndGuaranteeCommissionsPaidOpeCF_2" xml:lang="en" xlink:role="http://www.xbrl.org/2003/role/verboseLabel" id="label_InterestExpensesAndGuaranteeCommissionsPaidOpeCF_2">Interest expenses and guarantee commissions paid-OpeCF</link:label>    <link:labelArc xlink:type="arc" xlink:arcrole="http://www.xbrl.org/2003/arcrole/concept-label" xlink:from="InterestExpensesAndGuaranteeCommissionsPaidOpeCF" xlink:to="label_InterestExpensesAndGuaranteeCommissionsPaidOpeCF_2" />    <link:label xlink:type="resource" xlink:label="label_IOTReportableSegmentsMember" xml:lang="en" xlink:role="http://www.xbrl.org/2003/role/label" id="label_IOTReportableSegmentsMember">IoT</link:label>    <link:labelArc xlink:type="arc" xlink:arcrole="http://www.xbrl.org/2003/arcrole/concept-label" xlink:from="IOTReportableSegmentsMember" xlink:to="label_IOTReportableSegmentsMember" />    <link:label xlink:type="resource" xlink:label="label_IOTReportableSegmentsMember_2" xml:lang="en" xlink:role="http://www.xbrl.org/2003/role/verboseLabel" id="label_IOTReportableSegmentsMember_2">IOT,Reportable segments[member]</link:label>    <link:labelArc xlink:type="arc" xlink:arcrole="http://www.xbrl.org/2003/arcrole/concept-label" xlink:from="IOTReportableSegmentsMember" xlink:to="label_IOTReportableSegmentsMember_2" />    <link:label xlink:type="resource" xlink:label="label_Industry40PromotionProjectReportableSegmentsMember" xml:lang="en" xlink:role="http://www.xbrl.org/2003/role/label" id="label_Industry40PromotionProjectReportableSegmentsMember">Industry 4.0 Promotion Project</link:label>    <link:labelArc xlink:type="arc" xlink:arcrole="http://www.xbrl.org/2003/arcrole/concept-label" xlink:from="Industry40PromotionProjectReportableSegmentsMember" xlink:to="label_Industry40PromotionProjectReportableSegmentsMember" />    <link:label xlink:type="resource" xlink:label="label_Industry40PromotionProjectReportableSegmentsMember_2" xml:lang="en" xlink:role="http://www.xbrl.org/2003/role/verboseLabel" id="label_Industry40PromotionProjectReportableSegmentsMember_2">Industry 4.0 Promotion Project,Reportable segments[member]</link:label>    <link:labelArc xlink:type="arc" xlink:arcrole="http://www.xbrl.org/2003/arcrole/concept-label" xlink:from="Industry40PromotionProjectReportableSegmentsMember" xlink:to="label_Industry40PromotionProjectReportableSegmentsMember_2" />  </link:labelLink></link:linkbase>