<?xml version="1.0" encoding="utf-8"?>
<!-- Generated by PRONEXUS WORKS --><link:linkbase xmlns:link="http://www.xbrl.org/2003/linkbase" xmlns:xsi="http://www.w3.org/2001/XMLSchema-instance" xmlns:xbrli="http://www.xbrl.org/2003/instance" xmlns:xlink="http://www.w3.org/1999/xlink">  <link:roleRef xlink:type="simple" roleURI="http://disclosure.edinet-fsa.go.jp/role/jppfs/rol_Type1SemiAnnualConsolidatedStatementOfComprehensiveIncome" xlink:href="http://disclosure.edinet-fsa.go.jp/taxonomy/jppfs/2024-11-01/jppfs_rt_2024-11-01.xsd#rol_Type1SemiAnnualConsolidatedStatementOfComprehensiveIncome" />  <link:roleRef xlink:type="simple" roleURI="http://disclosure.edinet-fsa.go.jp/role/jppfs/rol_Type1SemiAnnualConsolidatedStatementOfCashFlows-indirect" xlink:href="http://disclosure.edinet-fsa.go.jp/taxonomy/jppfs/2024-11-01/jppfs_rt_2024-11-01.xsd#rol_Type1SemiAnnualConsolidatedStatementOfCashFlows-indirect" />  <link:roleRef xlink:type="simple" roleURI="http://disclosure.edinet-fsa.go.jp/role/jppfs/rol_Type1SemiAnnualConsolidatedStatementOfIncome" xlink:href="http://disclosure.edinet-fsa.go.jp/taxonomy/jppfs/2024-11-01/jppfs_rt_2024-11-01.xsd#rol_Type1SemiAnnualConsolidatedStatementOfIncome" />  <link:roleRef xlink:type="simple" roleURI="http://disclosure.edinet-fsa.go.jp/role/jppfs/rol_Type1SemiAnnualConsolidatedBalanceSheet" xlink:href="http://disclosure.edinet-fsa.go.jp/taxonomy/jppfs/2024-11-01/jppfs_rt_2024-11-01.xsd#rol_Type1SemiAnnualConsolidatedBalanceSheet" />  <link:calculationLink xlink:type="extended" xlink:role="http://disclosure.edinet-fsa.go.jp/role/jppfs/rol_Type1SemiAnnualConsolidatedBalanceSheet">    <link:loc xlink:type="locator" xlink:href="http://disclosure.edinet-fsa.go.jp/taxonomy/jppfs/2024-11-01/jppfs_cor_2024-11-01.xsd#jppfs_cor_Assets" xlink:label="Assets" />    <link:loc xlink:type="locator" xlink:href="http://disclosure.edinet-fsa.go.jp/taxonomy/jppfs/2024-11-01/jppfs_cor_2024-11-01.xsd#jppfs_cor_CurrentAssets" xlink:label="CurrentAssets_2" />    <link:calculationArc xlink:type="arc" weight="1" xlink:arcrole="http://www.xbrl.org/2003/arcrole/summation-item" xlink:from="Assets" xlink:to="CurrentAssets_2" order="1.0" />    <link:loc xlink:type="locator" xlink:href="http://disclosure.edinet-fsa.go.jp/taxonomy/jppfs/2024-11-01/jppfs_cor_2024-11-01.xsd#jppfs_cor_CurrentAssets" xlink:label="CurrentAssets" />    <link:loc xlink:type="locator" xlink:href="http://disclosure.edinet-fsa.go.jp/taxonomy/jppfs/2024-11-01/jppfs_cor_2024-11-01.xsd#jppfs_cor_CashAndDeposits" xlink:label="CashAndDeposits" />    <link:calculationArc xlink:type="arc" weight="1" xlink:arcrole="http://www.xbrl.org/2003/arcrole/summation-item" xlink:from="CurrentAssets" xlink:to="CashAndDeposits" order="1.0" />    <link:loc xlink:type="locator" xlink:href="http://disclosure.edinet-fsa.go.jp/taxonomy/jppfs/2024-11-01/jppfs_cor_2024-11-01.xsd#jppfs_cor_NotesAndAccountsReceivableTrade" xlink:label="NotesAndAccountsReceivableTrade" />    <link:calculationArc xlink:type="arc" weight="1" xlink:arcrole="http://www.xbrl.org/2003/arcrole/summation-item" xlink:from="CurrentAssets" xlink:to="NotesAndAccountsReceivableTrade" order="2.0" />    <link:loc xlink:type="locator" xlink:href="http://disclosure.edinet-fsa.go.jp/taxonomy/jppfs/2024-11-01/jppfs_cor_2024-11-01.xsd#jppfs_cor_ElectronicallyRecordedMonetaryClaimsOperatingCA" xlink:label="ElectronicallyRecordedMonetaryClaimsOperatingCA" />    <link:calculationArc xlink:type="arc" weight="1" xlink:arcrole="http://www.xbrl.org/2003/arcrole/summation-item" xlink:from="CurrentAssets" xlink:to="ElectronicallyRecordedMonetaryClaimsOperatingCA" order="3.0" />    <link:loc xlink:type="locator" xlink:href="http://disclosure.edinet-fsa.go.jp/taxonomy/jppfs/2024-11-01/jppfs_cor_2024-11-01.xsd#jppfs_cor_OperationalInvestmentSecuritiesCA" xlink:label="OperationalInvestmentSecuritiesCA" />    <link:calculationArc xlink:type="arc" weight="1" xlink:arcrole="http://www.xbrl.org/2003/arcrole/summation-item" xlink:from="CurrentAssets" xlink:to="OperationalInvestmentSecuritiesCA" order="4.0" />    <link:loc xlink:type="locator" xlink:href="http://disclosure.edinet-fsa.go.jp/taxonomy/jppfs/2024-11-01/jppfs_cor_2024-11-01.xsd#jppfs_cor_MerchandiseAndFinishedGoods" xlink:label="MerchandiseAndFinishedGoods" />    <link:calculationArc xlink:type="arc" weight="1" xlink:arcrole="http://www.xbrl.org/2003/arcrole/summation-item" xlink:from="CurrentAssets" xlink:to="MerchandiseAndFinishedGoods" order="5.0" />    <link:loc xlink:type="locator" xlink:href="http://disclosure.edinet-fsa.go.jp/taxonomy/jppfs/2024-11-01/jppfs_cor_2024-11-01.xsd#jppfs_cor_WorkInProcess" xlink:label="WorkInProcess" />    <link:calculationArc xlink:type="arc" weight="1" xlink:arcrole="http://www.xbrl.org/2003/arcrole/summation-item" xlink:from="CurrentAssets" xlink:to="WorkInProcess" order="6.0" />    <link:loc xlink:type="locator" xlink:href="http://disclosure.edinet-fsa.go.jp/taxonomy/jppfs/2024-11-01/jppfs_cor_2024-11-01.xsd#jppfs_cor_RawMaterialsAndSupplies" xlink:label="RawMaterialsAndSupplies" />    <link:calculationArc xlink:type="arc" weight="1" xlink:arcrole="http://www.xbrl.org/2003/arcrole/summation-item" xlink:from="CurrentAssets" xlink:to="RawMaterialsAndSupplies" order="7.0" />    <link:loc xlink:type="locator" xlink:href="http://disclosure.edinet-fsa.go.jp/taxonomy/jppfs/2024-11-01/jppfs_cor_2024-11-01.xsd#jppfs_cor_OtherCA" xlink:label="OtherCA" />    <link:calculationArc xlink:type="arc" weight="1" xlink:arcrole="http://www.xbrl.org/2003/arcrole/summation-item" xlink:from="CurrentAssets" xlink:to="OtherCA" order="8.0" />    <link:loc xlink:type="locator" xlink:href="http://disclosure.edinet-fsa.go.jp/taxonomy/jppfs/2024-11-01/jppfs_cor_2024-11-01.xsd#jppfs_cor_AllowanceForDoubtfulAccountsCA" xlink:label="AllowanceForDoubtfulAccountsCA" />    <link:calculationArc xlink:type="arc" weight="1" xlink:arcrole="http://www.xbrl.org/2003/arcrole/summation-item" xlink:from="CurrentAssets" xlink:to="AllowanceForDoubtfulAccountsCA" order="9.0" />    <link:loc xlink:type="locator" xlink:href="http://disclosure.edinet-fsa.go.jp/taxonomy/jppfs/2024-11-01/jppfs_cor_2024-11-01.xsd#jppfs_cor_NoncurrentAssets" xlink:label="NoncurrentAssets_2" />    <link:calculationArc xlink:type="arc" weight="1" xlink:arcrole="http://www.xbrl.org/2003/arcrole/summation-item" xlink:from="Assets" xlink:to="NoncurrentAssets_2" order="2.0" />    <link:loc xlink:type="locator" xlink:href="http://disclosure.edinet-fsa.go.jp/taxonomy/jppfs/2024-11-01/jppfs_cor_2024-11-01.xsd#jppfs_cor_NoncurrentAssets" xlink:label="NoncurrentAssets" />    <link:loc xlink:type="locator" xlink:href="http://disclosure.edinet-fsa.go.jp/taxonomy/jppfs/2024-11-01/jppfs_cor_2024-11-01.xsd#jppfs_cor_PropertyPlantAndEquipment" xlink:label="PropertyPlantAndEquipment_2" />    <link:calculationArc xlink:type="arc" weight="1" xlink:arcrole="http://www.xbrl.org/2003/arcrole/summation-item" xlink:from="NoncurrentAssets" xlink:to="PropertyPlantAndEquipment_2" order="1.0" />    <link:loc xlink:type="locator" xlink:href="http://disclosure.edinet-fsa.go.jp/taxonomy/jppfs/2024-11-01/jppfs_cor_2024-11-01.xsd#jppfs_cor_PropertyPlantAndEquipment" xlink:label="PropertyPlantAndEquipment" />    <link:loc xlink:type="locator" xlink:href="http://disclosure.edinet-fsa.go.jp/taxonomy/jppfs/2024-11-01/jppfs_cor_2024-11-01.xsd#jppfs_cor_BuildingsAndStructuresNet" xlink:label="BuildingsAndStructuresNet" />    <link:calculationArc xlink:type="arc" weight="1" xlink:arcrole="http://www.xbrl.org/2003/arcrole/summation-item" xlink:from="PropertyPlantAndEquipment" xlink:to="BuildingsAndStructuresNet" order="1.0" />    <link:loc xlink:type="locator" xlink:href="http://disclosure.edinet-fsa.go.jp/taxonomy/jppfs/2024-11-01/jppfs_cor_2024-11-01.xsd#jppfs_cor_Land" xlink:label="Land" />    <link:calculationArc xlink:type="arc" weight="1" xlink:arcrole="http://www.xbrl.org/2003/arcrole/summation-item" xlink:from="PropertyPlantAndEquipment" xlink:to="Land" order="2.0" />    <link:loc xlink:type="locator" xlink:href="http://disclosure.edinet-fsa.go.jp/taxonomy/jppfs/2024-11-01/jppfs_cor_2024-11-01.xsd#jppfs_cor_OtherNetPPE" xlink:label="OtherNetPPE" />    <link:calculationArc xlink:type="arc" weight="1" xlink:arcrole="http://www.xbrl.org/2003/arcrole/summation-item" xlink:from="PropertyPlantAndEquipment" xlink:to="OtherNetPPE" order="3.0" />    <link:loc xlink:type="locator" xlink:href="http://disclosure.edinet-fsa.go.jp/taxonomy/jppfs/2024-11-01/jppfs_cor_2024-11-01.xsd#jppfs_cor_IntangibleAssets" xlink:label="IntangibleAssets_2" />    <link:calculationArc xlink:type="arc" weight="1" xlink:arcrole="http://www.xbrl.org/2003/arcrole/summation-item" xlink:from="NoncurrentAssets" xlink:to="IntangibleAssets_2" order="2.0" />    <link:loc xlink:type="locator" xlink:href="http://disclosure.edinet-fsa.go.jp/taxonomy/jppfs/2024-11-01/jppfs_cor_2024-11-01.xsd#jppfs_cor_IntangibleAssets" xlink:label="IntangibleAssets" />    <link:loc xlink:type="locator" xlink:href="http://disclosure.edinet-fsa.go.jp/taxonomy/jppfs/2024-11-01/jppfs_cor_2024-11-01.xsd#jppfs_cor_Goodwill" xlink:label="Goodwill" />    <link:calculationArc xlink:type="arc" weight="1" xlink:arcrole="http://www.xbrl.org/2003/arcrole/summation-item" xlink:from="IntangibleAssets" xlink:to="Goodwill" order="1.0" />    <link:loc xlink:type="locator" xlink:href="http://disclosure.edinet-fsa.go.jp/taxonomy/jppfs/2024-11-01/jppfs_cor_2024-11-01.xsd#jppfs_cor_OtherIA" xlink:label="OtherIA" />    <link:calculationArc xlink:type="arc" weight="1" xlink:arcrole="http://www.xbrl.org/2003/arcrole/summation-item" xlink:from="IntangibleAssets" xlink:to="OtherIA" order="2.0" />    <link:loc xlink:type="locator" xlink:href="http://disclosure.edinet-fsa.go.jp/taxonomy/jppfs/2024-11-01/jppfs_cor_2024-11-01.xsd#jppfs_cor_InvestmentsAndOtherAssets" xlink:label="InvestmentsAndOtherAssets_2" />    <link:calculationArc xlink:type="arc" weight="1" xlink:arcrole="http://www.xbrl.org/2003/arcrole/summation-item" xlink:from="NoncurrentAssets" xlink:to="InvestmentsAndOtherAssets_2" order="3.0" />    <link:loc xlink:type="locator" xlink:href="http://disclosure.edinet-fsa.go.jp/taxonomy/jppfs/2024-11-01/jppfs_cor_2024-11-01.xsd#jppfs_cor_InvestmentsAndOtherAssets" xlink:label="InvestmentsAndOtherAssets" />    <link:loc xlink:type="locator" xlink:href="http://disclosure.edinet-fsa.go.jp/taxonomy/jppfs/2024-11-01/jppfs_cor_2024-11-01.xsd#jppfs_cor_InvestmentSecurities" xlink:label="InvestmentSecurities" />    <link:calculationArc xlink:type="arc" weight="1" xlink:arcrole="http://www.xbrl.org/2003/arcrole/summation-item" xlink:from="InvestmentsAndOtherAssets" xlink:to="InvestmentSecurities" order="1.0" />    <link:loc xlink:type="locator" xlink:href="http://disclosure.edinet-fsa.go.jp/taxonomy/jppfs/2024-11-01/jppfs_cor_2024-11-01.xsd#jppfs_cor_OtherIOA" xlink:label="OtherIOA" />    <link:calculationArc xlink:type="arc" weight="1" xlink:arcrole="http://www.xbrl.org/2003/arcrole/summation-item" xlink:from="InvestmentsAndOtherAssets" xlink:to="OtherIOA" order="2.0" />    <link:loc xlink:type="locator" xlink:href="http://disclosure.edinet-fsa.go.jp/taxonomy/jppfs/2024-11-01/jppfs_cor_2024-11-01.xsd#jppfs_cor_AllowanceForDoubtfulAccountsIOAByGroup" xlink:label="AllowanceForDoubtfulAccountsIOAByGroup" />    <link:calculationArc xlink:type="arc" weight="1" xlink:arcrole="http://www.xbrl.org/2003/arcrole/summation-item" xlink:from="InvestmentsAndOtherAssets" xlink:to="AllowanceForDoubtfulAccountsIOAByGroup" order="3.0" />    <link:loc xlink:type="locator" xlink:href="http://disclosure.edinet-fsa.go.jp/taxonomy/jppfs/2024-11-01/jppfs_cor_2024-11-01.xsd#jppfs_cor_LiabilitiesAndNetAssets" xlink:label="LiabilitiesAndNetAssets" />    <link:loc xlink:type="locator" xlink:href="http://disclosure.edinet-fsa.go.jp/taxonomy/jppfs/2024-11-01/jppfs_cor_2024-11-01.xsd#jppfs_cor_Liabilities" xlink:label="Liabilities_2" />    <link:calculationArc xlink:type="arc" weight="1" xlink:arcrole="http://www.xbrl.org/2003/arcrole/summation-item" xlink:from="LiabilitiesAndNetAssets" xlink:to="Liabilities_2" order="1.0" />    <link:loc xlink:type="locator" xlink:href="http://disclosure.edinet-fsa.go.jp/taxonomy/jppfs/2024-11-01/jppfs_cor_2024-11-01.xsd#jppfs_cor_Liabilities" xlink:label="Liabilities" />    <link:loc xlink:type="locator" xlink:href="http://disclosure.edinet-fsa.go.jp/taxonomy/jppfs/2024-11-01/jppfs_cor_2024-11-01.xsd#jppfs_cor_CurrentLiabilities" xlink:label="CurrentLiabilities_2" />    <link:calculationArc xlink:type="arc" weight="1" xlink:arcrole="http://www.xbrl.org/2003/arcrole/summation-item" xlink:from="Liabilities" xlink:to="CurrentLiabilities_2" order="1.0" />    <link:loc xlink:type="locator" xlink:href="http://disclosure.edinet-fsa.go.jp/taxonomy/jppfs/2024-11-01/jppfs_cor_2024-11-01.xsd#jppfs_cor_CurrentLiabilities" xlink:label="CurrentLiabilities" />    <link:loc xlink:type="locator" xlink:href="http://disclosure.edinet-fsa.go.jp/taxonomy/jppfs/2024-11-01/jppfs_cor_2024-11-01.xsd#jppfs_cor_NotesAndAccountsPayableTrade" xlink:label="NotesAndAccountsPayableTrade" />    <link:calculationArc xlink:type="arc" weight="1" xlink:arcrole="http://www.xbrl.org/2003/arcrole/summation-item" xlink:from="CurrentLiabilities" xlink:to="NotesAndAccountsPayableTrade" order="1.0" />    <link:loc xlink:type="locator" xlink:href="http://disclosure.edinet-fsa.go.jp/taxonomy/jppfs/2024-11-01/jppfs_cor_2024-11-01.xsd#jppfs_cor_ShortTermLoansPayable" xlink:label="ShortTermLoansPayable" />    <link:calculationArc xlink:type="arc" weight="1" xlink:arcrole="http://www.xbrl.org/2003/arcrole/summation-item" xlink:from="CurrentLiabilities" xlink:to="ShortTermLoansPayable" order="2.0" />    <link:loc xlink:type="locator" xlink:href="http://disclosure.edinet-fsa.go.jp/taxonomy/jppfs/2024-11-01/jppfs_cor_2024-11-01.xsd#jppfs_cor_CurrentPortionOfLongTermLoansPayable" xlink:label="CurrentPortionOfLongTermLoansPayable" />    <link:calculationArc xlink:type="arc" weight="1" xlink:arcrole="http://www.xbrl.org/2003/arcrole/summation-item" xlink:from="CurrentLiabilities" xlink:to="CurrentPortionOfLongTermLoansPayable" order="3.0" />    <link:loc xlink:type="locator" xlink:href="http://disclosure.edinet-fsa.go.jp/taxonomy/jppfs/2024-11-01/jppfs_cor_2024-11-01.xsd#jppfs_cor_IncomeTaxesPayable" xlink:label="IncomeTaxesPayable" />    <link:calculationArc xlink:type="arc" weight="1" xlink:arcrole="http://www.xbrl.org/2003/arcrole/summation-item" xlink:from="CurrentLiabilities" xlink:to="IncomeTaxesPayable" order="4.0" />    <link:loc xlink:type="locator" xlink:href="http://disclosure.edinet-fsa.go.jp/taxonomy/jppfs/2024-11-01/jppfs_cor_2024-11-01.xsd#jppfs_cor_ProvisionForProductWarranties" xlink:label="ProvisionForProductWarranties" />    <link:calculationArc xlink:type="arc" weight="1" xlink:arcrole="http://www.xbrl.org/2003/arcrole/summation-item" xlink:from="CurrentLiabilities" xlink:to="ProvisionForProductWarranties" order="5.0" />    <link:loc xlink:type="locator" xlink:href="http://disclosure.edinet-fsa.go.jp/taxonomy/jppfs/2024-11-01/jppfs_cor_2024-11-01.xsd#jppfs_cor_ProvisionForShareBasedRemunerationForDirectorsAndOtherOfficersCL" xlink:label="ProvisionForShareBasedRemunerationForDirectorsAndOtherOfficersCL" />    <link:calculationArc xlink:type="arc" weight="1" xlink:arcrole="http://www.xbrl.org/2003/arcrole/summation-item" xlink:from="CurrentLiabilities" xlink:to="ProvisionForShareBasedRemunerationForDirectorsAndOtherOfficersCL" order="6.0" />    <link:loc xlink:type="locator" xlink:href="http://disclosure.edinet-fsa.go.jp/taxonomy/jppfs/2024-11-01/jppfs_cor_2024-11-01.xsd#jppfs_cor_OtherCL" xlink:label="OtherCL" />    <link:calculationArc xlink:type="arc" weight="1" xlink:arcrole="http://www.xbrl.org/2003/arcrole/summation-item" xlink:from="CurrentLiabilities" xlink:to="OtherCL" order="7.0" />    <link:loc xlink:type="locator" xlink:href="http://disclosure.edinet-fsa.go.jp/taxonomy/jppfs/2024-11-01/jppfs_cor_2024-11-01.xsd#jppfs_cor_NoncurrentLiabilities" xlink:label="NoncurrentLiabilities_2" />    <link:calculationArc xlink:type="arc" weight="1" xlink:arcrole="http://www.xbrl.org/2003/arcrole/summation-item" xlink:from="Liabilities" xlink:to="NoncurrentLiabilities_2" order="2.0" />    <link:loc xlink:type="locator" xlink:href="http://disclosure.edinet-fsa.go.jp/taxonomy/jppfs/2024-11-01/jppfs_cor_2024-11-01.xsd#jppfs_cor_NoncurrentLiabilities" xlink:label="NoncurrentLiabilities" />    <link:loc xlink:type="locator" xlink:href="http://disclosure.edinet-fsa.go.jp/taxonomy/jppfs/2024-11-01/jppfs_cor_2024-11-01.xsd#jppfs_cor_LongTermLoansPayable" xlink:label="LongTermLoansPayable" />    <link:calculationArc xlink:type="arc" weight="1" xlink:arcrole="http://www.xbrl.org/2003/arcrole/summation-item" xlink:from="NoncurrentLiabilities" xlink:to="LongTermLoansPayable" order="1.0" />    <link:loc xlink:type="locator" xlink:href="http://disclosure.edinet-fsa.go.jp/taxonomy/jppfs/2024-11-01/jppfs_cor_2024-11-01.xsd#jppfs_cor_ProvisionForShareBasedRemunerationNCL" xlink:label="ProvisionForShareBasedRemunerationNCL" />    <link:calculationArc xlink:type="arc" weight="1" xlink:arcrole="http://www.xbrl.org/2003/arcrole/summation-item" xlink:from="NoncurrentLiabilities" xlink:to="ProvisionForShareBasedRemunerationNCL" order="2.0" />    <link:loc xlink:type="locator" xlink:href="http://disclosure.edinet-fsa.go.jp/taxonomy/jppfs/2024-11-01/jppfs_cor_2024-11-01.xsd#jppfs_cor_NetDefinedBenefitLiability" xlink:label="NetDefinedBenefitLiability" />    <link:calculationArc xlink:type="arc" weight="1" xlink:arcrole="http://www.xbrl.org/2003/arcrole/summation-item" xlink:from="NoncurrentLiabilities" xlink:to="NetDefinedBenefitLiability" order="3.0" />    <link:loc xlink:type="locator" xlink:href="http://disclosure.edinet-fsa.go.jp/taxonomy/jppfs/2024-11-01/jppfs_cor_2024-11-01.xsd#jppfs_cor_AssetRetirementObligationsNCL" xlink:label="AssetRetirementObligationsNCL" />    <link:calculationArc xlink:type="arc" weight="1" xlink:arcrole="http://www.xbrl.org/2003/arcrole/summation-item" xlink:from="NoncurrentLiabilities" xlink:to="AssetRetirementObligationsNCL" order="4.0" />    <link:loc xlink:type="locator" xlink:href="http://disclosure.edinet-fsa.go.jp/taxonomy/jppfs/2024-11-01/jppfs_cor_2024-11-01.xsd#jppfs_cor_OtherNCL" xlink:label="OtherNCL" />    <link:calculationArc xlink:type="arc" weight="1" xlink:arcrole="http://www.xbrl.org/2003/arcrole/summation-item" xlink:from="NoncurrentLiabilities" xlink:to="OtherNCL" order="5.0" />    <link:loc xlink:type="locator" xlink:href="http://disclosure.edinet-fsa.go.jp/taxonomy/jppfs/2024-11-01/jppfs_cor_2024-11-01.xsd#jppfs_cor_NetAssets" xlink:label="NetAssets_2" />    <link:calculationArc xlink:type="arc" weight="1" xlink:arcrole="http://www.xbrl.org/2003/arcrole/summation-item" xlink:from="LiabilitiesAndNetAssets" xlink:to="NetAssets_2" order="2.0" />    <link:loc xlink:type="locator" xlink:href="http://disclosure.edinet-fsa.go.jp/taxonomy/jppfs/2024-11-01/jppfs_cor_2024-11-01.xsd#jppfs_cor_NetAssets" xlink:label="NetAssets" />    <link:loc xlink:type="locator" xlink:href="http://disclosure.edinet-fsa.go.jp/taxonomy/jppfs/2024-11-01/jppfs_cor_2024-11-01.xsd#jppfs_cor_ShareholdersEquity" xlink:label="ShareholdersEquity_2" />    <link:calculationArc xlink:type="arc" weight="1" xlink:arcrole="http://www.xbrl.org/2003/arcrole/summation-item" xlink:from="NetAssets" xlink:to="ShareholdersEquity_2" order="1.0" />    <link:loc xlink:type="locator" xlink:href="http://disclosure.edinet-fsa.go.jp/taxonomy/jppfs/2024-11-01/jppfs_cor_2024-11-01.xsd#jppfs_cor_ShareholdersEquity" xlink:label="ShareholdersEquity" />    <link:loc xlink:type="locator" xlink:href="http://disclosure.edinet-fsa.go.jp/taxonomy/jppfs/2024-11-01/jppfs_cor_2024-11-01.xsd#jppfs_cor_CapitalStock" xlink:label="CapitalStock" />    <link:calculationArc xlink:type="arc" weight="1" xlink:arcrole="http://www.xbrl.org/2003/arcrole/summation-item" xlink:from="ShareholdersEquity" xlink:to="CapitalStock" order="1.0" />    <link:loc xlink:type="locator" xlink:href="http://disclosure.edinet-fsa.go.jp/taxonomy/jppfs/2024-11-01/jppfs_cor_2024-11-01.xsd#jppfs_cor_CapitalSurplus" xlink:label="CapitalSurplus" />    <link:calculationArc xlink:type="arc" weight="1" xlink:arcrole="http://www.xbrl.org/2003/arcrole/summation-item" xlink:from="ShareholdersEquity" xlink:to="CapitalSurplus" order="2.0" />    <link:loc xlink:type="locator" xlink:href="http://disclosure.edinet-fsa.go.jp/taxonomy/jppfs/2024-11-01/jppfs_cor_2024-11-01.xsd#jppfs_cor_RetainedEarnings" xlink:label="RetainedEarnings" />    <link:calculationArc xlink:type="arc" weight="1" xlink:arcrole="http://www.xbrl.org/2003/arcrole/summation-item" xlink:from="ShareholdersEquity" xlink:to="RetainedEarnings" order="3.0" />    <link:loc xlink:type="locator" xlink:href="http://disclosure.edinet-fsa.go.jp/taxonomy/jppfs/2024-11-01/jppfs_cor_2024-11-01.xsd#jppfs_cor_TreasuryStock" xlink:label="TreasuryStock" />    <link:calculationArc xlink:type="arc" weight="1" xlink:arcrole="http://www.xbrl.org/2003/arcrole/summation-item" xlink:from="ShareholdersEquity" xlink:to="TreasuryStock" order="4.0" />    <link:loc xlink:type="locator" xlink:href="http://disclosure.edinet-fsa.go.jp/taxonomy/jppfs/2024-11-01/jppfs_cor_2024-11-01.xsd#jppfs_cor_ValuationAndTranslationAdjustments" xlink:label="ValuationAndTranslationAdjustments_2" />    <link:calculationArc xlink:type="arc" weight="1" xlink:arcrole="http://www.xbrl.org/2003/arcrole/summation-item" xlink:from="NetAssets" xlink:to="ValuationAndTranslationAdjustments_2" order="2.0" />    <link:loc xlink:type="locator" xlink:href="http://disclosure.edinet-fsa.go.jp/taxonomy/jppfs/2024-11-01/jppfs_cor_2024-11-01.xsd#jppfs_cor_ValuationAndTranslationAdjustments" xlink:label="ValuationAndTranslationAdjustments" />    <link:loc xlink:type="locator" xlink:href="http://disclosure.edinet-fsa.go.jp/taxonomy/jppfs/2024-11-01/jppfs_cor_2024-11-01.xsd#jppfs_cor_ForeignCurrencyTranslationAdjustment" xlink:label="ForeignCurrencyTranslationAdjustment" />    <link:calculationArc xlink:type="arc" weight="1" xlink:arcrole="http://www.xbrl.org/2003/arcrole/summation-item" xlink:from="ValuationAndTranslationAdjustments" xlink:to="ForeignCurrencyTranslationAdjustment" order="1.0" />  </link:calculationLink>  <link:calculationLink xlink:type="extended" xlink:role="http://disclosure.edinet-fsa.go.jp/role/jppfs/rol_Type1SemiAnnualConsolidatedStatementOfIncome">    <link:loc xlink:type="locator" xlink:href="http://disclosure.edinet-fsa.go.jp/taxonomy/jppfs/2024-11-01/jppfs_cor_2024-11-01.xsd#jppfs_cor_ProfitLoss" xlink:label="ProfitLoss" />    <link:loc xlink:type="locator" xlink:href="http://disclosure.edinet-fsa.go.jp/taxonomy/jppfs/2024-11-01/jppfs_cor_2024-11-01.xsd#jppfs_cor_IncomeBeforeIncomeTaxes" xlink:label="IncomeBeforeIncomeTaxes_2" />    <link:calculationArc xlink:type="arc" weight="1" xlink:arcrole="http://www.xbrl.org/2003/arcrole/summation-item" xlink:from="ProfitLoss" xlink:to="IncomeBeforeIncomeTaxes_2" order="1.0" />    <link:loc xlink:type="locator" xlink:href="http://disclosure.edinet-fsa.go.jp/taxonomy/jppfs/2024-11-01/jppfs_cor_2024-11-01.xsd#jppfs_cor_IncomeBeforeIncomeTaxes" xlink:label="IncomeBeforeIncomeTaxes" />    <link:loc xlink:type="locator" xlink:href="http://disclosure.edinet-fsa.go.jp/taxonomy/jppfs/2024-11-01/jppfs_cor_2024-11-01.xsd#jppfs_cor_OrdinaryIncome" xlink:label="OrdinaryIncome_2" />    <link:calculationArc xlink:type="arc" weight="1" xlink:arcrole="http://www.xbrl.org/2003/arcrole/summation-item" xlink:from="IncomeBeforeIncomeTaxes" xlink:to="OrdinaryIncome_2" order="1.0" />    <link:loc xlink:type="locator" xlink:href="http://disclosure.edinet-fsa.go.jp/taxonomy/jppfs/2024-11-01/jppfs_cor_2024-11-01.xsd#jppfs_cor_OrdinaryIncome" xlink:label="OrdinaryIncome" />    <link:loc xlink:type="locator" xlink:href="http://disclosure.edinet-fsa.go.jp/taxonomy/jppfs/2024-11-01/jppfs_cor_2024-11-01.xsd#jppfs_cor_OperatingIncome" xlink:label="OperatingIncome_2" />    <link:calculationArc xlink:type="arc" weight="1" xlink:arcrole="http://www.xbrl.org/2003/arcrole/summation-item" xlink:from="OrdinaryIncome" xlink:to="OperatingIncome_2" order="1.0" />    <link:loc xlink:type="locator" xlink:href="http://disclosure.edinet-fsa.go.jp/taxonomy/jppfs/2024-11-01/jppfs_cor_2024-11-01.xsd#jppfs_cor_OperatingIncome" xlink:label="OperatingIncome" />    <link:loc xlink:type="locator" xlink:href="http://disclosure.edinet-fsa.go.jp/taxonomy/jppfs/2024-11-01/jppfs_cor_2024-11-01.xsd#jppfs_cor_GrossProfit" xlink:label="GrossProfit_2" />    <link:calculationArc xlink:type="arc" weight="1" xlink:arcrole="http://www.xbrl.org/2003/arcrole/summation-item" xlink:from="OperatingIncome" xlink:to="GrossProfit_2" order="1.0" />    <link:loc xlink:type="locator" xlink:href="http://disclosure.edinet-fsa.go.jp/taxonomy/jppfs/2024-11-01/jppfs_cor_2024-11-01.xsd#jppfs_cor_GrossProfit" xlink:label="GrossProfit" />    <link:loc xlink:type="locator" xlink:href="http://disclosure.edinet-fsa.go.jp/taxonomy/jppfs/2024-11-01/jppfs_cor_2024-11-01.xsd#jppfs_cor_NetSales" xlink:label="NetSales" />    <link:calculationArc xlink:type="arc" weight="1" xlink:arcrole="http://www.xbrl.org/2003/arcrole/summation-item" xlink:from="GrossProfit" xlink:to="NetSales" order="1.0" />    <link:loc xlink:type="locator" xlink:href="http://disclosure.edinet-fsa.go.jp/taxonomy/jppfs/2024-11-01/jppfs_cor_2024-11-01.xsd#jppfs_cor_CostOfSales" xlink:label="CostOfSales" />    <link:calculationArc xlink:type="arc" weight="-1" xlink:arcrole="http://www.xbrl.org/2003/arcrole/summation-item" xlink:from="GrossProfit" xlink:to="CostOfSales" order="2.0" />    <link:loc xlink:type="locator" xlink:href="http://disclosure.edinet-fsa.go.jp/taxonomy/jppfs/2024-11-01/jppfs_cor_2024-11-01.xsd#jppfs_cor_SellingGeneralAndAdministrativeExpenses" xlink:label="SellingGeneralAndAdministrativeExpenses" />    <link:calculationArc xlink:type="arc" weight="-1" xlink:arcrole="http://www.xbrl.org/2003/arcrole/summation-item" xlink:from="OperatingIncome" xlink:to="SellingGeneralAndAdministrativeExpenses" order="2.0" />    <link:loc xlink:type="locator" xlink:href="http://disclosure.edinet-fsa.go.jp/taxonomy/jppfs/2024-11-01/jppfs_cor_2024-11-01.xsd#jppfs_cor_NonOperatingIncome" xlink:label="NonOperatingIncome_2" />    <link:calculationArc xlink:type="arc" weight="1" xlink:arcrole="http://www.xbrl.org/2003/arcrole/summation-item" xlink:from="OrdinaryIncome" xlink:to="NonOperatingIncome_2" order="2.0" />    <link:loc xlink:type="locator" xlink:href="http://disclosure.edinet-fsa.go.jp/taxonomy/jppfs/2024-11-01/jppfs_cor_2024-11-01.xsd#jppfs_cor_NonOperatingIncome" xlink:label="NonOperatingIncome" />    <link:loc xlink:type="locator" xlink:href="http://disclosure.edinet-fsa.go.jp/taxonomy/jppfs/2024-11-01/jppfs_cor_2024-11-01.xsd#jppfs_cor_InterestIncomeNOI" xlink:label="InterestIncomeNOI" />    <link:calculationArc xlink:type="arc" weight="1" xlink:arcrole="http://www.xbrl.org/2003/arcrole/summation-item" xlink:from="NonOperatingIncome" xlink:to="InterestIncomeNOI" order="1.0" />    <link:loc xlink:type="locator" xlink:href="http://disclosure.edinet-fsa.go.jp/taxonomy/jppfs/2024-11-01/jppfs_cor_2024-11-01.xsd#jppfs_cor_DividendsIncomeNOI" xlink:label="DividendsIncomeNOI" />    <link:calculationArc xlink:type="arc" weight="1" xlink:arcrole="http://www.xbrl.org/2003/arcrole/summation-item" xlink:from="NonOperatingIncome" xlink:to="DividendsIncomeNOI" order="2.0" />    <link:loc xlink:type="locator" xlink:href="http://disclosure.edinet-fsa.go.jp/taxonomy/jppfs/2024-11-01/jppfs_cor_2024-11-01.xsd#jppfs_cor_ForeignExchangeGainsNOI" xlink:label="ForeignExchangeGainsNOI" />    <link:calculationArc xlink:type="arc" weight="1" xlink:arcrole="http://www.xbrl.org/2003/arcrole/summation-item" xlink:from="NonOperatingIncome" xlink:to="ForeignExchangeGainsNOI" order="3.0" />    <link:loc xlink:type="locator" xlink:href="tse-scedjpfr-77250-2025-11-30-01-2026-01-09.xsd#tse-scedjpfr-77250_RentIncomeOnAssetsRentNOI" xlink:label="RentIncomeOnAssetsRentNOI" />    <link:calculationArc xlink:type="arc" weight="1" xlink:arcrole="http://www.xbrl.org/2003/arcrole/summation-item" xlink:from="NonOperatingIncome" xlink:to="RentIncomeOnAssetsRentNOI" order="4.0" />    <link:loc xlink:type="locator" xlink:href="http://disclosure.edinet-fsa.go.jp/taxonomy/jppfs/2024-11-01/jppfs_cor_2024-11-01.xsd#jppfs_cor_OtherNOI" xlink:label="OtherNOI" />    <link:calculationArc xlink:type="arc" weight="1" xlink:arcrole="http://www.xbrl.org/2003/arcrole/summation-item" xlink:from="NonOperatingIncome" xlink:to="OtherNOI" order="5.0" />    <link:loc xlink:type="locator" xlink:href="http://disclosure.edinet-fsa.go.jp/taxonomy/jppfs/2024-11-01/jppfs_cor_2024-11-01.xsd#jppfs_cor_NonOperatingExpenses" xlink:label="NonOperatingExpenses_2" />    <link:calculationArc xlink:type="arc" weight="-1" xlink:arcrole="http://www.xbrl.org/2003/arcrole/summation-item" xlink:from="OrdinaryIncome" xlink:to="NonOperatingExpenses_2" order="3.0" />    <link:loc xlink:type="locator" xlink:href="http://disclosure.edinet-fsa.go.jp/taxonomy/jppfs/2024-11-01/jppfs_cor_2024-11-01.xsd#jppfs_cor_NonOperatingExpenses" xlink:label="NonOperatingExpenses" />    <link:loc xlink:type="locator" xlink:href="http://disclosure.edinet-fsa.go.jp/taxonomy/jppfs/2024-11-01/jppfs_cor_2024-11-01.xsd#jppfs_cor_InterestExpensesNOE" xlink:label="InterestExpensesNOE" />    <link:calculationArc xlink:type="arc" weight="1" xlink:arcrole="http://www.xbrl.org/2003/arcrole/summation-item" xlink:from="NonOperatingExpenses" xlink:to="InterestExpensesNOE" order="1.0" />    <link:loc xlink:type="locator" xlink:href="tse-scedjpfr-77250-2025-11-30-01-2026-01-09.xsd#tse-scedjpfr-77250_RentExpensesOnAssetsRentNOE" xlink:label="RentExpensesOnAssetsRentNOE" />    <link:calculationArc xlink:type="arc" weight="1" xlink:arcrole="http://www.xbrl.org/2003/arcrole/summation-item" xlink:from="NonOperatingExpenses" xlink:to="RentExpensesOnAssetsRentNOE" order="2.0" />    <link:loc xlink:type="locator" xlink:href="http://disclosure.edinet-fsa.go.jp/taxonomy/jppfs/2024-11-01/jppfs_cor_2024-11-01.xsd#jppfs_cor_ForeignExchangeLossesNOE" xlink:label="ForeignExchangeLossesNOE" />    <link:calculationArc xlink:type="arc" weight="1" xlink:arcrole="http://www.xbrl.org/2003/arcrole/summation-item" xlink:from="NonOperatingExpenses" xlink:to="ForeignExchangeLossesNOE" order="3.0" />    <link:loc xlink:type="locator" xlink:href="http://disclosure.edinet-fsa.go.jp/taxonomy/jppfs/2024-11-01/jppfs_cor_2024-11-01.xsd#jppfs_cor_OtherNOE" xlink:label="OtherNOE" />    <link:calculationArc xlink:type="arc" weight="1" xlink:arcrole="http://www.xbrl.org/2003/arcrole/summation-item" xlink:from="NonOperatingExpenses" xlink:to="OtherNOE" order="4.0" />    <link:loc xlink:type="locator" xlink:href="http://disclosure.edinet-fsa.go.jp/taxonomy/jppfs/2024-11-01/jppfs_cor_2024-11-01.xsd#jppfs_cor_ExtraordinaryLoss" xlink:label="ExtraordinaryLoss_2" />    <link:calculationArc xlink:type="arc" weight="-1" xlink:arcrole="http://www.xbrl.org/2003/arcrole/summation-item" xlink:from="IncomeBeforeIncomeTaxes" xlink:to="ExtraordinaryLoss_2" order="2.0" />    <link:loc xlink:type="locator" xlink:href="http://disclosure.edinet-fsa.go.jp/taxonomy/jppfs/2024-11-01/jppfs_cor_2024-11-01.xsd#jppfs_cor_ExtraordinaryLoss" xlink:label="ExtraordinaryLoss" />    <link:loc xlink:type="locator" xlink:href="http://disclosure.edinet-fsa.go.jp/taxonomy/jppfs/2024-11-01/jppfs_cor_2024-11-01.xsd#jppfs_cor_LossOnRetirementOfNoncurrentAssetsEL" xlink:label="LossOnRetirementOfNoncurrentAssetsEL" />    <link:calculationArc xlink:type="arc" weight="1" xlink:arcrole="http://www.xbrl.org/2003/arcrole/summation-item" xlink:from="ExtraordinaryLoss" xlink:to="LossOnRetirementOfNoncurrentAssetsEL" order="1.0" />    <link:loc xlink:type="locator" xlink:href="http://disclosure.edinet-fsa.go.jp/taxonomy/jppfs/2024-11-01/jppfs_cor_2024-11-01.xsd#jppfs_cor_LossOnSalesOfNoncurrentAssetsEL" xlink:label="LossOnSalesOfNoncurrentAssetsEL" />    <link:calculationArc xlink:type="arc" weight="1" xlink:arcrole="http://www.xbrl.org/2003/arcrole/summation-item" xlink:from="ExtraordinaryLoss" xlink:to="LossOnSalesOfNoncurrentAssetsEL" order="2.0" />    <link:loc xlink:type="locator" xlink:href="http://disclosure.edinet-fsa.go.jp/taxonomy/jppfs/2024-11-01/jppfs_cor_2024-11-01.xsd#jppfs_cor_LossOnSalesOfSubsidiariesStocksEL" xlink:label="LossOnSalesOfSubsidiariesStocksEL" />    <link:calculationArc xlink:type="arc" weight="1" xlink:arcrole="http://www.xbrl.org/2003/arcrole/summation-item" xlink:from="ExtraordinaryLoss" xlink:to="LossOnSalesOfSubsidiariesStocksEL" order="3.0" />    <link:loc xlink:type="locator" xlink:href="http://disclosure.edinet-fsa.go.jp/taxonomy/jppfs/2024-11-01/jppfs_cor_2024-11-01.xsd#jppfs_cor_IncomeTaxes" xlink:label="IncomeTaxes_2" />    <link:calculationArc xlink:type="arc" weight="-1" xlink:arcrole="http://www.xbrl.org/2003/arcrole/summation-item" xlink:from="ProfitLoss" xlink:to="IncomeTaxes_2" order="2.0" />    <link:loc xlink:type="locator" xlink:href="http://disclosure.edinet-fsa.go.jp/taxonomy/jppfs/2024-11-01/jppfs_cor_2024-11-01.xsd#jppfs_cor_IncomeTaxes" xlink:label="IncomeTaxes" />    <link:loc xlink:type="locator" xlink:href="http://disclosure.edinet-fsa.go.jp/taxonomy/jppfs/2024-11-01/jppfs_cor_2024-11-01.xsd#jppfs_cor_IncomeTaxesCurrent" xlink:label="IncomeTaxesCurrent" />    <link:calculationArc xlink:type="arc" weight="1" xlink:arcrole="http://www.xbrl.org/2003/arcrole/summation-item" xlink:from="IncomeTaxes" xlink:to="IncomeTaxesCurrent" order="1.0" />    <link:loc xlink:type="locator" xlink:href="http://disclosure.edinet-fsa.go.jp/taxonomy/jppfs/2024-11-01/jppfs_cor_2024-11-01.xsd#jppfs_cor_IncomeTaxesDeferred" xlink:label="IncomeTaxesDeferred" />    <link:calculationArc xlink:type="arc" weight="1" xlink:arcrole="http://www.xbrl.org/2003/arcrole/summation-item" xlink:from="IncomeTaxes" xlink:to="IncomeTaxesDeferred" order="2.0" />  </link:calculationLink>  <link:calculationLink xlink:type="extended" xlink:role="http://disclosure.edinet-fsa.go.jp/role/jppfs/rol_Type1SemiAnnualConsolidatedStatementOfCashFlows-indirect">    <link:loc xlink:type="locator" xlink:href="http://disclosure.edinet-fsa.go.jp/taxonomy/jppfs/2024-11-01/jppfs_cor_2024-11-01.xsd#jppfs_cor_NetIncreaseDecreaseInCashAndCashEquivalents" xlink:label="NetIncreaseDecreaseInCashAndCashEquivalents" />    <link:loc xlink:type="locator" xlink:href="http://disclosure.edinet-fsa.go.jp/taxonomy/jppfs/2024-11-01/jppfs_cor_2024-11-01.xsd#jppfs_cor_NetCashProvidedByUsedInOperatingActivities" xlink:label="NetCashProvidedByUsedInOperatingActivities_2" />    <link:calculationArc xlink:type="arc" weight="1" xlink:arcrole="http://www.xbrl.org/2003/arcrole/summation-item" xlink:from="NetIncreaseDecreaseInCashAndCashEquivalents" xlink:to="NetCashProvidedByUsedInOperatingActivities_2" order="1.0" />    <link:loc xlink:type="locator" xlink:href="http://disclosure.edinet-fsa.go.jp/taxonomy/jppfs/2024-11-01/jppfs_cor_2024-11-01.xsd#jppfs_cor_NetCashProvidedByUsedInOperatingActivities" xlink:label="NetCashProvidedByUsedInOperatingActivities" />    <link:loc xlink:type="locator" xlink:href="http://disclosure.edinet-fsa.go.jp/taxonomy/jppfs/2024-11-01/jppfs_cor_2024-11-01.xsd#jppfs_cor_SubtotalOpeCF" xlink:label="SubtotalOpeCF_2" />    <link:calculationArc xlink:type="arc" weight="1" xlink:arcrole="http://www.xbrl.org/2003/arcrole/summation-item" xlink:from="NetCashProvidedByUsedInOperatingActivities" xlink:to="SubtotalOpeCF_2" order="1.0" />    <link:loc xlink:type="locator" xlink:href="http://disclosure.edinet-fsa.go.jp/taxonomy/jppfs/2024-11-01/jppfs_cor_2024-11-01.xsd#jppfs_cor_SubtotalOpeCF" xlink:label="SubtotalOpeCF" />    <link:loc xlink:type="locator" xlink:href="http://disclosure.edinet-fsa.go.jp/taxonomy/jppfs/2024-11-01/jppfs_cor_2024-11-01.xsd#jppfs_cor_IncomeBeforeIncomeTaxes" xlink:label="IncomeBeforeIncomeTaxes" />    <link:calculationArc xlink:type="arc" weight="1" xlink:arcrole="http://www.xbrl.org/2003/arcrole/summation-item" xlink:from="SubtotalOpeCF" xlink:to="IncomeBeforeIncomeTaxes" order="1.0" />    <link:loc xlink:type="locator" xlink:href="http://disclosure.edinet-fsa.go.jp/taxonomy/jppfs/2024-11-01/jppfs_cor_2024-11-01.xsd#jppfs_cor_DepreciationAndAmortizationOpeCF" xlink:label="DepreciationAndAmortizationOpeCF" />    <link:calculationArc xlink:type="arc" weight="1" xlink:arcrole="http://www.xbrl.org/2003/arcrole/summation-item" xlink:from="SubtotalOpeCF" xlink:to="DepreciationAndAmortizationOpeCF" order="2.0" />    <link:loc xlink:type="locator" xlink:href="http://disclosure.edinet-fsa.go.jp/taxonomy/jppfs/2024-11-01/jppfs_cor_2024-11-01.xsd#jppfs_cor_AmortizationOfGoodwillOpeCF" xlink:label="AmortizationOfGoodwillOpeCF" />    <link:calculationArc xlink:type="arc" weight="1" xlink:arcrole="http://www.xbrl.org/2003/arcrole/summation-item" xlink:from="SubtotalOpeCF" xlink:to="AmortizationOfGoodwillOpeCF" order="3.0" />    <link:loc xlink:type="locator" xlink:href="http://disclosure.edinet-fsa.go.jp/taxonomy/jppfs/2024-11-01/jppfs_cor_2024-11-01.xsd#jppfs_cor_IncreaseDecreaseInAllowanceForDoubtfulAccountsOpeCF" xlink:label="IncreaseDecreaseInAllowanceForDoubtfulAccountsOpeCF" />    <link:calculationArc xlink:type="arc" weight="1" xlink:arcrole="http://www.xbrl.org/2003/arcrole/summation-item" xlink:from="SubtotalOpeCF" xlink:to="IncreaseDecreaseInAllowanceForDoubtfulAccountsOpeCF" order="4.0" />    <link:loc xlink:type="locator" xlink:href="http://disclosure.edinet-fsa.go.jp/taxonomy/jppfs/2024-11-01/jppfs_cor_2024-11-01.xsd#jppfs_cor_IncreaseDecreaseInProvisionForProductWarrantiesOpeCF" xlink:label="IncreaseDecreaseInProvisionForProductWarrantiesOpeCF" />    <link:calculationArc xlink:type="arc" weight="1" xlink:arcrole="http://www.xbrl.org/2003/arcrole/summation-item" xlink:from="SubtotalOpeCF" xlink:to="IncreaseDecreaseInProvisionForProductWarrantiesOpeCF" order="5.0" />    <link:loc xlink:type="locator" xlink:href="http://disclosure.edinet-fsa.go.jp/taxonomy/jppfs/2024-11-01/jppfs_cor_2024-11-01.xsd#jppfs_cor_IncreaseDecreaseInProvisionForShareBasedRemunerationOpeCF" xlink:label="IncreaseDecreaseInProvisionForShareBasedRemunerationOpeCF" />    <link:calculationArc xlink:type="arc" weight="1" xlink:arcrole="http://www.xbrl.org/2003/arcrole/summation-item" xlink:from="SubtotalOpeCF" xlink:to="IncreaseDecreaseInProvisionForShareBasedRemunerationOpeCF" order="6.0" />    <link:loc xlink:type="locator" xlink:href="http://disclosure.edinet-fsa.go.jp/taxonomy/jppfs/2024-11-01/jppfs_cor_2024-11-01.xsd#jppfs_cor_IncreaseDecreaseInProvisionForShareBasedRemunerationForDirectorsAndOtherOfficersOpeCF" xlink:label="IncreaseDecreaseInProvisionForShareBasedRemunerationForDirectorsAndOtherOfficersOpeCF" />    <link:calculationArc xlink:type="arc" weight="1" xlink:arcrole="http://www.xbrl.org/2003/arcrole/summation-item" xlink:from="SubtotalOpeCF" xlink:to="IncreaseDecreaseInProvisionForShareBasedRemunerationForDirectorsAndOtherOfficersOpeCF" order="7.0" />    <link:loc xlink:type="locator" xlink:href="http://disclosure.edinet-fsa.go.jp/taxonomy/jppfs/2024-11-01/jppfs_cor_2024-11-01.xsd#jppfs_cor_IncreaseDecreaseInNetDefinedBenefitLiabilityOpeCF" xlink:label="IncreaseDecreaseInNetDefinedBenefitLiabilityOpeCF" />    <link:calculationArc xlink:type="arc" weight="1" xlink:arcrole="http://www.xbrl.org/2003/arcrole/summation-item" xlink:from="SubtotalOpeCF" xlink:to="IncreaseDecreaseInNetDefinedBenefitLiabilityOpeCF" order="8.0" />    <link:loc xlink:type="locator" xlink:href="http://disclosure.edinet-fsa.go.jp/taxonomy/jppfs/2024-11-01/jppfs_cor_2024-11-01.xsd#jppfs_cor_InterestAndDividendsIncomeOpeCF" xlink:label="InterestAndDividendsIncomeOpeCF" />    <link:calculationArc xlink:type="arc" weight="1" xlink:arcrole="http://www.xbrl.org/2003/arcrole/summation-item" xlink:from="SubtotalOpeCF" xlink:to="InterestAndDividendsIncomeOpeCF" order="9.0" />    <link:loc xlink:type="locator" xlink:href="tse-scedjpfr-77250-2025-11-30-01-2026-01-09.xsd#tse-scedjpfr-77250_InterestExpensesAndGuranteeCommisionOpeCF" xlink:label="InterestExpensesAndGuranteeCommisionOpeCF" />    <link:calculationArc xlink:type="arc" weight="1" xlink:arcrole="http://www.xbrl.org/2003/arcrole/summation-item" xlink:from="SubtotalOpeCF" xlink:to="InterestExpensesAndGuranteeCommisionOpeCF" order="10.0" />    <link:loc xlink:type="locator" xlink:href="http://disclosure.edinet-fsa.go.jp/taxonomy/jppfs/2024-11-01/jppfs_cor_2024-11-01.xsd#jppfs_cor_ForeignExchangeLossesGainsOpeCF" xlink:label="ForeignExchangeLossesGainsOpeCF" />    <link:calculationArc xlink:type="arc" weight="1" xlink:arcrole="http://www.xbrl.org/2003/arcrole/summation-item" xlink:from="SubtotalOpeCF" xlink:to="ForeignExchangeLossesGainsOpeCF" order="11.0" />    <link:loc xlink:type="locator" xlink:href="http://disclosure.edinet-fsa.go.jp/taxonomy/jppfs/2024-11-01/jppfs_cor_2024-11-01.xsd#jppfs_cor_LossOnRetirementOfNoncurrentAssetsOpeCF" xlink:label="LossOnRetirementOfNoncurrentAssetsOpeCF" />    <link:calculationArc xlink:type="arc" weight="1" xlink:arcrole="http://www.xbrl.org/2003/arcrole/summation-item" xlink:from="SubtotalOpeCF" xlink:to="LossOnRetirementOfNoncurrentAssetsOpeCF" order="12.0" />    <link:loc xlink:type="locator" xlink:href="http://disclosure.edinet-fsa.go.jp/taxonomy/jppfs/2024-11-01/jppfs_cor_2024-11-01.xsd#jppfs_cor_LossGainOnSalesOfNoncurrentAssetsOpeCF" xlink:label="LossGainOnSalesOfNoncurrentAssetsOpeCF" />    <link:calculationArc xlink:type="arc" weight="1" xlink:arcrole="http://www.xbrl.org/2003/arcrole/summation-item" xlink:from="SubtotalOpeCF" xlink:to="LossGainOnSalesOfNoncurrentAssetsOpeCF" order="13.0" />    <link:loc xlink:type="locator" xlink:href="http://disclosure.edinet-fsa.go.jp/taxonomy/jppfs/2024-11-01/jppfs_cor_2024-11-01.xsd#jppfs_cor_LossGainOnSalesOfSubsidiariesStocksOpeCF" xlink:label="LossGainOnSalesOfSubsidiariesStocksOpeCF" />    <link:calculationArc xlink:type="arc" weight="1" xlink:arcrole="http://www.xbrl.org/2003/arcrole/summation-item" xlink:from="SubtotalOpeCF" xlink:to="LossGainOnSalesOfSubsidiariesStocksOpeCF" order="14.0" />    <link:loc xlink:type="locator" xlink:href="http://disclosure.edinet-fsa.go.jp/taxonomy/jppfs/2024-11-01/jppfs_cor_2024-11-01.xsd#jppfs_cor_LossOnValuationOfInventoriesOpeCF" xlink:label="LossOnValuationOfInventoriesOpeCF" />    <link:calculationArc xlink:type="arc" weight="1" xlink:arcrole="http://www.xbrl.org/2003/arcrole/summation-item" xlink:from="SubtotalOpeCF" xlink:to="LossOnValuationOfInventoriesOpeCF" order="15.0" />    <link:loc xlink:type="locator" xlink:href="http://disclosure.edinet-fsa.go.jp/taxonomy/jppfs/2024-11-01/jppfs_cor_2024-11-01.xsd#jppfs_cor_DecreaseIncreaseInNotesAndAccountsReceivableTradeOpeCF" xlink:label="DecreaseIncreaseInNotesAndAccountsReceivableTradeOpeCF" />    <link:calculationArc xlink:type="arc" weight="1" xlink:arcrole="http://www.xbrl.org/2003/arcrole/summation-item" xlink:from="SubtotalOpeCF" xlink:to="DecreaseIncreaseInNotesAndAccountsReceivableTradeOpeCF" order="16.0" />    <link:loc xlink:type="locator" xlink:href="http://disclosure.edinet-fsa.go.jp/taxonomy/jppfs/2024-11-01/jppfs_cor_2024-11-01.xsd#jppfs_cor_DecreaseIncreaseInInventoriesOpeCF" xlink:label="DecreaseIncreaseInInventoriesOpeCF" />    <link:calculationArc xlink:type="arc" weight="1" xlink:arcrole="http://www.xbrl.org/2003/arcrole/summation-item" xlink:from="SubtotalOpeCF" xlink:to="DecreaseIncreaseInInventoriesOpeCF" order="17.0" />    <link:loc xlink:type="locator" xlink:href="http://disclosure.edinet-fsa.go.jp/taxonomy/jppfs/2024-11-01/jppfs_cor_2024-11-01.xsd#jppfs_cor_DecreaseIncreaseInInvestmentSecuritiesForSaleOpeCF" xlink:label="DecreaseIncreaseInInvestmentSecuritiesForSaleOpeCF" />    <link:calculationArc xlink:type="arc" weight="1" xlink:arcrole="http://www.xbrl.org/2003/arcrole/summation-item" xlink:from="SubtotalOpeCF" xlink:to="DecreaseIncreaseInInvestmentSecuritiesForSaleOpeCF" order="18.0" />    <link:loc xlink:type="locator" xlink:href="http://disclosure.edinet-fsa.go.jp/taxonomy/jppfs/2024-11-01/jppfs_cor_2024-11-01.xsd#jppfs_cor_IncreaseDecreaseInNotesAndAccountsPayableTradeOpeCF" xlink:label="IncreaseDecreaseInNotesAndAccountsPayableTradeOpeCF" />    <link:calculationArc xlink:type="arc" weight="1" xlink:arcrole="http://www.xbrl.org/2003/arcrole/summation-item" xlink:from="SubtotalOpeCF" xlink:to="IncreaseDecreaseInNotesAndAccountsPayableTradeOpeCF" order="19.0" />    <link:loc xlink:type="locator" xlink:href="http://disclosure.edinet-fsa.go.jp/taxonomy/jppfs/2024-11-01/jppfs_cor_2024-11-01.xsd#jppfs_cor_OtherNetOpeCF" xlink:label="OtherNetOpeCF" />    <link:calculationArc xlink:type="arc" weight="1" xlink:arcrole="http://www.xbrl.org/2003/arcrole/summation-item" xlink:from="SubtotalOpeCF" xlink:to="OtherNetOpeCF" order="20.0" />    <link:loc xlink:type="locator" xlink:href="http://disclosure.edinet-fsa.go.jp/taxonomy/jppfs/2024-11-01/jppfs_cor_2024-11-01.xsd#jppfs_cor_InterestAndDividendsIncomeReceivedOpeCFInvCF" xlink:label="InterestAndDividendsIncomeReceivedOpeCFInvCF" />    <link:calculationArc xlink:type="arc" weight="1" xlink:arcrole="http://www.xbrl.org/2003/arcrole/summation-item" xlink:from="NetCashProvidedByUsedInOperatingActivities" xlink:to="InterestAndDividendsIncomeReceivedOpeCFInvCF" order="2.0" />    <link:loc xlink:type="locator" xlink:href="tse-scedjpfr-77250-2025-11-30-01-2026-01-09.xsd#tse-scedjpfr-77250_InterestExpensesAndGuaranteeCommissionsPaidOpeCF" xlink:label="InterestExpensesAndGuaranteeCommissionsPaidOpeCF" />    <link:calculationArc xlink:type="arc" weight="1" xlink:arcrole="http://www.xbrl.org/2003/arcrole/summation-item" xlink:from="NetCashProvidedByUsedInOperatingActivities" xlink:to="InterestExpensesAndGuaranteeCommissionsPaidOpeCF" order="3.0" />    <link:loc xlink:type="locator" xlink:href="http://disclosure.edinet-fsa.go.jp/taxonomy/jppfs/2024-11-01/jppfs_cor_2024-11-01.xsd#jppfs_cor_IncomeTaxesPaidOpeCF" xlink:label="IncomeTaxesPaidOpeCF" />    <link:calculationArc xlink:type="arc" weight="1" xlink:arcrole="http://www.xbrl.org/2003/arcrole/summation-item" xlink:from="NetCashProvidedByUsedInOperatingActivities" xlink:to="IncomeTaxesPaidOpeCF" order="4.0" />    <link:loc xlink:type="locator" xlink:href="http://disclosure.edinet-fsa.go.jp/taxonomy/jppfs/2024-11-01/jppfs_cor_2024-11-01.xsd#jppfs_cor_NetCashProvidedByUsedInInvestmentActivities" xlink:label="NetCashProvidedByUsedInInvestmentActivities_2" />    <link:calculationArc xlink:type="arc" weight="1" xlink:arcrole="http://www.xbrl.org/2003/arcrole/summation-item" xlink:from="NetIncreaseDecreaseInCashAndCashEquivalents" xlink:to="NetCashProvidedByUsedInInvestmentActivities_2" order="2.0" />    <link:loc xlink:type="locator" xlink:href="http://disclosure.edinet-fsa.go.jp/taxonomy/jppfs/2024-11-01/jppfs_cor_2024-11-01.xsd#jppfs_cor_NetCashProvidedByUsedInInvestmentActivities" xlink:label="NetCashProvidedByUsedInInvestmentActivities" />    <link:loc xlink:type="locator" xlink:href="http://disclosure.edinet-fsa.go.jp/taxonomy/jppfs/2024-11-01/jppfs_cor_2024-11-01.xsd#jppfs_cor_PurchaseOfPropertyPlantAndEquipmentInvCF" xlink:label="PurchaseOfPropertyPlantAndEquipmentInvCF" />    <link:calculationArc xlink:type="arc" weight="1" xlink:arcrole="http://www.xbrl.org/2003/arcrole/summation-item" xlink:from="NetCashProvidedByUsedInInvestmentActivities" xlink:to="PurchaseOfPropertyPlantAndEquipmentInvCF" order="1.0" />    <link:loc xlink:type="locator" xlink:href="http://disclosure.edinet-fsa.go.jp/taxonomy/jppfs/2024-11-01/jppfs_cor_2024-11-01.xsd#jppfs_cor_ProceedsFromSalesOfPropertyPlantAndEquipmentInvCF" xlink:label="ProceedsFromSalesOfPropertyPlantAndEquipmentInvCF" />    <link:calculationArc xlink:type="arc" weight="1" xlink:arcrole="http://www.xbrl.org/2003/arcrole/summation-item" xlink:from="NetCashProvidedByUsedInInvestmentActivities" xlink:to="ProceedsFromSalesOfPropertyPlantAndEquipmentInvCF" order="2.0" />    <link:loc xlink:type="locator" xlink:href="http://disclosure.edinet-fsa.go.jp/taxonomy/jppfs/2024-11-01/jppfs_cor_2024-11-01.xsd#jppfs_cor_PurchaseOfIntangibleAssetsInvCF" xlink:label="PurchaseOfIntangibleAssetsInvCF" />    <link:calculationArc xlink:type="arc" weight="1" xlink:arcrole="http://www.xbrl.org/2003/arcrole/summation-item" xlink:from="NetCashProvidedByUsedInInvestmentActivities" xlink:to="PurchaseOfIntangibleAssetsInvCF" order="3.0" />    <link:loc xlink:type="locator" xlink:href="http://disclosure.edinet-fsa.go.jp/taxonomy/jppfs/2024-11-01/jppfs_cor_2024-11-01.xsd#jppfs_cor_PaymentsForLeaseDepositsInvCF" xlink:label="PaymentsForLeaseDepositsInvCF" />    <link:calculationArc xlink:type="arc" weight="1" xlink:arcrole="http://www.xbrl.org/2003/arcrole/summation-item" xlink:from="NetCashProvidedByUsedInInvestmentActivities" xlink:to="PaymentsForLeaseDepositsInvCF" order="4.0" />    <link:loc xlink:type="locator" xlink:href="http://disclosure.edinet-fsa.go.jp/taxonomy/jppfs/2024-11-01/jppfs_cor_2024-11-01.xsd#jppfs_cor_CollectionOfLeaseDepositsInvCF" xlink:label="CollectionOfLeaseDepositsInvCF" />    <link:calculationArc xlink:type="arc" weight="1" xlink:arcrole="http://www.xbrl.org/2003/arcrole/summation-item" xlink:from="NetCashProvidedByUsedInInvestmentActivities" xlink:to="CollectionOfLeaseDepositsInvCF" order="5.0" />    <link:loc xlink:type="locator" xlink:href="http://disclosure.edinet-fsa.go.jp/taxonomy/jppfs/2024-11-01/jppfs_cor_2024-11-01.xsd#jppfs_cor_PaymentsForSalesOfInvestmentsInSubsidiariesResultingInChangeInScopeOfConsolidationInvCF" xlink:label="PaymentsForSalesOfInvestmentsInSubsidiariesResultingInChangeInScopeOfConsolidationInvCF" />    <link:calculationArc xlink:type="arc" weight="1" xlink:arcrole="http://www.xbrl.org/2003/arcrole/summation-item" xlink:from="NetCashProvidedByUsedInInvestmentActivities" xlink:to="PaymentsForSalesOfInvestmentsInSubsidiariesResultingInChangeInScopeOfConsolidationInvCF" order="6.0" />    <link:loc xlink:type="locator" xlink:href="http://disclosure.edinet-fsa.go.jp/taxonomy/jppfs/2024-11-01/jppfs_cor_2024-11-01.xsd#jppfs_cor_NetCashProvidedByUsedInFinancingActivities" xlink:label="NetCashProvidedByUsedInFinancingActivities_2" />    <link:calculationArc xlink:type="arc" weight="1" xlink:arcrole="http://www.xbrl.org/2003/arcrole/summation-item" xlink:from="NetIncreaseDecreaseInCashAndCashEquivalents" xlink:to="NetCashProvidedByUsedInFinancingActivities_2" order="3.0" />    <link:loc xlink:type="locator" xlink:href="http://disclosure.edinet-fsa.go.jp/taxonomy/jppfs/2024-11-01/jppfs_cor_2024-11-01.xsd#jppfs_cor_NetCashProvidedByUsedInFinancingActivities" xlink:label="NetCashProvidedByUsedInFinancingActivities" />    <link:loc xlink:type="locator" xlink:href="http://disclosure.edinet-fsa.go.jp/taxonomy/jppfs/2024-11-01/jppfs_cor_2024-11-01.xsd#jppfs_cor_RepaymentOfLongTermLoansPayableFinCF" xlink:label="RepaymentOfLongTermLoansPayableFinCF" />    <link:calculationArc xlink:type="arc" weight="1" xlink:arcrole="http://www.xbrl.org/2003/arcrole/summation-item" xlink:from="NetCashProvidedByUsedInFinancingActivities" xlink:to="RepaymentOfLongTermLoansPayableFinCF" order="1.0" />    <link:loc xlink:type="locator" xlink:href="http://disclosure.edinet-fsa.go.jp/taxonomy/jppfs/2024-11-01/jppfs_cor_2024-11-01.xsd#jppfs_cor_RepaymentsOfFinanceLeaseObligationsFinCF" xlink:label="RepaymentsOfFinanceLeaseObligationsFinCF" />    <link:calculationArc xlink:type="arc" weight="1" xlink:arcrole="http://www.xbrl.org/2003/arcrole/summation-item" xlink:from="NetCashProvidedByUsedInFinancingActivities" xlink:to="RepaymentsOfFinanceLeaseObligationsFinCF" order="2.0" />    <link:loc xlink:type="locator" xlink:href="http://disclosure.edinet-fsa.go.jp/taxonomy/jppfs/2024-11-01/jppfs_cor_2024-11-01.xsd#jppfs_cor_PurchaseOfTreasuryStockFinCF" xlink:label="PurchaseOfTreasuryStockFinCF" />    <link:calculationArc xlink:type="arc" weight="1" xlink:arcrole="http://www.xbrl.org/2003/arcrole/summation-item" xlink:from="NetCashProvidedByUsedInFinancingActivities" xlink:to="PurchaseOfTreasuryStockFinCF" order="3.0" />    <link:loc xlink:type="locator" xlink:href="http://disclosure.edinet-fsa.go.jp/taxonomy/jppfs/2024-11-01/jppfs_cor_2024-11-01.xsd#jppfs_cor_ProceedsFromSalesOfTreasuryStockFinCF" xlink:label="ProceedsFromSalesOfTreasuryStockFinCF" />    <link:calculationArc xlink:type="arc" weight="1" xlink:arcrole="http://www.xbrl.org/2003/arcrole/summation-item" xlink:from="NetCashProvidedByUsedInFinancingActivities" xlink:to="ProceedsFromSalesOfTreasuryStockFinCF" order="4.0" />    <link:loc xlink:type="locator" xlink:href="http://disclosure.edinet-fsa.go.jp/taxonomy/jppfs/2024-11-01/jppfs_cor_2024-11-01.xsd#jppfs_cor_CashDividendsPaidFinCF" xlink:label="CashDividendsPaidFinCF" />    <link:calculationArc xlink:type="arc" weight="1" xlink:arcrole="http://www.xbrl.org/2003/arcrole/summation-item" xlink:from="NetCashProvidedByUsedInFinancingActivities" xlink:to="CashDividendsPaidFinCF" order="5.0" />    <link:loc xlink:type="locator" xlink:href="http://disclosure.edinet-fsa.go.jp/taxonomy/jppfs/2024-11-01/jppfs_cor_2024-11-01.xsd#jppfs_cor_OtherNetFinCF" xlink:label="OtherNetFinCF" />    <link:calculationArc xlink:type="arc" weight="1" xlink:arcrole="http://www.xbrl.org/2003/arcrole/summation-item" xlink:from="NetCashProvidedByUsedInFinancingActivities" xlink:to="OtherNetFinCF" order="6.0" />    <link:loc xlink:type="locator" xlink:href="http://disclosure.edinet-fsa.go.jp/taxonomy/jppfs/2024-11-01/jppfs_cor_2024-11-01.xsd#jppfs_cor_EffectOfExchangeRateChangeOnCashAndCashEquivalents" xlink:label="EffectOfExchangeRateChangeOnCashAndCashEquivalents" />    <link:calculationArc xlink:type="arc" weight="1" xlink:arcrole="http://www.xbrl.org/2003/arcrole/summation-item" xlink:from="NetIncreaseDecreaseInCashAndCashEquivalents" xlink:to="EffectOfExchangeRateChangeOnCashAndCashEquivalents" order="4.0" />  </link:calculationLink>  <link:calculationLink xlink:type="extended" xlink:role="http://disclosure.edinet-fsa.go.jp/role/jppfs/rol_Type1SemiAnnualConsolidatedStatementOfComprehensiveIncome">    <link:loc xlink:type="locator" xlink:href="http://disclosure.edinet-fsa.go.jp/taxonomy/jppfs/2024-11-01/jppfs_cor_2024-11-01.xsd#jppfs_cor_ComprehensiveIncome" xlink:label="ComprehensiveIncome" />    <link:loc xlink:type="locator" xlink:href="http://disclosure.edinet-fsa.go.jp/taxonomy/jppfs/2024-11-01/jppfs_cor_2024-11-01.xsd#jppfs_cor_ProfitLoss" xlink:label="ProfitLoss" />    <link:calculationArc xlink:type="arc" weight="1" xlink:arcrole="http://www.xbrl.org/2003/arcrole/summation-item" xlink:from="ComprehensiveIncome" xlink:to="ProfitLoss" order="1.0" />    <link:loc xlink:type="locator" xlink:href="http://disclosure.edinet-fsa.go.jp/taxonomy/jppfs/2024-11-01/jppfs_cor_2024-11-01.xsd#jppfs_cor_OtherComprehensiveIncome" xlink:label="OtherComprehensiveIncome_2" />    <link:calculationArc xlink:type="arc" weight="1" xlink:arcrole="http://www.xbrl.org/2003/arcrole/summation-item" xlink:from="ComprehensiveIncome" xlink:to="OtherComprehensiveIncome_2" order="2.0" />    <link:loc xlink:type="locator" xlink:href="http://disclosure.edinet-fsa.go.jp/taxonomy/jppfs/2024-11-01/jppfs_cor_2024-11-01.xsd#jppfs_cor_OtherComprehensiveIncome" xlink:label="OtherComprehensiveIncome" />    <link:loc xlink:type="locator" xlink:href="http://disclosure.edinet-fsa.go.jp/taxonomy/jppfs/2024-11-01/jppfs_cor_2024-11-01.xsd#jppfs_cor_ForeignCurrencyTranslationAdjustmentNetOfTaxOCI" xlink:label="ForeignCurrencyTranslationAdjustmentNetOfTaxOCI" />    <link:calculationArc xlink:type="arc" weight="1" xlink:arcrole="http://www.xbrl.org/2003/arcrole/summation-item" xlink:from="OtherComprehensiveIncome" xlink:to="ForeignCurrencyTranslationAdjustmentNetOfTaxOCI" order="1.0" />  </link:calculationLink></link:linkbase>