<?xml version="1.0" encoding="utf-8"?>
<!-- Generated by PRONEXUS WORKS --><link:linkbase xmlns:link="http://www.xbrl.org/2003/linkbase" xmlns:xsi="http://www.w3.org/2001/XMLSchema-instance" xmlns:xbrli="http://www.xbrl.org/2003/instance" xmlns:xlink="http://www.w3.org/1999/xlink">  <link:labelLink xlink:type="extended" xlink:role="http://www.xbrl.org/2003/role/link">    <link:loc xlink:type="locator" xlink:href="tse-scedjpfr-69050-2025-11-20-01-2025-12-19.xsd#tse-scedjpfr-69050_TechnicalAssetsIA" xlink:label="TechnicalAssetsIA" />    <link:loc xlink:type="locator" xlink:href="tse-scedjpfr-69050-2025-11-20-01-2025-12-19.xsd#tse-scedjpfr-69050_CustomerRelationshipIA" xlink:label="CustomerRelationshipIA" />    <link:loc xlink:type="locator" xlink:href="tse-scedjpfr-69050-2025-11-20-01-2025-12-19.xsd#tse-scedjpfr-69050_SegmentToManufactureAndSellInJapanReportableSegmentsMember" xlink:label="SegmentToManufactureAndSellInJapanReportableSegmentsMember" />    <link:loc xlink:type="locator" xlink:href="tse-scedjpfr-69050-2025-11-20-01-2025-12-19.xsd#tse-scedjpfr-69050_SegmentToSellInNorthAmericaReportableSegmentsMember" xlink:label="SegmentToSellInNorthAmericaReportableSegmentsMember" />    <link:loc xlink:type="locator" xlink:href="tse-scedjpfr-69050-2025-11-20-01-2025-12-19.xsd#tse-scedjpfr-69050_SegmentToSellInEuropeReportableSegmentsMember" xlink:label="SegmentToSellInEuropeReportableSegmentsMember" />    <link:loc xlink:type="locator" xlink:href="tse-scedjpfr-69050-2025-11-20-01-2025-12-19.xsd#tse-scedjpfr-69050_SegmentToSellInAsiaReportableSegmentsMember" xlink:label="SegmentToSellInAsiaReportableSegmentsMember" />    <link:loc xlink:type="locator" xlink:href="tse-scedjpfr-69050-2025-11-20-01-2025-12-19.xsd#tse-scedjpfr-69050_SegmentToManufactureInChinaReportableSegmentsMember" xlink:label="SegmentToManufactureInChinaReportableSegmentsMember" />    <link:label xlink:type="resource" xlink:label="label_TechnicalAssetsIA" xml:lang="ja" xlink:role="http://www.xbrl.org/2003/role/label" id="label_TechnicalAssetsIA">技術資産</link:label>    <link:labelArc xlink:type="arc" xlink:arcrole="http://www.xbrl.org/2003/arcrole/concept-label" xlink:from="TechnicalAssetsIA" xlink:to="label_TechnicalAssetsIA" />    <link:label xlink:type="resource" xlink:label="label_TechnicalAssetsIA_2" xml:lang="ja" xlink:role="http://www.xbrl.org/2003/role/verboseLabel" id="label_TechnicalAssetsIA_2">技術資産、無形固定資産</link:label>    <link:labelArc xlink:type="arc" xlink:arcrole="http://www.xbrl.org/2003/arcrole/concept-label" xlink:from="TechnicalAssetsIA" xlink:to="label_TechnicalAssetsIA_2" />    <link:label xlink:type="resource" xlink:label="label_CustomerRelationshipIA" xml:lang="ja" xlink:role="http://www.xbrl.org/2003/role/label" id="label_CustomerRelationshipIA">顧客関連資産</link:label>    <link:labelArc xlink:type="arc" xlink:arcrole="http://www.xbrl.org/2003/arcrole/concept-label" xlink:from="CustomerRelationshipIA" xlink:to="label_CustomerRelationshipIA" />    <link:label xlink:type="resource" xlink:label="label_CustomerRelationshipIA_2" xml:lang="ja" xlink:role="http://www.xbrl.org/2003/role/verboseLabel" id="label_CustomerRelationshipIA_2">顧客関連資産、無形固定資産</link:label>    <link:labelArc xlink:type="arc" xlink:arcrole="http://www.xbrl.org/2003/arcrole/concept-label" xlink:from="CustomerRelationshipIA" xlink:to="label_CustomerRelationshipIA_2" />    <link:label xlink:type="resource" xlink:label="label_SegmentToManufactureAndSellInJapanReportableSegmentsMember" xml:lang="ja" xlink:role="http://www.xbrl.org/2003/role/label" id="label_SegmentToManufactureAndSellInJapanReportableSegmentsMember">日本生産販売事業</link:label>    <link:labelArc xlink:type="arc" xlink:arcrole="http://www.xbrl.org/2003/arcrole/concept-label" xlink:from="SegmentToManufactureAndSellInJapanReportableSegmentsMember" xlink:to="label_SegmentToManufactureAndSellInJapanReportableSegmentsMember" />    <link:label xlink:type="resource" xlink:label="label_SegmentToManufactureAndSellInJapanReportableSegmentsMember_2" xml:lang="ja" xlink:role="http://www.xbrl.org/2003/role/verboseLabel" id="label_SegmentToManufactureAndSellInJapanReportableSegmentsMember_2">日本生産販売事業、報告セグメント [メンバー]</link:label>    <link:labelArc xlink:type="arc" xlink:arcrole="http://www.xbrl.org/2003/arcrole/concept-label" xlink:from="SegmentToManufactureAndSellInJapanReportableSegmentsMember" xlink:to="label_SegmentToManufactureAndSellInJapanReportableSegmentsMember_2" />    <link:label xlink:type="resource" xlink:label="label_SegmentToSellInNorthAmericaReportableSegmentsMember" xml:lang="ja" xlink:role="http://www.xbrl.org/2003/role/label" id="label_SegmentToSellInNorthAmericaReportableSegmentsMember">北米販売事業</link:label>    <link:labelArc xlink:type="arc" xlink:arcrole="http://www.xbrl.org/2003/arcrole/concept-label" xlink:from="SegmentToSellInNorthAmericaReportableSegmentsMember" xlink:to="label_SegmentToSellInNorthAmericaReportableSegmentsMember" />    <link:label xlink:type="resource" xlink:label="label_SegmentToSellInNorthAmericaReportableSegmentsMember_2" xml:lang="ja" xlink:role="http://www.xbrl.org/2003/role/verboseLabel" id="label_SegmentToSellInNorthAmericaReportableSegmentsMember_2">北米販売事業、報告セグメント [メンバー]</link:label>    <link:labelArc xlink:type="arc" xlink:arcrole="http://www.xbrl.org/2003/arcrole/concept-label" xlink:from="SegmentToSellInNorthAmericaReportableSegmentsMember" xlink:to="label_SegmentToSellInNorthAmericaReportableSegmentsMember_2" />    <link:label xlink:type="resource" xlink:label="label_SegmentToSellInEuropeReportableSegmentsMember" xml:lang="ja" xlink:role="http://www.xbrl.org/2003/role/label" id="label_SegmentToSellInEuropeReportableSegmentsMember">ヨーロッパ生産販売事業</link:label>    <link:labelArc xlink:type="arc" xlink:arcrole="http://www.xbrl.org/2003/arcrole/concept-label" xlink:from="SegmentToSellInEuropeReportableSegmentsMember" xlink:to="label_SegmentToSellInEuropeReportableSegmentsMember" />    <link:label xlink:type="resource" xlink:label="label_SegmentToSellInEuropeReportableSegmentsMember_2" xml:lang="ja" xlink:role="http://www.xbrl.org/2003/role/verboseLabel" id="label_SegmentToSellInEuropeReportableSegmentsMember_2">ヨーロッパ販売事業、報告セグメント [メンバー]</link:label>    <link:labelArc xlink:type="arc" xlink:arcrole="http://www.xbrl.org/2003/arcrole/concept-label" xlink:from="SegmentToSellInEuropeReportableSegmentsMember" xlink:to="label_SegmentToSellInEuropeReportableSegmentsMember_2" />    <link:label xlink:type="resource" xlink:label="label_SegmentToSellInAsiaReportableSegmentsMember" xml:lang="ja" xlink:role="http://www.xbrl.org/2003/role/label" id="label_SegmentToSellInAsiaReportableSegmentsMember">アジア販売事業</link:label>    <link:labelArc xlink:type="arc" xlink:arcrole="http://www.xbrl.org/2003/arcrole/concept-label" xlink:from="SegmentToSellInAsiaReportableSegmentsMember" xlink:to="label_SegmentToSellInAsiaReportableSegmentsMember" />    <link:label xlink:type="resource" xlink:label="label_SegmentToSellInAsiaReportableSegmentsMember_2" xml:lang="ja" xlink:role="http://www.xbrl.org/2003/role/verboseLabel" id="label_SegmentToSellInAsiaReportableSegmentsMember_2">アジア販売事業、報告セグメント [メンバー]</link:label>    <link:labelArc xlink:type="arc" xlink:arcrole="http://www.xbrl.org/2003/arcrole/concept-label" xlink:from="SegmentToSellInAsiaReportableSegmentsMember" xlink:to="label_SegmentToSellInAsiaReportableSegmentsMember_2" />    <link:label xlink:type="resource" xlink:label="label_SegmentToManufactureInChinaReportableSegmentsMember" xml:lang="ja" xlink:role="http://www.xbrl.org/2003/role/label" id="label_SegmentToManufactureInChinaReportableSegmentsMember">中国生産事業</link:label>    <link:labelArc xlink:type="arc" xlink:arcrole="http://www.xbrl.org/2003/arcrole/concept-label" xlink:from="SegmentToManufactureInChinaReportableSegmentsMember" xlink:to="label_SegmentToManufactureInChinaReportableSegmentsMember" />    <link:label xlink:type="resource" xlink:label="label_SegmentToManufactureInChinaReportableSegmentsMember_2" xml:lang="ja" xlink:role="http://www.xbrl.org/2003/role/verboseLabel" id="label_SegmentToManufactureInChinaReportableSegmentsMember_2">中国生産事業、報告セグメント [メンバー]</link:label>    <link:labelArc xlink:type="arc" xlink:arcrole="http://www.xbrl.org/2003/arcrole/concept-label" xlink:from="SegmentToManufactureInChinaReportableSegmentsMember" xlink:to="label_SegmentToManufactureInChinaReportableSegmentsMember_2" />    <link:loc xlink:type="locator" xlink:href="tse-scedjpfr-69050-2025-11-20-01-2025-12-19.xsd#tse-scedjpfr-69050_PurchaseOfInvestmentsInCapitalOfSubsidiariesAndAssociatesNotResultingInChangeInScopeOfConsolidationFinCF" xlink:label="PurchaseOfInvestmentsInCapitalOfSubsidiariesAndAssociatesNotResultingInChangeInScopeOfConsolidationFinCF" />    <link:label xlink:type="resource" xlink:label="label_PurchaseOfInvestmentsInCapitalOfSubsidiariesAndAssociatesNotResultingInChangeInScopeOfConsolidationFinCF" xml:lang="ja" xlink:role="http://www.xbrl.org/2003/role/label" id="label_PurchaseOfInvestmentsInCapitalOfSubsidiariesAndAssociatesNotResultingInChangeInScopeOfConsolidationFinCF">連結の範囲の変更を伴わない関係会社出資金の取得による支出</link:label>    <link:labelArc xlink:type="arc" xlink:arcrole="http://www.xbrl.org/2003/arcrole/concept-label" xlink:from="PurchaseOfInvestmentsInCapitalOfSubsidiariesAndAssociatesNotResultingInChangeInScopeOfConsolidationFinCF" xlink:to="label_PurchaseOfInvestmentsInCapitalOfSubsidiariesAndAssociatesNotResultingInChangeInScopeOfConsolidationFinCF" />    <link:label xlink:type="resource" xlink:label="label_PurchaseOfInvestmentsInCapitalOfSubsidiariesAndAssociatesNotResultingInChangeInScopeOfConsolidationFinCF_2" xml:lang="ja" xlink:role="http://www.xbrl.org/2003/role/verboseLabel" id="label_PurchaseOfInvestmentsInCapitalOfSubsidiariesAndAssociatesNotResultingInChangeInScopeOfConsolidationFinCF_2">連結の範囲の変更を伴わない関係会社出資金の取得による支出、財務活動によるキャッシュ・フロー</link:label>    <link:labelArc xlink:type="arc" xlink:arcrole="http://www.xbrl.org/2003/arcrole/concept-label" xlink:from="PurchaseOfInvestmentsInCapitalOfSubsidiariesAndAssociatesNotResultingInChangeInScopeOfConsolidationFinCF" xlink:to="label_PurchaseOfInvestmentsInCapitalOfSubsidiariesAndAssociatesNotResultingInChangeInScopeOfConsolidationFinCF_2" />  </link:labelLink></link:linkbase>