﻿<?xml version="1.0" encoding="utf-8"?>
<!-- XBRL Document Created with WizLabo Platform -->
<link:linkbase xmlns:xlink="http://www.w3.org/1999/xlink" xmlns:xsi="http://www.w3.org/2001/XMLSchema-instance" xmlns:link="http://www.xbrl.org/2003/linkbase">
  <link:labelLink xlink:type="extended" xlink:role="http://www.xbrl.org/2003/role/link">
    <link:label xml:lang="ja" xlink:type="resource" xlink:label="tse-qcedjpfr-98760_LossOnStoreAccidentsNOE_label" xlink:role="http://www.xbrl.org/2003/role/label">店舗事故損失</link:label>
    <link:label xml:lang="ja" xlink:type="resource" xlink:label="tse-qcedjpfr-98760_LossOnStoreAccidentsNOE_label_1" xlink:role="http://www.xbrl.org/2003/role/verboseLabel">店舗事故損失、営業外費用</link:label>
    <link:label xml:lang="ja" xlink:type="resource" xlink:label="tse-qcedjpfr-98760_ProvisionForDirectorsRemunerationBasedOnPerformanceCL_label_1" xlink:role="http://www.xbrl.org/2003/role/label">役員業績報酬引当金</link:label>
    <link:label xml:lang="ja" xlink:type="resource" xlink:label="tse-qcedjpfr-98760_ProvisionForDirectorsRemunerationBasedOnPerformanceCL_label_2" xlink:role="http://www.xbrl.org/2003/role/verboseLabel">役員業績報酬引当金、流動負債</link:label>
    <link:label xml:lang="ja" xlink:type="resource" xlink:label="tse-qcedjpfr-98760_ProvisionForDirectorsRemunerationBasedOnPerformanceCL_label" xlink:role="http://www.xbrl.org/2003/role/documentation">役員業績報酬引当金、流動負債</link:label>
    <link:label xml:lang="ja" xlink:type="resource" xlink:label="tse-qcedjpfr-98760_SalesManeyOnDepositCA_label_1" xlink:role="http://www.xbrl.org/2003/role/label">売上預け金</link:label>
    <link:label xml:lang="ja" xlink:type="resource" xlink:label="tse-qcedjpfr-98760_SalesManeyOnDepositCA_label_2" xlink:role="http://www.xbrl.org/2003/role/verboseLabel">売上預け金、流動資産</link:label>
    <link:label xml:lang="ja" xlink:type="resource" xlink:label="tse-qcedjpfr-98760_SalesManeyOnDepositCA_label" xlink:role="http://www.xbrl.org/2003/role/documentation">売上預け金、流動資産</link:label>
    <link:loc xlink:type="locator" xlink:href="tse-qcedjpfr-98760-2025-11-30-01-2026-01-08.xsd#tse-qcedjpfr-98760_LossOnStoreAccidentsNOE" xlink:label="tse-qcedjpfr-98760_LossOnStoreAccidentsNOE" />
    <link:loc xlink:type="locator" xlink:href="tse-qcedjpfr-98760-2025-11-30-01-2026-01-08.xsd#tse-qcedjpfr-98760_ProvisionForDirectorsRemunerationBasedOnPerformanceCL" xlink:label="tse-qcedjpfr-98760_ProvisionForDirectorsRemunerationBasedOnPerformanceCL" />
    <link:loc xlink:type="locator" xlink:href="tse-qcedjpfr-98760-2025-11-30-01-2026-01-08.xsd#tse-qcedjpfr-98760_SalesManeyOnDepositCA" xlink:label="tse-qcedjpfr-98760_SalesManeyOnDepositCA" />
    <link:labelArc xlink:type="arc" xlink:from="tse-qcedjpfr-98760_LossOnStoreAccidentsNOE" xlink:to="tse-qcedjpfr-98760_LossOnStoreAccidentsNOE_label" xlink:arcrole="http://www.xbrl.org/2003/arcrole/concept-label" order="1" />
    <link:labelArc xlink:type="arc" xlink:from="tse-qcedjpfr-98760_LossOnStoreAccidentsNOE" xlink:to="tse-qcedjpfr-98760_LossOnStoreAccidentsNOE_label_1" xlink:arcrole="http://www.xbrl.org/2003/arcrole/concept-label" order="1" />
    <link:labelArc xlink:type="arc" xlink:from="tse-qcedjpfr-98760_ProvisionForDirectorsRemunerationBasedOnPerformanceCL" xlink:to="tse-qcedjpfr-98760_ProvisionForDirectorsRemunerationBasedOnPerformanceCL_label" xlink:arcrole="http://www.xbrl.org/2003/arcrole/concept-label" order="1" />
    <link:labelArc xlink:type="arc" xlink:from="tse-qcedjpfr-98760_ProvisionForDirectorsRemunerationBasedOnPerformanceCL" xlink:to="tse-qcedjpfr-98760_ProvisionForDirectorsRemunerationBasedOnPerformanceCL_label_1" xlink:arcrole="http://www.xbrl.org/2003/arcrole/concept-label" order="1" />
    <link:labelArc xlink:type="arc" xlink:from="tse-qcedjpfr-98760_ProvisionForDirectorsRemunerationBasedOnPerformanceCL" xlink:to="tse-qcedjpfr-98760_ProvisionForDirectorsRemunerationBasedOnPerformanceCL_label_2" xlink:arcrole="http://www.xbrl.org/2003/arcrole/concept-label" order="1" />
    <link:labelArc xlink:type="arc" xlink:from="tse-qcedjpfr-98760_SalesManeyOnDepositCA" xlink:to="tse-qcedjpfr-98760_SalesManeyOnDepositCA_label" xlink:arcrole="http://www.xbrl.org/2003/arcrole/concept-label" order="1" />
    <link:labelArc xlink:type="arc" xlink:from="tse-qcedjpfr-98760_SalesManeyOnDepositCA" xlink:to="tse-qcedjpfr-98760_SalesManeyOnDepositCA_label_1" xlink:arcrole="http://www.xbrl.org/2003/arcrole/concept-label" order="1" />
    <link:labelArc xlink:type="arc" xlink:from="tse-qcedjpfr-98760_SalesManeyOnDepositCA" xlink:to="tse-qcedjpfr-98760_SalesManeyOnDepositCA_label_2" xlink:arcrole="http://www.xbrl.org/2003/arcrole/concept-label" order="1" />
  </link:labelLink>
</link:linkbase>