<?xml version="1.0" encoding="utf-8"?>
<manifest xmlns="http://disclosure.edinet-fsa.go.jp/2013/manifest"><tocComposition><title xml:lang="ja">決算短信添付資料</title><title xml:lang="en">Earnings digest attached document</title><item in="presentation" ref="tse-anedjpfr" extrole="http://www.xbrl.tdnet.info/jp/tse/tdnet/role/RoleAttachedDocument" /></tocComposition><list><instance id="tse-anedjpfr" type="Attachment" preferredFilename="tse-anedjpfr-138A0-2025-11-30-01-2026-01-14.xbrl"><ixbrl>0101010-anbs02-tse-anedjpfr-138A0-2025-11-30-01-2026-01-14-ixbrl.htm</ixbrl><ixbrl>0102010-anpl02-tse-anedjpfr-138A0-2025-11-30-01-2026-01-14-ixbrl.htm</ixbrl><ixbrl>0103010-anss02-tse-anedjpfr-138A0-2025-11-30-01-2026-01-14-ixbrl.htm</ixbrl><ixbrl>0104010-ancf02-tse-anedjpfr-138A0-2025-11-30-01-2026-01-14-ixbrl.htm</ixbrl><ixbrl>0105010-ansg02-tse-anedjpfr-138A0-2025-11-30-01-2026-01-14-ixbrl.htm</ixbrl></instance></list></manifest>