<?xml version="1.0" encoding="utf-8"?>
<!-- Generated by PRONEXUS WORKS --><link:linkbase xmlns:link="http://www.xbrl.org/2003/linkbase" xmlns:xsi="http://www.w3.org/2001/XMLSchema-instance" xmlns:xbrli="http://www.xbrl.org/2003/instance" xmlns:xlink="http://www.w3.org/1999/xlink">  <link:labelLink xlink:type="extended" xlink:role="http://www.xbrl.org/2003/role/link">    <link:loc xlink:type="locator" xlink:href="tse-anedjpfr-138A0-2025-11-30-01-2026-01-14.xsd#tse-anedjpfr-138A0_InterestSubsidyNOI" xlink:label="InterestSubsidyNOI" />    <link:loc xlink:type="locator" xlink:href="tse-anedjpfr-138A0-2025-11-30-01-2026-01-14.xsd#tse-anedjpfr-138A0_LossForDifferencesBetweenTheAssetRetirementLiabilityBalanceAndTheActualRetirementCostsOpeCF" xlink:label="LossForDifferencesBetweenTheAssetRetirementLiabilityBalanceAndTheActualRetirementCostsOpeCF" />    <link:loc xlink:type="locator" xlink:href="tse-anedjpfr-138A0-2025-11-30-01-2026-01-14.xsd#tse-anedjpfr-138A0_LossOnSalesAndRetirementOfNoncurrentAssetsOpeCF" xlink:label="LossOnSalesAndRetirementOfNoncurrentAssetsOpeCF" />    <link:loc xlink:type="locator" xlink:href="tse-anedjpfr-138A0-2025-11-30-01-2026-01-14.xsd#tse-anedjpfr-138A0_LossOnSubsidyRepaymentEL" xlink:label="LossOnSubsidyRepaymentEL" />    <link:loc xlink:type="locator" xlink:href="tse-anedjpfr-138A0-2025-11-30-01-2026-01-14.xsd#tse-anedjpfr-138A0_LossOnSubsidyRepaymentOpeCF" xlink:label="LossOnSubsidyRepaymentOpeCF" />    <link:label xlink:type="resource" xlink:label="label_InterestSubsidyNOI" xml:lang="ja" xlink:role="http://www.xbrl.org/2003/role/label" id="label_InterestSubsidyNOI">利子補給金</link:label>    <link:labelArc xlink:type="arc" xlink:arcrole="http://www.xbrl.org/2003/arcrole/concept-label" xlink:from="InterestSubsidyNOI" xlink:to="label_InterestSubsidyNOI" />    <link:label xlink:type="resource" xlink:label="label_InterestSubsidyNOI_2" xml:lang="ja" xlink:role="http://www.xbrl.org/2003/role/verboseLabel" id="label_InterestSubsidyNOI_2">利子補給金、営業外収益</link:label>    <link:labelArc xlink:type="arc" xlink:arcrole="http://www.xbrl.org/2003/arcrole/concept-label" xlink:from="InterestSubsidyNOI" xlink:to="label_InterestSubsidyNOI_2" />    <link:label xlink:type="resource" xlink:label="label_LossOnSubsidyRepaymentEL" xml:lang="ja" xlink:role="http://www.xbrl.org/2003/role/label" id="label_LossOnSubsidyRepaymentEL">補助金返還損</link:label>    <link:labelArc xlink:type="arc" xlink:arcrole="http://www.xbrl.org/2003/arcrole/concept-label" xlink:from="LossOnSubsidyRepaymentEL" xlink:to="label_LossOnSubsidyRepaymentEL" />    <link:label xlink:type="resource" xlink:label="label_LossOnSubsidyRepaymentEL_2" xml:lang="ja" xlink:role="http://www.xbrl.org/2003/role/verboseLabel" id="label_LossOnSubsidyRepaymentEL_2">補助金返還損、特別損失</link:label>    <link:labelArc xlink:type="arc" xlink:arcrole="http://www.xbrl.org/2003/arcrole/concept-label" xlink:from="LossOnSubsidyRepaymentEL" xlink:to="label_LossOnSubsidyRepaymentEL_2" />    <link:label xlink:type="resource" xlink:label="label_LossForDifferencesBetweenTheAssetRetirementLiabilityBalanceAndTheActualRetirementCostsOpeCF" xml:lang="ja" xlink:role="http://www.xbrl.org/2003/role/label" id="label_LossForDifferencesBetweenTheAssetRetirementLiabilityBalanceAndTheActualRetirementCostsOpeCF">資産除去債務履行差額（△は益）</link:label>    <link:labelArc xlink:type="arc" xlink:arcrole="http://www.xbrl.org/2003/arcrole/concept-label" xlink:from="LossForDifferencesBetweenTheAssetRetirementLiabilityBalanceAndTheActualRetirementCostsOpeCF" xlink:to="label_LossForDifferencesBetweenTheAssetRetirementLiabilityBalanceAndTheActualRetirementCostsOpeCF" />    <link:label xlink:type="resource" xlink:label="label_LossForDifferencesBetweenTheAssetRetirementLiabilityBalanceAndTheActualRetirementCostsOpeCF_2" xml:lang="ja" xlink:role="http://www.xbrl.org/2003/role/verboseLabel" id="label_LossForDifferencesBetweenTheAssetRetirementLiabilityBalanceAndTheActualRetirementCostsOpeCF_2">資産除去債務履行差額（△は益）、営業活動によるキャッシュ・フロー</link:label>    <link:labelArc xlink:type="arc" xlink:arcrole="http://www.xbrl.org/2003/arcrole/concept-label" xlink:from="LossForDifferencesBetweenTheAssetRetirementLiabilityBalanceAndTheActualRetirementCostsOpeCF" xlink:to="label_LossForDifferencesBetweenTheAssetRetirementLiabilityBalanceAndTheActualRetirementCostsOpeCF_2" />    <link:label xlink:type="resource" xlink:label="label_LossOnSalesAndRetirementOfNoncurrentAssetsOpeCF" xml:lang="ja" xlink:role="http://www.xbrl.org/2003/role/label" id="label_LossOnSalesAndRetirementOfNoncurrentAssetsOpeCF">固定資産除売却損</link:label>    <link:labelArc xlink:type="arc" xlink:arcrole="http://www.xbrl.org/2003/arcrole/concept-label" xlink:from="LossOnSalesAndRetirementOfNoncurrentAssetsOpeCF" xlink:to="label_LossOnSalesAndRetirementOfNoncurrentAssetsOpeCF" />    <link:label xlink:type="resource" xlink:label="label_LossOnSalesAndRetirementOfNoncurrentAssetsOpeCF_2" xml:lang="ja" xlink:role="http://www.xbrl.org/2003/role/verboseLabel" id="label_LossOnSalesAndRetirementOfNoncurrentAssetsOpeCF_2">固定資産除売却損、営業活動によるキャッシュ・フロー</link:label>    <link:labelArc xlink:type="arc" xlink:arcrole="http://www.xbrl.org/2003/arcrole/concept-label" xlink:from="LossOnSalesAndRetirementOfNoncurrentAssetsOpeCF" xlink:to="label_LossOnSalesAndRetirementOfNoncurrentAssetsOpeCF_2" />    <link:label xlink:type="resource" xlink:label="label_LossOnSubsidyRepaymentOpeCF" xml:lang="ja" xlink:role="http://www.xbrl.org/2003/role/label" id="label_LossOnSubsidyRepaymentOpeCF">補助金返還損</link:label>    <link:labelArc xlink:type="arc" xlink:arcrole="http://www.xbrl.org/2003/arcrole/concept-label" xlink:from="LossOnSubsidyRepaymentOpeCF" xlink:to="label_LossOnSubsidyRepaymentOpeCF" />    <link:label xlink:type="resource" xlink:label="label_LossOnSubsidyRepaymentOpeCF_2" xml:lang="ja" xlink:role="http://www.xbrl.org/2003/role/verboseLabel" id="label_LossOnSubsidyRepaymentOpeCF_2">補助金返還損、営業活動によるキャッシュ・フロー</link:label>    <link:labelArc xlink:type="arc" xlink:arcrole="http://www.xbrl.org/2003/arcrole/concept-label" xlink:from="LossOnSubsidyRepaymentOpeCF" xlink:to="label_LossOnSubsidyRepaymentOpeCF_2" />  </link:labelLink></link:linkbase>