<?xml version="1.0" encoding="utf-8"?>
<!-- Generated by PRONEXUS WORKS --><link:linkbase xmlns:link="http://www.xbrl.org/2003/linkbase" xmlns:xsi="http://www.w3.org/2001/XMLSchema-instance" xmlns:xbrli="http://www.xbrl.org/2003/instance" xmlns:xlink="http://www.w3.org/1999/xlink">  <link:labelLink xlink:type="extended" xlink:role="http://www.xbrl.org/2003/role/link">    <link:loc xlink:type="locator" xlink:href="tse-scedjpfr-96510-2025-11-30-01-2025-12-26.xsd#tse-scedjpfr-96510_ControlSystemsReportableSegmentsMember" xlink:label="ControlSystemsReportableSegmentsMember" />    <link:loc xlink:type="locator" xlink:href="tse-scedjpfr-96510-2025-11-30-01-2025-12-26.xsd#tse-scedjpfr-96510_AutomotiveSystemsReportableSegmentsMember" xlink:label="AutomotiveSystemsReportableSegmentsMember" />    <link:loc xlink:type="locator" xlink:href="tse-scedjpfr-96510-2025-11-30-01-2025-12-26.xsd#tse-scedjpfr-96510_ParticularInformationSystemsReportableSegmentsMember" xlink:label="ParticularInformationSystemsReportableSegmentsMember" />    <link:loc xlink:type="locator" xlink:href="tse-scedjpfr-96510-2025-11-30-01-2025-12-26.xsd#tse-scedjpfr-96510_EmbeddedSystemsReportableSegmentsMember" xlink:label="EmbeddedSystemsReportableSegmentsMember" />    <link:loc xlink:type="locator" xlink:href="tse-scedjpfr-96510-2025-11-30-01-2025-12-26.xsd#tse-scedjpfr-96510_IndustrialAndPublicInformationSystemsReportableSegmentsMember" xlink:label="IndustrialAndPublicInformationSystemsReportableSegmentsMember" />    <link:loc xlink:type="locator" xlink:href="tse-scedjpfr-96510-2025-11-30-01-2025-12-26.xsd#tse-scedjpfr-96510_DecreaseIncreaseInOtherInvestmentsOpeCF" xlink:label="DecreaseIncreaseInOtherInvestmentsOpeCF" />    <link:loc xlink:type="locator" xlink:href="tse-scedjpfr-96510-2025-11-30-01-2025-12-26.xsd#tse-scedjpfr-96510_InsuranceCancellationIncomeOpeCF" xlink:label="InsuranceCancellationIncomeOpeCF" />    <link:loc xlink:type="locator" xlink:href="tse-scedjpfr-96510-2025-11-30-01-2025-12-26.xsd#tse-scedjpfr-96510_HandicappedEmploymentFeeNOE" xlink:label="HandicappedEmploymentFeeNOE" />    <link:loc xlink:type="locator" xlink:href="tse-scedjpfr-96510-2025-11-30-01-2025-12-26.xsd#tse-scedjpfr-96510_LossOnExtinguishmentShareBasedCompensationExpensesNOE" xlink:label="LossOnExtinguishmentShareBasedCompensationExpensesNOE" />    <link:label xlink:type="resource" xlink:label="label_ControlSystemsReportableSegmentsMember" xml:lang="ja" xlink:role="http://www.xbrl.org/2003/role/label" id="label_ControlSystemsReportableSegmentsMember">制御システム</link:label>    <link:labelArc xlink:type="arc" xlink:arcrole="http://www.xbrl.org/2003/arcrole/concept-label" xlink:from="ControlSystemsReportableSegmentsMember" xlink:to="label_ControlSystemsReportableSegmentsMember" />    <link:label xlink:type="resource" xlink:label="label_ControlSystemsReportableSegmentsMember_2" xml:lang="ja" xlink:role="http://www.xbrl.org/2003/role/verboseLabel" id="label_ControlSystemsReportableSegmentsMember_2">制御システム、報告セグメント [メンバー]</link:label>    <link:labelArc xlink:type="arc" xlink:arcrole="http://www.xbrl.org/2003/arcrole/concept-label" xlink:from="ControlSystemsReportableSegmentsMember" xlink:to="label_ControlSystemsReportableSegmentsMember_2" />    <link:label xlink:type="resource" xlink:label="label_AutomotiveSystemsReportableSegmentsMember" xml:lang="ja" xlink:role="http://www.xbrl.org/2003/role/label" id="label_AutomotiveSystemsReportableSegmentsMember">自動車システム</link:label>    <link:labelArc xlink:type="arc" xlink:arcrole="http://www.xbrl.org/2003/arcrole/concept-label" xlink:from="AutomotiveSystemsReportableSegmentsMember" xlink:to="label_AutomotiveSystemsReportableSegmentsMember" />    <link:label xlink:type="resource" xlink:label="label_AutomotiveSystemsReportableSegmentsMember_2" xml:lang="ja" xlink:role="http://www.xbrl.org/2003/role/verboseLabel" id="label_AutomotiveSystemsReportableSegmentsMember_2">自動車システム、報告セグメント [メンバー]</link:label>    <link:labelArc xlink:type="arc" xlink:arcrole="http://www.xbrl.org/2003/arcrole/concept-label" xlink:from="AutomotiveSystemsReportableSegmentsMember" xlink:to="label_AutomotiveSystemsReportableSegmentsMember_2" />    <link:label xlink:type="resource" xlink:label="label_ParticularInformationSystemsReportableSegmentsMember" xml:lang="ja" xlink:role="http://www.xbrl.org/2003/role/label" id="label_ParticularInformationSystemsReportableSegmentsMember">特定情報システム</link:label>    <link:labelArc xlink:type="arc" xlink:arcrole="http://www.xbrl.org/2003/arcrole/concept-label" xlink:from="ParticularInformationSystemsReportableSegmentsMember" xlink:to="label_ParticularInformationSystemsReportableSegmentsMember" />    <link:label xlink:type="resource" xlink:label="label_ParticularInformationSystemsReportableSegmentsMember_2" xml:lang="ja" xlink:role="http://www.xbrl.org/2003/role/verboseLabel" id="label_ParticularInformationSystemsReportableSegmentsMember_2">特定情報システム、報告セグメント [メンバー]</link:label>    <link:labelArc xlink:type="arc" xlink:arcrole="http://www.xbrl.org/2003/arcrole/concept-label" xlink:from="ParticularInformationSystemsReportableSegmentsMember" xlink:to="label_ParticularInformationSystemsReportableSegmentsMember_2" />    <link:label xlink:type="resource" xlink:label="label_EmbeddedSystemsReportableSegmentsMember" xml:lang="ja" xlink:role="http://www.xbrl.org/2003/role/label" id="label_EmbeddedSystemsReportableSegmentsMember">組込システム</link:label>    <link:labelArc xlink:type="arc" xlink:arcrole="http://www.xbrl.org/2003/arcrole/concept-label" xlink:from="EmbeddedSystemsReportableSegmentsMember" xlink:to="label_EmbeddedSystemsReportableSegmentsMember" />    <link:label xlink:type="resource" xlink:label="label_EmbeddedSystemsReportableSegmentsMember_2" xml:lang="ja" xlink:role="http://www.xbrl.org/2003/role/verboseLabel" id="label_EmbeddedSystemsReportableSegmentsMember_2">組込システム、報告セグメント [メンバー]</link:label>    <link:labelArc xlink:type="arc" xlink:arcrole="http://www.xbrl.org/2003/arcrole/concept-label" xlink:from="EmbeddedSystemsReportableSegmentsMember" xlink:to="label_EmbeddedSystemsReportableSegmentsMember_2" />    <link:label xlink:type="resource" xlink:label="label_IndustrialAndPublicInformationSystemsReportableSegmentsMember" xml:lang="ja" xlink:role="http://www.xbrl.org/2003/role/label" id="label_IndustrialAndPublicInformationSystemsReportableSegmentsMember">産業・ICTソリューション</link:label>    <link:labelArc xlink:type="arc" xlink:arcrole="http://www.xbrl.org/2003/arcrole/concept-label" xlink:from="IndustrialAndPublicInformationSystemsReportableSegmentsMember" xlink:to="label_IndustrialAndPublicInformationSystemsReportableSegmentsMember" />    <link:label xlink:type="resource" xlink:label="label_IndustrialAndPublicInformationSystemsReportableSegmentsMember_2" xml:lang="ja" xlink:role="http://www.xbrl.org/2003/role/verboseLabel" id="label_IndustrialAndPublicInformationSystemsReportableSegmentsMember_2">産業・ICTソリューション、報告セグメント [メンバー]</link:label>    <link:labelArc xlink:type="arc" xlink:arcrole="http://www.xbrl.org/2003/arcrole/concept-label" xlink:from="IndustrialAndPublicInformationSystemsReportableSegmentsMember" xlink:to="label_IndustrialAndPublicInformationSystemsReportableSegmentsMember_2" />    <link:label xlink:type="resource" xlink:label="label_DecreaseIncreaseInOtherInvestmentsOpeCF" xml:lang="ja" xlink:role="http://www.xbrl.org/2003/role/label" id="label_DecreaseIncreaseInOtherInvestmentsOpeCF">投資その他の資産の増減額（△は増加）</link:label>    <link:labelArc xlink:type="arc" xlink:arcrole="http://www.xbrl.org/2003/arcrole/concept-label" xlink:from="DecreaseIncreaseInOtherInvestmentsOpeCF" xlink:to="label_DecreaseIncreaseInOtherInvestmentsOpeCF" />    <link:label xlink:type="resource" xlink:label="label_DecreaseIncreaseInOtherInvestmentsOpeCF_2" xml:lang="ja" xlink:role="http://www.xbrl.org/2003/role/verboseLabel" id="label_DecreaseIncreaseInOtherInvestmentsOpeCF_2">投資その他の資産の増減額（△は増加）、営業活動によるキャッシュ・フロー</link:label>    <link:labelArc xlink:type="arc" xlink:arcrole="http://www.xbrl.org/2003/arcrole/concept-label" xlink:from="DecreaseIncreaseInOtherInvestmentsOpeCF" xlink:to="label_DecreaseIncreaseInOtherInvestmentsOpeCF_2" />    <link:label xlink:type="resource" xlink:label="label_InsuranceCancellationIncomeOpeCF" xml:lang="ja" xlink:role="http://www.xbrl.org/2003/role/label" id="label_InsuranceCancellationIncomeOpeCF">保険解約による受取額</link:label>    <link:labelArc xlink:type="arc" xlink:arcrole="http://www.xbrl.org/2003/arcrole/concept-label" xlink:from="InsuranceCancellationIncomeOpeCF" xlink:to="label_InsuranceCancellationIncomeOpeCF" />    <link:label xlink:type="resource" xlink:label="label_InsuranceCancellationIncomeOpeCF_2" xml:lang="ja" xlink:role="http://www.xbrl.org/2003/role/verboseLabel" id="label_InsuranceCancellationIncomeOpeCF_2">保険解約による受取額、営業活動によるキャッシュ・フロー</link:label>    <link:labelArc xlink:type="arc" xlink:arcrole="http://www.xbrl.org/2003/arcrole/concept-label" xlink:from="InsuranceCancellationIncomeOpeCF" xlink:to="label_InsuranceCancellationIncomeOpeCF_2" />    <link:label xlink:type="resource" xlink:label="label_HandicappedEmploymentFeeNOE" xml:lang="ja" xlink:role="http://www.xbrl.org/2003/role/label" id="label_HandicappedEmploymentFeeNOE">障害者雇用納付金</link:label>    <link:labelArc xlink:type="arc" xlink:arcrole="http://www.xbrl.org/2003/arcrole/concept-label" xlink:from="HandicappedEmploymentFeeNOE" xlink:to="label_HandicappedEmploymentFeeNOE" />    <link:label xlink:type="resource" xlink:label="label_HandicappedEmploymentFeeNOE_2" xml:lang="ja" xlink:role="http://www.xbrl.org/2003/role/verboseLabel" id="label_HandicappedEmploymentFeeNOE_2">障害者雇用納付金、営業外費用</link:label>    <link:labelArc xlink:type="arc" xlink:arcrole="http://www.xbrl.org/2003/arcrole/concept-label" xlink:from="HandicappedEmploymentFeeNOE" xlink:to="label_HandicappedEmploymentFeeNOE_2" />    <link:label xlink:type="resource" xlink:label="label_LossOnExtinguishmentShareBasedCompensationExpensesNOE" xml:lang="ja" xlink:role="http://www.xbrl.org/2003/role/label" id="label_LossOnExtinguishmentShareBasedCompensationExpensesNOE">株式報酬費用消滅損</link:label>    <link:labelArc xlink:type="arc" xlink:arcrole="http://www.xbrl.org/2003/arcrole/concept-label" xlink:from="LossOnExtinguishmentShareBasedCompensationExpensesNOE" xlink:to="label_LossOnExtinguishmentShareBasedCompensationExpensesNOE" />    <link:label xlink:type="resource" xlink:label="label_LossOnExtinguishmentShareBasedCompensationExpensesNOE_2" xml:lang="ja" xlink:role="http://www.xbrl.org/2003/role/verboseLabel" id="label_LossOnExtinguishmentShareBasedCompensationExpensesNOE_2">株式報酬費用消滅損、営業外費用</link:label>    <link:labelArc xlink:type="arc" xlink:arcrole="http://www.xbrl.org/2003/arcrole/concept-label" xlink:from="LossOnExtinguishmentShareBasedCompensationExpensesNOE" xlink:to="label_LossOnExtinguishmentShareBasedCompensationExpensesNOE_2" />  </link:labelLink></link:linkbase>