<?xml version="1.0" encoding="utf-8"?>
<!-- Generated by PRONEXUS WORKS --><link:linkbase xmlns:link="http://www.xbrl.org/2003/linkbase" xmlns:xsi="http://www.w3.org/2001/XMLSchema-instance" xmlns:xbrli="http://www.xbrl.org/2003/instance" xmlns:xlink="http://www.w3.org/1999/xlink">  <link:labelLink xlink:type="extended" xlink:role="http://www.xbrl.org/2003/role/link">    <link:loc xlink:type="locator" xlink:href="tse-scedjpfr-74340-2025-11-30-01-2026-01-13.xsd#tse-scedjpfr-74340_AmortizationOfCustomerReletionshipOpeCF" xlink:label="AmortizationOfCustomerReletionshipOpeCF" />    <link:label xlink:type="resource" xlink:label="label_AmortizationOfCustomerReletionshipOpeCF" xml:lang="en" xlink:role="http://www.xbrl.org/2003/role/label" id="label_AmortizationOfCustomerReletionshipOpeCF">Amortization of customer reletionship</link:label>    <link:labelArc xlink:type="arc" xlink:arcrole="http://www.xbrl.org/2003/arcrole/concept-label" xlink:from="AmortizationOfCustomerReletionshipOpeCF" xlink:to="label_AmortizationOfCustomerReletionshipOpeCF" />    <link:label xlink:type="resource" xlink:label="label_AmortizationOfCustomerReletionshipOpeCF_2" xml:lang="en" xlink:role="http://www.xbrl.org/2003/role/verboseLabel" id="label_AmortizationOfCustomerReletionshipOpeCF_2">Amortization of customer reletionship-OpeCF</link:label>    <link:labelArc xlink:type="arc" xlink:arcrole="http://www.xbrl.org/2003/arcrole/concept-label" xlink:from="AmortizationOfCustomerReletionshipOpeCF" xlink:to="label_AmortizationOfCustomerReletionshipOpeCF_2" />  </link:labelLink></link:linkbase>