﻿<?xml version="1.0" encoding="utf-8"?>
<!-- XBRL Document Created with WizLabo Platform -->
<link:linkbase xmlns:xlink="http://www.w3.org/1999/xlink" xmlns:xsi="http://www.w3.org/2001/XMLSchema-instance" xmlns:link="http://www.xbrl.org/2003/linkbase">
  <link:labelLink xlink:type="extended" xlink:role="http://www.xbrl.org/2003/role/link">
    <link:label xml:lang="ja" xlink:type="resource" xlink:label="tse-acedjpfr-33770_CollectionOfLoansReceivableFromSubsidiariesAndAffiliatesInvCF_label" xlink:role="http://www.xbrl.org/2003/role/label">関係会社貸付回収による収入</link:label>
    <link:label xml:lang="ja" xlink:type="resource" xlink:label="tse-acedjpfr-33770_CollectionOfLoansReceivableFromSubsidiariesAndAffiliatesInvCF_label_1" xlink:role="http://www.xbrl.org/2003/role/verboseLabel">関係会社貸付回収による収入、投資活動によるキャッシュ・フロー</link:label>
    <link:label xml:lang="ja" xlink:type="resource" xlink:label="tse-acedjpfr-33770_CreditCommissionIncomeNOI_label_1" xlink:role="http://www.xbrl.org/2003/role/label">クレジット手数料収入</link:label>
    <link:label xml:lang="ja" xlink:type="resource" xlink:label="tse-acedjpfr-33770_CreditCommissionIncomeNOI_label_2" xlink:role="http://www.xbrl.org/2003/role/verboseLabel">クレジット手数料収入、営業外収益</link:label>
    <link:label xml:lang="ja" xlink:type="resource" xlink:label="tse-acedjpfr-33770_CreditCommissionIncomeNOI_label" xlink:role="http://www.xbrl.org/2003/role/documentation">クレジット手数料収入、営業外収益</link:label>
    <link:label xml:lang="ja" xlink:type="resource" xlink:label="tse-acedjpfr-33770_IncreaseDecreaseInCashAndCashEquivalentsResultingFromMergerCF_label" xlink:role="http://www.xbrl.org/2003/role/label">合併に伴う現金及び現金同等物の増減額（△は減少）</link:label>
    <link:label xml:lang="ja" xlink:type="resource" xlink:label="tse-acedjpfr-33770_IncreaseDecreaseInCashAndCashEquivalentsResultingFromMergerCF_label_1" xlink:role="http://www.xbrl.org/2003/role/verboseLabel">合併に伴う現金及び現金同等物の増減額（△は減少）、キャッシュ・フロー計算書</link:label>
    <link:label xml:lang="ja" xlink:type="resource" xlink:label="tse-acedjpfr-33770_IncreaseDecreaseInProvisionForStockBenefitsOpeCF_label" xlink:role="http://www.xbrl.org/2003/role/label">株式給付信託引当金の増減額（△は減少）</link:label>
    <link:label xml:lang="ja" xlink:type="resource" xlink:label="tse-acedjpfr-33770_IncreaseDecreaseInProvisionForStockBenefitsOpeCF_label_1" xlink:role="http://www.xbrl.org/2003/role/verboseLabel">株式給付信託引当金の増減額（△は減少）、営業活動によるキャッシュ・フロー</link:label>
    <link:label xml:lang="ja" xlink:type="resource" xlink:label="tse-acedjpfr-33770_IncreaseDecreaseInReserveForProductRecallsIndicatesDecreaseOpeCF_label" xlink:role="http://www.xbrl.org/2003/role/label">商品回収引当金の増減額（△は減少）</link:label>
    <link:label xml:lang="ja" xlink:type="resource" xlink:label="tse-acedjpfr-33770_IncreaseDecreaseInReserveForProductRecallsIndicatesDecreaseOpeCF_label_1" xlink:role="http://www.xbrl.org/2003/role/verboseLabel">商品回収引当金の増減額（△は減少）、営業活動によるキャッシュ・フロー</link:label>
    <link:label xml:lang="ja" xlink:type="resource" xlink:label="tse-acedjpfr-33770_MerchandiseCA_label" xlink:role="http://www.xbrl.org/2003/role/label">商品</link:label>
    <link:label xml:lang="ja" xlink:type="resource" xlink:label="tse-acedjpfr-33770_MerchandiseCA_label_1" xlink:role="http://www.xbrl.org/2003/role/verboseLabel">商品、流動資産</link:label>
    <link:label xml:lang="ja" xlink:type="resource" xlink:label="tse-acedjpfr-33770_OssOnValuationOfInvestmentSecuritiesOpeCF_label" xlink:role="http://www.xbrl.org/2003/role/label">投資有価証券評価損</link:label>
    <link:label xml:lang="ja" xlink:type="resource" xlink:label="tse-acedjpfr-33770_OssOnValuationOfInvestmentSecuritiesOpeCF_label_1" xlink:role="http://www.xbrl.org/2003/role/verboseLabel">投資有価証券評価損、営業活動によるキャッシュ・フロー</link:label>
    <link:label xml:lang="ja" xlink:type="resource" xlink:label="tse-acedjpfr-33770_PaymentsOfLoanReceivableToSubsidiariesAndAffiliatesInvCF_label" xlink:role="http://www.xbrl.org/2003/role/label">関係会社貸付による支出</link:label>
    <link:label xml:lang="ja" xlink:type="resource" xlink:label="tse-acedjpfr-33770_PaymentsOfLoanReceivableToSubsidiariesAndAffiliatesInvCF_label_1" xlink:role="http://www.xbrl.org/2003/role/verboseLabel">関係会社貸付による支出、投資活動によるキャッシュ・フロー</link:label>
    <link:label xml:lang="ja" xlink:type="resource" xlink:label="tse-acedjpfr-33770_ProvisionForProductRecoveryEL_label" xlink:role="http://www.xbrl.org/2003/role/label">商品回収引当金繰入額</link:label>
    <link:label xml:lang="ja" xlink:type="resource" xlink:label="tse-acedjpfr-33770_ProvisionForProductRecoveryEL_label_1" xlink:role="http://www.xbrl.org/2003/role/verboseLabel">商品回収引当金繰入額、特別損失</link:label>
    <link:label xml:lang="ja" xlink:type="resource" xlink:label="tse-acedjpfr-33770_ProvisionForRecallOfMerchandiseProvisions_label" xlink:role="http://www.xbrl.org/2003/role/label">商品回収引当金</link:label>
    <link:label xml:lang="ja" xlink:type="resource" xlink:label="tse-acedjpfr-33770_ProvisionForRecallOfMerchandiseProvisions_label_1" xlink:role="http://www.xbrl.org/2003/role/verboseLabel">商品回収引当金、引当金</link:label>
    <link:label xml:lang="ja" xlink:type="resource" xlink:label="tse-acedjpfr-33770_ProvisionForStockBenefitsNCL_label" xlink:role="http://www.xbrl.org/2003/role/label">株式給付信託引当金</link:label>
    <link:label xml:lang="ja" xlink:type="resource" xlink:label="tse-acedjpfr-33770_ProvisionForStockBenefitsNCL_label_1" xlink:role="http://www.xbrl.org/2003/role/verboseLabel">株式給付信託引当金、固定負債</link:label>
    <link:label xml:lang="ja" xlink:type="resource" xlink:label="tse-acedjpfr-33770_ReserveForCommodityWarrantiesCL_label_1" xlink:role="http://www.xbrl.org/2003/role/label">商品保証引当金</link:label>
    <link:label xml:lang="ja" xlink:type="resource" xlink:label="tse-acedjpfr-33770_ReserveForCommodityWarrantiesCL_label_2" xlink:role="http://www.xbrl.org/2003/role/verboseLabel">商品保証引当金、流動負債</link:label>
    <link:label xml:lang="ja" xlink:type="resource" xlink:label="tse-acedjpfr-33770_ReserveForCommodityWarrantiesCL_label" xlink:role="http://www.xbrl.org/2003/role/documentation">商品保証引当金、流動負債</link:label>
    <link:label xml:lang="ja" xlink:type="resource" xlink:label="tse-acedjpfr-33770_ReserveForStockIncomeCL_label" xlink:role="http://www.xbrl.org/2003/role/label">株式給付信託引当金</link:label>
    <link:label xml:lang="ja" xlink:type="resource" xlink:label="tse-acedjpfr-33770_ReserveForStockIncomeCL_label_1" xlink:role="http://www.xbrl.org/2003/role/verboseLabel">株式給付信託引当金、流動負債</link:label>
    <link:loc xlink:type="locator" xlink:href="tse-acedjpfr-33770-2025-11-30-01-2026-01-13.xsd#tse-acedjpfr-33770_CollectionOfLoansReceivableFromSubsidiariesAndAffiliatesInvCF" xlink:label="tse-acedjpfr-33770_CollectionOfLoansReceivableFromSubsidiariesAndAffiliatesInvCF" />
    <link:loc xlink:type="locator" xlink:href="tse-acedjpfr-33770-2025-11-30-01-2026-01-13.xsd#tse-acedjpfr-33770_CreditCommissionIncomeNOI" xlink:label="tse-acedjpfr-33770_CreditCommissionIncomeNOI" />
    <link:loc xlink:type="locator" xlink:href="tse-acedjpfr-33770-2025-11-30-01-2026-01-13.xsd#tse-acedjpfr-33770_IncreaseDecreaseInCashAndCashEquivalentsResultingFromMergerCF" xlink:label="tse-acedjpfr-33770_IncreaseDecreaseInCashAndCashEquivalentsResultingFromMergerCF" />
    <link:loc xlink:type="locator" xlink:href="tse-acedjpfr-33770-2025-11-30-01-2026-01-13.xsd#tse-acedjpfr-33770_IncreaseDecreaseInProvisionForStockBenefitsOpeCF" xlink:label="tse-acedjpfr-33770_IncreaseDecreaseInProvisionForStockBenefitsOpeCF" />
    <link:loc xlink:type="locator" xlink:href="tse-acedjpfr-33770-2025-11-30-01-2026-01-13.xsd#tse-acedjpfr-33770_IncreaseDecreaseInReserveForProductRecallsIndicatesDecreaseOpeCF" xlink:label="tse-acedjpfr-33770_IncreaseDecreaseInReserveForProductRecallsIndicatesDecreaseOpeCF" />
    <link:loc xlink:type="locator" xlink:href="tse-acedjpfr-33770-2025-11-30-01-2026-01-13.xsd#tse-acedjpfr-33770_MerchandiseCA" xlink:label="tse-acedjpfr-33770_MerchandiseCA" />
    <link:loc xlink:type="locator" xlink:href="tse-acedjpfr-33770-2025-11-30-01-2026-01-13.xsd#tse-acedjpfr-33770_OssOnValuationOfInvestmentSecuritiesOpeCF" xlink:label="tse-acedjpfr-33770_OssOnValuationOfInvestmentSecuritiesOpeCF" />
    <link:loc xlink:type="locator" xlink:href="tse-acedjpfr-33770-2025-11-30-01-2026-01-13.xsd#tse-acedjpfr-33770_PaymentsOfLoanReceivableToSubsidiariesAndAffiliatesInvCF" xlink:label="tse-acedjpfr-33770_PaymentsOfLoanReceivableToSubsidiariesAndAffiliatesInvCF" />
    <link:loc xlink:type="locator" xlink:href="tse-acedjpfr-33770-2025-11-30-01-2026-01-13.xsd#tse-acedjpfr-33770_ProvisionForProductRecoveryEL" xlink:label="tse-acedjpfr-33770_ProvisionForProductRecoveryEL" />
    <link:loc xlink:type="locator" xlink:href="tse-acedjpfr-33770-2025-11-30-01-2026-01-13.xsd#tse-acedjpfr-33770_ProvisionForRecallOfMerchandiseProvisions" xlink:label="tse-acedjpfr-33770_ProvisionForRecallOfMerchandiseProvisions" />
    <link:loc xlink:type="locator" xlink:href="tse-acedjpfr-33770-2025-11-30-01-2026-01-13.xsd#tse-acedjpfr-33770_ProvisionForStockBenefitsNCL" xlink:label="tse-acedjpfr-33770_ProvisionForStockBenefitsNCL" />
    <link:loc xlink:type="locator" xlink:href="tse-acedjpfr-33770-2025-11-30-01-2026-01-13.xsd#tse-acedjpfr-33770_ReserveForCommodityWarrantiesCL" xlink:label="tse-acedjpfr-33770_ReserveForCommodityWarrantiesCL" />
    <link:loc xlink:type="locator" xlink:href="tse-acedjpfr-33770-2025-11-30-01-2026-01-13.xsd#tse-acedjpfr-33770_ReserveForStockIncomeCL" xlink:label="tse-acedjpfr-33770_ReserveForStockIncomeCL" />
    <link:labelArc xlink:type="arc" xlink:from="tse-acedjpfr-33770_CollectionOfLoansReceivableFromSubsidiariesAndAffiliatesInvCF" xlink:to="tse-acedjpfr-33770_CollectionOfLoansReceivableFromSubsidiariesAndAffiliatesInvCF_label" xlink:arcrole="http://www.xbrl.org/2003/arcrole/concept-label" order="1" />
    <link:labelArc xlink:type="arc" xlink:from="tse-acedjpfr-33770_CollectionOfLoansReceivableFromSubsidiariesAndAffiliatesInvCF" xlink:to="tse-acedjpfr-33770_CollectionOfLoansReceivableFromSubsidiariesAndAffiliatesInvCF_label_1" xlink:arcrole="http://www.xbrl.org/2003/arcrole/concept-label" order="1" />
    <link:labelArc xlink:type="arc" xlink:from="tse-acedjpfr-33770_CreditCommissionIncomeNOI" xlink:to="tse-acedjpfr-33770_CreditCommissionIncomeNOI_label" xlink:arcrole="http://www.xbrl.org/2003/arcrole/concept-label" order="1" />
    <link:labelArc xlink:type="arc" xlink:from="tse-acedjpfr-33770_CreditCommissionIncomeNOI" xlink:to="tse-acedjpfr-33770_CreditCommissionIncomeNOI_label_1" xlink:arcrole="http://www.xbrl.org/2003/arcrole/concept-label" order="1" />
    <link:labelArc xlink:type="arc" xlink:from="tse-acedjpfr-33770_CreditCommissionIncomeNOI" xlink:to="tse-acedjpfr-33770_CreditCommissionIncomeNOI_label_2" xlink:arcrole="http://www.xbrl.org/2003/arcrole/concept-label" order="1" />
    <link:labelArc xlink:type="arc" xlink:from="tse-acedjpfr-33770_IncreaseDecreaseInCashAndCashEquivalentsResultingFromMergerCF" xlink:to="tse-acedjpfr-33770_IncreaseDecreaseInCashAndCashEquivalentsResultingFromMergerCF_label" xlink:arcrole="http://www.xbrl.org/2003/arcrole/concept-label" order="1" />
    <link:labelArc xlink:type="arc" xlink:from="tse-acedjpfr-33770_IncreaseDecreaseInCashAndCashEquivalentsResultingFromMergerCF" xlink:to="tse-acedjpfr-33770_IncreaseDecreaseInCashAndCashEquivalentsResultingFromMergerCF_label_1" xlink:arcrole="http://www.xbrl.org/2003/arcrole/concept-label" order="1" />
    <link:labelArc xlink:type="arc" xlink:from="tse-acedjpfr-33770_IncreaseDecreaseInProvisionForStockBenefitsOpeCF" xlink:to="tse-acedjpfr-33770_IncreaseDecreaseInProvisionForStockBenefitsOpeCF_label" xlink:arcrole="http://www.xbrl.org/2003/arcrole/concept-label" order="1" />
    <link:labelArc xlink:type="arc" xlink:from="tse-acedjpfr-33770_IncreaseDecreaseInProvisionForStockBenefitsOpeCF" xlink:to="tse-acedjpfr-33770_IncreaseDecreaseInProvisionForStockBenefitsOpeCF_label_1" xlink:arcrole="http://www.xbrl.org/2003/arcrole/concept-label" order="1" />
    <link:labelArc xlink:type="arc" xlink:from="tse-acedjpfr-33770_IncreaseDecreaseInReserveForProductRecallsIndicatesDecreaseOpeCF" xlink:to="tse-acedjpfr-33770_IncreaseDecreaseInReserveForProductRecallsIndicatesDecreaseOpeCF_label" xlink:arcrole="http://www.xbrl.org/2003/arcrole/concept-label" order="1" />
    <link:labelArc xlink:type="arc" xlink:from="tse-acedjpfr-33770_IncreaseDecreaseInReserveForProductRecallsIndicatesDecreaseOpeCF" xlink:to="tse-acedjpfr-33770_IncreaseDecreaseInReserveForProductRecallsIndicatesDecreaseOpeCF_label_1" xlink:arcrole="http://www.xbrl.org/2003/arcrole/concept-label" order="1" />
    <link:labelArc xlink:type="arc" xlink:from="tse-acedjpfr-33770_MerchandiseCA" xlink:to="tse-acedjpfr-33770_MerchandiseCA_label" xlink:arcrole="http://www.xbrl.org/2003/arcrole/concept-label" order="1" />
    <link:labelArc xlink:type="arc" xlink:from="tse-acedjpfr-33770_MerchandiseCA" xlink:to="tse-acedjpfr-33770_MerchandiseCA_label_1" xlink:arcrole="http://www.xbrl.org/2003/arcrole/concept-label" order="1" />
    <link:labelArc xlink:type="arc" xlink:from="tse-acedjpfr-33770_OssOnValuationOfInvestmentSecuritiesOpeCF" xlink:to="tse-acedjpfr-33770_OssOnValuationOfInvestmentSecuritiesOpeCF_label_1" xlink:arcrole="http://www.xbrl.org/2003/arcrole/concept-label" order="1" />
    <link:labelArc xlink:type="arc" xlink:from="tse-acedjpfr-33770_OssOnValuationOfInvestmentSecuritiesOpeCF" xlink:to="tse-acedjpfr-33770_OssOnValuationOfInvestmentSecuritiesOpeCF_label" xlink:arcrole="http://www.xbrl.org/2003/arcrole/concept-label" order="1" />
    <link:labelArc xlink:type="arc" xlink:from="tse-acedjpfr-33770_PaymentsOfLoanReceivableToSubsidiariesAndAffiliatesInvCF" xlink:to="tse-acedjpfr-33770_PaymentsOfLoanReceivableToSubsidiariesAndAffiliatesInvCF_label" xlink:arcrole="http://www.xbrl.org/2003/arcrole/concept-label" order="1" />
    <link:labelArc xlink:type="arc" xlink:from="tse-acedjpfr-33770_PaymentsOfLoanReceivableToSubsidiariesAndAffiliatesInvCF" xlink:to="tse-acedjpfr-33770_PaymentsOfLoanReceivableToSubsidiariesAndAffiliatesInvCF_label_1" xlink:arcrole="http://www.xbrl.org/2003/arcrole/concept-label" order="1" />
    <link:labelArc xlink:type="arc" xlink:from="tse-acedjpfr-33770_ProvisionForProductRecoveryEL" xlink:to="tse-acedjpfr-33770_ProvisionForProductRecoveryEL_label" xlink:arcrole="http://www.xbrl.org/2003/arcrole/concept-label" order="1" />
    <link:labelArc xlink:type="arc" xlink:from="tse-acedjpfr-33770_ProvisionForProductRecoveryEL" xlink:to="tse-acedjpfr-33770_ProvisionForProductRecoveryEL_label_1" xlink:arcrole="http://www.xbrl.org/2003/arcrole/concept-label" order="1" />
    <link:labelArc xlink:type="arc" xlink:from="tse-acedjpfr-33770_ProvisionForRecallOfMerchandiseProvisions" xlink:to="tse-acedjpfr-33770_ProvisionForRecallOfMerchandiseProvisions_label" xlink:arcrole="http://www.xbrl.org/2003/arcrole/concept-label" order="1" />
    <link:labelArc xlink:type="arc" xlink:from="tse-acedjpfr-33770_ProvisionForRecallOfMerchandiseProvisions" xlink:to="tse-acedjpfr-33770_ProvisionForRecallOfMerchandiseProvisions_label_1" xlink:arcrole="http://www.xbrl.org/2003/arcrole/concept-label" order="1" />
    <link:labelArc xlink:type="arc" xlink:from="tse-acedjpfr-33770_ProvisionForStockBenefitsNCL" xlink:to="tse-acedjpfr-33770_ProvisionForStockBenefitsNCL_label" xlink:arcrole="http://www.xbrl.org/2003/arcrole/concept-label" order="1" />
    <link:labelArc xlink:type="arc" xlink:from="tse-acedjpfr-33770_ProvisionForStockBenefitsNCL" xlink:to="tse-acedjpfr-33770_ProvisionForStockBenefitsNCL_label_1" xlink:arcrole="http://www.xbrl.org/2003/arcrole/concept-label" order="1" />
    <link:labelArc xlink:type="arc" xlink:from="tse-acedjpfr-33770_ReserveForCommodityWarrantiesCL" xlink:to="tse-acedjpfr-33770_ReserveForCommodityWarrantiesCL_label" xlink:arcrole="http://www.xbrl.org/2003/arcrole/concept-label" order="1" />
    <link:labelArc xlink:type="arc" xlink:from="tse-acedjpfr-33770_ReserveForCommodityWarrantiesCL" xlink:to="tse-acedjpfr-33770_ReserveForCommodityWarrantiesCL_label_1" xlink:arcrole="http://www.xbrl.org/2003/arcrole/concept-label" order="1" />
    <link:labelArc xlink:type="arc" xlink:from="tse-acedjpfr-33770_ReserveForCommodityWarrantiesCL" xlink:to="tse-acedjpfr-33770_ReserveForCommodityWarrantiesCL_label_2" xlink:arcrole="http://www.xbrl.org/2003/arcrole/concept-label" order="1" />
    <link:labelArc xlink:type="arc" xlink:from="tse-acedjpfr-33770_ReserveForStockIncomeCL" xlink:to="tse-acedjpfr-33770_ReserveForStockIncomeCL_label" xlink:arcrole="http://www.xbrl.org/2003/arcrole/concept-label" order="1" />
    <link:labelArc xlink:type="arc" xlink:from="tse-acedjpfr-33770_ReserveForStockIncomeCL" xlink:to="tse-acedjpfr-33770_ReserveForStockIncomeCL_label_1" xlink:arcrole="http://www.xbrl.org/2003/arcrole/concept-label" order="1" />
  </link:labelLink>
</link:linkbase>