﻿<?xml version="1.0" encoding="utf-8"?>
<!-- XBRL Document Created with WizLabo Platform -->
<link:linkbase xmlns:xlink="http://www.w3.org/1999/xlink" xmlns:xsi="http://www.w3.org/2001/XMLSchema-instance" xmlns:link="http://www.xbrl.org/2003/linkbase">
  <link:roleRef xlink:type="simple" xlink:href="http://disclosure.edinet-fsa.go.jp/taxonomy/jpcrp/2024-11-01/jpcrp_rt_2024-11-01.xsd#rol_altLabel" roleURI="http://disclosure.edinet-fsa.go.jp/jpcrp/alt/role/label" />
  <link:roleRef xlink:type="simple" xlink:href="http://disclosure.edinet-fsa.go.jp/taxonomy/jpcrp/2024-11-01/jpcrp_rt_2024-11-01.xsd#rol_altTotalLabel" roleURI="http://disclosure.edinet-fsa.go.jp/jpcrp/alt/role/totalLabel" />
  <link:roleRef xlink:type="simple" xlink:href="http://disclosure.edinet-fsa.go.jp/taxonomy/jpcrp/2024-11-01/jpcrp_rt_2024-11-01.xsd#rol_SegmentLabel" roleURI="http://disclosure.edinet-fsa.go.jp/jpcrp/Segment/role/label" />
  <link:labelLink xlink:type="extended" xlink:role="http://www.xbrl.org/2003/role/link">
    <link:label xml:lang="en" xlink:type="resource" xlink:label="jpcrp_cor_EntityTotalMember_label" xlink:role="http://disclosure.edinet-fsa.go.jp/jpcrp/alt/role/totalLabel">Total</link:label>
    <link:label xml:lang="en" xlink:type="resource" xlink:label="jpigp_cor_OperatingProfitLossIFRS_label" xlink:role="http://disclosure.edinet-fsa.go.jp/jpcrp/Segment/role/label">Operating loss</link:label>
    <link:label xml:lang="en" xlink:type="resource" xlink:label="jpigp_cor_OtherFinancialAssetsNCAIFRS_label" xlink:role="http://disclosure.edinet-fsa.go.jp/jpcrp/alt/role/label">Other financial assets</link:label>
    <link:label xml:lang="en" xlink:type="resource" xlink:label="jpigp_cor_TotalTransactionsWithOwnersIFRS_label" xlink:role="http://www.xbrl.org/2003/role/totalLabel">Total transactions with owners</link:label>
    <link:label xml:lang="en" xlink:type="resource" xlink:label="jpigp_cor_TransactionsWithOwnersIFRSAbstract_label" xlink:role="http://disclosure.edinet-fsa.go.jp/jpcrp/alt/role/label">Transactions with owners</link:label>
    <link:label xml:lang="en" xlink:type="resource" xlink:label="tse-qcediffr-50260_AISolutionBusinessReportableSegmentMember_label" xlink:role="http://www.xbrl.org/2003/role/label">AI solution business</link:label>
    <link:label xml:lang="en" xlink:type="resource" xlink:label="tse-qcediffr-50260_AISolutionBusinessReportableSegmentMember_label_1" xlink:role="http://www.xbrl.org/2003/role/verboseLabel">AI solution business, Reportable segment [member]</link:label>
    <link:label xml:lang="en" xlink:type="resource" xlink:label="tse-qcediffr-50260_GPUServerBusinessReportableSegmentMember_label" xlink:role="http://www.xbrl.org/2003/role/label">GPU server business</link:label>
    <link:label xml:lang="en" xlink:type="resource" xlink:label="tse-qcediffr-50260_GPUServerBusinessReportableSegmentMember_label_1" xlink:role="http://www.xbrl.org/2003/role/verboseLabel">GPU server business, Reportable segment [member]</link:label>
    <link:loc xlink:type="locator" xlink:href="http://disclosure.edinet-fsa.go.jp/taxonomy/jpcrp/2024-11-01/jpcrp_cor_2024-11-01.xsd#jpcrp_cor_EntityTotalMember" xlink:label="jpcrp_cor_EntityTotalMember" />
    <link:loc xlink:type="locator" xlink:href="http://disclosure.edinet-fsa.go.jp/taxonomy/jpigp/2024-11-01/jpigp_cor_2024-11-01.xsd#jpigp_cor_OperatingProfitLossIFRS" xlink:label="jpigp_cor_OperatingProfitLossIFRS" />
    <link:loc xlink:type="locator" xlink:href="http://disclosure.edinet-fsa.go.jp/taxonomy/jpigp/2024-11-01/jpigp_cor_2024-11-01.xsd#jpigp_cor_OtherFinancialAssetsNCAIFRS" xlink:label="jpigp_cor_OtherFinancialAssetsNCAIFRS" />
    <link:loc xlink:type="locator" xlink:href="http://disclosure.edinet-fsa.go.jp/taxonomy/jpigp/2024-11-01/jpigp_cor_2024-11-01.xsd#jpigp_cor_TotalTransactionsWithOwnersIFRS" xlink:label="jpigp_cor_TotalTransactionsWithOwnersIFRS" />
    <link:loc xlink:type="locator" xlink:href="http://disclosure.edinet-fsa.go.jp/taxonomy/jpigp/2024-11-01/jpigp_cor_2024-11-01.xsd#jpigp_cor_TransactionsWithOwnersIFRSAbstract" xlink:label="jpigp_cor_TransactionsWithOwnersIFRSAbstract" />
    <link:loc xlink:type="locator" xlink:href="tse-qcediffr-50260-2025-11-30-01-2026-01-14.xsd#tse-qcediffr-50260_AISolutionBusinessReportableSegmentMember" xlink:label="tse-qcediffr-50260_AISolutionBusinessReportableSegmentMember" />
    <link:loc xlink:type="locator" xlink:href="tse-qcediffr-50260-2025-11-30-01-2026-01-14.xsd#tse-qcediffr-50260_GPUServerBusinessReportableSegmentMember" xlink:label="tse-qcediffr-50260_GPUServerBusinessReportableSegmentMember" />
    <link:labelArc xlink:type="arc" xlink:from="jpcrp_cor_EntityTotalMember" xlink:to="jpcrp_cor_EntityTotalMember_label" xlink:arcrole="http://www.xbrl.org/2003/arcrole/concept-label" order="1" />
    <link:labelArc xlink:type="arc" xlink:from="jpigp_cor_OperatingProfitLossIFRS" xlink:to="jpigp_cor_OperatingProfitLossIFRS_label" xlink:arcrole="http://www.xbrl.org/2003/arcrole/concept-label" order="1" />
    <link:labelArc xlink:type="arc" xlink:from="jpigp_cor_OtherFinancialAssetsNCAIFRS" xlink:to="jpigp_cor_OtherFinancialAssetsNCAIFRS_label" xlink:arcrole="http://www.xbrl.org/2003/arcrole/concept-label" order="1" />
    <link:labelArc xlink:type="arc" xlink:from="jpigp_cor_TotalTransactionsWithOwnersIFRS" xlink:to="jpigp_cor_TotalTransactionsWithOwnersIFRS_label" xlink:arcrole="http://www.xbrl.org/2003/arcrole/concept-label" order="1" />
    <link:labelArc xlink:type="arc" xlink:from="jpigp_cor_TransactionsWithOwnersIFRSAbstract" xlink:to="jpigp_cor_TransactionsWithOwnersIFRSAbstract_label" xlink:arcrole="http://www.xbrl.org/2003/arcrole/concept-label" order="1" />
    <link:labelArc xlink:type="arc" xlink:from="tse-qcediffr-50260_AISolutionBusinessReportableSegmentMember" xlink:to="tse-qcediffr-50260_AISolutionBusinessReportableSegmentMember_label" xlink:arcrole="http://www.xbrl.org/2003/arcrole/concept-label" order="1" />
    <link:labelArc xlink:type="arc" xlink:from="tse-qcediffr-50260_AISolutionBusinessReportableSegmentMember" xlink:to="tse-qcediffr-50260_AISolutionBusinessReportableSegmentMember_label_1" xlink:arcrole="http://www.xbrl.org/2003/arcrole/concept-label" order="1" />
    <link:labelArc xlink:type="arc" xlink:from="tse-qcediffr-50260_GPUServerBusinessReportableSegmentMember" xlink:to="tse-qcediffr-50260_GPUServerBusinessReportableSegmentMember_label" xlink:arcrole="http://www.xbrl.org/2003/arcrole/concept-label" order="1" />
    <link:labelArc xlink:type="arc" xlink:from="tse-qcediffr-50260_GPUServerBusinessReportableSegmentMember" xlink:to="tse-qcediffr-50260_GPUServerBusinessReportableSegmentMember_label_1" xlink:arcrole="http://www.xbrl.org/2003/arcrole/concept-label" order="1" />
  </link:labelLink>
</link:linkbase>