﻿<?xml version="1.0" encoding="utf-8"?>
<!-- XBRL Document Created with WizLabo Platform -->
<link:linkbase xmlns:xlink="http://www.w3.org/1999/xlink" xmlns:xsi="http://www.w3.org/2001/XMLSchema-instance" xmlns:link="http://www.xbrl.org/2003/linkbase">
  <link:labelLink xlink:type="extended" xlink:role="http://www.xbrl.org/2003/role/link">
    <link:label xml:lang="en" xlink:type="resource" xlink:label="tse-acedjpfr-30890_ElectronicsReportableSegmentsMember_label" xlink:role="http://www.xbrl.org/2003/role/label">Electronics</link:label>
    <link:label xml:lang="en" xlink:type="resource" xlink:label="tse-acedjpfr-30890_ElectronicsReportableSegmentsMember_label_1" xlink:role="http://www.xbrl.org/2003/role/verboseLabel">Electronics, Reportable segments [member]</link:label>
    <link:label xml:lang="en" xlink:type="resource" xlink:label="tse-acedjpfr-30890_MarineAndEnvironmentalEquipmentsReportableSegmentsMember_label" xlink:role="http://www.xbrl.org/2003/role/label">Marine and environmental equipments</link:label>
    <link:label xml:lang="en" xlink:type="resource" xlink:label="tse-acedjpfr-30890_MarineAndEnvironmentalEquipmentsReportableSegmentsMember_label_1" xlink:role="http://www.xbrl.org/2003/role/verboseLabel">Marine and environmental equipments, Reportable segments [member]</link:label>
    <link:label xml:lang="en" xlink:type="resource" xlink:label="tse-acedjpfr-30890_ScienceReportableSegmentsMember_label" xlink:role="http://www.xbrl.org/2003/role/label">Science</link:label>
    <link:label xml:lang="en" xlink:type="resource" xlink:label="tse-acedjpfr-30890_ScienceReportableSegmentsMember_label_1" xlink:role="http://www.xbrl.org/2003/role/verboseLabel">Science, Reportable segments [member]</link:label>
    <link:label xml:lang="en" xlink:type="resource" xlink:label="tse-acedjpfr-30890_SIReportableSegmentsMember_label" xlink:role="http://www.xbrl.org/2003/role/label">SI</link:label>
    <link:label xml:lang="en" xlink:type="resource" xlink:label="tse-acedjpfr-30890_SIReportableSegmentsMember_label_1" xlink:role="http://www.xbrl.org/2003/role/verboseLabel">SI, Reportable segments [member]</link:label>
    <link:loc xlink:type="locator" xlink:href="tse-acedjpfr-30890-2025-11-30-01-2026-01-14.xsd#tse-acedjpfr-30890_ElectronicsReportableSegmentsMember" xlink:label="tse-acedjpfr-30890_ElectronicsReportableSegmentsMember" />
    <link:loc xlink:type="locator" xlink:href="tse-acedjpfr-30890-2025-11-30-01-2026-01-14.xsd#tse-acedjpfr-30890_MarineAndEnvironmentalEquipmentsReportableSegmentsMember" xlink:label="tse-acedjpfr-30890_MarineAndEnvironmentalEquipmentsReportableSegmentsMember" />
    <link:loc xlink:type="locator" xlink:href="tse-acedjpfr-30890-2025-11-30-01-2026-01-14.xsd#tse-acedjpfr-30890_ScienceReportableSegmentsMember" xlink:label="tse-acedjpfr-30890_ScienceReportableSegmentsMember" />
    <link:loc xlink:type="locator" xlink:href="tse-acedjpfr-30890-2025-11-30-01-2026-01-14.xsd#tse-acedjpfr-30890_SIReportableSegmentsMember" xlink:label="tse-acedjpfr-30890_SIReportableSegmentsMember" />
    <link:labelArc xlink:type="arc" xlink:from="tse-acedjpfr-30890_ElectronicsReportableSegmentsMember" xlink:to="tse-acedjpfr-30890_ElectronicsReportableSegmentsMember_label" xlink:arcrole="http://www.xbrl.org/2003/arcrole/concept-label" order="1" />
    <link:labelArc xlink:type="arc" xlink:from="tse-acedjpfr-30890_ElectronicsReportableSegmentsMember" xlink:to="tse-acedjpfr-30890_ElectronicsReportableSegmentsMember_label_1" xlink:arcrole="http://www.xbrl.org/2003/arcrole/concept-label" order="1" />
    <link:labelArc xlink:type="arc" xlink:from="tse-acedjpfr-30890_MarineAndEnvironmentalEquipmentsReportableSegmentsMember" xlink:to="tse-acedjpfr-30890_MarineAndEnvironmentalEquipmentsReportableSegmentsMember_label" xlink:arcrole="http://www.xbrl.org/2003/arcrole/concept-label" order="1" />
    <link:labelArc xlink:type="arc" xlink:from="tse-acedjpfr-30890_MarineAndEnvironmentalEquipmentsReportableSegmentsMember" xlink:to="tse-acedjpfr-30890_MarineAndEnvironmentalEquipmentsReportableSegmentsMember_label_1" xlink:arcrole="http://www.xbrl.org/2003/arcrole/concept-label" order="1" />
    <link:labelArc xlink:type="arc" xlink:from="tse-acedjpfr-30890_ScienceReportableSegmentsMember" xlink:to="tse-acedjpfr-30890_ScienceReportableSegmentsMember_label" xlink:arcrole="http://www.xbrl.org/2003/arcrole/concept-label" order="1" />
    <link:labelArc xlink:type="arc" xlink:from="tse-acedjpfr-30890_ScienceReportableSegmentsMember" xlink:to="tse-acedjpfr-30890_ScienceReportableSegmentsMember_label_1" xlink:arcrole="http://www.xbrl.org/2003/arcrole/concept-label" order="1" />
    <link:labelArc xlink:type="arc" xlink:from="tse-acedjpfr-30890_SIReportableSegmentsMember" xlink:to="tse-acedjpfr-30890_SIReportableSegmentsMember_label" xlink:arcrole="http://www.xbrl.org/2003/arcrole/concept-label" order="1" />
    <link:labelArc xlink:type="arc" xlink:from="tse-acedjpfr-30890_SIReportableSegmentsMember" xlink:to="tse-acedjpfr-30890_SIReportableSegmentsMember_label_1" xlink:arcrole="http://www.xbrl.org/2003/arcrole/concept-label" order="1" />
  </link:labelLink>
</link:linkbase>