﻿<?xml version="1.0" encoding="utf-8"?>
<!-- XBRL Document Created with WizLabo Platform -->
<link:linkbase xmlns:xlink="http://www.w3.org/1999/xlink" xmlns:xsi="http://www.w3.org/2001/XMLSchema-instance" xmlns:link="http://www.xbrl.org/2003/linkbase">
  <link:roleRef xlink:type="simple" xlink:href="http://disclosure.edinet-fsa.go.jp/taxonomy/jppfs/2023-12-01/jppfs_rt_2023-12-01.xsd#rol_QuarterlyConsolidatedBalanceSheet" roleURI="http://disclosure.edinet-fsa.go.jp/role/jppfs/rol_QuarterlyConsolidatedBalanceSheet" />
  <link:roleRef xlink:type="simple" xlink:href="http://disclosure.edinet-fsa.go.jp/taxonomy/jppfs/2023-12-01/jppfs_rt_2023-12-01.xsd#rol_YearToQuarterEndConsolidatedStatementOfComprehensiveIncome" roleURI="http://disclosure.edinet-fsa.go.jp/role/jppfs/rol_YearToQuarterEndConsolidatedStatementOfComprehensiveIncome" />
  <link:roleRef xlink:type="simple" xlink:href="http://disclosure.edinet-fsa.go.jp/taxonomy/jppfs/2023-12-01/jppfs_rt_2023-12-01.xsd#rol_YearToQuarterEndConsolidatedStatementOfIncome" roleURI="http://disclosure.edinet-fsa.go.jp/role/jppfs/rol_YearToQuarterEndConsolidatedStatementOfIncome" />
  <link:calculationLink xlink:type="extended" xlink:role="http://disclosure.edinet-fsa.go.jp/role/jppfs/rol_QuarterlyConsolidatedBalanceSheet">
    <link:loc xlink:type="locator" xlink:href="http://disclosure.edinet-fsa.go.jp/taxonomy/jppfs/2023-12-01/jppfs_cor_2023-12-01.xsd#jppfs_cor_AccountsPayableOther" xlink:label="jppfs_cor_AccountsPayableOther" />
    <link:loc xlink:type="locator" xlink:href="http://disclosure.edinet-fsa.go.jp/taxonomy/jppfs/2023-12-01/jppfs_cor_2023-12-01.xsd#jppfs_cor_AccountsPayableTrade" xlink:label="jppfs_cor_AccountsPayableTrade" />
    <link:loc xlink:type="locator" xlink:href="http://disclosure.edinet-fsa.go.jp/taxonomy/jppfs/2023-12-01/jppfs_cor_2023-12-01.xsd#jppfs_cor_AccountsReceivableTrade" xlink:label="jppfs_cor_AccountsReceivableTrade" />
    <link:loc xlink:type="locator" xlink:href="http://disclosure.edinet-fsa.go.jp/taxonomy/jppfs/2023-12-01/jppfs_cor_2023-12-01.xsd#jppfs_cor_AccruedConsumptionTaxes" xlink:label="jppfs_cor_AccruedConsumptionTaxes" />
    <link:loc xlink:type="locator" xlink:href="http://disclosure.edinet-fsa.go.jp/taxonomy/jppfs/2023-12-01/jppfs_cor_2023-12-01.xsd#jppfs_cor_AllowanceForDoubtfulAccountsIOAByGroup" xlink:label="jppfs_cor_AllowanceForDoubtfulAccountsIOAByGroup" />
    <link:loc xlink:type="locator" xlink:href="http://disclosure.edinet-fsa.go.jp/taxonomy/jppfs/2023-12-01/jppfs_cor_2023-12-01.xsd#jppfs_cor_AssetRetirementObligationsNCL" xlink:label="jppfs_cor_AssetRetirementObligationsNCL" />
    <link:loc xlink:type="locator" xlink:href="http://disclosure.edinet-fsa.go.jp/taxonomy/jppfs/2023-12-01/jppfs_cor_2023-12-01.xsd#jppfs_cor_Assets" xlink:label="jppfs_cor_Assets" />
    <link:loc xlink:type="locator" xlink:href="http://disclosure.edinet-fsa.go.jp/taxonomy/jppfs/2023-12-01/jppfs_cor_2023-12-01.xsd#jppfs_cor_BuildingsAndStructuresNet" xlink:label="jppfs_cor_BuildingsAndStructuresNet" />
    <link:loc xlink:type="locator" xlink:href="http://disclosure.edinet-fsa.go.jp/taxonomy/jppfs/2023-12-01/jppfs_cor_2023-12-01.xsd#jppfs_cor_CapitalStock" xlink:label="jppfs_cor_CapitalStock" />
    <link:loc xlink:type="locator" xlink:href="http://disclosure.edinet-fsa.go.jp/taxonomy/jppfs/2023-12-01/jppfs_cor_2023-12-01.xsd#jppfs_cor_CapitalSurplus" xlink:label="jppfs_cor_CapitalSurplus" />
    <link:loc xlink:type="locator" xlink:href="http://disclosure.edinet-fsa.go.jp/taxonomy/jppfs/2023-12-01/jppfs_cor_2023-12-01.xsd#jppfs_cor_CashAndDeposits" xlink:label="jppfs_cor_CashAndDeposits" />
    <link:loc xlink:type="locator" xlink:href="http://disclosure.edinet-fsa.go.jp/taxonomy/jppfs/2023-12-01/jppfs_cor_2023-12-01.xsd#jppfs_cor_CurrentAssets" xlink:label="jppfs_cor_CurrentAssets" />
    <link:loc xlink:type="locator" xlink:href="http://disclosure.edinet-fsa.go.jp/taxonomy/jppfs/2023-12-01/jppfs_cor_2023-12-01.xsd#jppfs_cor_CurrentLiabilities" xlink:label="jppfs_cor_CurrentLiabilities" />
    <link:loc xlink:type="locator" xlink:href="http://disclosure.edinet-fsa.go.jp/taxonomy/jppfs/2023-12-01/jppfs_cor_2023-12-01.xsd#jppfs_cor_CurrentPortionOfLongTermLoansPayable" xlink:label="jppfs_cor_CurrentPortionOfLongTermLoansPayable" />
    <link:loc xlink:type="locator" xlink:href="http://disclosure.edinet-fsa.go.jp/taxonomy/jppfs/2023-12-01/jppfs_cor_2023-12-01.xsd#jppfs_cor_DeferredTaxLiabilities" xlink:label="jppfs_cor_DeferredTaxLiabilities" />
    <link:loc xlink:type="locator" xlink:href="http://disclosure.edinet-fsa.go.jp/taxonomy/jppfs/2023-12-01/jppfs_cor_2023-12-01.xsd#jppfs_cor_DepositsReceived" xlink:label="jppfs_cor_DepositsReceived" />
    <link:loc xlink:type="locator" xlink:href="http://disclosure.edinet-fsa.go.jp/taxonomy/jppfs/2023-12-01/jppfs_cor_2023-12-01.xsd#jppfs_cor_ForeignCurrencyTranslationAdjustment" xlink:label="jppfs_cor_ForeignCurrencyTranslationAdjustment" />
    <link:loc xlink:type="locator" xlink:href="http://disclosure.edinet-fsa.go.jp/taxonomy/jppfs/2023-12-01/jppfs_cor_2023-12-01.xsd#jppfs_cor_Goodwill" xlink:label="jppfs_cor_Goodwill" />
    <link:loc xlink:type="locator" xlink:href="http://disclosure.edinet-fsa.go.jp/taxonomy/jppfs/2023-12-01/jppfs_cor_2023-12-01.xsd#jppfs_cor_GuaranteeDepositsIOA" xlink:label="jppfs_cor_GuaranteeDepositsIOA" />
    <link:loc xlink:type="locator" xlink:href="http://disclosure.edinet-fsa.go.jp/taxonomy/jppfs/2023-12-01/jppfs_cor_2023-12-01.xsd#jppfs_cor_IncomeTaxesPayable" xlink:label="jppfs_cor_IncomeTaxesPayable" />
    <link:loc xlink:type="locator" xlink:href="http://disclosure.edinet-fsa.go.jp/taxonomy/jppfs/2023-12-01/jppfs_cor_2023-12-01.xsd#jppfs_cor_IntangibleAssets" xlink:label="jppfs_cor_IntangibleAssets" />
    <link:loc xlink:type="locator" xlink:href="http://disclosure.edinet-fsa.go.jp/taxonomy/jppfs/2023-12-01/jppfs_cor_2023-12-01.xsd#jppfs_cor_Inventories" xlink:label="jppfs_cor_Inventories" />
    <link:loc xlink:type="locator" xlink:href="http://disclosure.edinet-fsa.go.jp/taxonomy/jppfs/2023-12-01/jppfs_cor_2023-12-01.xsd#jppfs_cor_InvestmentsAndOtherAssets" xlink:label="jppfs_cor_InvestmentsAndOtherAssets" />
    <link:loc xlink:type="locator" xlink:href="http://disclosure.edinet-fsa.go.jp/taxonomy/jppfs/2023-12-01/jppfs_cor_2023-12-01.xsd#jppfs_cor_InvestmentSecurities" xlink:label="jppfs_cor_InvestmentSecurities" />
    <link:loc xlink:type="locator" xlink:href="http://disclosure.edinet-fsa.go.jp/taxonomy/jppfs/2023-12-01/jppfs_cor_2023-12-01.xsd#jppfs_cor_Land" xlink:label="jppfs_cor_Land" />
    <link:loc xlink:type="locator" xlink:href="http://disclosure.edinet-fsa.go.jp/taxonomy/jppfs/2023-12-01/jppfs_cor_2023-12-01.xsd#jppfs_cor_Liabilities" xlink:label="jppfs_cor_Liabilities" />
    <link:loc xlink:type="locator" xlink:href="http://disclosure.edinet-fsa.go.jp/taxonomy/jppfs/2023-12-01/jppfs_cor_2023-12-01.xsd#jppfs_cor_LiabilitiesAndNetAssets" xlink:label="jppfs_cor_LiabilitiesAndNetAssets" />
    <link:loc xlink:type="locator" xlink:href="http://disclosure.edinet-fsa.go.jp/taxonomy/jppfs/2023-12-01/jppfs_cor_2023-12-01.xsd#jppfs_cor_LongTermLoansPayable" xlink:label="jppfs_cor_LongTermLoansPayable" />
    <link:loc xlink:type="locator" xlink:href="http://disclosure.edinet-fsa.go.jp/taxonomy/jppfs/2023-12-01/jppfs_cor_2023-12-01.xsd#jppfs_cor_NetAssets" xlink:label="jppfs_cor_NetAssets" />
    <link:loc xlink:type="locator" xlink:href="http://disclosure.edinet-fsa.go.jp/taxonomy/jppfs/2023-12-01/jppfs_cor_2023-12-01.xsd#jppfs_cor_NonControllingInterests" xlink:label="jppfs_cor_NonControllingInterests" />
    <link:loc xlink:type="locator" xlink:href="http://disclosure.edinet-fsa.go.jp/taxonomy/jppfs/2023-12-01/jppfs_cor_2023-12-01.xsd#jppfs_cor_NoncurrentAssets" xlink:label="jppfs_cor_NoncurrentAssets" />
    <link:loc xlink:type="locator" xlink:href="http://disclosure.edinet-fsa.go.jp/taxonomy/jppfs/2023-12-01/jppfs_cor_2023-12-01.xsd#jppfs_cor_NoncurrentLiabilities" xlink:label="jppfs_cor_NoncurrentLiabilities" />
    <link:loc xlink:type="locator" xlink:href="http://disclosure.edinet-fsa.go.jp/taxonomy/jppfs/2023-12-01/jppfs_cor_2023-12-01.xsd#jppfs_cor_OtherCA" xlink:label="jppfs_cor_OtherCA" />
    <link:loc xlink:type="locator" xlink:href="http://disclosure.edinet-fsa.go.jp/taxonomy/jppfs/2023-12-01/jppfs_cor_2023-12-01.xsd#jppfs_cor_OtherCL" xlink:label="jppfs_cor_OtherCL" />
    <link:loc xlink:type="locator" xlink:href="http://disclosure.edinet-fsa.go.jp/taxonomy/jppfs/2023-12-01/jppfs_cor_2023-12-01.xsd#jppfs_cor_OtherIA" xlink:label="jppfs_cor_OtherIA" />
    <link:loc xlink:type="locator" xlink:href="http://disclosure.edinet-fsa.go.jp/taxonomy/jppfs/2023-12-01/jppfs_cor_2023-12-01.xsd#jppfs_cor_OtherIOA" xlink:label="jppfs_cor_OtherIOA" />
    <link:loc xlink:type="locator" xlink:href="http://disclosure.edinet-fsa.go.jp/taxonomy/jppfs/2023-12-01/jppfs_cor_2023-12-01.xsd#jppfs_cor_OtherNCL" xlink:label="jppfs_cor_OtherNCL" />
    <link:loc xlink:type="locator" xlink:href="http://disclosure.edinet-fsa.go.jp/taxonomy/jppfs/2023-12-01/jppfs_cor_2023-12-01.xsd#jppfs_cor_OtherNetPPE" xlink:label="jppfs_cor_OtherNetPPE" />
    <link:loc xlink:type="locator" xlink:href="http://disclosure.edinet-fsa.go.jp/taxonomy/jppfs/2023-12-01/jppfs_cor_2023-12-01.xsd#jppfs_cor_PropertyPlantAndEquipment" xlink:label="jppfs_cor_PropertyPlantAndEquipment" />
    <link:loc xlink:type="locator" xlink:href="http://disclosure.edinet-fsa.go.jp/taxonomy/jppfs/2023-12-01/jppfs_cor_2023-12-01.xsd#jppfs_cor_ProvisionForDirectorsRetirementBenefits" xlink:label="jppfs_cor_ProvisionForDirectorsRetirementBenefits" />
    <link:loc xlink:type="locator" xlink:href="http://disclosure.edinet-fsa.go.jp/taxonomy/jppfs/2023-12-01/jppfs_cor_2023-12-01.xsd#jppfs_cor_RetainedEarnings" xlink:label="jppfs_cor_RetainedEarnings" />
    <link:loc xlink:type="locator" xlink:href="http://disclosure.edinet-fsa.go.jp/taxonomy/jppfs/2023-12-01/jppfs_cor_2023-12-01.xsd#jppfs_cor_ShareholdersEquity" xlink:label="jppfs_cor_ShareholdersEquity" />
    <link:loc xlink:type="locator" xlink:href="http://disclosure.edinet-fsa.go.jp/taxonomy/jppfs/2023-12-01/jppfs_cor_2023-12-01.xsd#jppfs_cor_SubscriptionRightsToShares" xlink:label="jppfs_cor_SubscriptionRightsToShares" />
    <link:loc xlink:type="locator" xlink:href="http://disclosure.edinet-fsa.go.jp/taxonomy/jppfs/2023-12-01/jppfs_cor_2023-12-01.xsd#jppfs_cor_TreasuryStock" xlink:label="jppfs_cor_TreasuryStock" />
    <link:loc xlink:type="locator" xlink:href="http://disclosure.edinet-fsa.go.jp/taxonomy/jppfs/2023-12-01/jppfs_cor_2023-12-01.xsd#jppfs_cor_ValuationAndTranslationAdjustments" xlink:label="jppfs_cor_ValuationAndTranslationAdjustments" />
    <link:calculationArc xlink:type="arc" xlink:from="jppfs_cor_Assets" xlink:to="jppfs_cor_CurrentAssets" xlink:arcrole="http://www.xbrl.org/2003/arcrole/summation-item" order="1" weight="1" />
    <link:calculationArc xlink:type="arc" xlink:from="jppfs_cor_Assets" xlink:to="jppfs_cor_NoncurrentAssets" xlink:arcrole="http://www.xbrl.org/2003/arcrole/summation-item" order="2" weight="1" />
    <link:calculationArc xlink:type="arc" xlink:from="jppfs_cor_CurrentAssets" xlink:to="jppfs_cor_CashAndDeposits" xlink:arcrole="http://www.xbrl.org/2003/arcrole/summation-item" order="1" weight="1" />
    <link:calculationArc xlink:type="arc" xlink:from="jppfs_cor_CurrentAssets" xlink:to="jppfs_cor_AccountsReceivableTrade" xlink:arcrole="http://www.xbrl.org/2003/arcrole/summation-item" order="2" weight="1" />
    <link:calculationArc xlink:type="arc" xlink:from="jppfs_cor_CurrentAssets" xlink:to="jppfs_cor_Inventories" xlink:arcrole="http://www.xbrl.org/2003/arcrole/summation-item" order="3" weight="1" />
    <link:calculationArc xlink:type="arc" xlink:from="jppfs_cor_CurrentAssets" xlink:to="jppfs_cor_OtherCA" xlink:arcrole="http://www.xbrl.org/2003/arcrole/summation-item" order="4" weight="1" />
    <link:calculationArc xlink:type="arc" xlink:from="jppfs_cor_CurrentLiabilities" xlink:to="jppfs_cor_AccountsPayableTrade" xlink:arcrole="http://www.xbrl.org/2003/arcrole/summation-item" order="1" weight="1" />
    <link:calculationArc xlink:type="arc" xlink:from="jppfs_cor_CurrentLiabilities" xlink:to="jppfs_cor_CurrentPortionOfLongTermLoansPayable" xlink:arcrole="http://www.xbrl.org/2003/arcrole/summation-item" order="2" weight="1" />
    <link:calculationArc xlink:type="arc" xlink:from="jppfs_cor_CurrentLiabilities" xlink:to="jppfs_cor_AccountsPayableOther" xlink:arcrole="http://www.xbrl.org/2003/arcrole/summation-item" order="3" weight="1" />
    <link:calculationArc xlink:type="arc" xlink:from="jppfs_cor_CurrentLiabilities" xlink:to="jppfs_cor_IncomeTaxesPayable" xlink:arcrole="http://www.xbrl.org/2003/arcrole/summation-item" order="4" weight="1" />
    <link:calculationArc xlink:type="arc" xlink:from="jppfs_cor_CurrentLiabilities" xlink:to="jppfs_cor_DepositsReceived" xlink:arcrole="http://www.xbrl.org/2003/arcrole/summation-item" order="5" weight="1" />
    <link:calculationArc xlink:type="arc" xlink:from="jppfs_cor_CurrentLiabilities" xlink:to="jppfs_cor_AccruedConsumptionTaxes" xlink:arcrole="http://www.xbrl.org/2003/arcrole/summation-item" order="6" weight="1" />
    <link:calculationArc xlink:type="arc" xlink:from="jppfs_cor_CurrentLiabilities" xlink:to="jppfs_cor_OtherCL" xlink:arcrole="http://www.xbrl.org/2003/arcrole/summation-item" order="7" weight="1" />
    <link:calculationArc xlink:type="arc" xlink:from="jppfs_cor_IntangibleAssets" xlink:to="jppfs_cor_Goodwill" xlink:arcrole="http://www.xbrl.org/2003/arcrole/summation-item" order="1" weight="1" />
    <link:calculationArc xlink:type="arc" xlink:from="jppfs_cor_IntangibleAssets" xlink:to="jppfs_cor_OtherIA" xlink:arcrole="http://www.xbrl.org/2003/arcrole/summation-item" order="2" weight="1" />
    <link:calculationArc xlink:type="arc" xlink:from="jppfs_cor_InvestmentsAndOtherAssets" xlink:to="jppfs_cor_InvestmentSecurities" xlink:arcrole="http://www.xbrl.org/2003/arcrole/summation-item" order="1" weight="1" />
    <link:calculationArc xlink:type="arc" xlink:from="jppfs_cor_InvestmentsAndOtherAssets" xlink:to="jppfs_cor_GuaranteeDepositsIOA" xlink:arcrole="http://www.xbrl.org/2003/arcrole/summation-item" order="2" weight="1" />
    <link:calculationArc xlink:type="arc" xlink:from="jppfs_cor_InvestmentsAndOtherAssets" xlink:to="jppfs_cor_OtherIOA" xlink:arcrole="http://www.xbrl.org/2003/arcrole/summation-item" order="3" weight="1" />
    <link:calculationArc xlink:type="arc" xlink:from="jppfs_cor_InvestmentsAndOtherAssets" xlink:to="jppfs_cor_AllowanceForDoubtfulAccountsIOAByGroup" xlink:arcrole="http://www.xbrl.org/2003/arcrole/summation-item" order="4" weight="1" />
    <link:calculationArc xlink:type="arc" xlink:from="jppfs_cor_LiabilitiesAndNetAssets" xlink:to="jppfs_cor_Liabilities" xlink:arcrole="http://www.xbrl.org/2003/arcrole/summation-item" order="1" weight="1" />
    <link:calculationArc xlink:type="arc" xlink:from="jppfs_cor_Liabilities" xlink:to="jppfs_cor_CurrentLiabilities" xlink:arcrole="http://www.xbrl.org/2003/arcrole/summation-item" order="1" weight="1" />
    <link:calculationArc xlink:type="arc" xlink:from="jppfs_cor_Liabilities" xlink:to="jppfs_cor_NoncurrentLiabilities" xlink:arcrole="http://www.xbrl.org/2003/arcrole/summation-item" order="2" weight="1" />
    <link:calculationArc xlink:type="arc" xlink:from="jppfs_cor_LiabilitiesAndNetAssets" xlink:to="jppfs_cor_NetAssets" xlink:arcrole="http://www.xbrl.org/2003/arcrole/summation-item" order="2" weight="1" />
    <link:calculationArc xlink:type="arc" xlink:from="jppfs_cor_NetAssets" xlink:to="jppfs_cor_ShareholdersEquity" xlink:arcrole="http://www.xbrl.org/2003/arcrole/summation-item" order="1" weight="1" />
    <link:calculationArc xlink:type="arc" xlink:from="jppfs_cor_NetAssets" xlink:to="jppfs_cor_ValuationAndTranslationAdjustments" xlink:arcrole="http://www.xbrl.org/2003/arcrole/summation-item" order="2" weight="1" />
    <link:calculationArc xlink:type="arc" xlink:from="jppfs_cor_NetAssets" xlink:to="jppfs_cor_SubscriptionRightsToShares" xlink:arcrole="http://www.xbrl.org/2003/arcrole/summation-item" order="3" weight="1" />
    <link:calculationArc xlink:type="arc" xlink:from="jppfs_cor_NetAssets" xlink:to="jppfs_cor_NonControllingInterests" xlink:arcrole="http://www.xbrl.org/2003/arcrole/summation-item" order="4" weight="1" />
    <link:calculationArc xlink:type="arc" xlink:from="jppfs_cor_NoncurrentAssets" xlink:to="jppfs_cor_PropertyPlantAndEquipment" xlink:arcrole="http://www.xbrl.org/2003/arcrole/summation-item" order="1" weight="1" />
    <link:calculationArc xlink:type="arc" xlink:from="jppfs_cor_NoncurrentAssets" xlink:to="jppfs_cor_IntangibleAssets" xlink:arcrole="http://www.xbrl.org/2003/arcrole/summation-item" order="2" weight="1" />
    <link:calculationArc xlink:type="arc" xlink:from="jppfs_cor_NoncurrentAssets" xlink:to="jppfs_cor_InvestmentsAndOtherAssets" xlink:arcrole="http://www.xbrl.org/2003/arcrole/summation-item" order="3" weight="1" />
    <link:calculationArc xlink:type="arc" xlink:from="jppfs_cor_NoncurrentLiabilities" xlink:to="jppfs_cor_LongTermLoansPayable" xlink:arcrole="http://www.xbrl.org/2003/arcrole/summation-item" order="1" weight="1" />
    <link:calculationArc xlink:type="arc" xlink:from="jppfs_cor_NoncurrentLiabilities" xlink:to="jppfs_cor_DeferredTaxLiabilities" xlink:arcrole="http://www.xbrl.org/2003/arcrole/summation-item" order="2" weight="1" />
    <link:calculationArc xlink:type="arc" xlink:from="jppfs_cor_NoncurrentLiabilities" xlink:to="jppfs_cor_AssetRetirementObligationsNCL" xlink:arcrole="http://www.xbrl.org/2003/arcrole/summation-item" order="3" weight="1" />
    <link:calculationArc xlink:type="arc" xlink:from="jppfs_cor_NoncurrentLiabilities" xlink:to="jppfs_cor_ProvisionForDirectorsRetirementBenefits" xlink:arcrole="http://www.xbrl.org/2003/arcrole/summation-item" order="4" weight="1" />
    <link:calculationArc xlink:type="arc" xlink:from="jppfs_cor_NoncurrentLiabilities" xlink:to="jppfs_cor_OtherNCL" xlink:arcrole="http://www.xbrl.org/2003/arcrole/summation-item" order="5" weight="1" />
    <link:calculationArc xlink:type="arc" xlink:from="jppfs_cor_PropertyPlantAndEquipment" xlink:to="jppfs_cor_BuildingsAndStructuresNet" xlink:arcrole="http://www.xbrl.org/2003/arcrole/summation-item" order="1" weight="1" />
    <link:calculationArc xlink:type="arc" xlink:from="jppfs_cor_PropertyPlantAndEquipment" xlink:to="jppfs_cor_Land" xlink:arcrole="http://www.xbrl.org/2003/arcrole/summation-item" order="2" weight="1" />
    <link:calculationArc xlink:type="arc" xlink:from="jppfs_cor_PropertyPlantAndEquipment" xlink:to="jppfs_cor_OtherNetPPE" xlink:arcrole="http://www.xbrl.org/2003/arcrole/summation-item" order="3" weight="1" />
    <link:calculationArc xlink:type="arc" xlink:from="jppfs_cor_ShareholdersEquity" xlink:to="jppfs_cor_CapitalStock" xlink:arcrole="http://www.xbrl.org/2003/arcrole/summation-item" order="1" weight="1" />
    <link:calculationArc xlink:type="arc" xlink:from="jppfs_cor_ShareholdersEquity" xlink:to="jppfs_cor_CapitalSurplus" xlink:arcrole="http://www.xbrl.org/2003/arcrole/summation-item" order="2" weight="1" />
    <link:calculationArc xlink:type="arc" xlink:from="jppfs_cor_ShareholdersEquity" xlink:to="jppfs_cor_RetainedEarnings" xlink:arcrole="http://www.xbrl.org/2003/arcrole/summation-item" order="3" weight="1" />
    <link:calculationArc xlink:type="arc" xlink:from="jppfs_cor_ShareholdersEquity" xlink:to="jppfs_cor_TreasuryStock" xlink:arcrole="http://www.xbrl.org/2003/arcrole/summation-item" order="4" weight="1" />
    <link:calculationArc xlink:type="arc" xlink:from="jppfs_cor_ValuationAndTranslationAdjustments" xlink:to="jppfs_cor_ForeignCurrencyTranslationAdjustment" xlink:arcrole="http://www.xbrl.org/2003/arcrole/summation-item" order="1" weight="1" />
  </link:calculationLink>
  <link:calculationLink xlink:type="extended" xlink:role="http://disclosure.edinet-fsa.go.jp/role/jppfs/rol_YearToQuarterEndConsolidatedStatementOfIncome">
    <link:loc xlink:type="locator" xlink:href="http://disclosure.edinet-fsa.go.jp/taxonomy/jppfs/2023-12-01/jppfs_cor_2023-12-01.xsd#jppfs_cor_CoSponsorFeeNOI" xlink:label="jppfs_cor_CoSponsorFeeNOI" />
    <link:loc xlink:type="locator" xlink:href="http://disclosure.edinet-fsa.go.jp/taxonomy/jppfs/2023-12-01/jppfs_cor_2023-12-01.xsd#jppfs_cor_CostOfSales" xlink:label="jppfs_cor_CostOfSales" />
    <link:loc xlink:type="locator" xlink:href="http://disclosure.edinet-fsa.go.jp/taxonomy/jppfs/2023-12-01/jppfs_cor_2023-12-01.xsd#jppfs_cor_ExtraordinaryIncome" xlink:label="jppfs_cor_ExtraordinaryIncome" />
    <link:loc xlink:type="locator" xlink:href="http://disclosure.edinet-fsa.go.jp/taxonomy/jppfs/2023-12-01/jppfs_cor_2023-12-01.xsd#jppfs_cor_ExtraordinaryLoss" xlink:label="jppfs_cor_ExtraordinaryLoss" />
    <link:loc xlink:type="locator" xlink:href="http://disclosure.edinet-fsa.go.jp/taxonomy/jppfs/2023-12-01/jppfs_cor_2023-12-01.xsd#jppfs_cor_ForeignExchangeGainsNOI" xlink:label="jppfs_cor_ForeignExchangeGainsNOI" />
    <link:loc xlink:type="locator" xlink:href="http://disclosure.edinet-fsa.go.jp/taxonomy/jppfs/2023-12-01/jppfs_cor_2023-12-01.xsd#jppfs_cor_ForeignExchangeLossesNOE" xlink:label="jppfs_cor_ForeignExchangeLossesNOE" />
    <link:loc xlink:type="locator" xlink:href="http://disclosure.edinet-fsa.go.jp/taxonomy/jppfs/2023-12-01/jppfs_cor_2023-12-01.xsd#jppfs_cor_GainOnSalesOfNoncurrentAssetsEI" xlink:label="jppfs_cor_GainOnSalesOfNoncurrentAssetsEI" />
    <link:loc xlink:type="locator" xlink:href="http://disclosure.edinet-fsa.go.jp/taxonomy/jppfs/2023-12-01/jppfs_cor_2023-12-01.xsd#jppfs_cor_GrossProfit" xlink:label="jppfs_cor_GrossProfit" />
    <link:loc xlink:type="locator" xlink:href="http://disclosure.edinet-fsa.go.jp/taxonomy/jppfs/2023-12-01/jppfs_cor_2023-12-01.xsd#jppfs_cor_ImpairmentLossEL" xlink:label="jppfs_cor_ImpairmentLossEL" />
    <link:loc xlink:type="locator" xlink:href="http://disclosure.edinet-fsa.go.jp/taxonomy/jppfs/2023-12-01/jppfs_cor_2023-12-01.xsd#jppfs_cor_IncomeBeforeIncomeTaxes" xlink:label="jppfs_cor_IncomeBeforeIncomeTaxes" />
    <link:loc xlink:type="locator" xlink:href="http://disclosure.edinet-fsa.go.jp/taxonomy/jppfs/2023-12-01/jppfs_cor_2023-12-01.xsd#jppfs_cor_IncomeTaxes" xlink:label="jppfs_cor_IncomeTaxes" />
    <link:loc xlink:type="locator" xlink:href="http://disclosure.edinet-fsa.go.jp/taxonomy/jppfs/2023-12-01/jppfs_cor_2023-12-01.xsd#jppfs_cor_InterestExpensesNOE" xlink:label="jppfs_cor_InterestExpensesNOE" />
    <link:loc xlink:type="locator" xlink:href="http://disclosure.edinet-fsa.go.jp/taxonomy/jppfs/2023-12-01/jppfs_cor_2023-12-01.xsd#jppfs_cor_InterestIncomeNOI" xlink:label="jppfs_cor_InterestIncomeNOI" />
    <link:loc xlink:type="locator" xlink:href="http://disclosure.edinet-fsa.go.jp/taxonomy/jppfs/2023-12-01/jppfs_cor_2023-12-01.xsd#jppfs_cor_LossOnClosingOfStoresEL" xlink:label="jppfs_cor_LossOnClosingOfStoresEL" />
    <link:loc xlink:type="locator" xlink:href="http://disclosure.edinet-fsa.go.jp/taxonomy/jppfs/2023-12-01/jppfs_cor_2023-12-01.xsd#jppfs_cor_LossOnRetirementOfNoncurrentAssetsEL" xlink:label="jppfs_cor_LossOnRetirementOfNoncurrentAssetsEL" />
    <link:loc xlink:type="locator" xlink:href="http://disclosure.edinet-fsa.go.jp/taxonomy/jppfs/2023-12-01/jppfs_cor_2023-12-01.xsd#jppfs_cor_NetSales" xlink:label="jppfs_cor_NetSales" />
    <link:loc xlink:type="locator" xlink:href="http://disclosure.edinet-fsa.go.jp/taxonomy/jppfs/2023-12-01/jppfs_cor_2023-12-01.xsd#jppfs_cor_NonOperatingExpenses" xlink:label="jppfs_cor_NonOperatingExpenses" />
    <link:loc xlink:type="locator" xlink:href="http://disclosure.edinet-fsa.go.jp/taxonomy/jppfs/2023-12-01/jppfs_cor_2023-12-01.xsd#jppfs_cor_NonOperatingIncome" xlink:label="jppfs_cor_NonOperatingIncome" />
    <link:loc xlink:type="locator" xlink:href="http://disclosure.edinet-fsa.go.jp/taxonomy/jppfs/2023-12-01/jppfs_cor_2023-12-01.xsd#jppfs_cor_OperatingIncome" xlink:label="jppfs_cor_OperatingIncome" />
    <link:loc xlink:type="locator" xlink:href="http://disclosure.edinet-fsa.go.jp/taxonomy/jppfs/2023-12-01/jppfs_cor_2023-12-01.xsd#jppfs_cor_OrdinaryIncome" xlink:label="jppfs_cor_OrdinaryIncome" />
    <link:loc xlink:type="locator" xlink:href="http://disclosure.edinet-fsa.go.jp/taxonomy/jppfs/2023-12-01/jppfs_cor_2023-12-01.xsd#jppfs_cor_OtherEI" xlink:label="jppfs_cor_OtherEI" />
    <link:loc xlink:type="locator" xlink:href="http://disclosure.edinet-fsa.go.jp/taxonomy/jppfs/2023-12-01/jppfs_cor_2023-12-01.xsd#jppfs_cor_OtherNOE" xlink:label="jppfs_cor_OtherNOE" />
    <link:loc xlink:type="locator" xlink:href="http://disclosure.edinet-fsa.go.jp/taxonomy/jppfs/2023-12-01/jppfs_cor_2023-12-01.xsd#jppfs_cor_OtherNOI" xlink:label="jppfs_cor_OtherNOI" />
    <link:loc xlink:type="locator" xlink:href="http://disclosure.edinet-fsa.go.jp/taxonomy/jppfs/2023-12-01/jppfs_cor_2023-12-01.xsd#jppfs_cor_ProfitLoss" xlink:label="jppfs_cor_ProfitLoss" />
    <link:loc xlink:type="locator" xlink:href="http://disclosure.edinet-fsa.go.jp/taxonomy/jppfs/2023-12-01/jppfs_cor_2023-12-01.xsd#jppfs_cor_SellingGeneralAndAdministrativeExpenses" xlink:label="jppfs_cor_SellingGeneralAndAdministrativeExpenses" />
    <link:loc xlink:type="locator" xlink:href="tse-qcedjpfr-30630-2025-11-30-01-2026-01-13.xsd#tse-qcedjpfr-30630_CompensationForEvictionEI" xlink:label="tse-qcedjpfr-30630_CompensationForEvictionEI" />
    <link:calculationArc xlink:type="arc" xlink:from="jppfs_cor_ExtraordinaryIncome" xlink:to="jppfs_cor_GainOnSalesOfNoncurrentAssetsEI" xlink:arcrole="http://www.xbrl.org/2003/arcrole/summation-item" order="1" weight="1" />
    <link:calculationArc xlink:type="arc" xlink:from="jppfs_cor_ExtraordinaryIncome" xlink:to="tse-qcedjpfr-30630_CompensationForEvictionEI" xlink:arcrole="http://www.xbrl.org/2003/arcrole/summation-item" order="2" weight="1" />
    <link:calculationArc xlink:type="arc" xlink:from="jppfs_cor_ExtraordinaryIncome" xlink:to="jppfs_cor_OtherEI" xlink:arcrole="http://www.xbrl.org/2003/arcrole/summation-item" order="3" weight="1" />
    <link:calculationArc xlink:type="arc" xlink:from="jppfs_cor_ExtraordinaryLoss" xlink:to="jppfs_cor_ImpairmentLossEL" xlink:arcrole="http://www.xbrl.org/2003/arcrole/summation-item" order="1" weight="1" />
    <link:calculationArc xlink:type="arc" xlink:from="jppfs_cor_ExtraordinaryLoss" xlink:to="jppfs_cor_LossOnRetirementOfNoncurrentAssetsEL" xlink:arcrole="http://www.xbrl.org/2003/arcrole/summation-item" order="2" weight="1" />
    <link:calculationArc xlink:type="arc" xlink:from="jppfs_cor_ExtraordinaryLoss" xlink:to="jppfs_cor_LossOnClosingOfStoresEL" xlink:arcrole="http://www.xbrl.org/2003/arcrole/summation-item" order="3" weight="1" />
    <link:calculationArc xlink:type="arc" xlink:from="jppfs_cor_GrossProfit" xlink:to="jppfs_cor_NetSales" xlink:arcrole="http://www.xbrl.org/2003/arcrole/summation-item" order="1" weight="1" />
    <link:calculationArc xlink:type="arc" xlink:from="jppfs_cor_GrossProfit" xlink:to="jppfs_cor_CostOfSales" xlink:arcrole="http://www.xbrl.org/2003/arcrole/summation-item" order="2" weight="-1" />
    <link:calculationArc xlink:type="arc" xlink:from="jppfs_cor_IncomeBeforeIncomeTaxes" xlink:to="jppfs_cor_OrdinaryIncome" xlink:arcrole="http://www.xbrl.org/2003/arcrole/summation-item" order="1" weight="1" />
    <link:calculationArc xlink:type="arc" xlink:from="jppfs_cor_IncomeBeforeIncomeTaxes" xlink:to="jppfs_cor_ExtraordinaryIncome" xlink:arcrole="http://www.xbrl.org/2003/arcrole/summation-item" order="2" weight="1" />
    <link:calculationArc xlink:type="arc" xlink:from="jppfs_cor_IncomeBeforeIncomeTaxes" xlink:to="jppfs_cor_ExtraordinaryLoss" xlink:arcrole="http://www.xbrl.org/2003/arcrole/summation-item" order="3" weight="-1" />
    <link:calculationArc xlink:type="arc" xlink:from="jppfs_cor_OrdinaryIncome" xlink:to="jppfs_cor_NonOperatingExpenses" xlink:arcrole="http://www.xbrl.org/2003/arcrole/summation-item" order="3" weight="-1" />
    <link:calculationArc xlink:type="arc" xlink:from="jppfs_cor_NonOperatingExpenses" xlink:to="jppfs_cor_InterestExpensesNOE" xlink:arcrole="http://www.xbrl.org/2003/arcrole/summation-item" order="1" weight="1" />
    <link:calculationArc xlink:type="arc" xlink:from="jppfs_cor_NonOperatingExpenses" xlink:to="jppfs_cor_ForeignExchangeLossesNOE" xlink:arcrole="http://www.xbrl.org/2003/arcrole/summation-item" order="2" weight="1" />
    <link:calculationArc xlink:type="arc" xlink:from="jppfs_cor_NonOperatingExpenses" xlink:to="jppfs_cor_OtherNOE" xlink:arcrole="http://www.xbrl.org/2003/arcrole/summation-item" order="3" weight="1" />
    <link:calculationArc xlink:type="arc" xlink:from="jppfs_cor_NonOperatingIncome" xlink:to="jppfs_cor_InterestIncomeNOI" xlink:arcrole="http://www.xbrl.org/2003/arcrole/summation-item" order="1" weight="1" />
    <link:calculationArc xlink:type="arc" xlink:from="jppfs_cor_NonOperatingIncome" xlink:to="jppfs_cor_ForeignExchangeGainsNOI" xlink:arcrole="http://www.xbrl.org/2003/arcrole/summation-item" order="2" weight="1" />
    <link:calculationArc xlink:type="arc" xlink:from="jppfs_cor_NonOperatingIncome" xlink:to="jppfs_cor_CoSponsorFeeNOI" xlink:arcrole="http://www.xbrl.org/2003/arcrole/summation-item" order="3" weight="1" />
    <link:calculationArc xlink:type="arc" xlink:from="jppfs_cor_NonOperatingIncome" xlink:to="jppfs_cor_OtherNOI" xlink:arcrole="http://www.xbrl.org/2003/arcrole/summation-item" order="4" weight="1" />
    <link:calculationArc xlink:type="arc" xlink:from="jppfs_cor_OrdinaryIncome" xlink:to="jppfs_cor_OperatingIncome" xlink:arcrole="http://www.xbrl.org/2003/arcrole/summation-item" order="1" weight="1" />
    <link:calculationArc xlink:type="arc" xlink:from="jppfs_cor_OperatingIncome" xlink:to="jppfs_cor_GrossProfit" xlink:arcrole="http://www.xbrl.org/2003/arcrole/summation-item" order="1" weight="1" />
    <link:calculationArc xlink:type="arc" xlink:from="jppfs_cor_OperatingIncome" xlink:to="jppfs_cor_SellingGeneralAndAdministrativeExpenses" xlink:arcrole="http://www.xbrl.org/2003/arcrole/summation-item" order="2" weight="-1" />
    <link:calculationArc xlink:type="arc" xlink:from="jppfs_cor_OrdinaryIncome" xlink:to="jppfs_cor_NonOperatingIncome" xlink:arcrole="http://www.xbrl.org/2003/arcrole/summation-item" order="2" weight="1" />
    <link:calculationArc xlink:type="arc" xlink:from="jppfs_cor_ProfitLoss" xlink:to="jppfs_cor_IncomeBeforeIncomeTaxes" xlink:arcrole="http://www.xbrl.org/2003/arcrole/summation-item" order="1" weight="1" />
    <link:calculationArc xlink:type="arc" xlink:from="jppfs_cor_ProfitLoss" xlink:to="jppfs_cor_IncomeTaxes" xlink:arcrole="http://www.xbrl.org/2003/arcrole/summation-item" order="2" weight="-1" />
  </link:calculationLink>
  <link:calculationLink xlink:type="extended" xlink:role="http://disclosure.edinet-fsa.go.jp/role/jppfs/rol_YearToQuarterEndConsolidatedStatementOfComprehensiveIncome">
    <link:loc xlink:type="locator" xlink:href="http://disclosure.edinet-fsa.go.jp/taxonomy/jppfs/2023-12-01/jppfs_cor_2023-12-01.xsd#jppfs_cor_ComprehensiveIncome" xlink:label="jppfs_cor_ComprehensiveIncome" />
    <link:loc xlink:type="locator" xlink:href="http://disclosure.edinet-fsa.go.jp/taxonomy/jppfs/2023-12-01/jppfs_cor_2023-12-01.xsd#jppfs_cor_ForeignCurrencyTranslationAdjustmentNetOfTaxOCI" xlink:label="jppfs_cor_ForeignCurrencyTranslationAdjustmentNetOfTaxOCI" />
    <link:loc xlink:type="locator" xlink:href="http://disclosure.edinet-fsa.go.jp/taxonomy/jppfs/2023-12-01/jppfs_cor_2023-12-01.xsd#jppfs_cor_OtherComprehensiveIncome" xlink:label="jppfs_cor_OtherComprehensiveIncome" />
    <link:loc xlink:type="locator" xlink:href="http://disclosure.edinet-fsa.go.jp/taxonomy/jppfs/2023-12-01/jppfs_cor_2023-12-01.xsd#jppfs_cor_ProfitLoss" xlink:label="jppfs_cor_ProfitLoss" />
    <link:calculationArc xlink:type="arc" xlink:from="jppfs_cor_ComprehensiveIncome" xlink:to="jppfs_cor_ProfitLoss" xlink:arcrole="http://www.xbrl.org/2003/arcrole/summation-item" order="1" weight="1" />
    <link:calculationArc xlink:type="arc" xlink:from="jppfs_cor_ComprehensiveIncome" xlink:to="jppfs_cor_OtherComprehensiveIncome" xlink:arcrole="http://www.xbrl.org/2003/arcrole/summation-item" order="2" weight="1" />
    <link:calculationArc xlink:type="arc" xlink:from="jppfs_cor_OtherComprehensiveIncome" xlink:to="jppfs_cor_ForeignCurrencyTranslationAdjustmentNetOfTaxOCI" xlink:arcrole="http://www.xbrl.org/2003/arcrole/summation-item" order="1" weight="1" />
  </link:calculationLink>
</link:linkbase>