﻿<?xml version="1.0" encoding="utf-8"?>
<!-- XBRL Document Created with WizLabo Platform -->
<link:linkbase xmlns:xlink="http://www.w3.org/1999/xlink" xmlns:xsi="http://www.w3.org/2001/XMLSchema-instance" xmlns:link="http://www.xbrl.org/2003/linkbase">
  <link:labelLink xlink:type="extended" xlink:role="http://www.xbrl.org/2003/role/link">
    <link:label xml:lang="ja" xlink:type="resource" xlink:label="tse-snedjpfr-14010_ConstructionWorkReportableSegmentsMember_label" xlink:role="http://www.xbrl.org/2003/role/label">建築工事業</link:label>
    <link:label xml:lang="ja" xlink:type="resource" xlink:label="tse-snedjpfr-14010_ConstructionWorkReportableSegmentsMember_label_1" xlink:role="http://www.xbrl.org/2003/role/verboseLabel">建築工事業、報告セグメント[メンバー]</link:label>
    <link:label xml:lang="ja" xlink:type="resource" xlink:label="tse-snedjpfr-14010_HomeMakeupReportableSegmentsMember_label" xlink:role="http://www.xbrl.org/2003/role/label">ホームメイキャップ事業</link:label>
    <link:label xml:lang="ja" xlink:type="resource" xlink:label="tse-snedjpfr-14010_HomeMakeupReportableSegmentsMember_label_1" xlink:role="http://www.xbrl.org/2003/role/verboseLabel">ホームメイキャップ事業、報告セグメント[メンバー]</link:label>
    <link:label xml:lang="ja" xlink:type="resource" xlink:label="tse-snedjpfr-14010_InvestmentRealEstateLeaseExpenseOpeCF_label" xlink:role="http://www.xbrl.org/2003/role/label">投資不動産賃貸費用</link:label>
    <link:label xml:lang="ja" xlink:type="resource" xlink:label="tse-snedjpfr-14010_InvestmentRealEstateLeaseExpenseOpeCF_label_1" xlink:role="http://www.xbrl.org/2003/role/verboseLabel">投資不動産賃貸費用、営業活動によるキャッシュ・フロー</link:label>
    <link:label xml:lang="ja" xlink:type="resource" xlink:label="tse-snedjpfr-14010_InvestmentRealEstateLeaseIncomeOpeCF_label" xlink:role="http://www.xbrl.org/2003/role/label">投資不動産賃貸収入</link:label>
    <link:label xml:lang="ja" xlink:type="resource" xlink:label="tse-snedjpfr-14010_InvestmentRealEstateLeaseIncomeOpeCF_label_1" xlink:role="http://www.xbrl.org/2003/role/verboseLabel">投資不動産賃貸収入、営業活動によるキャッシュ・フロー</link:label>
    <link:label xml:lang="ja" xlink:type="resource" xlink:label="tse-snedjpfr-14010_NotesReceivableAccountsReceivableFromCompletedConstructionContractsAndContractAssetsCA_label" xlink:role="http://www.xbrl.org/2003/role/label">受取手形、完成工事未収入金及び契約資産</link:label>
    <link:label xml:lang="ja" xlink:type="resource" xlink:label="tse-snedjpfr-14010_NotesReceivableAccountsReceivableFromCompletedConstructionContractsAndContractAssetsCA_label_1" xlink:role="http://www.xbrl.org/2003/role/verboseLabel">受取手形、完成工事未収入金及び契約資産、流動資産</link:label>
    <link:label xml:lang="ja" xlink:type="resource" xlink:label="tse-snedjpfr-14010_PaymentsFromRentalOfRealEstateForInvestmentInvCF_label" xlink:role="http://www.xbrl.org/2003/role/label">投資不動産の賃貸による支出</link:label>
    <link:label xml:lang="ja" xlink:type="resource" xlink:label="tse-snedjpfr-14010_PaymentsFromRentalOfRealEstateForInvestmentInvCF_label_1" xlink:role="http://www.xbrl.org/2003/role/verboseLabel">投資不動産の賃貸による支出、投資活動によるキャッシュ・フロー</link:label>
    <link:label xml:lang="ja" xlink:type="resource" xlink:label="tse-snedjpfr-14010_RentRevenueOfRealEstateNOI_label_1" xlink:role="http://www.xbrl.org/2003/role/label">不動産賃貸収入</link:label>
    <link:label xml:lang="ja" xlink:type="resource" xlink:label="tse-snedjpfr-14010_RentRevenueOfRealEstateNOI_label_2" xlink:role="http://www.xbrl.org/2003/role/verboseLabel">不動産賃貸収入、営業外収益</link:label>
    <link:label xml:lang="ja" xlink:type="resource" xlink:label="tse-snedjpfr-14010_RentRevenueOfRealEstateNOI_label" xlink:role="http://www.xbrl.org/2003/role/documentation">不動産賃貸収入、営業外収益</link:label>
    <link:loc xlink:type="locator" xlink:href="tse-snedjpfr-14010-2025-11-30-01-2026-01-14.xsd#tse-snedjpfr-14010_ConstructionWorkReportableSegmentsMember" xlink:label="tse-snedjpfr-14010_ConstructionWorkReportableSegmentsMember" />
    <link:loc xlink:type="locator" xlink:href="tse-snedjpfr-14010-2025-11-30-01-2026-01-14.xsd#tse-snedjpfr-14010_HomeMakeupReportableSegmentsMember" xlink:label="tse-snedjpfr-14010_HomeMakeupReportableSegmentsMember" />
    <link:loc xlink:type="locator" xlink:href="tse-snedjpfr-14010-2025-11-30-01-2026-01-14.xsd#tse-snedjpfr-14010_InvestmentRealEstateLeaseExpenseOpeCF" xlink:label="tse-snedjpfr-14010_InvestmentRealEstateLeaseExpenseOpeCF" />
    <link:loc xlink:type="locator" xlink:href="tse-snedjpfr-14010-2025-11-30-01-2026-01-14.xsd#tse-snedjpfr-14010_InvestmentRealEstateLeaseIncomeOpeCF" xlink:label="tse-snedjpfr-14010_InvestmentRealEstateLeaseIncomeOpeCF" />
    <link:loc xlink:type="locator" xlink:href="tse-snedjpfr-14010-2025-11-30-01-2026-01-14.xsd#tse-snedjpfr-14010_NotesReceivableAccountsReceivableFromCompletedConstructionContractsAndContractAssetsCA" xlink:label="tse-snedjpfr-14010_NotesReceivableAccountsReceivableFromCompletedConstructionContractsAndContractAssetsCA" />
    <link:loc xlink:type="locator" xlink:href="tse-snedjpfr-14010-2025-11-30-01-2026-01-14.xsd#tse-snedjpfr-14010_PaymentsFromRentalOfRealEstateForInvestmentInvCF" xlink:label="tse-snedjpfr-14010_PaymentsFromRentalOfRealEstateForInvestmentInvCF" />
    <link:loc xlink:type="locator" xlink:href="tse-snedjpfr-14010-2025-11-30-01-2026-01-14.xsd#tse-snedjpfr-14010_RentRevenueOfRealEstateNOI" xlink:label="tse-snedjpfr-14010_RentRevenueOfRealEstateNOI" />
    <link:labelArc xlink:type="arc" xlink:from="tse-snedjpfr-14010_ConstructionWorkReportableSegmentsMember" xlink:to="tse-snedjpfr-14010_ConstructionWorkReportableSegmentsMember_label" xlink:arcrole="http://www.xbrl.org/2003/arcrole/concept-label" order="1" />
    <link:labelArc xlink:type="arc" xlink:from="tse-snedjpfr-14010_ConstructionWorkReportableSegmentsMember" xlink:to="tse-snedjpfr-14010_ConstructionWorkReportableSegmentsMember_label_1" xlink:arcrole="http://www.xbrl.org/2003/arcrole/concept-label" order="1" />
    <link:labelArc xlink:type="arc" xlink:from="tse-snedjpfr-14010_HomeMakeupReportableSegmentsMember" xlink:to="tse-snedjpfr-14010_HomeMakeupReportableSegmentsMember_label" xlink:arcrole="http://www.xbrl.org/2003/arcrole/concept-label" order="1" />
    <link:labelArc xlink:type="arc" xlink:from="tse-snedjpfr-14010_HomeMakeupReportableSegmentsMember" xlink:to="tse-snedjpfr-14010_HomeMakeupReportableSegmentsMember_label_1" xlink:arcrole="http://www.xbrl.org/2003/arcrole/concept-label" order="1" />
    <link:labelArc xlink:type="arc" xlink:from="tse-snedjpfr-14010_InvestmentRealEstateLeaseExpenseOpeCF" xlink:to="tse-snedjpfr-14010_InvestmentRealEstateLeaseExpenseOpeCF_label" xlink:arcrole="http://www.xbrl.org/2003/arcrole/concept-label" order="1" />
    <link:labelArc xlink:type="arc" xlink:from="tse-snedjpfr-14010_InvestmentRealEstateLeaseExpenseOpeCF" xlink:to="tse-snedjpfr-14010_InvestmentRealEstateLeaseExpenseOpeCF_label_1" xlink:arcrole="http://www.xbrl.org/2003/arcrole/concept-label" order="1" />
    <link:labelArc xlink:type="arc" xlink:from="tse-snedjpfr-14010_InvestmentRealEstateLeaseIncomeOpeCF" xlink:to="tse-snedjpfr-14010_InvestmentRealEstateLeaseIncomeOpeCF_label" xlink:arcrole="http://www.xbrl.org/2003/arcrole/concept-label" order="1" />
    <link:labelArc xlink:type="arc" xlink:from="tse-snedjpfr-14010_InvestmentRealEstateLeaseIncomeOpeCF" xlink:to="tse-snedjpfr-14010_InvestmentRealEstateLeaseIncomeOpeCF_label_1" xlink:arcrole="http://www.xbrl.org/2003/arcrole/concept-label" order="1" />
    <link:labelArc xlink:type="arc" xlink:from="tse-snedjpfr-14010_NotesReceivableAccountsReceivableFromCompletedConstructionContractsAndContractAssetsCA" xlink:to="tse-snedjpfr-14010_NotesReceivableAccountsReceivableFromCompletedConstructionContractsAndContractAssetsCA_label" xlink:arcrole="http://www.xbrl.org/2003/arcrole/concept-label" order="1" />
    <link:labelArc xlink:type="arc" xlink:from="tse-snedjpfr-14010_NotesReceivableAccountsReceivableFromCompletedConstructionContractsAndContractAssetsCA" xlink:to="tse-snedjpfr-14010_NotesReceivableAccountsReceivableFromCompletedConstructionContractsAndContractAssetsCA_label_1" xlink:arcrole="http://www.xbrl.org/2003/arcrole/concept-label" order="1" />
    <link:labelArc xlink:type="arc" xlink:from="tse-snedjpfr-14010_PaymentsFromRentalOfRealEstateForInvestmentInvCF" xlink:to="tse-snedjpfr-14010_PaymentsFromRentalOfRealEstateForInvestmentInvCF_label" xlink:arcrole="http://www.xbrl.org/2003/arcrole/concept-label" order="1" />
    <link:labelArc xlink:type="arc" xlink:from="tse-snedjpfr-14010_PaymentsFromRentalOfRealEstateForInvestmentInvCF" xlink:to="tse-snedjpfr-14010_PaymentsFromRentalOfRealEstateForInvestmentInvCF_label_1" xlink:arcrole="http://www.xbrl.org/2003/arcrole/concept-label" order="1" />
    <link:labelArc xlink:type="arc" xlink:from="tse-snedjpfr-14010_RentRevenueOfRealEstateNOI" xlink:to="tse-snedjpfr-14010_RentRevenueOfRealEstateNOI_label" xlink:arcrole="http://www.xbrl.org/2003/arcrole/concept-label" order="1" />
    <link:labelArc xlink:type="arc" xlink:from="tse-snedjpfr-14010_RentRevenueOfRealEstateNOI" xlink:to="tse-snedjpfr-14010_RentRevenueOfRealEstateNOI_label_1" xlink:arcrole="http://www.xbrl.org/2003/arcrole/concept-label" order="1" />
    <link:labelArc xlink:type="arc" xlink:from="tse-snedjpfr-14010_RentRevenueOfRealEstateNOI" xlink:to="tse-snedjpfr-14010_RentRevenueOfRealEstateNOI_label_2" xlink:arcrole="http://www.xbrl.org/2003/arcrole/concept-label" order="1" />
  </link:labelLink>
</link:linkbase>