<?xml version="1.0" encoding="utf-8"?>
<!-- Generated by PRONEXUS WORKS --><link:linkbase xmlns:link="http://www.xbrl.org/2003/linkbase" xmlns:xsi="http://www.w3.org/2001/XMLSchema-instance" xmlns:xbrli="http://www.xbrl.org/2003/instance" xmlns:xlink="http://www.w3.org/1999/xlink">  <link:labelLink xlink:type="extended" xlink:role="http://www.xbrl.org/2003/role/link">    <link:loc xlink:type="locator" xlink:href="tse-qcedjpfr-26530-2025-11-30-01-2026-01-08.xsd#tse-qcedjpfr-26530_ProvisionForDirectorsCompensationPayableForAchievementsCL" xlink:label="ProvisionForDirectorsCompensationPayableForAchievementsCL" />    <link:loc xlink:type="locator" xlink:href="tse-qcedjpfr-26530-2025-11-30-01-2026-01-08.xsd#tse-qcedjpfr-26530_ProvisionForLossOnStoreClosingsNCL" xlink:label="ProvisionForLossOnStoreClosingsNCL" />    <link:loc xlink:type="locator" xlink:href="tse-qcedjpfr-26530-2025-11-30-01-2026-01-08.xsd#tse-qcedjpfr-26530_GainOnCollectionOfGuaranteeDepositsNOI" xlink:label="GainOnCollectionOfGuaranteeDepositsNOI" />    <link:loc xlink:type="locator" xlink:href="tse-qcedjpfr-26530-2025-11-30-01-2026-01-08.xsd#tse-qcedjpfr-26530_NotesRegardingLossOnDisasterTextBlock" xlink:label="NotesRegardingLossOnDisasterTextBlock" />    <link:loc xlink:type="locator" xlink:href="tse-qcedjpfr-26530-2025-11-30-01-2026-01-08.xsd#tse-qcedjpfr-26530_NotesRegardingInsuranceIncomeTextBlock" xlink:label="NotesRegardingInsuranceIncomeTextBlock" />    <link:label xlink:type="resource" xlink:label="label_ProvisionForDirectorsCompensationPayableForAchievementsCL_2" xml:lang="en" xlink:role="http://www.xbrl.org/2003/role/label" id="label_ProvisionForDirectorsCompensationPayableForAchievementsCL_2">Provision for directors' compensation payable for achievements</link:label>    <link:labelArc xlink:type="arc" xlink:arcrole="http://www.xbrl.org/2003/arcrole/concept-label" xlink:from="ProvisionForDirectorsCompensationPayableForAchievementsCL" xlink:to="label_ProvisionForDirectorsCompensationPayableForAchievementsCL_2" />    <link:label xlink:type="resource" xlink:label="label_ProvisionForDirectorsCompensationPayableForAchievementsCL" xml:lang="en" xlink:role="http://www.xbrl.org/2003/role/verboseLabel" id="label_ProvisionForDirectorsCompensationPayableForAchievementsCL">Provision for directors' compensation payable for achievements-CL</link:label>    <link:labelArc xlink:type="arc" xlink:arcrole="http://www.xbrl.org/2003/arcrole/concept-label" xlink:from="ProvisionForDirectorsCompensationPayableForAchievementsCL" xlink:to="label_ProvisionForDirectorsCompensationPayableForAchievementsCL" />    <link:label xlink:type="resource" xlink:label="label_ProvisionForLossOnStoreClosingsNCL_2" xml:lang="en" xlink:role="http://www.xbrl.org/2003/role/label" id="label_ProvisionForLossOnStoreClosingsNCL_2">Provision for loss on store closings</link:label>    <link:labelArc xlink:type="arc" xlink:arcrole="http://www.xbrl.org/2003/arcrole/concept-label" xlink:from="ProvisionForLossOnStoreClosingsNCL" xlink:to="label_ProvisionForLossOnStoreClosingsNCL_2" />    <link:label xlink:type="resource" xlink:label="label_ProvisionForLossOnStoreClosingsNCL" xml:lang="en" xlink:role="http://www.xbrl.org/2003/role/verboseLabel" id="label_ProvisionForLossOnStoreClosingsNCL">Provision for loss on store closings-NCL</link:label>    <link:labelArc xlink:type="arc" xlink:arcrole="http://www.xbrl.org/2003/arcrole/concept-label" xlink:from="ProvisionForLossOnStoreClosingsNCL" xlink:to="label_ProvisionForLossOnStoreClosingsNCL" />    <link:label xlink:type="resource" xlink:label="label_NotesRegardingLossOnDisasterTextBlock" xml:lang="en" xlink:role="http://www.xbrl.org/2003/role/label" id="label_NotesRegardingLossOnDisasterTextBlock">Notes regarding loss on disaster</link:label>    <link:labelArc xlink:type="arc" xlink:arcrole="http://www.xbrl.org/2003/arcrole/concept-label" xlink:from="NotesRegardingLossOnDisasterTextBlock" xlink:to="label_NotesRegardingLossOnDisasterTextBlock" />    <link:label xlink:type="resource" xlink:label="label_NotesRegardingLossOnDisasterTextBlock_2" xml:lang="en" xlink:role="http://www.xbrl.org/2003/role/verboseLabel" id="label_NotesRegardingLossOnDisasterTextBlock_2">Notes regarding loss on disaster [text block]</link:label>    <link:labelArc xlink:type="arc" xlink:arcrole="http://www.xbrl.org/2003/arcrole/concept-label" xlink:from="NotesRegardingLossOnDisasterTextBlock" xlink:to="label_NotesRegardingLossOnDisasterTextBlock_2" />    <link:label xlink:type="resource" xlink:label="label_NotesRegardingInsuranceIncomeTextBlock_2" xml:lang="en" xlink:role="http://www.xbrl.org/2003/role/label" id="label_NotesRegardingInsuranceIncomeTextBlock_2">Notes regarding insurance income</link:label>    <link:labelArc xlink:type="arc" xlink:arcrole="http://www.xbrl.org/2003/arcrole/concept-label" xlink:from="NotesRegardingInsuranceIncomeTextBlock" xlink:to="label_NotesRegardingInsuranceIncomeTextBlock_2" />    <link:label xlink:type="resource" xlink:label="label_NotesRegardingInsuranceIncomeTextBlock" xml:lang="en" xlink:role="http://www.xbrl.org/2003/role/verboseLabel" id="label_NotesRegardingInsuranceIncomeTextBlock">Notes regarding insurance income [text block]</link:label>    <link:labelArc xlink:type="arc" xlink:arcrole="http://www.xbrl.org/2003/arcrole/concept-label" xlink:from="NotesRegardingInsuranceIncomeTextBlock" xlink:to="label_NotesRegardingInsuranceIncomeTextBlock" />    <link:label xlink:type="resource" xlink:label="label_GainOnCollectionOfGuaranteeDepositsNOI" xml:lang="en" xlink:role="http://www.xbrl.org/2003/role/label" id="label_GainOnCollectionOfGuaranteeDepositsNOI">Gain on collection of guarantee deposits</link:label>    <link:labelArc xlink:type="arc" xlink:arcrole="http://www.xbrl.org/2003/arcrole/concept-label" xlink:from="GainOnCollectionOfGuaranteeDepositsNOI" xlink:to="label_GainOnCollectionOfGuaranteeDepositsNOI" />    <link:label xlink:type="resource" xlink:label="label_GainOnCollectionOfGuaranteeDepositsNOI_2" xml:lang="en" xlink:role="http://www.xbrl.org/2003/role/verboseLabel" id="label_GainOnCollectionOfGuaranteeDepositsNOI_2">Gain on collection of guarantee deposits-NOI</link:label>    <link:labelArc xlink:type="arc" xlink:arcrole="http://www.xbrl.org/2003/arcrole/concept-label" xlink:from="GainOnCollectionOfGuaranteeDepositsNOI" xlink:to="label_GainOnCollectionOfGuaranteeDepositsNOI_2" />  </link:labelLink></link:linkbase>