<?xml version="1.0" encoding="utf-8"?>
<!-- Generated by PRONEXUS WORKS --><link:linkbase xmlns:link="http://www.xbrl.org/2003/linkbase" xmlns:xsi="http://www.w3.org/2001/XMLSchema-instance" xmlns:xbrli="http://www.xbrl.org/2003/instance" xmlns:xlink="http://www.w3.org/1999/xlink">  <link:labelLink xlink:type="extended" xlink:role="http://www.xbrl.org/2003/role/link">    <link:loc xlink:type="locator" xlink:href="tse-scedjpfr-77130-2025-11-30-01-2026-01-09.xsd#tse-scedjpfr-77130_LaserComponentsBusinessReportableSegmentsMember" xlink:label="LaserComponentsBusinessReportableSegmentsMember" />    <link:loc xlink:type="locator" xlink:href="tse-scedjpfr-77130-2025-11-30-01-2026-01-09.xsd#tse-scedjpfr-77130_LaserSystemBusinessReportableSegmentsMember" xlink:label="LaserSystemBusinessReportableSegmentsMember" />    <link:label xlink:type="resource" xlink:label="label_LaserComponentsBusinessReportableSegmentsMember" xml:lang="en" xlink:role="http://www.xbrl.org/2003/role/label" id="label_LaserComponentsBusinessReportableSegmentsMember">Laser Components Business</link:label>    <link:labelArc xlink:type="arc" xlink:arcrole="http://www.xbrl.org/2003/arcrole/concept-label" xlink:from="LaserComponentsBusinessReportableSegmentsMember" xlink:to="label_LaserComponentsBusinessReportableSegmentsMember" />    <link:label xlink:type="resource" xlink:label="label_LaserComponentsBusinessReportableSegmentsMember_2" xml:lang="en" xlink:role="http://www.xbrl.org/2003/role/verboseLabel" id="label_LaserComponentsBusinessReportableSegmentsMember_2">Laser Components Business, Reportable segments [member]</link:label>    <link:labelArc xlink:type="arc" xlink:arcrole="http://www.xbrl.org/2003/arcrole/concept-label" xlink:from="LaserComponentsBusinessReportableSegmentsMember" xlink:to="label_LaserComponentsBusinessReportableSegmentsMember_2" />    <link:label xlink:type="resource" xlink:label="label_LaserSystemBusinessReportableSegmentsMember" xml:lang="en" xlink:role="http://www.xbrl.org/2003/role/label" id="label_LaserSystemBusinessReportableSegmentsMember">Laser System Business</link:label>    <link:labelArc xlink:type="arc" xlink:arcrole="http://www.xbrl.org/2003/arcrole/concept-label" xlink:from="LaserSystemBusinessReportableSegmentsMember" xlink:to="label_LaserSystemBusinessReportableSegmentsMember" />    <link:label xlink:type="resource" xlink:label="label_LaserSystemBusinessReportableSegmentsMember_2" xml:lang="en" xlink:role="http://www.xbrl.org/2003/role/verboseLabel" id="label_LaserSystemBusinessReportableSegmentsMember_2">Laser System Business, Reportable segments [member]</link:label>    <link:labelArc xlink:type="arc" xlink:arcrole="http://www.xbrl.org/2003/arcrole/concept-label" xlink:from="LaserSystemBusinessReportableSegmentsMember" xlink:to="label_LaserSystemBusinessReportableSegmentsMember_2" />  </link:labelLink></link:linkbase>