<?xml version="1.0" encoding="utf-8"?>
<!-- Generated by PRONEXUS WORKS --><link:linkbase xmlns:link="http://www.xbrl.org/2003/linkbase" xmlns:xsi="http://www.w3.org/2001/XMLSchema-instance" xmlns:xbrli="http://www.xbrl.org/2003/instance" xmlns:xlink="http://www.w3.org/1999/xlink">  <link:labelLink xlink:type="extended" xlink:role="http://www.xbrl.org/2003/role/link">    <link:loc xlink:type="locator" xlink:href="tse-acedjpfr-29750-2025-11-30-01-2026-01-13.xsd#tse-acedjpfr-29750_RenovationCondominiumBusinessReportableSegmentsMember" xlink:label="RenovationCondominiumBusinessReportableSegmentsMember" />    <link:loc xlink:type="locator" xlink:href="tse-acedjpfr-29750-2025-11-30-01-2026-01-13.xsd#tse-acedjpfr-29750_InvestmentBusinessReportableSegmentsMember" xlink:label="InvestmentBusinessReportableSegmentsMember" />    <link:loc xlink:type="locator" xlink:href="tse-acedjpfr-29750-2025-11-30-01-2026-01-13.xsd#tse-acedjpfr-29750_AdvisoryBusinessReportableSegmentsMember" xlink:label="AdvisoryBusinessReportableSegmentsMember" />    <link:loc xlink:type="locator" xlink:href="tse-acedjpfr-29750-2025-11-30-01-2026-01-13.xsd#tse-acedjpfr-29750_LossOnValuationOfOperationalInvestmentSecuritiesOpeCF" xlink:label="LossOnValuationOfOperationalInvestmentSecuritiesOpeCF" />    <link:label xlink:type="resource" xlink:label="label_LossOnValuationOfOperationalInvestmentSecuritiesOpeCF" xml:lang="ja" xlink:role="http://www.xbrl.org/2003/role/label" id="label_LossOnValuationOfOperationalInvestmentSecuritiesOpeCF">営業投資有価証券評価損</link:label>    <link:labelArc xlink:type="arc" xlink:arcrole="http://www.xbrl.org/2003/arcrole/concept-label" xlink:from="LossOnValuationOfOperationalInvestmentSecuritiesOpeCF" xlink:to="label_LossOnValuationOfOperationalInvestmentSecuritiesOpeCF" />    <link:label xlink:type="resource" xlink:label="label_LossOnValuationOfOperationalInvestmentSecuritiesOpeCF_2" xml:lang="ja" xlink:role="http://www.xbrl.org/2003/role/verboseLabel" id="label_LossOnValuationOfOperationalInvestmentSecuritiesOpeCF_2">営業投資有価証券評価損、営業活動によるキャッシュ・フロー</link:label>    <link:labelArc xlink:type="arc" xlink:arcrole="http://www.xbrl.org/2003/arcrole/concept-label" xlink:from="LossOnValuationOfOperationalInvestmentSecuritiesOpeCF" xlink:to="label_LossOnValuationOfOperationalInvestmentSecuritiesOpeCF_2" />    <link:label xlink:type="resource" xlink:label="label_RenovationCondominiumBusinessReportableSegmentsMember" xml:lang="ja" xlink:role="http://www.xbrl.org/2003/role/label" id="label_RenovationCondominiumBusinessReportableSegmentsMember">リノベマンション事業</link:label>    <link:labelArc xlink:type="arc" xlink:arcrole="http://www.xbrl.org/2003/arcrole/concept-label" xlink:from="RenovationCondominiumBusinessReportableSegmentsMember" xlink:to="label_RenovationCondominiumBusinessReportableSegmentsMember" />    <link:label xlink:type="resource" xlink:label="label_RenovationCondominiumBusinessReportableSegmentsMember_2" xml:lang="ja" xlink:role="http://www.xbrl.org/2003/role/verboseLabel" id="label_RenovationCondominiumBusinessReportableSegmentsMember_2">リノベマンション事業、報告セグメント [メンバー]</link:label>    <link:labelArc xlink:type="arc" xlink:arcrole="http://www.xbrl.org/2003/arcrole/concept-label" xlink:from="RenovationCondominiumBusinessReportableSegmentsMember" xlink:to="label_RenovationCondominiumBusinessReportableSegmentsMember_2" />    <link:label xlink:type="resource" xlink:label="label_InvestmentBusinessReportableSegmentsMember" xml:lang="ja" xlink:role="http://www.xbrl.org/2003/role/label" id="label_InvestmentBusinessReportableSegmentsMember">インベストメント事業</link:label>    <link:labelArc xlink:type="arc" xlink:arcrole="http://www.xbrl.org/2003/arcrole/concept-label" xlink:from="InvestmentBusinessReportableSegmentsMember" xlink:to="label_InvestmentBusinessReportableSegmentsMember" />    <link:label xlink:type="resource" xlink:label="label_InvestmentBusinessReportableSegmentsMember_2" xml:lang="ja" xlink:role="http://www.xbrl.org/2003/role/verboseLabel" id="label_InvestmentBusinessReportableSegmentsMember_2">インベストメント事業、報告セグメント [メンバー]</link:label>    <link:labelArc xlink:type="arc" xlink:arcrole="http://www.xbrl.org/2003/arcrole/concept-label" xlink:from="InvestmentBusinessReportableSegmentsMember" xlink:to="label_InvestmentBusinessReportableSegmentsMember_2" />    <link:label xlink:type="resource" xlink:label="label_AdvisoryBusinessReportableSegmentsMember" xml:lang="ja" xlink:role="http://www.xbrl.org/2003/role/label" id="label_AdvisoryBusinessReportableSegmentsMember">アドバイザリー事業</link:label>    <link:labelArc xlink:type="arc" xlink:arcrole="http://www.xbrl.org/2003/arcrole/concept-label" xlink:from="AdvisoryBusinessReportableSegmentsMember" xlink:to="label_AdvisoryBusinessReportableSegmentsMember" />    <link:label xlink:type="resource" xlink:label="label_AdvisoryBusinessReportableSegmentsMember_2" xml:lang="ja" xlink:role="http://www.xbrl.org/2003/role/verboseLabel" id="label_AdvisoryBusinessReportableSegmentsMember_2">アドバイザリー事業、報告セグメント [メンバー]</link:label>    <link:labelArc xlink:type="arc" xlink:arcrole="http://www.xbrl.org/2003/arcrole/concept-label" xlink:from="AdvisoryBusinessReportableSegmentsMember" xlink:to="label_AdvisoryBusinessReportableSegmentsMember_2" />  </link:labelLink></link:linkbase>