<?xml version="1.0" encoding="utf-8"?>
<!-- Generated by PRONEXUS WORKS --><link:linkbase xmlns:link="http://www.xbrl.org/2003/linkbase" xmlns:xsi="http://www.w3.org/2001/XMLSchema-instance" xmlns:xbrli="http://www.xbrl.org/2003/instance" xmlns:xlink="http://www.w3.org/1999/xlink">  <link:labelLink xlink:type="extended" xlink:role="http://www.xbrl.org/2003/role/link">    <link:loc xlink:type="locator" xlink:href="tse-qcedjpfr-99780-2025-11-30-01-2026-01-14.xsd#tse-qcedjpfr-99780_ProvisionForBusinessRestructuringCL" xlink:label="ProvisionForBusinessRestructuringCL" />    <link:label xlink:type="resource" xlink:label="label_ProvisionForBusinessRestructuringCL" xml:lang="ja" xlink:role="http://www.xbrl.org/2003/role/label" id="label_ProvisionForBusinessRestructuringCL">事業構造改革引当金</link:label>    <link:labelArc xlink:type="arc" xlink:arcrole="http://www.xbrl.org/2003/arcrole/concept-label" xlink:from="ProvisionForBusinessRestructuringCL" xlink:to="label_ProvisionForBusinessRestructuringCL" />    <link:label xlink:type="resource" xlink:label="label_ProvisionForBusinessRestructuringCL_2" xml:lang="ja" xlink:role="http://www.xbrl.org/2003/role/verboseLabel" id="label_ProvisionForBusinessRestructuringCL_2">事業構造改革引当金、流動負債</link:label>    <link:labelArc xlink:type="arc" xlink:arcrole="http://www.xbrl.org/2003/arcrole/concept-label" xlink:from="ProvisionForBusinessRestructuringCL" xlink:to="label_ProvisionForBusinessRestructuringCL_2" />    <link:loc xlink:type="locator" xlink:href="tse-qcedjpfr-99780-2025-11-30-01-2026-01-14.xsd#tse-qcedjpfr-99780_RealEstateRentalServicesReportableSegmentMember" xlink:label="RealEstateRentalServicesReportableSegmentMember" />    <link:loc xlink:type="locator" xlink:href="tse-qcedjpfr-99780-2025-11-30-01-2026-01-14.xsd#tse-qcedjpfr-99780_SalesBusinessReportableSegmentMember" xlink:label="SalesBusinessReportableSegmentMember" />    <link:label xlink:type="resource" xlink:label="label_SalesBusinessReportableSegmentMember" xml:lang="ja" xlink:role="http://www.xbrl.org/2003/role/label" id="label_SalesBusinessReportableSegmentMember">販売事業</link:label>    <link:labelArc xlink:type="arc" xlink:arcrole="http://www.xbrl.org/2003/arcrole/concept-label" xlink:from="SalesBusinessReportableSegmentMember" xlink:to="label_SalesBusinessReportableSegmentMember" />    <link:label xlink:type="resource" xlink:label="label_SalesBusinessReportableSegmentMember_2" xml:lang="ja" xlink:role="http://www.xbrl.org/2003/role/verboseLabel" id="label_SalesBusinessReportableSegmentMember_2">販売事業、報告セグメント [メンバー]</link:label>    <link:labelArc xlink:type="arc" xlink:arcrole="http://www.xbrl.org/2003/arcrole/concept-label" xlink:from="SalesBusinessReportableSegmentMember" xlink:to="label_SalesBusinessReportableSegmentMember_2" />    <link:label xlink:type="resource" xlink:label="label_RealEstateRentalServicesReportableSegmentMember" xml:lang="ja" xlink:role="http://www.xbrl.org/2003/role/label" id="label_RealEstateRentalServicesReportableSegmentMember">不動産賃貸事業</link:label>    <link:labelArc xlink:type="arc" xlink:arcrole="http://www.xbrl.org/2003/arcrole/concept-label" xlink:from="RealEstateRentalServicesReportableSegmentMember" xlink:to="label_RealEstateRentalServicesReportableSegmentMember" />    <link:label xlink:type="resource" xlink:label="label_RealEstateRentalServicesReportableSegmentMember_2" xml:lang="ja" xlink:role="http://www.xbrl.org/2003/role/verboseLabel" id="label_RealEstateRentalServicesReportableSegmentMember_2">不動産賃貸事業、報告セグメント [メンバー]</link:label>    <link:labelArc xlink:type="arc" xlink:arcrole="http://www.xbrl.org/2003/arcrole/concept-label" xlink:from="RealEstateRentalServicesReportableSegmentMember" xlink:to="label_RealEstateRentalServicesReportableSegmentMember_2" />  </link:labelLink></link:linkbase>