﻿<?xml version="1.0" encoding="utf-8"?>
<!-- XBRL Document Created with WizLabo Platform -->
<link:linkbase xmlns:xlink="http://www.w3.org/1999/xlink" xmlns:xsi="http://www.w3.org/2001/XMLSchema-instance" xmlns:link="http://www.xbrl.org/2003/linkbase">
  <link:roleRef xlink:type="simple" xlink:href="http://disclosure.edinet-fsa.go.jp/taxonomy/jppfs/2023-12-01/jppfs_rt_2023-12-01.xsd#rol_CTELabel" roleURI="http://disclosure.edinet-fsa.go.jp/jppfs/cte/role/label" />
  <link:labelLink xlink:type="extended" xlink:role="http://www.xbrl.org/2003/role/link">
    <link:label xml:lang="ja" xlink:type="resource" xlink:label="jppfs_cor_AssetsForRentNet_label" xlink:role="http://disclosure.edinet-fsa.go.jp/jppfs/cte/role/label">貸与資産</link:label>
    <link:label xml:lang="ja" xlink:type="resource" xlink:label="jppfs_cor_OtherNetPPE_label" xlink:role="http://disclosure.edinet-fsa.go.jp/jppfs/cte/role/label">その他</link:label>
    <link:label xml:lang="ja" xlink:type="resource" xlink:label="jppfs_cor_RealEstateForRentNet_label" xlink:role="http://disclosure.edinet-fsa.go.jp/jppfs/cte/role/label">賃貸不動産（純額）</link:label>
    <link:label xml:lang="ja" xlink:type="resource" xlink:label="tse-qcedjpfr-81250_CommercialBusinessReportableSegmentsMember_label" xlink:role="http://www.xbrl.org/2003/role/label">商事事業</link:label>
    <link:label xml:lang="ja" xlink:type="resource" xlink:label="tse-qcedjpfr-81250_CommercialBusinessReportableSegmentsMember_label_1" xlink:role="http://www.xbrl.org/2003/role/verboseLabel">商事事業、報告セグメント[メンバー]</link:label>
    <link:label xml:lang="ja" xlink:type="resource" xlink:label="tse-qcedjpfr-81250_ConstructionMachineryBusinessReportableSegmentsMember_label" xlink:role="http://www.xbrl.org/2003/role/label">建機事業</link:label>
    <link:label xml:lang="ja" xlink:type="resource" xlink:label="tse-qcedjpfr-81250_ConstructionMachineryBusinessReportableSegmentsMember_label_1" xlink:role="http://www.xbrl.org/2003/role/verboseLabel">建機事業、報告セグメント[メンバー]</link:label>
    <link:label xml:lang="ja" xlink:type="resource" xlink:label="tse-qcedjpfr-81250_ProvisionForShareBasedCompensationExpensesForDirectorsNCL_label" xlink:role="http://www.xbrl.org/2003/role/label">役員株式報酬引当金</link:label>
    <link:label xml:lang="ja" xlink:type="resource" xlink:label="tse-qcedjpfr-81250_ProvisionForShareBasedCompensationExpensesForDirectorsNCL_label_1" xlink:role="http://www.xbrl.org/2003/role/verboseLabel">役員株式報酬引当金、固定負債</link:label>
    <link:label xml:lang="ja" xlink:type="resource" xlink:label="tse-qcedjpfr-81250_RealEstateBusinessReportableSegmentsMember_label" xlink:role="http://www.xbrl.org/2003/role/label">不動産事業</link:label>
    <link:label xml:lang="ja" xlink:type="resource" xlink:label="tse-qcedjpfr-81250_RealEstateBusinessReportableSegmentsMember_label_1" xlink:role="http://www.xbrl.org/2003/role/verboseLabel">不動産事業、報告セグメント[メンバー]</link:label>
    <link:loc xlink:type="locator" xlink:href="http://disclosure.edinet-fsa.go.jp/taxonomy/jppfs/2023-12-01/jppfs_cor_2023-12-01.xsd#jppfs_cor_AssetsForRentNet" xlink:label="jppfs_cor_AssetsForRentNet" />
    <link:loc xlink:type="locator" xlink:href="http://disclosure.edinet-fsa.go.jp/taxonomy/jppfs/2023-12-01/jppfs_cor_2023-12-01.xsd#jppfs_cor_OtherNetPPE" xlink:label="jppfs_cor_OtherNetPPE" />
    <link:loc xlink:type="locator" xlink:href="http://disclosure.edinet-fsa.go.jp/taxonomy/jppfs/2023-12-01/jppfs_cor_2023-12-01.xsd#jppfs_cor_RealEstateForRentNet" xlink:label="jppfs_cor_RealEstateForRentNet" />
    <link:loc xlink:type="locator" xlink:href="tse-qcedjpfr-81250-2025-11-30-01-2026-01-09.xsd#tse-qcedjpfr-81250_CommercialBusinessReportableSegmentsMember" xlink:label="tse-qcedjpfr-81250_CommercialBusinessReportableSegmentsMember" />
    <link:loc xlink:type="locator" xlink:href="tse-qcedjpfr-81250-2025-11-30-01-2026-01-09.xsd#tse-qcedjpfr-81250_ConstructionMachineryBusinessReportableSegmentsMember" xlink:label="tse-qcedjpfr-81250_ConstructionMachineryBusinessReportableSegmentsMember" />
    <link:loc xlink:type="locator" xlink:href="tse-qcedjpfr-81250-2025-11-30-01-2026-01-09.xsd#tse-qcedjpfr-81250_ProvisionForShareBasedCompensationExpensesForDirectorsNCL" xlink:label="tse-qcedjpfr-81250_ProvisionForShareBasedCompensationExpensesForDirectorsNCL" />
    <link:loc xlink:type="locator" xlink:href="tse-qcedjpfr-81250-2025-11-30-01-2026-01-09.xsd#tse-qcedjpfr-81250_RealEstateBusinessReportableSegmentsMember" xlink:label="tse-qcedjpfr-81250_RealEstateBusinessReportableSegmentsMember" />
    <link:labelArc xlink:type="arc" xlink:from="jppfs_cor_AssetsForRentNet" xlink:to="jppfs_cor_AssetsForRentNet_label" xlink:arcrole="http://www.xbrl.org/2003/arcrole/concept-label" order="1" />
    <link:labelArc xlink:type="arc" xlink:from="jppfs_cor_OtherNetPPE" xlink:to="jppfs_cor_OtherNetPPE_label" xlink:arcrole="http://www.xbrl.org/2003/arcrole/concept-label" order="1" />
    <link:labelArc xlink:type="arc" xlink:from="jppfs_cor_RealEstateForRentNet" xlink:to="jppfs_cor_RealEstateForRentNet_label" xlink:arcrole="http://www.xbrl.org/2003/arcrole/concept-label" order="1" />
    <link:labelArc xlink:type="arc" xlink:from="tse-qcedjpfr-81250_CommercialBusinessReportableSegmentsMember" xlink:to="tse-qcedjpfr-81250_CommercialBusinessReportableSegmentsMember_label" xlink:arcrole="http://www.xbrl.org/2003/arcrole/concept-label" order="1" />
    <link:labelArc xlink:type="arc" xlink:from="tse-qcedjpfr-81250_CommercialBusinessReportableSegmentsMember" xlink:to="tse-qcedjpfr-81250_CommercialBusinessReportableSegmentsMember_label_1" xlink:arcrole="http://www.xbrl.org/2003/arcrole/concept-label" order="1" />
    <link:labelArc xlink:type="arc" xlink:from="tse-qcedjpfr-81250_ConstructionMachineryBusinessReportableSegmentsMember" xlink:to="tse-qcedjpfr-81250_ConstructionMachineryBusinessReportableSegmentsMember_label" xlink:arcrole="http://www.xbrl.org/2003/arcrole/concept-label" order="1" />
    <link:labelArc xlink:type="arc" xlink:from="tse-qcedjpfr-81250_ConstructionMachineryBusinessReportableSegmentsMember" xlink:to="tse-qcedjpfr-81250_ConstructionMachineryBusinessReportableSegmentsMember_label_1" xlink:arcrole="http://www.xbrl.org/2003/arcrole/concept-label" order="1" />
    <link:labelArc xlink:type="arc" xlink:from="tse-qcedjpfr-81250_ProvisionForShareBasedCompensationExpensesForDirectorsNCL" xlink:to="tse-qcedjpfr-81250_ProvisionForShareBasedCompensationExpensesForDirectorsNCL_label" xlink:arcrole="http://www.xbrl.org/2003/arcrole/concept-label" order="1" />
    <link:labelArc xlink:type="arc" xlink:from="tse-qcedjpfr-81250_ProvisionForShareBasedCompensationExpensesForDirectorsNCL" xlink:to="tse-qcedjpfr-81250_ProvisionForShareBasedCompensationExpensesForDirectorsNCL_label_1" xlink:arcrole="http://www.xbrl.org/2003/arcrole/concept-label" order="1" />
    <link:labelArc xlink:type="arc" xlink:from="tse-qcedjpfr-81250_RealEstateBusinessReportableSegmentsMember" xlink:to="tse-qcedjpfr-81250_RealEstateBusinessReportableSegmentsMember_label" xlink:arcrole="http://www.xbrl.org/2003/arcrole/concept-label" order="1" />
    <link:labelArc xlink:type="arc" xlink:from="tse-qcedjpfr-81250_RealEstateBusinessReportableSegmentsMember" xlink:to="tse-qcedjpfr-81250_RealEstateBusinessReportableSegmentsMember_label_1" xlink:arcrole="http://www.xbrl.org/2003/arcrole/concept-label" order="1" />
  </link:labelLink>
</link:linkbase>