﻿<?xml version="1.0" encoding="utf-8"?>
<!-- XBRL Document Created with WizLabo Platform -->
<link:linkbase xmlns:xlink="http://www.w3.org/1999/xlink" xmlns:xsi="http://www.w3.org/2001/XMLSchema-instance" xmlns:link="http://www.xbrl.org/2003/linkbase">
  <link:labelLink xlink:type="extended" xlink:role="http://www.xbrl.org/2003/role/link">
    <link:label xml:lang="ja" xlink:type="resource" xlink:label="tse-qnedjpfr-86170_LongTermAdvancePaidIOASEC_label_1" xlink:role="http://www.xbrl.org/2003/role/label">長期立替金</link:label>
    <link:label xml:lang="ja" xlink:type="resource" xlink:label="tse-qnedjpfr-86170_LongTermAdvancePaidIOASEC_label_2" xlink:role="http://www.xbrl.org/2003/role/verboseLabel">長期立替金、投資その他の資産、第一種金融商品取引業</link:label>
    <link:label xml:lang="ja" xlink:type="resource" xlink:label="tse-qnedjpfr-86170_LongTermAdvancePaidIOASEC_label" xlink:role="http://www.xbrl.org/2003/role/documentation">長期立替金、投資その他の資産、第一種金融商品取引業</link:label>
    <link:loc xlink:type="locator" xlink:href="tse-qnedjpfr-86170-2025-12-31-01-2026-01-22.xsd#tse-qnedjpfr-86170_LongTermAdvancePaidIOASEC" xlink:label="tse-qnedjpfr-86170_LongTermAdvancePaidIOASEC" />
    <link:labelArc xlink:type="arc" xlink:from="tse-qnedjpfr-86170_LongTermAdvancePaidIOASEC" xlink:to="tse-qnedjpfr-86170_LongTermAdvancePaidIOASEC_label" xlink:arcrole="http://www.xbrl.org/2003/arcrole/concept-label" order="1" />
    <link:labelArc xlink:type="arc" xlink:from="tse-qnedjpfr-86170_LongTermAdvancePaidIOASEC" xlink:to="tse-qnedjpfr-86170_LongTermAdvancePaidIOASEC_label_1" xlink:arcrole="http://www.xbrl.org/2003/arcrole/concept-label" order="1" />
    <link:labelArc xlink:type="arc" xlink:from="tse-qnedjpfr-86170_LongTermAdvancePaidIOASEC" xlink:to="tse-qnedjpfr-86170_LongTermAdvancePaidIOASEC_label_2" xlink:arcrole="http://www.xbrl.org/2003/arcrole/concept-label" order="1" />
  </link:labelLink>
</link:linkbase>