﻿<?xml version="1.0" encoding="utf-8"?>
<!-- XBRL Document Created with WizLabo Platform -->
<link:linkbase xmlns:xlink="http://www.w3.org/1999/xlink" xmlns:xsi="http://www.w3.org/2001/XMLSchema-instance" xmlns:link="http://www.xbrl.org/2003/linkbase">
  <link:labelLink xlink:type="extended" xlink:role="http://www.xbrl.org/2003/role/link">
    <link:label xml:lang="en" xlink:type="resource" xlink:label="tse-qnedjpfr-89310_CondominiumSalesReportableSegmentsMember_label" xlink:role="http://www.xbrl.org/2003/role/label">Condominium sales</link:label>
    <link:label xml:lang="en" xlink:type="resource" xlink:label="tse-qnedjpfr-89310_CondominiumSalesReportableSegmentsMember_label_1" xlink:role="http://www.xbrl.org/2003/role/verboseLabel">Condominium sales, Reportable segments[member]</link:label>
    <link:label xml:lang="en" xlink:type="resource" xlink:label="tse-qnedjpfr-89310_OtherRealEstateSalesReportableSegmentsMember_label" xlink:role="http://www.xbrl.org/2003/role/label">Other real estate sales</link:label>
    <link:label xml:lang="en" xlink:type="resource" xlink:label="tse-qnedjpfr-89310_OtherRealEstateSalesReportableSegmentsMember_label_1" xlink:role="http://www.xbrl.org/2003/role/verboseLabel">Other real estate sales, Reportable segments [member]</link:label>
    <link:label xml:lang="en" xlink:type="resource" xlink:label="tse-qnedjpfr-89310_RentIncomeOfRealEstateReportableSegmentsMember_label" xlink:role="http://www.xbrl.org/2003/role/label">Rent income of real estate</link:label>
    <link:label xml:lang="en" xlink:type="resource" xlink:label="tse-qnedjpfr-89310_RentIncomeOfRealEstateReportableSegmentsMember_label_1" xlink:role="http://www.xbrl.org/2003/role/verboseLabel">Rent income of real estate, Reportable segments[member]</link:label>
    <link:label xml:lang="en" xlink:type="resource" xlink:label="tse-qnedjpfr-89310_SingleFamilyHouseSalesReportableSegmentsMember_label" xlink:role="http://www.xbrl.org/2003/role/label">Single-family house sales</link:label>
    <link:label xml:lang="en" xlink:type="resource" xlink:label="tse-qnedjpfr-89310_SingleFamilyHouseSalesReportableSegmentsMember_label_1" xlink:role="http://www.xbrl.org/2003/role/verboseLabel">Single-family house sales, Reportable segments[member]</link:label>
    <link:loc xlink:type="locator" xlink:href="tse-qnedjpfr-89310-2025-11-30-01-2026-01-09.xsd#tse-qnedjpfr-89310_CondominiumSalesReportableSegmentsMember" xlink:label="tse-qnedjpfr-89310_CondominiumSalesReportableSegmentsMember" />
    <link:loc xlink:type="locator" xlink:href="tse-qnedjpfr-89310-2025-11-30-01-2026-01-09.xsd#tse-qnedjpfr-89310_OtherRealEstateSalesReportableSegmentsMember" xlink:label="tse-qnedjpfr-89310_OtherRealEstateSalesReportableSegmentsMember" />
    <link:loc xlink:type="locator" xlink:href="tse-qnedjpfr-89310-2025-11-30-01-2026-01-09.xsd#tse-qnedjpfr-89310_RentIncomeOfRealEstateReportableSegmentsMember" xlink:label="tse-qnedjpfr-89310_RentIncomeOfRealEstateReportableSegmentsMember" />
    <link:loc xlink:type="locator" xlink:href="tse-qnedjpfr-89310-2025-11-30-01-2026-01-09.xsd#tse-qnedjpfr-89310_SingleFamilyHouseSalesReportableSegmentsMember" xlink:label="tse-qnedjpfr-89310_SingleFamilyHouseSalesReportableSegmentsMember" />
    <link:labelArc xlink:type="arc" xlink:from="tse-qnedjpfr-89310_CondominiumSalesReportableSegmentsMember" xlink:to="tse-qnedjpfr-89310_CondominiumSalesReportableSegmentsMember_label" xlink:arcrole="http://www.xbrl.org/2003/arcrole/concept-label" order="1" />
    <link:labelArc xlink:type="arc" xlink:from="tse-qnedjpfr-89310_CondominiumSalesReportableSegmentsMember" xlink:to="tse-qnedjpfr-89310_CondominiumSalesReportableSegmentsMember_label_1" xlink:arcrole="http://www.xbrl.org/2003/arcrole/concept-label" order="1" />
    <link:labelArc xlink:type="arc" xlink:from="tse-qnedjpfr-89310_OtherRealEstateSalesReportableSegmentsMember" xlink:to="tse-qnedjpfr-89310_OtherRealEstateSalesReportableSegmentsMember_label" xlink:arcrole="http://www.xbrl.org/2003/arcrole/concept-label" order="1" />
    <link:labelArc xlink:type="arc" xlink:from="tse-qnedjpfr-89310_OtherRealEstateSalesReportableSegmentsMember" xlink:to="tse-qnedjpfr-89310_OtherRealEstateSalesReportableSegmentsMember_label_1" xlink:arcrole="http://www.xbrl.org/2003/arcrole/concept-label" order="1" />
    <link:labelArc xlink:type="arc" xlink:from="tse-qnedjpfr-89310_RentIncomeOfRealEstateReportableSegmentsMember" xlink:to="tse-qnedjpfr-89310_RentIncomeOfRealEstateReportableSegmentsMember_label" xlink:arcrole="http://www.xbrl.org/2003/arcrole/concept-label" order="1" />
    <link:labelArc xlink:type="arc" xlink:from="tse-qnedjpfr-89310_RentIncomeOfRealEstateReportableSegmentsMember" xlink:to="tse-qnedjpfr-89310_RentIncomeOfRealEstateReportableSegmentsMember_label_1" xlink:arcrole="http://www.xbrl.org/2003/arcrole/concept-label" order="1" />
    <link:labelArc xlink:type="arc" xlink:from="tse-qnedjpfr-89310_SingleFamilyHouseSalesReportableSegmentsMember" xlink:to="tse-qnedjpfr-89310_SingleFamilyHouseSalesReportableSegmentsMember_label" xlink:arcrole="http://www.xbrl.org/2003/arcrole/concept-label" order="1" />
    <link:labelArc xlink:type="arc" xlink:from="tse-qnedjpfr-89310_SingleFamilyHouseSalesReportableSegmentsMember" xlink:to="tse-qnedjpfr-89310_SingleFamilyHouseSalesReportableSegmentsMember_label_1" xlink:arcrole="http://www.xbrl.org/2003/arcrole/concept-label" order="1" />
  </link:labelLink>
</link:linkbase>