<?xml version="1.0" encoding="utf-8"?>
<!-- Generated by PRONEXUS WORKS --><link:linkbase xmlns:link="http://www.xbrl.org/2003/linkbase" xmlns:xsi="http://www.w3.org/2001/XMLSchema-instance" xmlns:xbrli="http://www.xbrl.org/2003/instance" xmlns:xlink="http://www.w3.org/1999/xlink">  <link:labelLink xlink:type="extended" xlink:role="http://www.xbrl.org/2003/role/link">    <link:loc xlink:type="locator" xlink:href="tse-qcedjpfr-82000-2025-11-30-01-2026-01-09.xsd#tse-qcedjpfr-82000_NagasakiChamponReportableSegmentsMember" xlink:label="NagasakiChamponReportableSegmentsMember" />    <link:loc xlink:type="locator" xlink:href="tse-qcedjpfr-82000-2025-11-30-01-2026-01-09.xsd#tse-qcedjpfr-82000_TonkatsuReportableSegmentsMember" xlink:label="TonkatsuReportableSegmentsMember" />    <link:loc xlink:type="locator" xlink:href="tse-qcedjpfr-82000-2025-11-30-01-2026-01-09.xsd#tse-qcedjpfr-82000_MaintenanceReportableSegmentsMember" xlink:label="MaintenanceReportableSegmentsMember" />    <link:loc xlink:type="locator" xlink:href="tse-qcedjpfr-82000-2025-11-30-01-2026-01-09.xsd#tse-qcedjpfr-82000_NetSalesAndOtherOperatingRevenueSegmentInformation" xlink:label="NetSalesAndOtherOperatingRevenueSegmentInformation" />    <link:label xlink:type="resource" xlink:label="label_NagasakiChamponReportableSegmentsMember" xml:lang="en" xlink:role="http://www.xbrl.org/2003/role/label" id="label_NagasakiChamponReportableSegmentsMember">Nagasaki Champon</link:label>    <link:labelArc xlink:type="arc" xlink:arcrole="http://www.xbrl.org/2003/arcrole/concept-label" xlink:from="NagasakiChamponReportableSegmentsMember" xlink:to="label_NagasakiChamponReportableSegmentsMember" />    <link:label xlink:type="resource" xlink:label="label_NagasakiChamponReportableSegmentsMember_2" xml:lang="en" xlink:role="http://www.xbrl.org/2003/role/verboseLabel" id="label_NagasakiChamponReportableSegmentsMember_2">Nagasaki Champon, Reportable segments [member]</link:label>    <link:labelArc xlink:type="arc" xlink:arcrole="http://www.xbrl.org/2003/arcrole/concept-label" xlink:from="NagasakiChamponReportableSegmentsMember" xlink:to="label_NagasakiChamponReportableSegmentsMember_2" />    <link:label xlink:type="resource" xlink:label="label_TonkatsuReportableSegmentsMember" xml:lang="en" xlink:role="http://www.xbrl.org/2003/role/label" id="label_TonkatsuReportableSegmentsMember">Tonkatsu</link:label>    <link:labelArc xlink:type="arc" xlink:arcrole="http://www.xbrl.org/2003/arcrole/concept-label" xlink:from="TonkatsuReportableSegmentsMember" xlink:to="label_TonkatsuReportableSegmentsMember" />    <link:label xlink:type="resource" xlink:label="label_TonkatsuReportableSegmentsMember_2" xml:lang="en" xlink:role="http://www.xbrl.org/2003/role/verboseLabel" id="label_TonkatsuReportableSegmentsMember_2">Tonkatsu, Reportable segments [member]</link:label>    <link:labelArc xlink:type="arc" xlink:arcrole="http://www.xbrl.org/2003/arcrole/concept-label" xlink:from="TonkatsuReportableSegmentsMember" xlink:to="label_TonkatsuReportableSegmentsMember_2" />    <link:label xlink:type="resource" xlink:label="label_MaintenanceReportableSegmentsMember" xml:lang="en" xlink:role="http://www.xbrl.org/2003/role/label" id="label_MaintenanceReportableSegmentsMember">Maintenance</link:label>    <link:labelArc xlink:type="arc" xlink:arcrole="http://www.xbrl.org/2003/arcrole/concept-label" xlink:from="MaintenanceReportableSegmentsMember" xlink:to="label_MaintenanceReportableSegmentsMember" />    <link:label xlink:type="resource" xlink:label="label_MaintenanceReportableSegmentsMember_2" xml:lang="en" xlink:role="http://www.xbrl.org/2003/role/verboseLabel" id="label_MaintenanceReportableSegmentsMember_2">Maintenance, Reportable segments [member]</link:label>    <link:labelArc xlink:type="arc" xlink:arcrole="http://www.xbrl.org/2003/arcrole/concept-label" xlink:from="MaintenanceReportableSegmentsMember" xlink:to="label_MaintenanceReportableSegmentsMember_2" />    <link:label xlink:type="resource" xlink:label="label_NetSalesAndOtherOperatingRevenueSegmentInformation" xml:lang="en" xlink:role="http://www.xbrl.org/2003/role/label" id="label_NetSalesAndOtherOperatingRevenueSegmentInformation">Net sales and Other operating revenue</link:label>    <link:labelArc xlink:type="arc" xlink:arcrole="http://www.xbrl.org/2003/arcrole/concept-label" xlink:from="NetSalesAndOtherOperatingRevenueSegmentInformation" xlink:to="label_NetSalesAndOtherOperatingRevenueSegmentInformation" />    <link:label xlink:type="resource" xlink:label="label_NetSalesAndOtherOperatingRevenueSegmentInformation_2" xml:lang="en" xlink:role="http://www.xbrl.org/2003/role/verboseLabel" id="label_NetSalesAndOtherOperatingRevenueSegmentInformation_2">Net sales and Other operating revenue, Segment information</link:label>    <link:labelArc xlink:type="arc" xlink:arcrole="http://www.xbrl.org/2003/arcrole/concept-label" xlink:from="NetSalesAndOtherOperatingRevenueSegmentInformation" xlink:to="label_NetSalesAndOtherOperatingRevenueSegmentInformation_2" />  </link:labelLink></link:linkbase>