﻿<?xml version="1.0" encoding="utf-8"?>
<!-- XBRL Document Created with WizLabo Platform -->
<link:linkbase xmlns:xlink="http://www.w3.org/1999/xlink" xmlns:xsi="http://www.w3.org/2001/XMLSchema-instance" xmlns:link="http://www.xbrl.org/2003/linkbase">
  <link:roleRef xlink:type="simple" xlink:href="http://disclosure.edinet-fsa.go.jp/taxonomy/jpigp/2023-12-01/jpigp_rt_2023-12-01.xsd#rol_CondensedQuarterlyConsolidatedStatementOfFinancialPositionIFRS" roleURI="http://disclosure.edinet-fsa.go.jp/role/jpigp/rol_CondensedQuarterlyConsolidatedStatementOfFinancialPositionIFRS" />
  <link:roleRef xlink:type="simple" xlink:href="http://disclosure.edinet-fsa.go.jp/taxonomy/jpigp/2023-12-01/jpigp_rt_2023-12-01.xsd#rol_CondensedYearToQuarterEndConsolidatedStatementOfComprehensiveIncomeIFRS" roleURI="http://disclosure.edinet-fsa.go.jp/role/jpigp/rol_CondensedYearToQuarterEndConsolidatedStatementOfComprehensiveIncomeIFRS" />
  <link:roleRef xlink:type="simple" xlink:href="http://disclosure.edinet-fsa.go.jp/taxonomy/jpigp/2023-12-01/jpigp_rt_2023-12-01.xsd#rol_CondensedYearToQuarterEndConsolidatedStatementOfProfitOrLossIFRS" roleURI="http://disclosure.edinet-fsa.go.jp/role/jpigp/rol_CondensedYearToQuarterEndConsolidatedStatementOfProfitOrLossIFRS" />
  <link:roleRef xlink:type="simple" xlink:href="http://disclosure.edinet-fsa.go.jp/taxonomy/jpigp/2023-12-01/jpigp_rt_2023-12-01.xsd#rol_NotesSegmentInformationCondensedQuarterlyConsolidatedFinancialStatementsIFRS-01" roleURI="http://disclosure.edinet-fsa.go.jp/role/jpigp/rol_NotesSegmentInformationCondensedQuarterlyConsolidatedFinancialStatementsIFRS-01" />
  <link:roleRef xlink:type="simple" xlink:href="http://www.xbrl.tdnet.info/taxonomy/jp/tse/tdnet/at/o/rt/2014-01-12/tse-at-rt-2014-01-12.xsd#RoleAttachedDocument" roleURI="http://www.xbrl.tdnet.info/jp/tse/tdnet/role/RoleAttachedDocument" />
  <link:presentationLink xlink:type="extended" xlink:role="http://www.xbrl.tdnet.info/jp/tse/tdnet/role/RoleAttachedDocument">
    <link:loc xlink:type="locator" xlink:href="http://disclosure.edinet-fsa.go.jp/taxonomy/jpigp/2023-12-01/jpigp_cor_2023-12-01.xsd#jpigp_cor_CondensedQuarterlyConsolidatedFinancialStatementIFRSHeading" xlink:label="jpigp_cor_CondensedQuarterlyConsolidatedFinancialStatementIFRSHeading" />
    <link:loc xlink:type="locator" xlink:href="http://disclosure.edinet-fsa.go.jp/taxonomy/jpigp/2023-12-01/jpigp_cor_2023-12-01.xsd#jpigp_cor_CondensedQuarterlyConsolidatedStatementOfComprehensiveIncomeIFRSHeading" xlink:label="jpigp_cor_CondensedQuarterlyConsolidatedStatementOfComprehensiveIncomeIFRSHeading" />
    <link:loc xlink:type="locator" xlink:href="http://disclosure.edinet-fsa.go.jp/taxonomy/jpigp/2023-12-01/jpigp_cor_2023-12-01.xsd#jpigp_cor_CondensedQuarterlyConsolidatedStatementOfFinancialPositionIFRSHeading" xlink:label="jpigp_cor_CondensedQuarterlyConsolidatedStatementOfFinancialPositionIFRSHeading" />
    <link:loc xlink:type="locator" xlink:href="http://disclosure.edinet-fsa.go.jp/taxonomy/jpigp/2023-12-01/jpigp_cor_2023-12-01.xsd#jpigp_cor_CondensedQuarterlyConsolidatedStatementOfFinancialPositionIFRSTextBlock" xlink:label="jpigp_cor_CondensedQuarterlyConsolidatedStatementOfFinancialPositionIFRSTextBlock" />
    <link:loc xlink:type="locator" xlink:href="http://disclosure.edinet-fsa.go.jp/taxonomy/jpigp/2023-12-01/jpigp_cor_2023-12-01.xsd#jpigp_cor_CondensedQuarterlyConsolidatedStatementOfProfitOrLossAndCondensedQuarterlyConsolidatedStatementOfComprehensiveIncomeIFRSHeading" xlink:label="jpigp_cor_CondensedQuarterlyConsolidatedStatementOfProfitOrLossAndCondensedQuarterlyConsolidatedStatementOfComprehensiveIncomeIFRSHeading" />
    <link:loc xlink:type="locator" xlink:href="http://disclosure.edinet-fsa.go.jp/taxonomy/jpigp/2023-12-01/jpigp_cor_2023-12-01.xsd#jpigp_cor_CondensedQuarterlyConsolidatedStatementOfProfitOrLossIFRSHeading" xlink:label="jpigp_cor_CondensedQuarterlyConsolidatedStatementOfProfitOrLossIFRSHeading" />
    <link:loc xlink:type="locator" xlink:href="http://disclosure.edinet-fsa.go.jp/taxonomy/jpigp/2023-12-01/jpigp_cor_2023-12-01.xsd#jpigp_cor_CondensedYearToQuarterEndConsolidatedStatementOfComprehensiveIncomeIFRSHeading" xlink:label="jpigp_cor_CondensedYearToQuarterEndConsolidatedStatementOfComprehensiveIncomeIFRSHeading" />
    <link:loc xlink:type="locator" xlink:href="http://disclosure.edinet-fsa.go.jp/taxonomy/jpigp/2023-12-01/jpigp_cor_2023-12-01.xsd#jpigp_cor_CondensedYearToQuarterEndConsolidatedStatementOfComprehensiveIncomeIFRSTextBlock" xlink:label="jpigp_cor_CondensedYearToQuarterEndConsolidatedStatementOfComprehensiveIncomeIFRSTextBlock" />
    <link:loc xlink:type="locator" xlink:href="http://disclosure.edinet-fsa.go.jp/taxonomy/jpigp/2023-12-01/jpigp_cor_2023-12-01.xsd#jpigp_cor_CondensedYearToQuarterEndConsolidatedStatementOfProfitOrLossIFRSHeading" xlink:label="jpigp_cor_CondensedYearToQuarterEndConsolidatedStatementOfProfitOrLossIFRSHeading" />
    <link:loc xlink:type="locator" xlink:href="http://disclosure.edinet-fsa.go.jp/taxonomy/jpigp/2023-12-01/jpigp_cor_2023-12-01.xsd#jpigp_cor_CondensedYearToQuarterEndConsolidatedStatementOfProfitOrLossIFRSTextBlock" xlink:label="jpigp_cor_CondensedYearToQuarterEndConsolidatedStatementOfProfitOrLossIFRSTextBlock" />
    <link:loc xlink:type="locator" xlink:href="http://disclosure.edinet-fsa.go.jp/taxonomy/jpigp/2023-12-01/jpigp_cor_2023-12-01.xsd#jpigp_cor_NotesSegmentInformationCondensedQuarterlyConsolidatedFinancialStatementsIFRSHeading" xlink:label="jpigp_cor_NotesSegmentInformationCondensedQuarterlyConsolidatedFinancialStatementsIFRSHeading" />
    <link:loc xlink:type="locator" xlink:href="http://disclosure.edinet-fsa.go.jp/taxonomy/jpigp/2023-12-01/jpigp_cor_2023-12-01.xsd#jpigp_cor_NotesSegmentInformationCondensedQuarterlyConsolidatedFinancialStatementsIFRSTextBlock" xlink:label="jpigp_cor_NotesSegmentInformationCondensedQuarterlyConsolidatedFinancialStatementsIFRSTextBlock" />
    <link:loc xlink:type="locator" xlink:href="http://disclosure.edinet-fsa.go.jp/taxonomy/jpigp/2023-12-01/jpigp_cor_2023-12-01.xsd#jpigp_cor_NotesToCondensedQuarterlyConsolidatedFinancialStatementsIFRSHeading" xlink:label="jpigp_cor_NotesToCondensedQuarterlyConsolidatedFinancialStatementsIFRSHeading" />
    <link:loc xlink:type="locator" xlink:href="http://www.xbrl.tdnet.info/taxonomy/jp/tse/tdnet/at/t/2014-01-12/tse-at-t-2014-01-12.xsd#tse-at-t_AttachedDocumentHeading" xlink:label="tse-at-t_AttachedDocumentHeading" />
    <link:presentationArc xlink:type="arc" xlink:from="jpigp_cor_CondensedQuarterlyConsolidatedFinancialStatementIFRSHeading" xlink:to="jpigp_cor_CondensedQuarterlyConsolidatedStatementOfFinancialPositionIFRSHeading" xlink:arcrole="http://www.xbrl.org/2003/arcrole/parent-child" order="1" />
    <link:presentationArc xlink:type="arc" xlink:from="jpigp_cor_CondensedQuarterlyConsolidatedFinancialStatementIFRSHeading" xlink:to="jpigp_cor_CondensedQuarterlyConsolidatedStatementOfProfitOrLossAndCondensedQuarterlyConsolidatedStatementOfComprehensiveIncomeIFRSHeading" xlink:arcrole="http://www.xbrl.org/2003/arcrole/parent-child" order="2" />
    <link:presentationArc xlink:type="arc" xlink:from="jpigp_cor_CondensedQuarterlyConsolidatedFinancialStatementIFRSHeading" xlink:to="jpigp_cor_NotesToCondensedQuarterlyConsolidatedFinancialStatementsIFRSHeading" xlink:arcrole="http://www.xbrl.org/2003/arcrole/parent-child" order="3" />
    <link:presentationArc xlink:type="arc" xlink:from="jpigp_cor_CondensedQuarterlyConsolidatedStatementOfComprehensiveIncomeIFRSHeading" xlink:to="jpigp_cor_CondensedYearToQuarterEndConsolidatedStatementOfComprehensiveIncomeIFRSHeading" xlink:arcrole="http://www.xbrl.org/2003/arcrole/parent-child" order="1" />
    <link:presentationArc xlink:type="arc" xlink:from="jpigp_cor_CondensedQuarterlyConsolidatedStatementOfFinancialPositionIFRSHeading" xlink:to="jpigp_cor_CondensedQuarterlyConsolidatedStatementOfFinancialPositionIFRSTextBlock" xlink:arcrole="http://www.xbrl.org/2003/arcrole/parent-child" order="1" />
    <link:presentationArc xlink:type="arc" xlink:from="jpigp_cor_CondensedQuarterlyConsolidatedStatementOfProfitOrLossAndCondensedQuarterlyConsolidatedStatementOfComprehensiveIncomeIFRSHeading" xlink:to="jpigp_cor_CondensedQuarterlyConsolidatedStatementOfProfitOrLossIFRSHeading" xlink:arcrole="http://www.xbrl.org/2003/arcrole/parent-child" order="1" />
    <link:presentationArc xlink:type="arc" xlink:from="jpigp_cor_CondensedQuarterlyConsolidatedStatementOfProfitOrLossAndCondensedQuarterlyConsolidatedStatementOfComprehensiveIncomeIFRSHeading" xlink:to="jpigp_cor_CondensedQuarterlyConsolidatedStatementOfComprehensiveIncomeIFRSHeading" xlink:arcrole="http://www.xbrl.org/2003/arcrole/parent-child" order="2" />
    <link:presentationArc xlink:type="arc" xlink:from="jpigp_cor_CondensedQuarterlyConsolidatedStatementOfProfitOrLossIFRSHeading" xlink:to="jpigp_cor_CondensedYearToQuarterEndConsolidatedStatementOfProfitOrLossIFRSHeading" xlink:arcrole="http://www.xbrl.org/2003/arcrole/parent-child" order="1" />
    <link:presentationArc xlink:type="arc" xlink:from="jpigp_cor_CondensedYearToQuarterEndConsolidatedStatementOfComprehensiveIncomeIFRSHeading" xlink:to="jpigp_cor_CondensedYearToQuarterEndConsolidatedStatementOfComprehensiveIncomeIFRSTextBlock" xlink:arcrole="http://www.xbrl.org/2003/arcrole/parent-child" order="1" />
    <link:presentationArc xlink:type="arc" xlink:from="jpigp_cor_CondensedYearToQuarterEndConsolidatedStatementOfProfitOrLossIFRSHeading" xlink:to="jpigp_cor_CondensedYearToQuarterEndConsolidatedStatementOfProfitOrLossIFRSTextBlock" xlink:arcrole="http://www.xbrl.org/2003/arcrole/parent-child" order="1" />
    <link:presentationArc xlink:type="arc" xlink:from="jpigp_cor_NotesToCondensedQuarterlyConsolidatedFinancialStatementsIFRSHeading" xlink:to="jpigp_cor_NotesSegmentInformationCondensedQuarterlyConsolidatedFinancialStatementsIFRSHeading" xlink:arcrole="http://www.xbrl.org/2003/arcrole/parent-child" order="1" />
    <link:presentationArc xlink:type="arc" xlink:from="jpigp_cor_NotesSegmentInformationCondensedQuarterlyConsolidatedFinancialStatementsIFRSHeading" xlink:to="jpigp_cor_NotesSegmentInformationCondensedQuarterlyConsolidatedFinancialStatementsIFRSTextBlock" xlink:arcrole="http://www.xbrl.org/2003/arcrole/parent-child" order="1" />
    <link:presentationArc xlink:type="arc" xlink:from="tse-at-t_AttachedDocumentHeading" xlink:to="jpigp_cor_CondensedQuarterlyConsolidatedFinancialStatementIFRSHeading" xlink:arcrole="http://www.xbrl.org/2003/arcrole/parent-child" order="1" />
  </link:presentationLink>
  <link:presentationLink xlink:type="extended" xlink:role="http://disclosure.edinet-fsa.go.jp/role/jpigp/rol_CondensedQuarterlyConsolidatedStatementOfFinancialPositionIFRS">
    <link:loc xlink:type="locator" xlink:href="http://disclosure.edinet-fsa.go.jp/taxonomy/jpigp/2023-12-01/jpigp_cor_2023-12-01.xsd#jpigp_cor_AssetsIFRS" xlink:label="jpigp_cor_AssetsIFRS" />
    <link:loc xlink:type="locator" xlink:href="http://disclosure.edinet-fsa.go.jp/taxonomy/jpigp/2023-12-01/jpigp_cor_2023-12-01.xsd#jpigp_cor_AssetsIFRSAbstract" xlink:label="jpigp_cor_AssetsIFRSAbstract" />
    <link:loc xlink:type="locator" xlink:href="http://disclosure.edinet-fsa.go.jp/taxonomy/jpigp/2023-12-01/jpigp_cor_2023-12-01.xsd#jpigp_cor_BondsAndBorrowingsCLIFRS" xlink:label="jpigp_cor_BondsAndBorrowingsCLIFRS" />
    <link:loc xlink:type="locator" xlink:href="http://disclosure.edinet-fsa.go.jp/taxonomy/jpigp/2023-12-01/jpigp_cor_2023-12-01.xsd#jpigp_cor_BondsAndBorrowingsNCLIFRS" xlink:label="jpigp_cor_BondsAndBorrowingsNCLIFRS" />
    <link:loc xlink:type="locator" xlink:href="http://disclosure.edinet-fsa.go.jp/taxonomy/jpigp/2023-12-01/jpigp_cor_2023-12-01.xsd#jpigp_cor_CapitalSurplusIFRS" xlink:label="jpigp_cor_CapitalSurplusIFRS" />
    <link:loc xlink:type="locator" xlink:href="http://disclosure.edinet-fsa.go.jp/taxonomy/jpigp/2023-12-01/jpigp_cor_2023-12-01.xsd#jpigp_cor_CashAndCashEquivalentsIFRS" xlink:label="jpigp_cor_CashAndCashEquivalentsIFRS" />
    <link:loc xlink:type="locator" xlink:href="http://disclosure.edinet-fsa.go.jp/taxonomy/jpigp/2023-12-01/jpigp_cor_2023-12-01.xsd#jpigp_cor_CondensedQuarterlyConsolidatedStatementOfFinancialPositionIFRSHeading" xlink:label="jpigp_cor_CondensedQuarterlyConsolidatedStatementOfFinancialPositionIFRSHeading" />
    <link:loc xlink:type="locator" xlink:href="http://disclosure.edinet-fsa.go.jp/taxonomy/jpigp/2023-12-01/jpigp_cor_2023-12-01.xsd#jpigp_cor_CurrentAssetsIFRS" xlink:label="jpigp_cor_CurrentAssetsIFRS" />
    <link:loc xlink:type="locator" xlink:href="http://disclosure.edinet-fsa.go.jp/taxonomy/jpigp/2023-12-01/jpigp_cor_2023-12-01.xsd#jpigp_cor_CurrentAssetsIFRSAbstract" xlink:label="jpigp_cor_CurrentAssetsIFRSAbstract" />
    <link:loc xlink:type="locator" xlink:href="http://disclosure.edinet-fsa.go.jp/taxonomy/jpigp/2023-12-01/jpigp_cor_2023-12-01.xsd#jpigp_cor_CurrentLiabilitiesIFRSAbstract" xlink:label="jpigp_cor_CurrentLiabilitiesIFRSAbstract" />
    <link:loc xlink:type="locator" xlink:href="http://disclosure.edinet-fsa.go.jp/taxonomy/jpigp/2023-12-01/jpigp_cor_2023-12-01.xsd#jpigp_cor_DeferredTaxAssetsIFRS" xlink:label="jpigp_cor_DeferredTaxAssetsIFRS" />
    <link:loc xlink:type="locator" xlink:href="http://disclosure.edinet-fsa.go.jp/taxonomy/jpigp/2023-12-01/jpigp_cor_2023-12-01.xsd#jpigp_cor_DeferredTaxLiabilitiesIFRS" xlink:label="jpigp_cor_DeferredTaxLiabilitiesIFRS" />
    <link:loc xlink:type="locator" xlink:href="http://disclosure.edinet-fsa.go.jp/taxonomy/jpigp/2023-12-01/jpigp_cor_2023-12-01.xsd#jpigp_cor_EquityAttributableToOwnersOfParentIFRS" xlink:label="jpigp_cor_EquityAttributableToOwnersOfParentIFRS" />
    <link:loc xlink:type="locator" xlink:href="http://disclosure.edinet-fsa.go.jp/taxonomy/jpigp/2023-12-01/jpigp_cor_2023-12-01.xsd#jpigp_cor_EquityIFRS" xlink:label="jpigp_cor_EquityIFRS" />
    <link:loc xlink:type="locator" xlink:href="http://disclosure.edinet-fsa.go.jp/taxonomy/jpigp/2023-12-01/jpigp_cor_2023-12-01.xsd#jpigp_cor_EquityIFRSAbstract" xlink:label="jpigp_cor_EquityIFRSAbstract" />
    <link:loc xlink:type="locator" xlink:href="http://disclosure.edinet-fsa.go.jp/taxonomy/jpigp/2023-12-01/jpigp_cor_2023-12-01.xsd#jpigp_cor_GoodwillIFRS" xlink:label="jpigp_cor_GoodwillIFRS" />
    <link:loc xlink:type="locator" xlink:href="http://disclosure.edinet-fsa.go.jp/taxonomy/jpigp/2023-12-01/jpigp_cor_2023-12-01.xsd#jpigp_cor_IncomeTaxesPayableCLIFRS" xlink:label="jpigp_cor_IncomeTaxesPayableCLIFRS" />
    <link:loc xlink:type="locator" xlink:href="http://disclosure.edinet-fsa.go.jp/taxonomy/jpigp/2023-12-01/jpigp_cor_2023-12-01.xsd#jpigp_cor_IntangibleAssetsIFRS" xlink:label="jpigp_cor_IntangibleAssetsIFRS" />
    <link:loc xlink:type="locator" xlink:href="http://disclosure.edinet-fsa.go.jp/taxonomy/jpigp/2023-12-01/jpigp_cor_2023-12-01.xsd#jpigp_cor_LeaseLiabilitiesCLIFRS" xlink:label="jpigp_cor_LeaseLiabilitiesCLIFRS" />
    <link:loc xlink:type="locator" xlink:href="http://disclosure.edinet-fsa.go.jp/taxonomy/jpigp/2023-12-01/jpigp_cor_2023-12-01.xsd#jpigp_cor_LeaseLiabilitiesNCLIFRS" xlink:label="jpigp_cor_LeaseLiabilitiesNCLIFRS" />
    <link:loc xlink:type="locator" xlink:href="http://disclosure.edinet-fsa.go.jp/taxonomy/jpigp/2023-12-01/jpigp_cor_2023-12-01.xsd#jpigp_cor_LiabilitiesAndEquityIFRS" xlink:label="jpigp_cor_LiabilitiesAndEquityIFRS" />
    <link:loc xlink:type="locator" xlink:href="http://disclosure.edinet-fsa.go.jp/taxonomy/jpigp/2023-12-01/jpigp_cor_2023-12-01.xsd#jpigp_cor_LiabilitiesAndEquityIFRSAbstract" xlink:label="jpigp_cor_LiabilitiesAndEquityIFRSAbstract" />
    <link:loc xlink:type="locator" xlink:href="http://disclosure.edinet-fsa.go.jp/taxonomy/jpigp/2023-12-01/jpigp_cor_2023-12-01.xsd#jpigp_cor_LiabilitiesIFRS" xlink:label="jpigp_cor_LiabilitiesIFRS" />
    <link:loc xlink:type="locator" xlink:href="http://disclosure.edinet-fsa.go.jp/taxonomy/jpigp/2023-12-01/jpigp_cor_2023-12-01.xsd#jpigp_cor_LiabilitiesIFRSAbstract" xlink:label="jpigp_cor_LiabilitiesIFRSAbstract" />
    <link:loc xlink:type="locator" xlink:href="http://disclosure.edinet-fsa.go.jp/taxonomy/jpigp/2023-12-01/jpigp_cor_2023-12-01.xsd#jpigp_cor_NonCurrentAssetsIFRS" xlink:label="jpigp_cor_NonCurrentAssetsIFRS" />
    <link:loc xlink:type="locator" xlink:href="http://disclosure.edinet-fsa.go.jp/taxonomy/jpigp/2023-12-01/jpigp_cor_2023-12-01.xsd#jpigp_cor_NonCurrentAssetsIFRSAbstract" xlink:label="jpigp_cor_NonCurrentAssetsIFRSAbstract" />
    <link:loc xlink:type="locator" xlink:href="http://disclosure.edinet-fsa.go.jp/taxonomy/jpigp/2023-12-01/jpigp_cor_2023-12-01.xsd#jpigp_cor_NonCurrentLabilitiesIFRS" xlink:label="jpigp_cor_NonCurrentLabilitiesIFRS" />
    <link:loc xlink:type="locator" xlink:href="http://disclosure.edinet-fsa.go.jp/taxonomy/jpigp/2023-12-01/jpigp_cor_2023-12-01.xsd#jpigp_cor_NonCurrentLiabilitiesIFRSAbstract" xlink:label="jpigp_cor_NonCurrentLiabilitiesIFRSAbstract" />
    <link:loc xlink:type="locator" xlink:href="http://disclosure.edinet-fsa.go.jp/taxonomy/jpigp/2023-12-01/jpigp_cor_2023-12-01.xsd#jpigp_cor_OtherComponentsOfEquityIFRS" xlink:label="jpigp_cor_OtherComponentsOfEquityIFRS" />
    <link:loc xlink:type="locator" xlink:href="http://disclosure.edinet-fsa.go.jp/taxonomy/jpigp/2023-12-01/jpigp_cor_2023-12-01.xsd#jpigp_cor_OtherCurrentAssetsCAIFRS" xlink:label="jpigp_cor_OtherCurrentAssetsCAIFRS" />
    <link:loc xlink:type="locator" xlink:href="http://disclosure.edinet-fsa.go.jp/taxonomy/jpigp/2023-12-01/jpigp_cor_2023-12-01.xsd#jpigp_cor_OtherCurrentLiabilitiesCLIFRS" xlink:label="jpigp_cor_OtherCurrentLiabilitiesCLIFRS" />
    <link:loc xlink:type="locator" xlink:href="http://disclosure.edinet-fsa.go.jp/taxonomy/jpigp/2023-12-01/jpigp_cor_2023-12-01.xsd#jpigp_cor_OtherFinancialAssetsCAIFRS" xlink:label="jpigp_cor_OtherFinancialAssetsCAIFRS" />
    <link:loc xlink:type="locator" xlink:href="http://disclosure.edinet-fsa.go.jp/taxonomy/jpigp/2023-12-01/jpigp_cor_2023-12-01.xsd#jpigp_cor_OtherFinancialAssetsNCAIFRS" xlink:label="jpigp_cor_OtherFinancialAssetsNCAIFRS" />
    <link:loc xlink:type="locator" xlink:href="http://disclosure.edinet-fsa.go.jp/taxonomy/jpigp/2023-12-01/jpigp_cor_2023-12-01.xsd#jpigp_cor_OtherNonCurrentAssetsNCAIFRS" xlink:label="jpigp_cor_OtherNonCurrentAssetsNCAIFRS" />
    <link:loc xlink:type="locator" xlink:href="http://disclosure.edinet-fsa.go.jp/taxonomy/jpigp/2023-12-01/jpigp_cor_2023-12-01.xsd#jpigp_cor_PropertyPlantAndEquipmentIFRS" xlink:label="jpigp_cor_PropertyPlantAndEquipmentIFRS" />
    <link:loc xlink:type="locator" xlink:href="http://disclosure.edinet-fsa.go.jp/taxonomy/jpigp/2023-12-01/jpigp_cor_2023-12-01.xsd#jpigp_cor_ProvisionsNCLIFRS" xlink:label="jpigp_cor_ProvisionsNCLIFRS" />
    <link:loc xlink:type="locator" xlink:href="http://disclosure.edinet-fsa.go.jp/taxonomy/jpigp/2023-12-01/jpigp_cor_2023-12-01.xsd#jpigp_cor_RetainedEarningsIFRS" xlink:label="jpigp_cor_RetainedEarningsIFRS" />
    <link:loc xlink:type="locator" xlink:href="http://disclosure.edinet-fsa.go.jp/taxonomy/jpigp/2023-12-01/jpigp_cor_2023-12-01.xsd#jpigp_cor_RightOfUseAssetsIFRS" xlink:label="jpigp_cor_RightOfUseAssetsIFRS" />
    <link:loc xlink:type="locator" xlink:href="http://disclosure.edinet-fsa.go.jp/taxonomy/jpigp/2023-12-01/jpigp_cor_2023-12-01.xsd#jpigp_cor_ShareCapitalIFRS" xlink:label="jpigp_cor_ShareCapitalIFRS" />
    <link:loc xlink:type="locator" xlink:href="http://disclosure.edinet-fsa.go.jp/taxonomy/jpigp/2023-12-01/jpigp_cor_2023-12-01.xsd#jpigp_cor_StatementOfFinancialPositionIFRSLineItems" xlink:label="jpigp_cor_StatementOfFinancialPositionIFRSLineItems" />
    <link:loc xlink:type="locator" xlink:href="http://disclosure.edinet-fsa.go.jp/taxonomy/jpigp/2023-12-01/jpigp_cor_2023-12-01.xsd#jpigp_cor_StatementOfFinancialPositionIFRSTable" xlink:label="jpigp_cor_StatementOfFinancialPositionIFRSTable" />
    <link:loc xlink:type="locator" xlink:href="http://disclosure.edinet-fsa.go.jp/taxonomy/jpigp/2023-12-01/jpigp_cor_2023-12-01.xsd#jpigp_cor_TotalCurrentLiabilitiesIFRS" xlink:label="jpigp_cor_TotalCurrentLiabilitiesIFRS" />
    <link:loc xlink:type="locator" xlink:href="http://disclosure.edinet-fsa.go.jp/taxonomy/jpigp/2023-12-01/jpigp_cor_2023-12-01.xsd#jpigp_cor_TradeAndOtherPayablesCLIFRS" xlink:label="jpigp_cor_TradeAndOtherPayablesCLIFRS" />
    <link:loc xlink:type="locator" xlink:href="http://disclosure.edinet-fsa.go.jp/taxonomy/jpigp/2023-12-01/jpigp_cor_2023-12-01.xsd#jpigp_cor_TradeAndOtherReceivablesCAIFRS" xlink:label="jpigp_cor_TradeAndOtherReceivablesCAIFRS" />
    <link:loc xlink:type="locator" xlink:href="http://disclosure.edinet-fsa.go.jp/taxonomy/jpigp/2023-12-01/jpigp_cor_2023-12-01.xsd#jpigp_cor_TreasurySharesIFRS" xlink:label="jpigp_cor_TreasurySharesIFRS" />
    <link:loc xlink:type="locator" xlink:href="http://disclosure.edinet-fsa.go.jp/taxonomy/jppfs/2023-12-01/jppfs_cor_2023-12-01.xsd#jppfs_cor_ConsolidatedMember" xlink:label="jppfs_cor_ConsolidatedMember" />
    <link:loc xlink:type="locator" xlink:href="http://disclosure.edinet-fsa.go.jp/taxonomy/jppfs/2023-12-01/jppfs_cor_2023-12-01.xsd#jppfs_cor_ConsolidatedOrNonConsolidatedAxis" xlink:label="jppfs_cor_ConsolidatedOrNonConsolidatedAxis" />
    <link:presentationArc xlink:type="arc" xlink:from="jpigp_cor_AssetsIFRSAbstract" xlink:to="jpigp_cor_CurrentAssetsIFRSAbstract" xlink:arcrole="http://www.xbrl.org/2003/arcrole/parent-child" order="1" />
    <link:presentationArc xlink:type="arc" xlink:from="jpigp_cor_AssetsIFRSAbstract" xlink:to="jpigp_cor_NonCurrentAssetsIFRSAbstract" xlink:arcrole="http://www.xbrl.org/2003/arcrole/parent-child" order="2" />
    <link:presentationArc xlink:type="arc" xlink:from="jpigp_cor_AssetsIFRSAbstract" xlink:to="jpigp_cor_AssetsIFRS" xlink:arcrole="http://www.xbrl.org/2003/arcrole/parent-child" preferredLabel="http://www.xbrl.org/2003/role/totalLabel" order="3" />
    <link:presentationArc xlink:type="arc" xlink:from="jpigp_cor_CondensedQuarterlyConsolidatedStatementOfFinancialPositionIFRSHeading" xlink:to="jpigp_cor_StatementOfFinancialPositionIFRSTable" xlink:arcrole="http://www.xbrl.org/2003/arcrole/parent-child" preferredLabel="http://disclosure.edinet-fsa.go.jp/jppfs/ConsolidatedQuarterly/role/label" order="1" />
    <link:presentationArc xlink:type="arc" xlink:from="jpigp_cor_CondensedQuarterlyConsolidatedStatementOfFinancialPositionIFRSHeading" xlink:to="jpigp_cor_StatementOfFinancialPositionIFRSLineItems" xlink:arcrole="http://www.xbrl.org/2003/arcrole/parent-child" preferredLabel="http://disclosure.edinet-fsa.go.jp/jppfs/ConsolidatedQuarterly/role/label" order="2" />
    <link:presentationArc xlink:type="arc" xlink:from="jpigp_cor_CurrentAssetsIFRSAbstract" xlink:to="jpigp_cor_CashAndCashEquivalentsIFRS" xlink:arcrole="http://www.xbrl.org/2003/arcrole/parent-child" order="1" />
    <link:presentationArc xlink:type="arc" xlink:from="jpigp_cor_CurrentAssetsIFRSAbstract" xlink:to="jpigp_cor_TradeAndOtherReceivablesCAIFRS" xlink:arcrole="http://www.xbrl.org/2003/arcrole/parent-child" order="2" />
    <link:presentationArc xlink:type="arc" xlink:from="jpigp_cor_CurrentAssetsIFRSAbstract" xlink:to="jpigp_cor_OtherFinancialAssetsCAIFRS" xlink:arcrole="http://www.xbrl.org/2003/arcrole/parent-child" order="3" />
    <link:presentationArc xlink:type="arc" xlink:from="jpigp_cor_CurrentAssetsIFRSAbstract" xlink:to="jpigp_cor_OtherCurrentAssetsCAIFRS" xlink:arcrole="http://www.xbrl.org/2003/arcrole/parent-child" order="4" />
    <link:presentationArc xlink:type="arc" xlink:from="jpigp_cor_CurrentAssetsIFRSAbstract" xlink:to="jpigp_cor_CurrentAssetsIFRS" xlink:arcrole="http://www.xbrl.org/2003/arcrole/parent-child" preferredLabel="http://www.xbrl.org/2003/role/totalLabel" order="5" />
    <link:presentationArc xlink:type="arc" xlink:from="jpigp_cor_CurrentLiabilitiesIFRSAbstract" xlink:to="jpigp_cor_TradeAndOtherPayablesCLIFRS" xlink:arcrole="http://www.xbrl.org/2003/arcrole/parent-child" order="1" />
    <link:presentationArc xlink:type="arc" xlink:from="jpigp_cor_CurrentLiabilitiesIFRSAbstract" xlink:to="jpigp_cor_BondsAndBorrowingsCLIFRS" xlink:arcrole="http://www.xbrl.org/2003/arcrole/parent-child" order="2" />
    <link:presentationArc xlink:type="arc" xlink:from="jpigp_cor_CurrentLiabilitiesIFRSAbstract" xlink:to="jpigp_cor_LeaseLiabilitiesCLIFRS" xlink:arcrole="http://www.xbrl.org/2003/arcrole/parent-child" order="3" />
    <link:presentationArc xlink:type="arc" xlink:from="jpigp_cor_CurrentLiabilitiesIFRSAbstract" xlink:to="jpigp_cor_IncomeTaxesPayableCLIFRS" xlink:arcrole="http://www.xbrl.org/2003/arcrole/parent-child" order="4" />
    <link:presentationArc xlink:type="arc" xlink:from="jpigp_cor_CurrentLiabilitiesIFRSAbstract" xlink:to="jpigp_cor_OtherCurrentLiabilitiesCLIFRS" xlink:arcrole="http://www.xbrl.org/2003/arcrole/parent-child" order="5" />
    <link:presentationArc xlink:type="arc" xlink:from="jpigp_cor_CurrentLiabilitiesIFRSAbstract" xlink:to="jpigp_cor_TotalCurrentLiabilitiesIFRS" xlink:arcrole="http://www.xbrl.org/2003/arcrole/parent-child" preferredLabel="http://www.xbrl.org/2003/role/totalLabel" order="6" />
    <link:presentationArc xlink:type="arc" xlink:from="jpigp_cor_LiabilitiesAndEquityIFRSAbstract" xlink:to="jpigp_cor_EquityIFRSAbstract" xlink:arcrole="http://www.xbrl.org/2003/arcrole/parent-child" order="2" />
    <link:presentationArc xlink:type="arc" xlink:from="jpigp_cor_EquityIFRSAbstract" xlink:to="jpigp_cor_ShareCapitalIFRS" xlink:arcrole="http://www.xbrl.org/2003/arcrole/parent-child" order="1" />
    <link:presentationArc xlink:type="arc" xlink:from="jpigp_cor_EquityIFRSAbstract" xlink:to="jpigp_cor_CapitalSurplusIFRS" xlink:arcrole="http://www.xbrl.org/2003/arcrole/parent-child" order="2" />
    <link:presentationArc xlink:type="arc" xlink:from="jpigp_cor_EquityIFRSAbstract" xlink:to="jpigp_cor_RetainedEarningsIFRS" xlink:arcrole="http://www.xbrl.org/2003/arcrole/parent-child" order="3" />
    <link:presentationArc xlink:type="arc" xlink:from="jpigp_cor_EquityIFRSAbstract" xlink:to="jpigp_cor_TreasurySharesIFRS" xlink:arcrole="http://www.xbrl.org/2003/arcrole/parent-child" order="4" />
    <link:presentationArc xlink:type="arc" xlink:from="jpigp_cor_EquityIFRSAbstract" xlink:to="jpigp_cor_OtherComponentsOfEquityIFRS" xlink:arcrole="http://www.xbrl.org/2003/arcrole/parent-child" order="5" />
    <link:presentationArc xlink:type="arc" xlink:from="jpigp_cor_EquityIFRSAbstract" xlink:to="jpigp_cor_EquityAttributableToOwnersOfParentIFRS" xlink:arcrole="http://www.xbrl.org/2003/arcrole/parent-child" preferredLabel="http://www.xbrl.org/2003/role/totalLabel" order="6" />
    <link:presentationArc xlink:type="arc" xlink:from="jpigp_cor_EquityIFRSAbstract" xlink:to="jpigp_cor_EquityIFRS" xlink:arcrole="http://www.xbrl.org/2003/arcrole/parent-child" preferredLabel="http://www.xbrl.org/2003/role/totalLabel" order="7" />
    <link:presentationArc xlink:type="arc" xlink:from="jpigp_cor_LiabilitiesAndEquityIFRSAbstract" xlink:to="jpigp_cor_LiabilitiesIFRSAbstract" xlink:arcrole="http://www.xbrl.org/2003/arcrole/parent-child" order="1" />
    <link:presentationArc xlink:type="arc" xlink:from="jpigp_cor_LiabilitiesAndEquityIFRSAbstract" xlink:to="jpigp_cor_LiabilitiesAndEquityIFRS" xlink:arcrole="http://www.xbrl.org/2003/arcrole/parent-child" preferredLabel="http://www.xbrl.org/2003/role/totalLabel" order="3" />
    <link:presentationArc xlink:type="arc" xlink:from="jpigp_cor_LiabilitiesIFRSAbstract" xlink:to="jpigp_cor_CurrentLiabilitiesIFRSAbstract" xlink:arcrole="http://www.xbrl.org/2003/arcrole/parent-child" order="1" />
    <link:presentationArc xlink:type="arc" xlink:from="jpigp_cor_LiabilitiesIFRSAbstract" xlink:to="jpigp_cor_NonCurrentLiabilitiesIFRSAbstract" xlink:arcrole="http://www.xbrl.org/2003/arcrole/parent-child" order="2" />
    <link:presentationArc xlink:type="arc" xlink:from="jpigp_cor_LiabilitiesIFRSAbstract" xlink:to="jpigp_cor_LiabilitiesIFRS" xlink:arcrole="http://www.xbrl.org/2003/arcrole/parent-child" preferredLabel="http://www.xbrl.org/2003/role/totalLabel" order="3" />
    <link:presentationArc xlink:type="arc" xlink:from="jpigp_cor_NonCurrentAssetsIFRSAbstract" xlink:to="jpigp_cor_PropertyPlantAndEquipmentIFRS" xlink:arcrole="http://www.xbrl.org/2003/arcrole/parent-child" order="1" />
    <link:presentationArc xlink:type="arc" xlink:from="jpigp_cor_NonCurrentAssetsIFRSAbstract" xlink:to="jpigp_cor_RightOfUseAssetsIFRS" xlink:arcrole="http://www.xbrl.org/2003/arcrole/parent-child" order="2" />
    <link:presentationArc xlink:type="arc" xlink:from="jpigp_cor_NonCurrentAssetsIFRSAbstract" xlink:to="jpigp_cor_GoodwillIFRS" xlink:arcrole="http://www.xbrl.org/2003/arcrole/parent-child" order="3" />
    <link:presentationArc xlink:type="arc" xlink:from="jpigp_cor_NonCurrentAssetsIFRSAbstract" xlink:to="jpigp_cor_IntangibleAssetsIFRS" xlink:arcrole="http://www.xbrl.org/2003/arcrole/parent-child" order="4" />
    <link:presentationArc xlink:type="arc" xlink:from="jpigp_cor_NonCurrentAssetsIFRSAbstract" xlink:to="jpigp_cor_OtherFinancialAssetsNCAIFRS" xlink:arcrole="http://www.xbrl.org/2003/arcrole/parent-child" order="5" />
    <link:presentationArc xlink:type="arc" xlink:from="jpigp_cor_NonCurrentAssetsIFRSAbstract" xlink:to="jpigp_cor_DeferredTaxAssetsIFRS" xlink:arcrole="http://www.xbrl.org/2003/arcrole/parent-child" order="6" />
    <link:presentationArc xlink:type="arc" xlink:from="jpigp_cor_NonCurrentAssetsIFRSAbstract" xlink:to="jpigp_cor_OtherNonCurrentAssetsNCAIFRS" xlink:arcrole="http://www.xbrl.org/2003/arcrole/parent-child" order="7" />
    <link:presentationArc xlink:type="arc" xlink:from="jpigp_cor_NonCurrentAssetsIFRSAbstract" xlink:to="jpigp_cor_NonCurrentAssetsIFRS" xlink:arcrole="http://www.xbrl.org/2003/arcrole/parent-child" preferredLabel="http://www.xbrl.org/2003/role/totalLabel" order="8" />
    <link:presentationArc xlink:type="arc" xlink:from="jpigp_cor_NonCurrentLiabilitiesIFRSAbstract" xlink:to="jpigp_cor_BondsAndBorrowingsNCLIFRS" xlink:arcrole="http://www.xbrl.org/2003/arcrole/parent-child" order="1" />
    <link:presentationArc xlink:type="arc" xlink:from="jpigp_cor_NonCurrentLiabilitiesIFRSAbstract" xlink:to="jpigp_cor_LeaseLiabilitiesNCLIFRS" xlink:arcrole="http://www.xbrl.org/2003/arcrole/parent-child" order="2" />
    <link:presentationArc xlink:type="arc" xlink:from="jpigp_cor_NonCurrentLiabilitiesIFRSAbstract" xlink:to="jpigp_cor_ProvisionsNCLIFRS" xlink:arcrole="http://www.xbrl.org/2003/arcrole/parent-child" order="3" />
    <link:presentationArc xlink:type="arc" xlink:from="jpigp_cor_NonCurrentLiabilitiesIFRSAbstract" xlink:to="jpigp_cor_DeferredTaxLiabilitiesIFRS" xlink:arcrole="http://www.xbrl.org/2003/arcrole/parent-child" order="4" />
    <link:presentationArc xlink:type="arc" xlink:from="jpigp_cor_NonCurrentLiabilitiesIFRSAbstract" xlink:to="jpigp_cor_NonCurrentLabilitiesIFRS" xlink:arcrole="http://www.xbrl.org/2003/arcrole/parent-child" preferredLabel="http://www.xbrl.org/2003/role/totalLabel" order="5" />
    <link:presentationArc xlink:type="arc" xlink:from="jpigp_cor_StatementOfFinancialPositionIFRSLineItems" xlink:to="jpigp_cor_AssetsIFRSAbstract" xlink:arcrole="http://www.xbrl.org/2003/arcrole/parent-child" order="1" />
    <link:presentationArc xlink:type="arc" xlink:from="jpigp_cor_StatementOfFinancialPositionIFRSLineItems" xlink:to="jpigp_cor_LiabilitiesAndEquityIFRSAbstract" xlink:arcrole="http://www.xbrl.org/2003/arcrole/parent-child" order="2" />
    <link:presentationArc xlink:type="arc" xlink:from="jpigp_cor_StatementOfFinancialPositionIFRSTable" xlink:to="jppfs_cor_ConsolidatedOrNonConsolidatedAxis" xlink:arcrole="http://www.xbrl.org/2003/arcrole/parent-child" order="1" />
    <link:presentationArc xlink:type="arc" xlink:from="jppfs_cor_ConsolidatedOrNonConsolidatedAxis" xlink:to="jppfs_cor_ConsolidatedMember" xlink:arcrole="http://www.xbrl.org/2003/arcrole/parent-child" order="1" />
  </link:presentationLink>
  <link:presentationLink xlink:type="extended" xlink:role="http://disclosure.edinet-fsa.go.jp/role/jpigp/rol_CondensedYearToQuarterEndConsolidatedStatementOfProfitOrLossIFRS">
    <link:loc xlink:type="locator" xlink:href="http://disclosure.edinet-fsa.go.jp/taxonomy/jpigp/2023-12-01/jpigp_cor_2023-12-01.xsd#jpigp_cor_BasicEarningsLossPerShareIFRS" xlink:label="jpigp_cor_BasicEarningsLossPerShareIFRS" />
    <link:loc xlink:type="locator" xlink:href="http://disclosure.edinet-fsa.go.jp/taxonomy/jpigp/2023-12-01/jpigp_cor_2023-12-01.xsd#jpigp_cor_CondensedYearToQuarterEndConsolidatedStatementOfProfitOrLossIFRSHeading" xlink:label="jpigp_cor_CondensedYearToQuarterEndConsolidatedStatementOfProfitOrLossIFRSHeading" />
    <link:loc xlink:type="locator" xlink:href="http://disclosure.edinet-fsa.go.jp/taxonomy/jpigp/2023-12-01/jpigp_cor_2023-12-01.xsd#jpigp_cor_CostOfSalesIFRS" xlink:label="jpigp_cor_CostOfSalesIFRS" />
    <link:loc xlink:type="locator" xlink:href="http://disclosure.edinet-fsa.go.jp/taxonomy/jpigp/2023-12-01/jpigp_cor_2023-12-01.xsd#jpigp_cor_DilutedEarningsLossPerShareIFRS" xlink:label="jpigp_cor_DilutedEarningsLossPerShareIFRS" />
    <link:loc xlink:type="locator" xlink:href="http://disclosure.edinet-fsa.go.jp/taxonomy/jpigp/2023-12-01/jpigp_cor_2023-12-01.xsd#jpigp_cor_EarningsLossPerShareIFRSAbstract" xlink:label="jpigp_cor_EarningsLossPerShareIFRSAbstract" />
    <link:loc xlink:type="locator" xlink:href="http://disclosure.edinet-fsa.go.jp/taxonomy/jpigp/2023-12-01/jpigp_cor_2023-12-01.xsd#jpigp_cor_FinanceCostsIFRS" xlink:label="jpigp_cor_FinanceCostsIFRS" />
    <link:loc xlink:type="locator" xlink:href="http://disclosure.edinet-fsa.go.jp/taxonomy/jpigp/2023-12-01/jpigp_cor_2023-12-01.xsd#jpigp_cor_FinanceIncomeIFRS" xlink:label="jpigp_cor_FinanceIncomeIFRS" />
    <link:loc xlink:type="locator" xlink:href="http://disclosure.edinet-fsa.go.jp/taxonomy/jpigp/2023-12-01/jpigp_cor_2023-12-01.xsd#jpigp_cor_GrossProfitIFRS" xlink:label="jpigp_cor_GrossProfitIFRS" />
    <link:loc xlink:type="locator" xlink:href="http://disclosure.edinet-fsa.go.jp/taxonomy/jpigp/2023-12-01/jpigp_cor_2023-12-01.xsd#jpigp_cor_IncomeTaxExpenseIFRS" xlink:label="jpigp_cor_IncomeTaxExpenseIFRS" />
    <link:loc xlink:type="locator" xlink:href="http://disclosure.edinet-fsa.go.jp/taxonomy/jpigp/2023-12-01/jpigp_cor_2023-12-01.xsd#jpigp_cor_OperatingProfitLossIFRS" xlink:label="jpigp_cor_OperatingProfitLossIFRS" />
    <link:loc xlink:type="locator" xlink:href="http://disclosure.edinet-fsa.go.jp/taxonomy/jpigp/2023-12-01/jpigp_cor_2023-12-01.xsd#jpigp_cor_OtherExpensesIFRS" xlink:label="jpigp_cor_OtherExpensesIFRS" />
    <link:loc xlink:type="locator" xlink:href="http://disclosure.edinet-fsa.go.jp/taxonomy/jpigp/2023-12-01/jpigp_cor_2023-12-01.xsd#jpigp_cor_OtherIncomeIFRS" xlink:label="jpigp_cor_OtherIncomeIFRS" />
    <link:loc xlink:type="locator" xlink:href="http://disclosure.edinet-fsa.go.jp/taxonomy/jpigp/2023-12-01/jpigp_cor_2023-12-01.xsd#jpigp_cor_ProfitLossAttributableToIFRSAbstract" xlink:label="jpigp_cor_ProfitLossAttributableToIFRSAbstract" />
    <link:loc xlink:type="locator" xlink:href="http://disclosure.edinet-fsa.go.jp/taxonomy/jpigp/2023-12-01/jpigp_cor_2023-12-01.xsd#jpigp_cor_ProfitLossAttributableToOwnersOfParentIFRS" xlink:label="jpigp_cor_ProfitLossAttributableToOwnersOfParentIFRS" />
    <link:loc xlink:type="locator" xlink:href="http://disclosure.edinet-fsa.go.jp/taxonomy/jpigp/2023-12-01/jpigp_cor_2023-12-01.xsd#jpigp_cor_ProfitLossBeforeTaxIFRS" xlink:label="jpigp_cor_ProfitLossBeforeTaxIFRS" />
    <link:loc xlink:type="locator" xlink:href="http://disclosure.edinet-fsa.go.jp/taxonomy/jpigp/2023-12-01/jpigp_cor_2023-12-01.xsd#jpigp_cor_ProfitLossIFRS" xlink:label="jpigp_cor_ProfitLossIFRS" />
    <link:loc xlink:type="locator" xlink:href="http://disclosure.edinet-fsa.go.jp/taxonomy/jpigp/2023-12-01/jpigp_cor_2023-12-01.xsd#jpigp_cor_RevenueIFRS" xlink:label="jpigp_cor_RevenueIFRS" />
    <link:loc xlink:type="locator" xlink:href="http://disclosure.edinet-fsa.go.jp/taxonomy/jpigp/2023-12-01/jpigp_cor_2023-12-01.xsd#jpigp_cor_SellingGeneralAndAdministrativeExpensesIFRS" xlink:label="jpigp_cor_SellingGeneralAndAdministrativeExpensesIFRS" />
    <link:loc xlink:type="locator" xlink:href="http://disclosure.edinet-fsa.go.jp/taxonomy/jpigp/2023-12-01/jpigp_cor_2023-12-01.xsd#jpigp_cor_StatementOfProfitOrLossIFRSLineItems" xlink:label="jpigp_cor_StatementOfProfitOrLossIFRSLineItems" />
    <link:loc xlink:type="locator" xlink:href="http://disclosure.edinet-fsa.go.jp/taxonomy/jpigp/2023-12-01/jpigp_cor_2023-12-01.xsd#jpigp_cor_StatementOfProfitOrLossIFRSTable" xlink:label="jpigp_cor_StatementOfProfitOrLossIFRSTable" />
    <link:loc xlink:type="locator" xlink:href="http://disclosure.edinet-fsa.go.jp/taxonomy/jppfs/2023-12-01/jppfs_cor_2023-12-01.xsd#jppfs_cor_ConsolidatedMember" xlink:label="jppfs_cor_ConsolidatedMember" />
    <link:loc xlink:type="locator" xlink:href="http://disclosure.edinet-fsa.go.jp/taxonomy/jppfs/2023-12-01/jppfs_cor_2023-12-01.xsd#jppfs_cor_ConsolidatedOrNonConsolidatedAxis" xlink:label="jppfs_cor_ConsolidatedOrNonConsolidatedAxis" />
    <link:presentationArc xlink:type="arc" xlink:from="jpigp_cor_CondensedYearToQuarterEndConsolidatedStatementOfProfitOrLossIFRSHeading" xlink:to="jpigp_cor_StatementOfProfitOrLossIFRSTable" xlink:arcrole="http://www.xbrl.org/2003/arcrole/parent-child" preferredLabel="http://disclosure.edinet-fsa.go.jp/jppfs/ConsolidatedQuarterly/role/label" order="1" />
    <link:presentationArc xlink:type="arc" xlink:from="jpigp_cor_CondensedYearToQuarterEndConsolidatedStatementOfProfitOrLossIFRSHeading" xlink:to="jpigp_cor_StatementOfProfitOrLossIFRSLineItems" xlink:arcrole="http://www.xbrl.org/2003/arcrole/parent-child" preferredLabel="http://disclosure.edinet-fsa.go.jp/jppfs/ConsolidatedQuarterly/role/label" order="2" />
    <link:presentationArc xlink:type="arc" xlink:from="jpigp_cor_EarningsLossPerShareIFRSAbstract" xlink:to="jpigp_cor_BasicEarningsLossPerShareIFRS" xlink:arcrole="http://www.xbrl.org/2003/arcrole/parent-child" preferredLabel="http://disclosure.edinet-fsa.go.jp/jppfs/ConsolidatedQuarterly/role/positiveLabel" order="1" />
    <link:presentationArc xlink:type="arc" xlink:from="jpigp_cor_EarningsLossPerShareIFRSAbstract" xlink:to="jpigp_cor_DilutedEarningsLossPerShareIFRS" xlink:arcrole="http://www.xbrl.org/2003/arcrole/parent-child" preferredLabel="http://disclosure.edinet-fsa.go.jp/jppfs/ConsolidatedQuarterly/role/positiveLabel" order="2" />
    <link:presentationArc xlink:type="arc" xlink:from="jpigp_cor_ProfitLossAttributableToIFRSAbstract" xlink:to="jpigp_cor_ProfitLossAttributableToOwnersOfParentIFRS" xlink:arcrole="http://www.xbrl.org/2003/arcrole/parent-child" order="1" />
    <link:presentationArc xlink:type="arc" xlink:from="jpigp_cor_ProfitLossAttributableToIFRSAbstract" xlink:to="jpigp_cor_ProfitLossIFRS" xlink:arcrole="http://www.xbrl.org/2003/arcrole/parent-child" preferredLabel="http://disclosure.edinet-fsa.go.jp/jppfs/ConsolidatedQuarterly/role/positiveLabel" order="2" />
    <link:presentationArc xlink:type="arc" xlink:from="jpigp_cor_StatementOfProfitOrLossIFRSLineItems" xlink:to="jpigp_cor_RevenueIFRS" xlink:arcrole="http://www.xbrl.org/2003/arcrole/parent-child" order="1" />
    <link:presentationArc xlink:type="arc" xlink:from="jpigp_cor_StatementOfProfitOrLossIFRSLineItems" xlink:to="jpigp_cor_CostOfSalesIFRS" xlink:arcrole="http://www.xbrl.org/2003/arcrole/parent-child" order="2" />
    <link:presentationArc xlink:type="arc" xlink:from="jpigp_cor_StatementOfProfitOrLossIFRSLineItems" xlink:to="jpigp_cor_GrossProfitIFRS" xlink:arcrole="http://www.xbrl.org/2003/arcrole/parent-child" order="3" />
    <link:presentationArc xlink:type="arc" xlink:from="jpigp_cor_StatementOfProfitOrLossIFRSLineItems" xlink:to="jpigp_cor_SellingGeneralAndAdministrativeExpensesIFRS" xlink:arcrole="http://www.xbrl.org/2003/arcrole/parent-child" order="4" />
    <link:presentationArc xlink:type="arc" xlink:from="jpigp_cor_StatementOfProfitOrLossIFRSLineItems" xlink:to="jpigp_cor_OtherIncomeIFRS" xlink:arcrole="http://www.xbrl.org/2003/arcrole/parent-child" order="5" />
    <link:presentationArc xlink:type="arc" xlink:from="jpigp_cor_StatementOfProfitOrLossIFRSLineItems" xlink:to="jpigp_cor_OtherExpensesIFRS" xlink:arcrole="http://www.xbrl.org/2003/arcrole/parent-child" order="6" />
    <link:presentationArc xlink:type="arc" xlink:from="jpigp_cor_StatementOfProfitOrLossIFRSLineItems" xlink:to="jpigp_cor_OperatingProfitLossIFRS" xlink:arcrole="http://www.xbrl.org/2003/arcrole/parent-child" preferredLabel="http://www.xbrl.org/2003/role/positiveLabel" order="7" />
    <link:presentationArc xlink:type="arc" xlink:from="jpigp_cor_StatementOfProfitOrLossIFRSLineItems" xlink:to="jpigp_cor_FinanceIncomeIFRS" xlink:arcrole="http://www.xbrl.org/2003/arcrole/parent-child" order="8" />
    <link:presentationArc xlink:type="arc" xlink:from="jpigp_cor_StatementOfProfitOrLossIFRSLineItems" xlink:to="jpigp_cor_FinanceCostsIFRS" xlink:arcrole="http://www.xbrl.org/2003/arcrole/parent-child" order="9" />
    <link:presentationArc xlink:type="arc" xlink:from="jpigp_cor_StatementOfProfitOrLossIFRSLineItems" xlink:to="jpigp_cor_ProfitLossBeforeTaxIFRS" xlink:arcrole="http://www.xbrl.org/2003/arcrole/parent-child" preferredLabel="http://disclosure.edinet-fsa.go.jp/jppfs/ConsolidatedQuarterly/role/positiveLabel" order="10" />
    <link:presentationArc xlink:type="arc" xlink:from="jpigp_cor_StatementOfProfitOrLossIFRSLineItems" xlink:to="jpigp_cor_IncomeTaxExpenseIFRS" xlink:arcrole="http://www.xbrl.org/2003/arcrole/parent-child" order="11" />
    <link:presentationArc xlink:type="arc" xlink:from="jpigp_cor_StatementOfProfitOrLossIFRSLineItems" xlink:to="jpigp_cor_ProfitLossIFRS" xlink:arcrole="http://www.xbrl.org/2003/arcrole/parent-child" preferredLabel="http://disclosure.edinet-fsa.go.jp/jppfs/ConsolidatedQuarterly/role/positiveLabel" order="12" />
    <link:presentationArc xlink:type="arc" xlink:from="jpigp_cor_StatementOfProfitOrLossIFRSLineItems" xlink:to="jpigp_cor_ProfitLossAttributableToIFRSAbstract" xlink:arcrole="http://www.xbrl.org/2003/arcrole/parent-child" preferredLabel="http://disclosure.edinet-fsa.go.jp/jppfs/ConsolidatedQuarterly/role/positiveLabel" order="13" />
    <link:presentationArc xlink:type="arc" xlink:from="jpigp_cor_StatementOfProfitOrLossIFRSLineItems" xlink:to="jpigp_cor_EarningsLossPerShareIFRSAbstract" xlink:arcrole="http://www.xbrl.org/2003/arcrole/parent-child" preferredLabel="http://disclosure.edinet-fsa.go.jp/jppfs/ConsolidatedQuarterly/role/positiveLabel" order="14" />
    <link:presentationArc xlink:type="arc" xlink:from="jpigp_cor_StatementOfProfitOrLossIFRSTable" xlink:to="jppfs_cor_ConsolidatedOrNonConsolidatedAxis" xlink:arcrole="http://www.xbrl.org/2003/arcrole/parent-child" order="1" />
    <link:presentationArc xlink:type="arc" xlink:from="jppfs_cor_ConsolidatedOrNonConsolidatedAxis" xlink:to="jppfs_cor_ConsolidatedMember" xlink:arcrole="http://www.xbrl.org/2003/arcrole/parent-child" order="1" />
  </link:presentationLink>
  <link:presentationLink xlink:type="extended" xlink:role="http://disclosure.edinet-fsa.go.jp/role/jpigp/rol_CondensedYearToQuarterEndConsolidatedStatementOfComprehensiveIncomeIFRS">
    <link:loc xlink:type="locator" xlink:href="http://disclosure.edinet-fsa.go.jp/taxonomy/jpigp/2023-12-01/jpigp_cor_2023-12-01.xsd#jpigp_cor_ComprehensiveIncomeAttributableToIFRSAbstract" xlink:label="jpigp_cor_ComprehensiveIncomeAttributableToIFRSAbstract" />
    <link:loc xlink:type="locator" xlink:href="http://disclosure.edinet-fsa.go.jp/taxonomy/jpigp/2023-12-01/jpigp_cor_2023-12-01.xsd#jpigp_cor_ComprehensiveIncomeAttributableToOwnersOfParentIFRS" xlink:label="jpigp_cor_ComprehensiveIncomeAttributableToOwnersOfParentIFRS" />
    <link:loc xlink:type="locator" xlink:href="http://disclosure.edinet-fsa.go.jp/taxonomy/jpigp/2023-12-01/jpigp_cor_2023-12-01.xsd#jpigp_cor_ComprehensiveIncomeIFRS" xlink:label="jpigp_cor_ComprehensiveIncomeIFRS" />
    <link:loc xlink:type="locator" xlink:href="http://disclosure.edinet-fsa.go.jp/taxonomy/jpigp/2023-12-01/jpigp_cor_2023-12-01.xsd#jpigp_cor_CondensedYearToQuarterEndConsolidatedStatementOfComprehensiveIncomeIFRSHeading" xlink:label="jpigp_cor_CondensedYearToQuarterEndConsolidatedStatementOfComprehensiveIncomeIFRSHeading" />
    <link:loc xlink:type="locator" xlink:href="http://disclosure.edinet-fsa.go.jp/taxonomy/jpigp/2023-12-01/jpigp_cor_2023-12-01.xsd#jpigp_cor_FinancialAssetsMeasuredAtFairValueThroughOtherComprehensiveIncomeBeforeTaxItemsThatMayBeReclassifiedToProfitOrLossOCIIFRS" xlink:label="jpigp_cor_FinancialAssetsMeasuredAtFairValueThroughOtherComprehensiveIncomeBeforeTaxItemsThatMayBeReclassifiedToProfitOrLossOCIIFRS" />
    <link:loc xlink:type="locator" xlink:href="http://disclosure.edinet-fsa.go.jp/taxonomy/jpigp/2023-12-01/jpigp_cor_2023-12-01.xsd#jpigp_cor_ItemsThatWillNotBeReclassifiedToProfitOrLossOCIIFRSAbstract" xlink:label="jpigp_cor_ItemsThatWillNotBeReclassifiedToProfitOrLossOCIIFRSAbstract" />
    <link:loc xlink:type="locator" xlink:href="http://disclosure.edinet-fsa.go.jp/taxonomy/jpigp/2023-12-01/jpigp_cor_2023-12-01.xsd#jpigp_cor_OtherComprehensiveIncomeIFRS" xlink:label="jpigp_cor_OtherComprehensiveIncomeIFRS" />
    <link:loc xlink:type="locator" xlink:href="http://disclosure.edinet-fsa.go.jp/taxonomy/jpigp/2023-12-01/jpigp_cor_2023-12-01.xsd#jpigp_cor_OtherComprehensiveIncomeIFRSAbstract" xlink:label="jpigp_cor_OtherComprehensiveIncomeIFRSAbstract" />
    <link:loc xlink:type="locator" xlink:href="http://disclosure.edinet-fsa.go.jp/taxonomy/jpigp/2023-12-01/jpigp_cor_2023-12-01.xsd#jpigp_cor_ProfitLossIFRS" xlink:label="jpigp_cor_ProfitLossIFRS" />
    <link:loc xlink:type="locator" xlink:href="http://disclosure.edinet-fsa.go.jp/taxonomy/jpigp/2023-12-01/jpigp_cor_2023-12-01.xsd#jpigp_cor_StatementOfComprehensiveIncomeIFRSLineItems" xlink:label="jpigp_cor_StatementOfComprehensiveIncomeIFRSLineItems" />
    <link:loc xlink:type="locator" xlink:href="http://disclosure.edinet-fsa.go.jp/taxonomy/jpigp/2023-12-01/jpigp_cor_2023-12-01.xsd#jpigp_cor_StatementOfComprehensiveIncomeIFRSTable" xlink:label="jpigp_cor_StatementOfComprehensiveIncomeIFRSTable" />
    <link:loc xlink:type="locator" xlink:href="http://disclosure.edinet-fsa.go.jp/taxonomy/jppfs/2023-12-01/jppfs_cor_2023-12-01.xsd#jppfs_cor_ConsolidatedMember" xlink:label="jppfs_cor_ConsolidatedMember" />
    <link:loc xlink:type="locator" xlink:href="http://disclosure.edinet-fsa.go.jp/taxonomy/jppfs/2023-12-01/jppfs_cor_2023-12-01.xsd#jppfs_cor_ConsolidatedOrNonConsolidatedAxis" xlink:label="jppfs_cor_ConsolidatedOrNonConsolidatedAxis" />
    <link:presentationArc xlink:type="arc" xlink:from="jpigp_cor_ComprehensiveIncomeAttributableToIFRSAbstract" xlink:to="jpigp_cor_ComprehensiveIncomeAttributableToOwnersOfParentIFRS" xlink:arcrole="http://www.xbrl.org/2003/arcrole/parent-child" order="1" />
    <link:presentationArc xlink:type="arc" xlink:from="jpigp_cor_ComprehensiveIncomeAttributableToIFRSAbstract" xlink:to="jpigp_cor_ComprehensiveIncomeIFRS" xlink:arcrole="http://www.xbrl.org/2003/arcrole/parent-child" preferredLabel="http://disclosure.edinet-fsa.go.jp/jppfs/ConsolidatedQuarterly/role/label" order="2" />
    <link:presentationArc xlink:type="arc" xlink:from="jpigp_cor_CondensedYearToQuarterEndConsolidatedStatementOfComprehensiveIncomeIFRSHeading" xlink:to="jpigp_cor_StatementOfComprehensiveIncomeIFRSTable" xlink:arcrole="http://www.xbrl.org/2003/arcrole/parent-child" preferredLabel="http://disclosure.edinet-fsa.go.jp/jppfs/ConsolidatedQuarterly/role/label" order="1" />
    <link:presentationArc xlink:type="arc" xlink:from="jpigp_cor_CondensedYearToQuarterEndConsolidatedStatementOfComprehensiveIncomeIFRSHeading" xlink:to="jpigp_cor_StatementOfComprehensiveIncomeIFRSLineItems" xlink:arcrole="http://www.xbrl.org/2003/arcrole/parent-child" preferredLabel="http://disclosure.edinet-fsa.go.jp/jppfs/ConsolidatedQuarterly/role/label" order="2" />
    <link:presentationArc xlink:type="arc" xlink:from="jpigp_cor_OtherComprehensiveIncomeIFRSAbstract" xlink:to="jpigp_cor_ItemsThatWillNotBeReclassifiedToProfitOrLossOCIIFRSAbstract" xlink:arcrole="http://www.xbrl.org/2003/arcrole/parent-child" order="1" />
    <link:presentationArc xlink:type="arc" xlink:from="jpigp_cor_ItemsThatWillNotBeReclassifiedToProfitOrLossOCIIFRSAbstract" xlink:to="jpigp_cor_FinancialAssetsMeasuredAtFairValueThroughOtherComprehensiveIncomeBeforeTaxItemsThatMayBeReclassifiedToProfitOrLossOCIIFRS" xlink:arcrole="http://www.xbrl.org/2003/arcrole/parent-child" order="1" />
    <link:presentationArc xlink:type="arc" xlink:from="jpigp_cor_StatementOfComprehensiveIncomeIFRSLineItems" xlink:to="jpigp_cor_OtherComprehensiveIncomeIFRSAbstract" xlink:arcrole="http://www.xbrl.org/2003/arcrole/parent-child" order="2" />
    <link:presentationArc xlink:type="arc" xlink:from="jpigp_cor_OtherComprehensiveIncomeIFRSAbstract" xlink:to="jpigp_cor_OtherComprehensiveIncomeIFRS" xlink:arcrole="http://www.xbrl.org/2003/arcrole/parent-child" preferredLabel="http://www.xbrl.org/2003/role/totalLabel" order="2" />
    <link:presentationArc xlink:type="arc" xlink:from="jpigp_cor_StatementOfComprehensiveIncomeIFRSLineItems" xlink:to="jpigp_cor_ProfitLossIFRS" xlink:arcrole="http://www.xbrl.org/2003/arcrole/parent-child" preferredLabel="http://disclosure.edinet-fsa.go.jp/jppfs/ConsolidatedQuarterly/role/positiveLabel" order="1" />
    <link:presentationArc xlink:type="arc" xlink:from="jpigp_cor_StatementOfComprehensiveIncomeIFRSLineItems" xlink:to="jpigp_cor_ComprehensiveIncomeIFRS" xlink:arcrole="http://www.xbrl.org/2003/arcrole/parent-child" preferredLabel="http://disclosure.edinet-fsa.go.jp/jppfs/ConsolidatedQuarterly/role/label" order="3" />
    <link:presentationArc xlink:type="arc" xlink:from="jpigp_cor_StatementOfComprehensiveIncomeIFRSLineItems" xlink:to="jpigp_cor_ComprehensiveIncomeAttributableToIFRSAbstract" xlink:arcrole="http://www.xbrl.org/2003/arcrole/parent-child" preferredLabel="http://disclosure.edinet-fsa.go.jp/jppfs/ConsolidatedQuarterly/role/label" order="4" />
    <link:presentationArc xlink:type="arc" xlink:from="jpigp_cor_StatementOfComprehensiveIncomeIFRSTable" xlink:to="jppfs_cor_ConsolidatedOrNonConsolidatedAxis" xlink:arcrole="http://www.xbrl.org/2003/arcrole/parent-child" order="1" />
    <link:presentationArc xlink:type="arc" xlink:from="jppfs_cor_ConsolidatedOrNonConsolidatedAxis" xlink:to="jppfs_cor_ConsolidatedMember" xlink:arcrole="http://www.xbrl.org/2003/arcrole/parent-child" order="1" />
  </link:presentationLink>
  <link:presentationLink xlink:type="extended" xlink:role="http://disclosure.edinet-fsa.go.jp/role/jpigp/rol_NotesSegmentInformationCondensedQuarterlyConsolidatedFinancialStatementsIFRS-01">
    <link:loc xlink:type="locator" xlink:href="http://disclosure.edinet-fsa.go.jp/taxonomy/jpigp/2023-12-01/jpigp_cor_2023-12-01.xsd#jpigp_cor_DescriptionOfFactThatCompanysBusinessComprisesSingleSegmentIFRS" xlink:label="jpigp_cor_DescriptionOfFactThatCompanysBusinessComprisesSingleSegmentIFRS" />
    <link:loc xlink:type="locator" xlink:href="http://disclosure.edinet-fsa.go.jp/taxonomy/jpigp/2023-12-01/jpigp_cor_2023-12-01.xsd#jpigp_cor_DescriptionOfReportableSegmentsIFRSLineItems" xlink:label="jpigp_cor_DescriptionOfReportableSegmentsIFRSLineItems" />
    <link:loc xlink:type="locator" xlink:href="http://disclosure.edinet-fsa.go.jp/taxonomy/jpigp/2023-12-01/jpigp_cor_2023-12-01.xsd#jpigp_cor_DescriptionOfReportableSegmentsIFRSTable" xlink:label="jpigp_cor_DescriptionOfReportableSegmentsIFRSTable" />
    <link:loc xlink:type="locator" xlink:href="http://disclosure.edinet-fsa.go.jp/taxonomy/jpigp/2023-12-01/jpigp_cor_2023-12-01.xsd#jpigp_cor_NotesSegmentInformationCondensedQuarterlyConsolidatedFinancialStatementsIFRSHeading" xlink:label="jpigp_cor_NotesSegmentInformationCondensedQuarterlyConsolidatedFinancialStatementsIFRSHeading" />
    <link:loc xlink:type="locator" xlink:href="http://disclosure.edinet-fsa.go.jp/taxonomy/jppfs/2023-12-01/jppfs_cor_2023-12-01.xsd#jppfs_cor_ConsolidatedMember" xlink:label="jppfs_cor_ConsolidatedMember" />
    <link:loc xlink:type="locator" xlink:href="http://disclosure.edinet-fsa.go.jp/taxonomy/jppfs/2023-12-01/jppfs_cor_2023-12-01.xsd#jppfs_cor_ConsolidatedOrNonConsolidatedAxis" xlink:label="jppfs_cor_ConsolidatedOrNonConsolidatedAxis" />
    <link:presentationArc xlink:type="arc" xlink:from="jpigp_cor_DescriptionOfReportableSegmentsIFRSLineItems" xlink:to="jpigp_cor_DescriptionOfFactThatCompanysBusinessComprisesSingleSegmentIFRS" xlink:arcrole="http://www.xbrl.org/2003/arcrole/parent-child" order="1" />
    <link:presentationArc xlink:type="arc" xlink:from="jpigp_cor_NotesSegmentInformationCondensedQuarterlyConsolidatedFinancialStatementsIFRSHeading" xlink:to="jpigp_cor_DescriptionOfReportableSegmentsIFRSTable" xlink:arcrole="http://www.xbrl.org/2003/arcrole/parent-child" order="1" />
    <link:presentationArc xlink:type="arc" xlink:from="jpigp_cor_DescriptionOfReportableSegmentsIFRSTable" xlink:to="jppfs_cor_ConsolidatedOrNonConsolidatedAxis" xlink:arcrole="http://www.xbrl.org/2003/arcrole/parent-child" order="1" />
    <link:presentationArc xlink:type="arc" xlink:from="jpigp_cor_NotesSegmentInformationCondensedQuarterlyConsolidatedFinancialStatementsIFRSHeading" xlink:to="jpigp_cor_DescriptionOfReportableSegmentsIFRSLineItems" xlink:arcrole="http://www.xbrl.org/2003/arcrole/parent-child" order="2" />
    <link:presentationArc xlink:type="arc" xlink:from="jppfs_cor_ConsolidatedOrNonConsolidatedAxis" xlink:to="jppfs_cor_ConsolidatedMember" xlink:arcrole="http://www.xbrl.org/2003/arcrole/parent-child" order="1" />
  </link:presentationLink>
</link:linkbase>