<?xml version="1.0" encoding="utf-8"?>
<!-- Generated by PRONEXUS WORKS --><link:linkbase xmlns:link="http://www.xbrl.org/2003/linkbase" xmlns:xsi="http://www.w3.org/2001/XMLSchema-instance" xmlns:xbrli="http://www.xbrl.org/2003/instance" xmlns:xlink="http://www.w3.org/1999/xlink">  <link:labelLink xlink:type="extended" xlink:role="http://www.xbrl.org/2003/role/link">    <link:loc xlink:type="locator" xlink:href="tse-qcedjpfr-77300-2025-11-30-01-2026-01-14.xsd#tse-qcedjpfr-77300_UnoperatedLandRelatedCostsNOE" xlink:label="UnoperatedLandRelatedCostsNOE" />    <link:loc xlink:type="locator" xlink:href="tse-qcedjpfr-77300-2025-11-30-01-2026-01-14.xsd#tse-qcedjpfr-77300_SurgicalReportableSegmentsMember" xlink:label="SurgicalReportableSegmentsMember" />    <link:loc xlink:type="locator" xlink:href="tse-qcedjpfr-77300-2025-11-30-01-2026-01-14.xsd#tse-qcedjpfr-77300_EyelessNeedleReportableSegmentsMember" xlink:label="EyelessNeedleReportableSegmentsMember" />    <link:loc xlink:type="locator" xlink:href="tse-qcedjpfr-77300-2025-11-30-01-2026-01-14.xsd#tse-qcedjpfr-77300_DentalReportableSegmentsMember" xlink:label="DentalReportableSegmentsMember" />    <link:label xlink:type="resource" xlink:label="label_SurgicalReportableSegmentsMember" xml:lang="ja" xlink:role="http://www.xbrl.org/2003/role/label" id="label_SurgicalReportableSegmentsMember">サージカル関連製品</link:label>    <link:labelArc xlink:type="arc" xlink:arcrole="http://www.xbrl.org/2003/arcrole/concept-label" xlink:from="SurgicalReportableSegmentsMember" xlink:to="label_SurgicalReportableSegmentsMember" />    <link:label xlink:type="resource" xlink:label="label_SurgicalReportableSegmentsMember_2" xml:lang="ja" xlink:role="http://www.xbrl.org/2003/role/verboseLabel" id="label_SurgicalReportableSegmentsMember_2">サージカル関連製品、報告セグメント [メンバー]</link:label>    <link:labelArc xlink:type="arc" xlink:arcrole="http://www.xbrl.org/2003/arcrole/concept-label" xlink:from="SurgicalReportableSegmentsMember" xlink:to="label_SurgicalReportableSegmentsMember_2" />    <link:label xlink:type="resource" xlink:label="label_EyelessNeedleReportableSegmentsMember" xml:lang="ja" xlink:role="http://www.xbrl.org/2003/role/label" id="label_EyelessNeedleReportableSegmentsMember">アイレス針関連製品</link:label>    <link:labelArc xlink:type="arc" xlink:arcrole="http://www.xbrl.org/2003/arcrole/concept-label" xlink:from="EyelessNeedleReportableSegmentsMember" xlink:to="label_EyelessNeedleReportableSegmentsMember" />    <link:label xlink:type="resource" xlink:label="label_EyelessNeedleReportableSegmentsMember_2" xml:lang="ja" xlink:role="http://www.xbrl.org/2003/role/verboseLabel" id="label_EyelessNeedleReportableSegmentsMember_2">アイレス針関連製品、報告セグメント [メンバー]</link:label>    <link:labelArc xlink:type="arc" xlink:arcrole="http://www.xbrl.org/2003/arcrole/concept-label" xlink:from="EyelessNeedleReportableSegmentsMember" xlink:to="label_EyelessNeedleReportableSegmentsMember_2" />    <link:label xlink:type="resource" xlink:label="label_DentalReportableSegmentsMember" xml:lang="ja" xlink:role="http://www.xbrl.org/2003/role/label" id="label_DentalReportableSegmentsMember">デンタル関連製品</link:label>    <link:labelArc xlink:type="arc" xlink:arcrole="http://www.xbrl.org/2003/arcrole/concept-label" xlink:from="DentalReportableSegmentsMember" xlink:to="label_DentalReportableSegmentsMember" />    <link:label xlink:type="resource" xlink:label="label_DentalReportableSegmentsMember_2" xml:lang="ja" xlink:role="http://www.xbrl.org/2003/role/verboseLabel" id="label_DentalReportableSegmentsMember_2">デンタル関連製品、報告セグメント [メンバー]</link:label>    <link:labelArc xlink:type="arc" xlink:arcrole="http://www.xbrl.org/2003/arcrole/concept-label" xlink:from="DentalReportableSegmentsMember" xlink:to="label_DentalReportableSegmentsMember_2" />    <link:label xlink:type="resource" xlink:label="label_UnoperatedLandRelatedCostsNOE" xml:lang="ja" xlink:role="http://www.xbrl.org/2003/role/label" id="label_UnoperatedLandRelatedCostsNOE">未稼働用地関連費用</link:label>    <link:labelArc xlink:type="arc" xlink:arcrole="http://www.xbrl.org/2003/arcrole/concept-label" xlink:from="UnoperatedLandRelatedCostsNOE" xlink:to="label_UnoperatedLandRelatedCostsNOE" />    <link:label xlink:type="resource" xlink:label="label_UnoperatedLandRelatedCostsNOE_2" xml:lang="ja" xlink:role="http://www.xbrl.org/2003/role/verboseLabel" id="label_UnoperatedLandRelatedCostsNOE_2">未稼働用地関連費用、営業外費用</link:label>    <link:labelArc xlink:type="arc" xlink:arcrole="http://www.xbrl.org/2003/arcrole/concept-label" xlink:from="UnoperatedLandRelatedCostsNOE" xlink:to="label_UnoperatedLandRelatedCostsNOE_2" />  </link:labelLink></link:linkbase>