﻿<?xml version="1.0" encoding="utf-8"?>
<!-- XBRL Document Created with WizLabo Platform -->
<link:linkbase xmlns:xlink="http://www.w3.org/1999/xlink" xmlns:xsi="http://www.w3.org/2001/XMLSchema-instance" xmlns:link="http://www.xbrl.org/2003/linkbase">
  <link:labelLink xlink:type="extended" xlink:role="http://www.xbrl.org/2003/role/link">
    <link:label xml:lang="en" xlink:type="resource" xlink:label="tse-qnedjpfr-373A0_ProductBusinessReportableSegmentMember_label" xlink:role="http://www.xbrl.org/2003/role/label">Product business</link:label>
    <link:label xml:lang="en" xlink:type="resource" xlink:label="tse-qnedjpfr-373A0_ProductBusinessReportableSegmentMember_label_1" xlink:role="http://www.xbrl.org/2003/role/verboseLabel">Product business, Reportable segment [member]</link:label>
    <link:label xml:lang="en" xlink:type="resource" xlink:label="tse-qnedjpfr-373A0_SalonFranchiserBusinessReportableSegmentMember_label" xlink:role="http://www.xbrl.org/2003/role/label">Salon franchiser business</link:label>
    <link:label xml:lang="en" xlink:type="resource" xlink:label="tse-qnedjpfr-373A0_SalonFranchiserBusinessReportableSegmentMember_label_1" xlink:role="http://www.xbrl.org/2003/role/verboseLabel">Salon franchiser business, Reportable segment [member]</link:label>
    <link:loc xlink:type="locator" xlink:href="tse-qnedjpfr-373A0-2025-11-30-01-2026-01-14.xsd#tse-qnedjpfr-373A0_ProductBusinessReportableSegmentMember" xlink:label="tse-qnedjpfr-373A0_ProductBusinessReportableSegmentMember" />
    <link:loc xlink:type="locator" xlink:href="tse-qnedjpfr-373A0-2025-11-30-01-2026-01-14.xsd#tse-qnedjpfr-373A0_SalonFranchiserBusinessReportableSegmentMember" xlink:label="tse-qnedjpfr-373A0_SalonFranchiserBusinessReportableSegmentMember" />
    <link:labelArc xlink:type="arc" xlink:from="tse-qnedjpfr-373A0_ProductBusinessReportableSegmentMember" xlink:to="tse-qnedjpfr-373A0_ProductBusinessReportableSegmentMember_label" xlink:arcrole="http://www.xbrl.org/2003/arcrole/concept-label" order="1" />
    <link:labelArc xlink:type="arc" xlink:from="tse-qnedjpfr-373A0_ProductBusinessReportableSegmentMember" xlink:to="tse-qnedjpfr-373A0_ProductBusinessReportableSegmentMember_label_1" xlink:arcrole="http://www.xbrl.org/2003/arcrole/concept-label" order="1" />
    <link:labelArc xlink:type="arc" xlink:from="tse-qnedjpfr-373A0_SalonFranchiserBusinessReportableSegmentMember" xlink:to="tse-qnedjpfr-373A0_SalonFranchiserBusinessReportableSegmentMember_label" xlink:arcrole="http://www.xbrl.org/2003/arcrole/concept-label" order="1" />
    <link:labelArc xlink:type="arc" xlink:from="tse-qnedjpfr-373A0_SalonFranchiserBusinessReportableSegmentMember" xlink:to="tse-qnedjpfr-373A0_SalonFranchiserBusinessReportableSegmentMember_label_1" xlink:arcrole="http://www.xbrl.org/2003/arcrole/concept-label" order="1" />
  </link:labelLink>
</link:linkbase>