<?xml version="1.0" encoding="utf-8"?>
<!-- Generated by PRONEXUS WORKS --><link:linkbase xmlns:link="http://www.xbrl.org/2003/linkbase" xmlns:xsi="http://www.w3.org/2001/XMLSchema-instance" xmlns:xbrli="http://www.xbrl.org/2003/instance" xmlns:xlink="http://www.w3.org/1999/xlink">  <link:labelLink xlink:type="extended" xlink:role="http://www.xbrl.org/2003/role/link">    <link:loc xlink:type="locator" xlink:href="tse-qnedjpfr-369A0-2025-11-30-01-2026-01-13.xsd#tse-qnedjpfr-369A0_ProvisionForRelocationSupport" xlink:label="ProvisionForRelocationSupport" />    <link:loc xlink:type="locator" xlink:href="tse-qnedjpfr-369A0-2025-11-30-01-2026-01-13.xsd#tse-qnedjpfr-369A0_SettlementIncomeNOI" xlink:label="SettlementIncomeNOI" />    <link:label xlink:type="resource" xlink:label="label_SettlementIncomeNOI_2" xml:lang="en" xlink:role="http://www.xbrl.org/2003/role/label" id="label_SettlementIncomeNOI_2">Settlement income</link:label>    <link:labelArc xlink:type="arc" xlink:arcrole="http://www.xbrl.org/2003/arcrole/concept-label" xlink:from="SettlementIncomeNOI" xlink:to="label_SettlementIncomeNOI_2" />    <link:label xlink:type="resource" xlink:label="label_SettlementIncomeNOI" xml:lang="en" xlink:role="http://www.xbrl.org/2003/role/verboseLabel" id="label_SettlementIncomeNOI">Settlement income -NOI</link:label>    <link:labelArc xlink:type="arc" xlink:arcrole="http://www.xbrl.org/2003/arcrole/concept-label" xlink:from="SettlementIncomeNOI" xlink:to="label_SettlementIncomeNOI" />    <link:label xlink:type="resource" xlink:label="label_ProvisionForRelocationSupport_2" xml:lang="en" xlink:role="http://www.xbrl.org/2003/role/label" id="label_ProvisionForRelocationSupport_2">Provision for Relocation support</link:label>    <link:labelArc xlink:type="arc" xlink:arcrole="http://www.xbrl.org/2003/arcrole/concept-label" xlink:from="ProvisionForRelocationSupport" xlink:to="label_ProvisionForRelocationSupport_2" />    <link:label xlink:type="resource" xlink:label="label_ProvisionForRelocationSupport" xml:lang="en" xlink:role="http://www.xbrl.org/2003/role/verboseLabel" id="label_ProvisionForRelocationSupport">Provision for Relocation support</link:label>    <link:labelArc xlink:type="arc" xlink:arcrole="http://www.xbrl.org/2003/arcrole/concept-label" xlink:from="ProvisionForRelocationSupport" xlink:to="label_ProvisionForRelocationSupport" />  </link:labelLink></link:linkbase>