﻿<?xml version="1.0" encoding="utf-8"?>
<!-- XBRL Document Created with WizLabo Platform -->
<link:linkbase xmlns:xlink="http://www.w3.org/1999/xlink" xmlns:xsi="http://www.w3.org/2001/XMLSchema-instance" xmlns:link="http://www.xbrl.org/2003/linkbase">
  <link:roleRef xlink:type="simple" xlink:href="http://disclosure.edinet-fsa.go.jp/taxonomy/jpcrp/2024-11-01/jpcrp_rt_2024-11-01.xsd#rol_altLabel" roleURI="http://disclosure.edinet-fsa.go.jp/jpcrp/alt/role/label" />
  <link:roleRef xlink:type="simple" xlink:href="http://disclosure.edinet-fsa.go.jp/taxonomy/jpcrp/2024-11-01/jpcrp_rt_2024-11-01.xsd#rol_altPositiveLabel" roleURI="http://disclosure.edinet-fsa.go.jp/jpcrp/alt/role/positiveLabel" />
  <link:roleRef xlink:type="simple" xlink:href="http://disclosure.edinet-fsa.go.jp/taxonomy/jpcrp/2024-11-01/jpcrp_rt_2024-11-01.xsd#rol_altTotalLabel" roleURI="http://disclosure.edinet-fsa.go.jp/jpcrp/alt/role/totalLabel" />
  <link:roleRef xlink:type="simple" xlink:href="http://disclosure.edinet-fsa.go.jp/taxonomy/jpcrp/2024-11-01/jpcrp_rt_2024-11-01.xsd#rol_SegmentLabel" roleURI="http://disclosure.edinet-fsa.go.jp/jpcrp/Segment/role/label" />
  <link:roleRef xlink:type="simple" xlink:href="http://disclosure.edinet-fsa.go.jp/taxonomy/jpcrp/2024-11-01/jpcrp_rt_2024-11-01.xsd#rol_std_altTotalLabel" roleURI="http://disclosure.edinet-fsa.go.jp/jpcrp/std/alt/role/totalLabel" />
  <link:labelLink xlink:type="extended" xlink:role="http://www.xbrl.org/2003/role/link">
    <link:label xml:lang="en" xlink:type="resource" xlink:label="jpigp_cor_EarningsLossPerShareIFRSAbstract_label" xlink:role="http://disclosure.edinet-fsa.go.jp/jpcrp/alt/role/positiveLabel">Earnings per share</link:label>
    <link:label xml:lang="en" xlink:type="resource" xlink:label="jpigp_cor_EffectivePortionOfCashFlowHedgesNetOfTaxItemsThatMayBeReclassifiedToProfitOrLossOCIIFRS_label" xlink:role="http://disclosure.edinet-fsa.go.jp/jpcrp/alt/role/label">Effective portion of cash flow hedges</link:label>
    <link:label xml:lang="en" xlink:type="resource" xlink:label="jpigp_cor_EquityIFRSMember_label" xlink:role="http://disclosure.edinet-fsa.go.jp/jpcrp/std/alt/role/totalLabel">Total</link:label>
    <link:label xml:lang="en" xlink:type="resource" xlink:label="jpigp_cor_FinanceCostsIFRS_label" xlink:role="http://disclosure.edinet-fsa.go.jp/jpcrp/alt/role/totalLabel">Total</link:label>
    <link:label xml:lang="en" xlink:type="resource" xlink:label="jpigp_cor_FinanceIncomeIFRS_label" xlink:role="http://disclosure.edinet-fsa.go.jp/jpcrp/alt/role/totalLabel">Total</link:label>
    <link:label xml:lang="en" xlink:type="resource" xlink:label="jpigp_cor_IncomeTaxesPayableCLIFRS_label" xlink:role="http://disclosure.edinet-fsa.go.jp/jpcrp/alt/role/label">Income taxes payable</link:label>
    <link:label xml:lang="en" xlink:type="resource" xlink:label="jpigp_cor_ItemsThatMayBeReclassifiedToProfitOrLossOCIIFRSAbstract_label" xlink:role="http://disclosure.edinet-fsa.go.jp/jpcrp/alt/role/label">Items that may be reclassified to profit or loss</link:label>
    <link:label xml:lang="en" xlink:type="resource" xlink:label="jpigp_cor_ItemsThatWillNotBeReclassifiedToProfitOrLossOCIIFRSAbstract_label" xlink:role="http://disclosure.edinet-fsa.go.jp/jpcrp/alt/role/label">Items that will not be reclassified to profit or loss</link:label>
    <link:label xml:lang="en" xlink:type="resource" xlink:label="jpigp_cor_NetIncreaseDecreaseInCashAndCashEquivalentsBeforeEffectOfExchangeRateChangesIFRS_label" xlink:role="http://disclosure.edinet-fsa.go.jp/jpcrp/alt/role/label">Net increase (decrease) in cash and cash equivalents</link:label>
    <link:label xml:lang="en" xlink:type="resource" xlink:label="jpigp_cor_NetSalesIFRS_label" xlink:role="http://disclosure.edinet-fsa.go.jp/jpcrp/alt/role/totalLabel">Total</link:label>
    <link:label xml:lang="en" xlink:type="resource" xlink:label="jpigp_cor_OperatingProfitLossIFRS_label" xlink:role="http://disclosure.edinet-fsa.go.jp/jpcrp/Segment/role/label">Operating profit (loss) (IFRS)</link:label>
    <link:label xml:lang="en" xlink:type="resource" xlink:label="jpigp_cor_SalesToExternalCustomersIFRS_label" xlink:role="http://disclosure.edinet-fsa.go.jp/jpcrp/alt/role/label">Sales to external customers</link:label>
    <link:label xml:lang="en" xlink:type="resource" xlink:label="jpigp_cor_ShareBasedPaymentTransactionsSSIFRS_label" xlink:role="http://disclosure.edinet-fsa.go.jp/jpcrp/alt/role/label">Share-based payment transactions</link:label>
    <link:label xml:lang="en" xlink:type="resource" xlink:label="jpigp_cor_TotalOfItemsThatMayBeReclassifiedToProfitOrLossOCIIFRS_label" xlink:role="http://disclosure.edinet-fsa.go.jp/jpcrp/alt/role/label">Total of items that may be reclassified to profit or loss</link:label>
    <link:label xml:lang="en" xlink:type="resource" xlink:label="jpigp_cor_TotalOfItemsThatWillNotBeReclassifiedToProfitOrLossOCIIFRS_label" xlink:role="http://disclosure.edinet-fsa.go.jp/jpcrp/alt/role/label">Total of items that will not be reclassified to profit or loss</link:label>
    <link:label xml:lang="en" xlink:type="resource" xlink:label="tse-acediffr-89230_ChangeFromNewlyConsolidatedSubsidiaryIFRS_label" xlink:role="http://www.xbrl.org/2003/role/label">Change from newly consolidated subsidiary</link:label>
    <link:label xml:lang="en" xlink:type="resource" xlink:label="tse-acediffr-89230_ChangeFromNewlyConsolidatedSubsidiaryIFRS_label_1" xlink:role="http://www.xbrl.org/2003/role/verboseLabel">Change from newly consolidated subsidiary (IFRS)</link:label>
    <link:label xml:lang="en" xlink:type="resource" xlink:label="tse-acediffr-89230_CollectionOfOtherFinancialAssetsInvCFIFRS_label" xlink:role="http://www.xbrl.org/2003/role/label">Collection of other financial assets</link:label>
    <link:label xml:lang="en" xlink:type="resource" xlink:label="tse-acediffr-89230_CollectionOfOtherFinancialAssetsInvCFIFRS_label_1" xlink:role="http://www.xbrl.org/2003/role/verboseLabel">Collection of other financial assets-InvCF (IFRS)</link:label>
    <link:label xml:lang="en" xlink:type="resource" xlink:label="tse-acediffr-89230_FundAndConsultingBusinessReportableSegmentMember_label" xlink:role="http://www.xbrl.org/2003/role/label">Fund and consulting business</link:label>
    <link:label xml:lang="en" xlink:type="resource" xlink:label="tse-acediffr-89230_FundAndConsultingBusinessReportableSegmentMember_label_1" xlink:role="http://www.xbrl.org/2003/role/verboseLabel">Fund and consulting business, Reportable segment [member]</link:label>
    <link:label xml:lang="en" xlink:type="resource" xlink:label="tse-acediffr-89230_HotelReportableSegmentMember_label" xlink:role="http://www.xbrl.org/2003/role/label">Hotel</link:label>
    <link:label xml:lang="en" xlink:type="resource" xlink:label="tse-acediffr-89230_HotelReportableSegmentMember_label_1" xlink:role="http://www.xbrl.org/2003/role/verboseLabel">Hotel, Reportable segment [member]</link:label>
    <link:label xml:lang="en" xlink:type="resource" xlink:label="tse-acediffr-89230_IncreaseDecreaseInProvisionsAndRetirementBenefitsObligationsOpeCFIFRS_label" xlink:role="http://www.xbrl.org/2003/role/label">Increase (decrease) in provisions and retirement benefits obligations</link:label>
    <link:label xml:lang="en" xlink:type="resource" xlink:label="tse-acediffr-89230_IncreaseDecreaseInProvisionsAndRetirementBenefitsObligationsOpeCFIFRS_label_1" xlink:role="http://www.xbrl.org/2003/role/verboseLabel">Increase (decrease) in provisions and retirement benefits obligations-OpeCF (IFRS)</link:label>
    <link:label xml:lang="en" xlink:type="resource" xlink:label="tse-acediffr-89230_NetChangeInFinancialAssetsMeasuredAtFairValuesThroughOtherComprehensiveIncomeItemsThatWillNotBeReclassifiedToProfitOrLossIFRS_label" xlink:role="http://www.xbrl.org/2003/role/label">Net change in financial assets measured at fair values through other comprehensive income</link:label>
    <link:label xml:lang="en" xlink:type="resource" xlink:label="tse-acediffr-89230_NetChangeInFinancialAssetsMeasuredAtFairValuesThroughOtherComprehensiveIncomeItemsThatWillNotBeReclassifiedToProfitOrLossIFRS_label_1" xlink:role="http://www.xbrl.org/2003/role/verboseLabel">Net change in financial assets measured at fair values through other comprehensive income, Items that will not be reclassified to profit or loss (IFRS)</link:label>
    <link:label xml:lang="en" xlink:type="resource" xlink:label="tse-acediffr-89230_PaymentsForSaleOfSubsidiariesInvCFIFRS_label" xlink:role="http://www.xbrl.org/2003/role/label">Payments for sale of subsidiaries</link:label>
    <link:label xml:lang="en" xlink:type="resource" xlink:label="tse-acediffr-89230_PaymentsForSaleOfSubsidiariesInvCFIFRS_label_1" xlink:role="http://www.xbrl.org/2003/role/verboseLabel">Payments for sale of subsidiaries-InvCF (IFRS)</link:label>
    <link:label xml:lang="en" xlink:type="resource" xlink:label="tse-acediffr-89230_PaymentsOfLoansReceivableInvCFIFRS_label" xlink:role="http://www.xbrl.org/2003/role/label">Payments of loans receivable</link:label>
    <link:label xml:lang="en" xlink:type="resource" xlink:label="tse-acediffr-89230_PaymentsOfLoansReceivableInvCFIFRS_label_1" xlink:role="http://www.xbrl.org/2003/role/verboseLabel">Payments of loans receivable-InvCF (IFRS)</link:label>
    <link:label xml:lang="en" xlink:type="resource" xlink:label="tse-acediffr-89230_ProceedsFromAcquisitionOfBusinessesInvCFIFRS_label" xlink:role="http://www.xbrl.org/2003/role/label">Proceeds from acquisition of businesses</link:label>
    <link:label xml:lang="en" xlink:type="resource" xlink:label="tse-acediffr-89230_ProceedsFromAcquisitionOfBusinessesInvCFIFRS_label_1" xlink:role="http://www.xbrl.org/2003/role/verboseLabel">Proceeds from acquisition of businesses-InvCF (IFRS)</link:label>
    <link:label xml:lang="en" xlink:type="resource" xlink:label="tse-acediffr-89230_ProceedsFromDisposalOfTreasurySharesFinCFIFRS_label" xlink:role="http://www.xbrl.org/2003/role/label">Proceeds from disposal of treasury shares</link:label>
    <link:label xml:lang="en" xlink:type="resource" xlink:label="tse-acediffr-89230_ProceedsFromDisposalOfTreasurySharesFinCFIFRS_label_1" xlink:role="http://www.xbrl.org/2003/role/verboseLabel">Proceeds from disposal of treasury shares-FinCF (IFRS)</link:label>
    <link:label xml:lang="en" xlink:type="resource" xlink:label="tse-acediffr-89230_RealEstateDevelopmentBusinessReportableSegmentMember_label" xlink:role="http://www.xbrl.org/2003/role/label">Real estate development business</link:label>
    <link:label xml:lang="en" xlink:type="resource" xlink:label="tse-acediffr-89230_RealEstateDevelopmentBusinessReportableSegmentMember_label_1" xlink:role="http://www.xbrl.org/2003/role/verboseLabel">Real estate development business, Reportable segment [member]</link:label>
    <link:label xml:lang="en" xlink:type="resource" xlink:label="tse-acediffr-89230_RealEstateLeasingBusinessReportableSegmentMember_label" xlink:role="http://www.xbrl.org/2003/role/label">Real estate leasing business</link:label>
    <link:label xml:lang="en" xlink:type="resource" xlink:label="tse-acediffr-89230_RealEstateLeasingBusinessReportableSegmentMember_label_1" xlink:role="http://www.xbrl.org/2003/role/verboseLabel">Real estate leasing business, Reportable segment [member]</link:label>
    <link:label xml:lang="en" xlink:type="resource" xlink:label="tse-acediffr-89230_RealEstateManagementReportableSegmentMember_label" xlink:role="http://www.xbrl.org/2003/role/label">Real estate management</link:label>
    <link:label xml:lang="en" xlink:type="resource" xlink:label="tse-acediffr-89230_RealEstateManagementReportableSegmentMember_label_1" xlink:role="http://www.xbrl.org/2003/role/verboseLabel">Real estate management, Reportable segment [member]</link:label>
    <link:label xml:lang="en" xlink:type="resource" xlink:label="tse-acediffr-89230_RepaymentsToNonControllingInterestsFinCFIFRS_label" xlink:role="http://www.xbrl.org/2003/role/label">Repayments to non-controlling interests</link:label>
    <link:label xml:lang="en" xlink:type="resource" xlink:label="tse-acediffr-89230_RepaymentsToNonControllingInterestsFinCFIFRS_label_1" xlink:role="http://www.xbrl.org/2003/role/verboseLabel">Repayments to non-controlling interests-FinCF (IFRS)</link:label>
    <link:label xml:lang="en" xlink:type="resource" xlink:label="tse-acediffr-89230_RevitalizationBusinessReportableSegmentMember_label" xlink:role="http://www.xbrl.org/2003/role/label">Revitalization business</link:label>
    <link:label xml:lang="en" xlink:type="resource" xlink:label="tse-acediffr-89230_RevitalizationBusinessReportableSegmentMember_label_1" xlink:role="http://www.xbrl.org/2003/role/verboseLabel">Revitalization business, Reportable segment [member]</link:label>
    <link:loc xlink:type="locator" xlink:href="http://disclosure.edinet-fsa.go.jp/taxonomy/jpigp/2024-11-01/jpigp_cor_2024-11-01.xsd#jpigp_cor_EarningsLossPerShareIFRSAbstract" xlink:label="jpigp_cor_EarningsLossPerShareIFRSAbstract" />
    <link:loc xlink:type="locator" xlink:href="http://disclosure.edinet-fsa.go.jp/taxonomy/jpigp/2024-11-01/jpigp_cor_2024-11-01.xsd#jpigp_cor_EffectivePortionOfCashFlowHedgesNetOfTaxItemsThatMayBeReclassifiedToProfitOrLossOCIIFRS" xlink:label="jpigp_cor_EffectivePortionOfCashFlowHedgesNetOfTaxItemsThatMayBeReclassifiedToProfitOrLossOCIIFRS" />
    <link:loc xlink:type="locator" xlink:href="http://disclosure.edinet-fsa.go.jp/taxonomy/jpigp/2024-11-01/jpigp_cor_2024-11-01.xsd#jpigp_cor_EquityIFRSMember" xlink:label="jpigp_cor_EquityIFRSMember" />
    <link:loc xlink:type="locator" xlink:href="http://disclosure.edinet-fsa.go.jp/taxonomy/jpigp/2024-11-01/jpigp_cor_2024-11-01.xsd#jpigp_cor_FinanceCostsIFRS" xlink:label="jpigp_cor_FinanceCostsIFRS" />
    <link:loc xlink:type="locator" xlink:href="http://disclosure.edinet-fsa.go.jp/taxonomy/jpigp/2024-11-01/jpigp_cor_2024-11-01.xsd#jpigp_cor_FinanceIncomeIFRS" xlink:label="jpigp_cor_FinanceIncomeIFRS" />
    <link:loc xlink:type="locator" xlink:href="http://disclosure.edinet-fsa.go.jp/taxonomy/jpigp/2024-11-01/jpigp_cor_2024-11-01.xsd#jpigp_cor_IncomeTaxesPayableCLIFRS" xlink:label="jpigp_cor_IncomeTaxesPayableCLIFRS" />
    <link:loc xlink:type="locator" xlink:href="http://disclosure.edinet-fsa.go.jp/taxonomy/jpigp/2024-11-01/jpigp_cor_2024-11-01.xsd#jpigp_cor_ItemsThatMayBeReclassifiedToProfitOrLossOCIIFRSAbstract" xlink:label="jpigp_cor_ItemsThatMayBeReclassifiedToProfitOrLossOCIIFRSAbstract" />
    <link:loc xlink:type="locator" xlink:href="http://disclosure.edinet-fsa.go.jp/taxonomy/jpigp/2024-11-01/jpigp_cor_2024-11-01.xsd#jpigp_cor_ItemsThatWillNotBeReclassifiedToProfitOrLossOCIIFRSAbstract" xlink:label="jpigp_cor_ItemsThatWillNotBeReclassifiedToProfitOrLossOCIIFRSAbstract" />
    <link:loc xlink:type="locator" xlink:href="http://disclosure.edinet-fsa.go.jp/taxonomy/jpigp/2024-11-01/jpigp_cor_2024-11-01.xsd#jpigp_cor_NetIncreaseDecreaseInCashAndCashEquivalentsBeforeEffectOfExchangeRateChangesIFRS" xlink:label="jpigp_cor_NetIncreaseDecreaseInCashAndCashEquivalentsBeforeEffectOfExchangeRateChangesIFRS" />
    <link:loc xlink:type="locator" xlink:href="http://disclosure.edinet-fsa.go.jp/taxonomy/jpigp/2024-11-01/jpigp_cor_2024-11-01.xsd#jpigp_cor_NetSalesIFRS" xlink:label="jpigp_cor_NetSalesIFRS" />
    <link:loc xlink:type="locator" xlink:href="http://disclosure.edinet-fsa.go.jp/taxonomy/jpigp/2024-11-01/jpigp_cor_2024-11-01.xsd#jpigp_cor_OperatingProfitLossIFRS" xlink:label="jpigp_cor_OperatingProfitLossIFRS" />
    <link:loc xlink:type="locator" xlink:href="http://disclosure.edinet-fsa.go.jp/taxonomy/jpigp/2024-11-01/jpigp_cor_2024-11-01.xsd#jpigp_cor_SalesToExternalCustomersIFRS" xlink:label="jpigp_cor_SalesToExternalCustomersIFRS" />
    <link:loc xlink:type="locator" xlink:href="http://disclosure.edinet-fsa.go.jp/taxonomy/jpigp/2024-11-01/jpigp_cor_2024-11-01.xsd#jpigp_cor_ShareBasedPaymentTransactionsSSIFRS" xlink:label="jpigp_cor_ShareBasedPaymentTransactionsSSIFRS" />
    <link:loc xlink:type="locator" xlink:href="http://disclosure.edinet-fsa.go.jp/taxonomy/jpigp/2024-11-01/jpigp_cor_2024-11-01.xsd#jpigp_cor_TotalOfItemsThatMayBeReclassifiedToProfitOrLossOCIIFRS" xlink:label="jpigp_cor_TotalOfItemsThatMayBeReclassifiedToProfitOrLossOCIIFRS" />
    <link:loc xlink:type="locator" xlink:href="http://disclosure.edinet-fsa.go.jp/taxonomy/jpigp/2024-11-01/jpigp_cor_2024-11-01.xsd#jpigp_cor_TotalOfItemsThatWillNotBeReclassifiedToProfitOrLossOCIIFRS" xlink:label="jpigp_cor_TotalOfItemsThatWillNotBeReclassifiedToProfitOrLossOCIIFRS" />
    <link:loc xlink:type="locator" xlink:href="http://disclosure.edinet-fsa.go.jp/taxonomy/jpigp/2024-11-01/label/jpigp_2024-11-01_lab-en.xml#label_EquityIFRSMember_4" xlink:label="label_EquityIFRSMember_4" />
    <link:loc xlink:type="locator" xlink:href="tse-acediffr-89230-2025-11-30-01-2026-01-14.xsd#tse-acediffr-89230_ChangeFromNewlyConsolidatedSubsidiaryIFRS" xlink:label="tse-acediffr-89230_ChangeFromNewlyConsolidatedSubsidiaryIFRS" />
    <link:loc xlink:type="locator" xlink:href="tse-acediffr-89230-2025-11-30-01-2026-01-14.xsd#tse-acediffr-89230_CollectionOfOtherFinancialAssetsInvCFIFRS" xlink:label="tse-acediffr-89230_CollectionOfOtherFinancialAssetsInvCFIFRS" />
    <link:loc xlink:type="locator" xlink:href="tse-acediffr-89230-2025-11-30-01-2026-01-14.xsd#tse-acediffr-89230_FundAndConsultingBusinessReportableSegmentMember" xlink:label="tse-acediffr-89230_FundAndConsultingBusinessReportableSegmentMember" />
    <link:loc xlink:type="locator" xlink:href="tse-acediffr-89230-2025-11-30-01-2026-01-14.xsd#tse-acediffr-89230_HotelReportableSegmentMember" xlink:label="tse-acediffr-89230_HotelReportableSegmentMember" />
    <link:loc xlink:type="locator" xlink:href="tse-acediffr-89230-2025-11-30-01-2026-01-14.xsd#tse-acediffr-89230_IncreaseDecreaseInProvisionsAndRetirementBenefitsObligationsOpeCFIFRS" xlink:label="tse-acediffr-89230_IncreaseDecreaseInProvisionsAndRetirementBenefitsObligationsOpeCFIFRS" />
    <link:loc xlink:type="locator" xlink:href="tse-acediffr-89230-2025-11-30-01-2026-01-14.xsd#tse-acediffr-89230_NetChangeInFinancialAssetsMeasuredAtFairValuesThroughOtherComprehensiveIncomeItemsThatWillNotBeReclassifiedToProfitOrLossIFRS" xlink:label="tse-acediffr-89230_NetChangeInFinancialAssetsMeasuredAtFairValuesThroughOtherComprehensiveIncomeItemsThatWillNotBeReclassifiedToProfitOrLossIFRS" />
    <link:loc xlink:type="locator" xlink:href="tse-acediffr-89230-2025-11-30-01-2026-01-14.xsd#tse-acediffr-89230_PaymentsForSaleOfSubsidiariesInvCFIFRS" xlink:label="tse-acediffr-89230_PaymentsForSaleOfSubsidiariesInvCFIFRS" />
    <link:loc xlink:type="locator" xlink:href="tse-acediffr-89230-2025-11-30-01-2026-01-14.xsd#tse-acediffr-89230_PaymentsOfLoansReceivableInvCFIFRS" xlink:label="tse-acediffr-89230_PaymentsOfLoansReceivableInvCFIFRS" />
    <link:loc xlink:type="locator" xlink:href="tse-acediffr-89230-2025-11-30-01-2026-01-14.xsd#tse-acediffr-89230_ProceedsFromAcquisitionOfBusinessesInvCFIFRS" xlink:label="tse-acediffr-89230_ProceedsFromAcquisitionOfBusinessesInvCFIFRS" />
    <link:loc xlink:type="locator" xlink:href="tse-acediffr-89230-2025-11-30-01-2026-01-14.xsd#tse-acediffr-89230_ProceedsFromDisposalOfTreasurySharesFinCFIFRS" xlink:label="tse-acediffr-89230_ProceedsFromDisposalOfTreasurySharesFinCFIFRS" />
    <link:loc xlink:type="locator" xlink:href="tse-acediffr-89230-2025-11-30-01-2026-01-14.xsd#tse-acediffr-89230_RealEstateDevelopmentBusinessReportableSegmentMember" xlink:label="tse-acediffr-89230_RealEstateDevelopmentBusinessReportableSegmentMember" />
    <link:loc xlink:type="locator" xlink:href="tse-acediffr-89230-2025-11-30-01-2026-01-14.xsd#tse-acediffr-89230_RealEstateLeasingBusinessReportableSegmentMember" xlink:label="tse-acediffr-89230_RealEstateLeasingBusinessReportableSegmentMember" />
    <link:loc xlink:type="locator" xlink:href="tse-acediffr-89230-2025-11-30-01-2026-01-14.xsd#tse-acediffr-89230_RealEstateManagementReportableSegmentMember" xlink:label="tse-acediffr-89230_RealEstateManagementReportableSegmentMember" />
    <link:loc xlink:type="locator" xlink:href="tse-acediffr-89230-2025-11-30-01-2026-01-14.xsd#tse-acediffr-89230_RepaymentsToNonControllingInterestsFinCFIFRS" xlink:label="tse-acediffr-89230_RepaymentsToNonControllingInterestsFinCFIFRS" />
    <link:loc xlink:type="locator" xlink:href="tse-acediffr-89230-2025-11-30-01-2026-01-14.xsd#tse-acediffr-89230_RevitalizationBusinessReportableSegmentMember" xlink:label="tse-acediffr-89230_RevitalizationBusinessReportableSegmentMember" />
    <link:labelArc xlink:type="arc" xlink:from="jpigp_cor_EarningsLossPerShareIFRSAbstract" xlink:to="jpigp_cor_EarningsLossPerShareIFRSAbstract_label" xlink:arcrole="http://www.xbrl.org/2003/arcrole/concept-label" order="1" />
    <link:labelArc xlink:type="arc" xlink:from="jpigp_cor_EffectivePortionOfCashFlowHedgesNetOfTaxItemsThatMayBeReclassifiedToProfitOrLossOCIIFRS" xlink:to="jpigp_cor_EffectivePortionOfCashFlowHedgesNetOfTaxItemsThatMayBeReclassifiedToProfitOrLossOCIIFRS_label" xlink:arcrole="http://www.xbrl.org/2003/arcrole/concept-label" order="1" />
    <link:labelArc xlink:type="arc" xlink:from="jpigp_cor_EquityIFRSMember" xlink:to="jpigp_cor_EquityIFRSMember_label" xlink:arcrole="http://www.xbrl.org/2003/arcrole/concept-label" order="1" />
    <link:labelArc xlink:type="arc" xlink:from="jpigp_cor_EquityIFRSMember" xlink:to="label_EquityIFRSMember_4" xlink:arcrole="http://www.xbrl.org/2003/arcrole/concept-label" use="prohibited" priority="1" order="1" />
    <link:labelArc xlink:type="arc" xlink:from="jpigp_cor_FinanceCostsIFRS" xlink:to="jpigp_cor_FinanceCostsIFRS_label" xlink:arcrole="http://www.xbrl.org/2003/arcrole/concept-label" order="1" />
    <link:labelArc xlink:type="arc" xlink:from="jpigp_cor_FinanceIncomeIFRS" xlink:to="jpigp_cor_FinanceIncomeIFRS_label" xlink:arcrole="http://www.xbrl.org/2003/arcrole/concept-label" order="1" />
    <link:labelArc xlink:type="arc" xlink:from="jpigp_cor_IncomeTaxesPayableCLIFRS" xlink:to="jpigp_cor_IncomeTaxesPayableCLIFRS_label" xlink:arcrole="http://www.xbrl.org/2003/arcrole/concept-label" order="1" />
    <link:labelArc xlink:type="arc" xlink:from="jpigp_cor_ItemsThatMayBeReclassifiedToProfitOrLossOCIIFRSAbstract" xlink:to="jpigp_cor_ItemsThatMayBeReclassifiedToProfitOrLossOCIIFRSAbstract_label" xlink:arcrole="http://www.xbrl.org/2003/arcrole/concept-label" order="1" />
    <link:labelArc xlink:type="arc" xlink:from="jpigp_cor_ItemsThatWillNotBeReclassifiedToProfitOrLossOCIIFRSAbstract" xlink:to="jpigp_cor_ItemsThatWillNotBeReclassifiedToProfitOrLossOCIIFRSAbstract_label" xlink:arcrole="http://www.xbrl.org/2003/arcrole/concept-label" order="1" />
    <link:labelArc xlink:type="arc" xlink:from="jpigp_cor_NetIncreaseDecreaseInCashAndCashEquivalentsBeforeEffectOfExchangeRateChangesIFRS" xlink:to="jpigp_cor_NetIncreaseDecreaseInCashAndCashEquivalentsBeforeEffectOfExchangeRateChangesIFRS_label" xlink:arcrole="http://www.xbrl.org/2003/arcrole/concept-label" order="1" />
    <link:labelArc xlink:type="arc" xlink:from="jpigp_cor_NetSalesIFRS" xlink:to="jpigp_cor_NetSalesIFRS_label" xlink:arcrole="http://www.xbrl.org/2003/arcrole/concept-label" order="1" />
    <link:labelArc xlink:type="arc" xlink:from="jpigp_cor_OperatingProfitLossIFRS" xlink:to="jpigp_cor_OperatingProfitLossIFRS_label" xlink:arcrole="http://www.xbrl.org/2003/arcrole/concept-label" order="1" />
    <link:labelArc xlink:type="arc" xlink:from="jpigp_cor_SalesToExternalCustomersIFRS" xlink:to="jpigp_cor_SalesToExternalCustomersIFRS_label" xlink:arcrole="http://www.xbrl.org/2003/arcrole/concept-label" order="1" />
    <link:labelArc xlink:type="arc" xlink:from="jpigp_cor_ShareBasedPaymentTransactionsSSIFRS" xlink:to="jpigp_cor_ShareBasedPaymentTransactionsSSIFRS_label" xlink:arcrole="http://www.xbrl.org/2003/arcrole/concept-label" order="1" />
    <link:labelArc xlink:type="arc" xlink:from="jpigp_cor_TotalOfItemsThatMayBeReclassifiedToProfitOrLossOCIIFRS" xlink:to="jpigp_cor_TotalOfItemsThatMayBeReclassifiedToProfitOrLossOCIIFRS_label" xlink:arcrole="http://www.xbrl.org/2003/arcrole/concept-label" order="1" />
    <link:labelArc xlink:type="arc" xlink:from="jpigp_cor_TotalOfItemsThatWillNotBeReclassifiedToProfitOrLossOCIIFRS" xlink:to="jpigp_cor_TotalOfItemsThatWillNotBeReclassifiedToProfitOrLossOCIIFRS_label" xlink:arcrole="http://www.xbrl.org/2003/arcrole/concept-label" order="1" />
    <link:labelArc xlink:type="arc" xlink:from="tse-acediffr-89230_ChangeFromNewlyConsolidatedSubsidiaryIFRS" xlink:to="tse-acediffr-89230_ChangeFromNewlyConsolidatedSubsidiaryIFRS_label" xlink:arcrole="http://www.xbrl.org/2003/arcrole/concept-label" order="1" />
    <link:labelArc xlink:type="arc" xlink:from="tse-acediffr-89230_ChangeFromNewlyConsolidatedSubsidiaryIFRS" xlink:to="tse-acediffr-89230_ChangeFromNewlyConsolidatedSubsidiaryIFRS_label_1" xlink:arcrole="http://www.xbrl.org/2003/arcrole/concept-label" order="1" />
    <link:labelArc xlink:type="arc" xlink:from="tse-acediffr-89230_CollectionOfOtherFinancialAssetsInvCFIFRS" xlink:to="tse-acediffr-89230_CollectionOfOtherFinancialAssetsInvCFIFRS_label" xlink:arcrole="http://www.xbrl.org/2003/arcrole/concept-label" order="1" />
    <link:labelArc xlink:type="arc" xlink:from="tse-acediffr-89230_CollectionOfOtherFinancialAssetsInvCFIFRS" xlink:to="tse-acediffr-89230_CollectionOfOtherFinancialAssetsInvCFIFRS_label_1" xlink:arcrole="http://www.xbrl.org/2003/arcrole/concept-label" order="1" />
    <link:labelArc xlink:type="arc" xlink:from="tse-acediffr-89230_FundAndConsultingBusinessReportableSegmentMember" xlink:to="tse-acediffr-89230_FundAndConsultingBusinessReportableSegmentMember_label" xlink:arcrole="http://www.xbrl.org/2003/arcrole/concept-label" order="1" />
    <link:labelArc xlink:type="arc" xlink:from="tse-acediffr-89230_FundAndConsultingBusinessReportableSegmentMember" xlink:to="tse-acediffr-89230_FundAndConsultingBusinessReportableSegmentMember_label_1" xlink:arcrole="http://www.xbrl.org/2003/arcrole/concept-label" order="1" />
    <link:labelArc xlink:type="arc" xlink:from="tse-acediffr-89230_HotelReportableSegmentMember" xlink:to="tse-acediffr-89230_HotelReportableSegmentMember_label_1" xlink:arcrole="http://www.xbrl.org/2003/arcrole/concept-label" order="1" />
    <link:labelArc xlink:type="arc" xlink:from="tse-acediffr-89230_HotelReportableSegmentMember" xlink:to="tse-acediffr-89230_HotelReportableSegmentMember_label" xlink:arcrole="http://www.xbrl.org/2003/arcrole/concept-label" order="1" />
    <link:labelArc xlink:type="arc" xlink:from="tse-acediffr-89230_IncreaseDecreaseInProvisionsAndRetirementBenefitsObligationsOpeCFIFRS" xlink:to="tse-acediffr-89230_IncreaseDecreaseInProvisionsAndRetirementBenefitsObligationsOpeCFIFRS_label" xlink:arcrole="http://www.xbrl.org/2003/arcrole/concept-label" order="1" />
    <link:labelArc xlink:type="arc" xlink:from="tse-acediffr-89230_IncreaseDecreaseInProvisionsAndRetirementBenefitsObligationsOpeCFIFRS" xlink:to="tse-acediffr-89230_IncreaseDecreaseInProvisionsAndRetirementBenefitsObligationsOpeCFIFRS_label_1" xlink:arcrole="http://www.xbrl.org/2003/arcrole/concept-label" order="1" />
    <link:labelArc xlink:type="arc" xlink:from="tse-acediffr-89230_NetChangeInFinancialAssetsMeasuredAtFairValuesThroughOtherComprehensiveIncomeItemsThatWillNotBeReclassifiedToProfitOrLossIFRS" xlink:to="tse-acediffr-89230_NetChangeInFinancialAssetsMeasuredAtFairValuesThroughOtherComprehensiveIncomeItemsThatWillNotBeReclassifiedToProfitOrLossIFRS_label" xlink:arcrole="http://www.xbrl.org/2003/arcrole/concept-label" order="1" />
    <link:labelArc xlink:type="arc" xlink:from="tse-acediffr-89230_NetChangeInFinancialAssetsMeasuredAtFairValuesThroughOtherComprehensiveIncomeItemsThatWillNotBeReclassifiedToProfitOrLossIFRS" xlink:to="tse-acediffr-89230_NetChangeInFinancialAssetsMeasuredAtFairValuesThroughOtherComprehensiveIncomeItemsThatWillNotBeReclassifiedToProfitOrLossIFRS_label_1" xlink:arcrole="http://www.xbrl.org/2003/arcrole/concept-label" order="1" />
    <link:labelArc xlink:type="arc" xlink:from="tse-acediffr-89230_PaymentsForSaleOfSubsidiariesInvCFIFRS" xlink:to="tse-acediffr-89230_PaymentsForSaleOfSubsidiariesInvCFIFRS_label" xlink:arcrole="http://www.xbrl.org/2003/arcrole/concept-label" order="1" />
    <link:labelArc xlink:type="arc" xlink:from="tse-acediffr-89230_PaymentsForSaleOfSubsidiariesInvCFIFRS" xlink:to="tse-acediffr-89230_PaymentsForSaleOfSubsidiariesInvCFIFRS_label_1" xlink:arcrole="http://www.xbrl.org/2003/arcrole/concept-label" order="1" />
    <link:labelArc xlink:type="arc" xlink:from="tse-acediffr-89230_PaymentsOfLoansReceivableInvCFIFRS" xlink:to="tse-acediffr-89230_PaymentsOfLoansReceivableInvCFIFRS_label" xlink:arcrole="http://www.xbrl.org/2003/arcrole/concept-label" order="1" />
    <link:labelArc xlink:type="arc" xlink:from="tse-acediffr-89230_PaymentsOfLoansReceivableInvCFIFRS" xlink:to="tse-acediffr-89230_PaymentsOfLoansReceivableInvCFIFRS_label_1" xlink:arcrole="http://www.xbrl.org/2003/arcrole/concept-label" order="1" />
    <link:labelArc xlink:type="arc" xlink:from="tse-acediffr-89230_ProceedsFromAcquisitionOfBusinessesInvCFIFRS" xlink:to="tse-acediffr-89230_ProceedsFromAcquisitionOfBusinessesInvCFIFRS_label" xlink:arcrole="http://www.xbrl.org/2003/arcrole/concept-label" order="1" />
    <link:labelArc xlink:type="arc" xlink:from="tse-acediffr-89230_ProceedsFromAcquisitionOfBusinessesInvCFIFRS" xlink:to="tse-acediffr-89230_ProceedsFromAcquisitionOfBusinessesInvCFIFRS_label_1" xlink:arcrole="http://www.xbrl.org/2003/arcrole/concept-label" order="1" />
    <link:labelArc xlink:type="arc" xlink:from="tse-acediffr-89230_ProceedsFromDisposalOfTreasurySharesFinCFIFRS" xlink:to="tse-acediffr-89230_ProceedsFromDisposalOfTreasurySharesFinCFIFRS_label_1" xlink:arcrole="http://www.xbrl.org/2003/arcrole/concept-label" order="1" />
    <link:labelArc xlink:type="arc" xlink:from="tse-acediffr-89230_ProceedsFromDisposalOfTreasurySharesFinCFIFRS" xlink:to="tse-acediffr-89230_ProceedsFromDisposalOfTreasurySharesFinCFIFRS_label" xlink:arcrole="http://www.xbrl.org/2003/arcrole/concept-label" order="1" />
    <link:labelArc xlink:type="arc" xlink:from="tse-acediffr-89230_RealEstateDevelopmentBusinessReportableSegmentMember" xlink:to="tse-acediffr-89230_RealEstateDevelopmentBusinessReportableSegmentMember_label" xlink:arcrole="http://www.xbrl.org/2003/arcrole/concept-label" order="1" />
    <link:labelArc xlink:type="arc" xlink:from="tse-acediffr-89230_RealEstateDevelopmentBusinessReportableSegmentMember" xlink:to="tse-acediffr-89230_RealEstateDevelopmentBusinessReportableSegmentMember_label_1" xlink:arcrole="http://www.xbrl.org/2003/arcrole/concept-label" order="1" />
    <link:labelArc xlink:type="arc" xlink:from="tse-acediffr-89230_RealEstateLeasingBusinessReportableSegmentMember" xlink:to="tse-acediffr-89230_RealEstateLeasingBusinessReportableSegmentMember_label" xlink:arcrole="http://www.xbrl.org/2003/arcrole/concept-label" order="1" />
    <link:labelArc xlink:type="arc" xlink:from="tse-acediffr-89230_RealEstateLeasingBusinessReportableSegmentMember" xlink:to="tse-acediffr-89230_RealEstateLeasingBusinessReportableSegmentMember_label_1" xlink:arcrole="http://www.xbrl.org/2003/arcrole/concept-label" order="1" />
    <link:labelArc xlink:type="arc" xlink:from="tse-acediffr-89230_RealEstateManagementReportableSegmentMember" xlink:to="tse-acediffr-89230_RealEstateManagementReportableSegmentMember_label" xlink:arcrole="http://www.xbrl.org/2003/arcrole/concept-label" order="1" />
    <link:labelArc xlink:type="arc" xlink:from="tse-acediffr-89230_RealEstateManagementReportableSegmentMember" xlink:to="tse-acediffr-89230_RealEstateManagementReportableSegmentMember_label_1" xlink:arcrole="http://www.xbrl.org/2003/arcrole/concept-label" order="1" />
    <link:labelArc xlink:type="arc" xlink:from="tse-acediffr-89230_RepaymentsToNonControllingInterestsFinCFIFRS" xlink:to="tse-acediffr-89230_RepaymentsToNonControllingInterestsFinCFIFRS_label" xlink:arcrole="http://www.xbrl.org/2003/arcrole/concept-label" order="1" />
    <link:labelArc xlink:type="arc" xlink:from="tse-acediffr-89230_RepaymentsToNonControllingInterestsFinCFIFRS" xlink:to="tse-acediffr-89230_RepaymentsToNonControllingInterestsFinCFIFRS_label_1" xlink:arcrole="http://www.xbrl.org/2003/arcrole/concept-label" order="1" />
    <link:labelArc xlink:type="arc" xlink:from="tse-acediffr-89230_RevitalizationBusinessReportableSegmentMember" xlink:to="tse-acediffr-89230_RevitalizationBusinessReportableSegmentMember_label" xlink:arcrole="http://www.xbrl.org/2003/arcrole/concept-label" order="1" />
    <link:labelArc xlink:type="arc" xlink:from="tse-acediffr-89230_RevitalizationBusinessReportableSegmentMember" xlink:to="tse-acediffr-89230_RevitalizationBusinessReportableSegmentMember_label_1" xlink:arcrole="http://www.xbrl.org/2003/arcrole/concept-label" order="1" />
  </link:labelLink>
</link:linkbase>