﻿<?xml version="1.0" encoding="utf-8"?>
<!-- XBRL Document Created with WizLabo Platform -->
<link:linkbase xmlns:xlink="http://www.w3.org/1999/xlink" xmlns:xsi="http://www.w3.org/2001/XMLSchema-instance" xmlns:link="http://www.xbrl.org/2003/linkbase">
  <link:labelLink xlink:type="extended" xlink:role="http://www.xbrl.org/2003/role/link">
    <link:label xml:lang="en" xlink:type="resource" xlink:label="tse-qcedjpfr-70350_APPBusinessReportableSegmentMember_label" xlink:role="http://www.xbrl.org/2003/role/label">APP Business</link:label>
    <link:label xml:lang="en" xlink:type="resource" xlink:label="tse-qcedjpfr-70350_APPBusinessReportableSegmentMember_label_1" xlink:role="http://www.xbrl.org/2003/role/verboseLabel">APP Business, Reportable segment [member]</link:label>
    <link:label xml:lang="en" xlink:type="resource" xlink:label="tse-qcedjpfr-70350_LossFromPriorPeriodOfConsumptionNOE_label" xlink:role="http://www.xbrl.org/2003/role/label">Loss from prior period of consumption</link:label>
    <link:label xml:lang="en" xlink:type="resource" xlink:label="tse-qcedjpfr-70350_LossFromPriorPeriodOfConsumptionNOE_label_1" xlink:role="http://www.xbrl.org/2003/role/verboseLabel">Loss from prior period of consumption-NOE</link:label>
    <link:label xml:lang="en" xlink:type="resource" xlink:label="tse-qcedjpfr-70350_NotesRegardingProfitResultingFromAChangeInTheMethodOfRevenueRecognitionTextBlock_label" xlink:role="http://www.xbrl.org/2003/role/label">NotesRegardingProfitResultingFromAChangeInTheMethodOfRevenueRecognitionTextBlock</link:label>
    <link:label xml:lang="en" xlink:type="resource" xlink:label="tse-qcedjpfr-70350_NotesRegardingProfitResultingFromAChangeInTheMethodOfRevenueRecognitionTextBlock_label_1" xlink:role="http://www.xbrl.org/2003/role/verboseLabel">Notes regarding Profit resulting from a change in the method of revenue recognition [text block]</link:label>
    <link:label xml:lang="en" xlink:type="resource" xlink:label="tse-qcedjpfr-70350_ProfitResultingFromAChangeInTheMethodOfRevenueRecognitionEI_label" xlink:role="http://www.xbrl.org/2003/role/label">Profit resulting from a change in the method of revenue recognition</link:label>
    <link:label xml:lang="en" xlink:type="resource" xlink:label="tse-qcedjpfr-70350_ProfitResultingFromAChangeInTheMethodOfRevenueRecognitionEI_label_1" xlink:role="http://www.xbrl.org/2003/role/verboseLabel">Profit resulting from a change in the method of revenue recognition-EI</link:label>
    <link:label xml:lang="en" xlink:type="resource" xlink:label="tse-qcedjpfr-70350_RETReportableSegmentMember_label" xlink:role="http://www.xbrl.org/2003/role/label">RET Business</link:label>
    <link:label xml:lang="en" xlink:type="resource" xlink:label="tse-qcedjpfr-70350_RETReportableSegmentMember_label_1" xlink:role="http://www.xbrl.org/2003/role/verboseLabel">RET, Reportable segment [member]</link:label>
    <link:loc xlink:type="locator" xlink:href="tse-qcedjpfr-70350-2025-11-30-01-2026-01-14.xsd#tse-qcedjpfr-70350_APPBusinessReportableSegmentMember" xlink:label="tse-qcedjpfr-70350_APPBusinessReportableSegmentMember" />
    <link:loc xlink:type="locator" xlink:href="tse-qcedjpfr-70350-2025-11-30-01-2026-01-14.xsd#tse-qcedjpfr-70350_LossFromPriorPeriodOfConsumptionNOE" xlink:label="tse-qcedjpfr-70350_LossFromPriorPeriodOfConsumptionNOE" />
    <link:loc xlink:type="locator" xlink:href="tse-qcedjpfr-70350-2025-11-30-01-2026-01-14.xsd#tse-qcedjpfr-70350_NotesRegardingProfitResultingFromAChangeInTheMethodOfRevenueRecognitionTextBlock" xlink:label="tse-qcedjpfr-70350_NotesRegardingProfitResultingFromAChangeInTheMethodOfRevenueRecognitionTextBlock" />
    <link:loc xlink:type="locator" xlink:href="tse-qcedjpfr-70350-2025-11-30-01-2026-01-14.xsd#tse-qcedjpfr-70350_ProfitResultingFromAChangeInTheMethodOfRevenueRecognitionEI" xlink:label="tse-qcedjpfr-70350_ProfitResultingFromAChangeInTheMethodOfRevenueRecognitionEI" />
    <link:loc xlink:type="locator" xlink:href="tse-qcedjpfr-70350-2025-11-30-01-2026-01-14.xsd#tse-qcedjpfr-70350_RETReportableSegmentMember" xlink:label="tse-qcedjpfr-70350_RETReportableSegmentMember" />
    <link:labelArc xlink:type="arc" xlink:from="tse-qcedjpfr-70350_APPBusinessReportableSegmentMember" xlink:to="tse-qcedjpfr-70350_APPBusinessReportableSegmentMember_label" xlink:arcrole="http://www.xbrl.org/2003/arcrole/concept-label" order="1" />
    <link:labelArc xlink:type="arc" xlink:from="tse-qcedjpfr-70350_APPBusinessReportableSegmentMember" xlink:to="tse-qcedjpfr-70350_APPBusinessReportableSegmentMember_label_1" xlink:arcrole="http://www.xbrl.org/2003/arcrole/concept-label" order="1" />
    <link:labelArc xlink:type="arc" xlink:from="tse-qcedjpfr-70350_LossFromPriorPeriodOfConsumptionNOE" xlink:to="tse-qcedjpfr-70350_LossFromPriorPeriodOfConsumptionNOE_label" xlink:arcrole="http://www.xbrl.org/2003/arcrole/concept-label" order="1" />
    <link:labelArc xlink:type="arc" xlink:from="tse-qcedjpfr-70350_LossFromPriorPeriodOfConsumptionNOE" xlink:to="tse-qcedjpfr-70350_LossFromPriorPeriodOfConsumptionNOE_label_1" xlink:arcrole="http://www.xbrl.org/2003/arcrole/concept-label" order="1" />
    <link:labelArc xlink:type="arc" xlink:from="tse-qcedjpfr-70350_NotesRegardingProfitResultingFromAChangeInTheMethodOfRevenueRecognitionTextBlock" xlink:to="tse-qcedjpfr-70350_NotesRegardingProfitResultingFromAChangeInTheMethodOfRevenueRecognitionTextBlock_label" xlink:arcrole="http://www.xbrl.org/2003/arcrole/concept-label" order="1" />
    <link:labelArc xlink:type="arc" xlink:from="tse-qcedjpfr-70350_NotesRegardingProfitResultingFromAChangeInTheMethodOfRevenueRecognitionTextBlock" xlink:to="tse-qcedjpfr-70350_NotesRegardingProfitResultingFromAChangeInTheMethodOfRevenueRecognitionTextBlock_label_1" xlink:arcrole="http://www.xbrl.org/2003/arcrole/concept-label" order="1" />
    <link:labelArc xlink:type="arc" xlink:from="tse-qcedjpfr-70350_ProfitResultingFromAChangeInTheMethodOfRevenueRecognitionEI" xlink:to="tse-qcedjpfr-70350_ProfitResultingFromAChangeInTheMethodOfRevenueRecognitionEI_label" xlink:arcrole="http://www.xbrl.org/2003/arcrole/concept-label" order="1" />
    <link:labelArc xlink:type="arc" xlink:from="tse-qcedjpfr-70350_ProfitResultingFromAChangeInTheMethodOfRevenueRecognitionEI" xlink:to="tse-qcedjpfr-70350_ProfitResultingFromAChangeInTheMethodOfRevenueRecognitionEI_label_1" xlink:arcrole="http://www.xbrl.org/2003/arcrole/concept-label" order="1" />
    <link:labelArc xlink:type="arc" xlink:from="tse-qcedjpfr-70350_RETReportableSegmentMember" xlink:to="tse-qcedjpfr-70350_RETReportableSegmentMember_label" xlink:arcrole="http://www.xbrl.org/2003/arcrole/concept-label" order="1" />
    <link:labelArc xlink:type="arc" xlink:from="tse-qcedjpfr-70350_RETReportableSegmentMember" xlink:to="tse-qcedjpfr-70350_RETReportableSegmentMember_label_1" xlink:arcrole="http://www.xbrl.org/2003/arcrole/concept-label" order="1" />
  </link:labelLink>
</link:linkbase>