﻿<?xml version="1.0" encoding="utf-8"?>
<!-- XBRL Document Created with WizLabo Platform -->
<link:linkbase xmlns:xlink="http://www.w3.org/1999/xlink" xmlns:xsi="http://www.w3.org/2001/XMLSchema-instance" xmlns:link="http://www.xbrl.org/2003/linkbase">
  <link:labelLink xlink:type="extended" xlink:role="http://www.xbrl.org/2003/role/link">
    <link:label xml:lang="en" xlink:type="resource" xlink:label="tse-anedjpfr-73880_CompensationExpensesOpeCF_label" xlink:role="http://www.xbrl.org/2003/role/label">Compensation expenses</link:label>
    <link:label xml:lang="en" xlink:type="resource" xlink:label="tse-anedjpfr-73880_CompensationExpensesOpeCF_label_1" xlink:role="http://www.xbrl.org/2003/role/verboseLabel">Compensation expenses-OpeCF</link:label>
    <link:label xml:lang="en" xlink:type="resource" xlink:label="tse-anedjpfr-73880_CompensationExpensesPaidOpeCF_label" xlink:role="http://www.xbrl.org/2003/role/label">Compensation expenses paid</link:label>
    <link:label xml:lang="en" xlink:type="resource" xlink:label="tse-anedjpfr-73880_CompensationExpensesPaidOpeCF_label_1" xlink:role="http://www.xbrl.org/2003/role/verboseLabel">Compensation expenses paid-OpeCF</link:label>
    <link:label xml:lang="en" xlink:type="resource" xlink:label="tse-anedjpfr-73880_ContractRelatedIntangibleAssetsIA_label" xlink:role="http://www.xbrl.org/2003/role/label">Contract related intangible assets</link:label>
    <link:label xml:lang="en" xlink:type="resource" xlink:label="tse-anedjpfr-73880_ContractRelatedIntangibleAssetsIA_label_1" xlink:role="http://www.xbrl.org/2003/role/verboseLabel">Contract related intangible assets-IA</link:label>
    <link:label xml:lang="en" xlink:type="resource" xlink:label="tse-anedjpfr-73880_LossOnExtinguishmentOfShareBasedRemunerationExpensesNOE_label" xlink:role="http://www.xbrl.org/2003/role/label">Loss on extinguishment of share-based remuneration expenses</link:label>
    <link:label xml:lang="en" xlink:type="resource" xlink:label="tse-anedjpfr-73880_LossOnExtinguishmentOfShareBasedRemunerationExpensesNOE_label_1" xlink:role="http://www.xbrl.org/2003/role/verboseLabel">Loss on extinguishment of share-based remuneration expenses-NOE</link:label>
    <link:label xml:lang="en" xlink:type="resource" xlink:label="tse-anedjpfr-73880_LossOnExtinguishmentOfShareBasedRemunerationExpensesOpeCF_label" xlink:role="http://www.xbrl.org/2003/role/label">Loss on extinguishment of share-based remuneration expenses</link:label>
    <link:label xml:lang="en" xlink:type="resource" xlink:label="tse-anedjpfr-73880_LossOnExtinguishmentOfShareBasedRemunerationExpensesOpeCF_label_1" xlink:role="http://www.xbrl.org/2003/role/verboseLabel">Loss on extinguishment of share-based remuneration expenses-OpeCF</link:label>
    <link:label xml:lang="en" xlink:type="resource" xlink:label="tse-anedjpfr-73880_PurchaseOfSharesOfUnconsolidatedSubsidiariesInvCF_label" xlink:role="http://www.xbrl.org/2003/role/label">Purchase of shares of unconsolidated subsidiaries</link:label>
    <link:label xml:lang="en" xlink:type="resource" xlink:label="tse-anedjpfr-73880_PurchaseOfSharesOfUnconsolidatedSubsidiariesInvCF_label_1" xlink:role="http://www.xbrl.org/2003/role/verboseLabel">Purchase of shares of unconsolidated subsidiaries-InvCF</link:label>
    <link:label xml:lang="en" xlink:type="resource" xlink:label="tse-anedjpfr-73880_RefundLiabilityCL_label" xlink:role="http://www.xbrl.org/2003/role/label">Refund liability</link:label>
    <link:label xml:lang="en" xlink:type="resource" xlink:label="tse-anedjpfr-73880_RefundLiabilityCL_label_1" xlink:role="http://www.xbrl.org/2003/role/verboseLabel">Refund liability-CL</link:label>
    <link:loc xlink:type="locator" xlink:href="tse-anedjpfr-73880-2025-11-30-01-2026-01-14.xsd#tse-anedjpfr-73880_CompensationExpensesOpeCF" xlink:label="tse-anedjpfr-73880_CompensationExpensesOpeCF" />
    <link:loc xlink:type="locator" xlink:href="tse-anedjpfr-73880-2025-11-30-01-2026-01-14.xsd#tse-anedjpfr-73880_CompensationExpensesPaidOpeCF" xlink:label="tse-anedjpfr-73880_CompensationExpensesPaidOpeCF" />
    <link:loc xlink:type="locator" xlink:href="tse-anedjpfr-73880-2025-11-30-01-2026-01-14.xsd#tse-anedjpfr-73880_ContractRelatedIntangibleAssetsIA" xlink:label="tse-anedjpfr-73880_ContractRelatedIntangibleAssetsIA" />
    <link:loc xlink:type="locator" xlink:href="tse-anedjpfr-73880-2025-11-30-01-2026-01-14.xsd#tse-anedjpfr-73880_LossOnExtinguishmentOfShareBasedRemunerationExpensesNOE" xlink:label="tse-anedjpfr-73880_LossOnExtinguishmentOfShareBasedRemunerationExpensesNOE" />
    <link:loc xlink:type="locator" xlink:href="tse-anedjpfr-73880-2025-11-30-01-2026-01-14.xsd#tse-anedjpfr-73880_LossOnExtinguishmentOfShareBasedRemunerationExpensesOpeCF" xlink:label="tse-anedjpfr-73880_LossOnExtinguishmentOfShareBasedRemunerationExpensesOpeCF" />
    <link:loc xlink:type="locator" xlink:href="tse-anedjpfr-73880-2025-11-30-01-2026-01-14.xsd#tse-anedjpfr-73880_PurchaseOfSharesOfUnconsolidatedSubsidiariesInvCF" xlink:label="tse-anedjpfr-73880_PurchaseOfSharesOfUnconsolidatedSubsidiariesInvCF" />
    <link:loc xlink:type="locator" xlink:href="tse-anedjpfr-73880-2025-11-30-01-2026-01-14.xsd#tse-anedjpfr-73880_RefundLiabilityCL" xlink:label="tse-anedjpfr-73880_RefundLiabilityCL" />
    <link:labelArc xlink:type="arc" xlink:from="tse-anedjpfr-73880_CompensationExpensesOpeCF" xlink:to="tse-anedjpfr-73880_CompensationExpensesOpeCF_label" xlink:arcrole="http://www.xbrl.org/2003/arcrole/concept-label" order="1" />
    <link:labelArc xlink:type="arc" xlink:from="tse-anedjpfr-73880_CompensationExpensesOpeCF" xlink:to="tse-anedjpfr-73880_CompensationExpensesOpeCF_label_1" xlink:arcrole="http://www.xbrl.org/2003/arcrole/concept-label" order="1" />
    <link:labelArc xlink:type="arc" xlink:from="tse-anedjpfr-73880_CompensationExpensesPaidOpeCF" xlink:to="tse-anedjpfr-73880_CompensationExpensesPaidOpeCF_label" xlink:arcrole="http://www.xbrl.org/2003/arcrole/concept-label" order="1" />
    <link:labelArc xlink:type="arc" xlink:from="tse-anedjpfr-73880_CompensationExpensesPaidOpeCF" xlink:to="tse-anedjpfr-73880_CompensationExpensesPaidOpeCF_label_1" xlink:arcrole="http://www.xbrl.org/2003/arcrole/concept-label" order="1" />
    <link:labelArc xlink:type="arc" xlink:from="tse-anedjpfr-73880_ContractRelatedIntangibleAssetsIA" xlink:to="tse-anedjpfr-73880_ContractRelatedIntangibleAssetsIA_label" xlink:arcrole="http://www.xbrl.org/2003/arcrole/concept-label" order="1" />
    <link:labelArc xlink:type="arc" xlink:from="tse-anedjpfr-73880_ContractRelatedIntangibleAssetsIA" xlink:to="tse-anedjpfr-73880_ContractRelatedIntangibleAssetsIA_label_1" xlink:arcrole="http://www.xbrl.org/2003/arcrole/concept-label" order="1" />
    <link:labelArc xlink:type="arc" xlink:from="tse-anedjpfr-73880_LossOnExtinguishmentOfShareBasedRemunerationExpensesNOE" xlink:to="tse-anedjpfr-73880_LossOnExtinguishmentOfShareBasedRemunerationExpensesNOE_label" xlink:arcrole="http://www.xbrl.org/2003/arcrole/concept-label" order="1" />
    <link:labelArc xlink:type="arc" xlink:from="tse-anedjpfr-73880_LossOnExtinguishmentOfShareBasedRemunerationExpensesNOE" xlink:to="tse-anedjpfr-73880_LossOnExtinguishmentOfShareBasedRemunerationExpensesNOE_label_1" xlink:arcrole="http://www.xbrl.org/2003/arcrole/concept-label" order="1" />
    <link:labelArc xlink:type="arc" xlink:from="tse-anedjpfr-73880_LossOnExtinguishmentOfShareBasedRemunerationExpensesOpeCF" xlink:to="tse-anedjpfr-73880_LossOnExtinguishmentOfShareBasedRemunerationExpensesOpeCF_label" xlink:arcrole="http://www.xbrl.org/2003/arcrole/concept-label" order="1" />
    <link:labelArc xlink:type="arc" xlink:from="tse-anedjpfr-73880_LossOnExtinguishmentOfShareBasedRemunerationExpensesOpeCF" xlink:to="tse-anedjpfr-73880_LossOnExtinguishmentOfShareBasedRemunerationExpensesOpeCF_label_1" xlink:arcrole="http://www.xbrl.org/2003/arcrole/concept-label" order="1" />
    <link:labelArc xlink:type="arc" xlink:from="tse-anedjpfr-73880_PurchaseOfSharesOfUnconsolidatedSubsidiariesInvCF" xlink:to="tse-anedjpfr-73880_PurchaseOfSharesOfUnconsolidatedSubsidiariesInvCF_label" xlink:arcrole="http://www.xbrl.org/2003/arcrole/concept-label" order="1" />
    <link:labelArc xlink:type="arc" xlink:from="tse-anedjpfr-73880_PurchaseOfSharesOfUnconsolidatedSubsidiariesInvCF" xlink:to="tse-anedjpfr-73880_PurchaseOfSharesOfUnconsolidatedSubsidiariesInvCF_label_1" xlink:arcrole="http://www.xbrl.org/2003/arcrole/concept-label" order="1" />
    <link:labelArc xlink:type="arc" xlink:from="tse-anedjpfr-73880_RefundLiabilityCL" xlink:to="tse-anedjpfr-73880_RefundLiabilityCL_label" xlink:arcrole="http://www.xbrl.org/2003/arcrole/concept-label" order="1" />
    <link:labelArc xlink:type="arc" xlink:from="tse-anedjpfr-73880_RefundLiabilityCL" xlink:to="tse-anedjpfr-73880_RefundLiabilityCL_label_1" xlink:arcrole="http://www.xbrl.org/2003/arcrole/concept-label" order="1" />
  </link:labelLink>
</link:linkbase>