<?xml version="1.0" encoding="utf-8"?>
<!-- Generated by PRONEXUS WORKS --><link:linkbase xmlns:link="http://www.xbrl.org/2003/linkbase" xmlns:xsi="http://www.w3.org/2001/XMLSchema-instance" xmlns:xbrli="http://www.xbrl.org/2003/instance" xmlns:xlink="http://www.w3.org/1999/xlink">  <link:labelLink xlink:type="extended" xlink:role="http://www.xbrl.org/2003/role/link">    <link:loc xlink:type="locator" xlink:href="tse-qcedjpfr-41760-2025-11-30-01-2026-01-14.xsd#tse-qcedjpfr-41760_ProvisionForCouponCL" xlink:label="ProvisionForCouponCL" />    <link:loc xlink:type="locator" xlink:href="tse-qcedjpfr-41760-2025-11-30-01-2026-01-14.xsd#tse-qcedjpfr-41760_GainOnReversalOfAmortizationOfLeaseholdDepositsNOI" xlink:label="GainOnReversalOfAmortizationOfLeaseholdDepositsNOI" />    <link:loc xlink:type="locator" xlink:href="tse-qcedjpfr-41760-2025-11-30-01-2026-01-14.xsd#tse-qcedjpfr-41760_RefundsNOI" xlink:label="RefundsNOI" />    <link:loc xlink:type="locator" xlink:href="tse-qcedjpfr-41760-2025-11-30-01-2026-01-14.xsd#tse-qcedjpfr-41760_A" xlink:label="A" />    <link:loc xlink:type="locator" xlink:href="tse-qcedjpfr-41760-2025-11-30-01-2026-01-14.xsd#tse-qcedjpfr-41760_MarketPlaceReportableSegmentsMember" xlink:label="MarketPlaceReportableSegmentsMember" />    <link:loc xlink:type="locator" xlink:href="tse-qcedjpfr-41760-2025-11-30-01-2026-01-14.xsd#tse-qcedjpfr-41760_AgentReportableSegmentsMember" xlink:label="AgentReportableSegmentsMember" />    <link:loc xlink:type="locator" xlink:href="tse-qcedjpfr-41760-2025-11-30-01-2026-01-14.xsd#tse-qcedjpfr-41760_SettlementIncome" xlink:label="SettlementIncome" />    <link:label xlink:type="resource" xlink:label="label_ProvisionForCouponCL" xml:lang="en" xlink:role="http://www.xbrl.org/2003/role/label" id="label_ProvisionForCouponCL">Provision for coupon</link:label>    <link:labelArc xlink:type="arc" xlink:arcrole="http://www.xbrl.org/2003/arcrole/concept-label" xlink:from="ProvisionForCouponCL" xlink:to="label_ProvisionForCouponCL" />    <link:label xlink:type="resource" xlink:label="label_ProvisionForCouponCL_2" xml:lang="en" xlink:role="http://www.xbrl.org/2003/role/verboseLabel" id="label_ProvisionForCouponCL_2">Provision for coupon-CL</link:label>    <link:labelArc xlink:type="arc" xlink:arcrole="http://www.xbrl.org/2003/arcrole/concept-label" xlink:from="ProvisionForCouponCL" xlink:to="label_ProvisionForCouponCL_2" />    <link:label xlink:type="resource" xlink:label="label_MarketPlaceReportableSegmentsMember" xml:lang="en" xlink:role="http://www.xbrl.org/2003/role/label" id="label_MarketPlaceReportableSegmentsMember">Market Place</link:label>    <link:labelArc xlink:type="arc" xlink:arcrole="http://www.xbrl.org/2003/arcrole/concept-label" xlink:from="MarketPlaceReportableSegmentsMember" xlink:to="label_MarketPlaceReportableSegmentsMember" />    <link:label xlink:type="resource" xlink:label="label_MarketPlaceReportableSegmentsMember_2" xml:lang="en" xlink:role="http://www.xbrl.org/2003/role/verboseLabel" id="label_MarketPlaceReportableSegmentsMember_2">Market Place, Reportable segments [member]</link:label>    <link:labelArc xlink:type="arc" xlink:arcrole="http://www.xbrl.org/2003/arcrole/concept-label" xlink:from="MarketPlaceReportableSegmentsMember" xlink:to="label_MarketPlaceReportableSegmentsMember_2" />    <link:label xlink:type="resource" xlink:label="label_AgentReportableSegmentsMember" xml:lang="en" xlink:role="http://www.xbrl.org/2003/role/label" id="label_AgentReportableSegmentsMember">Agent</link:label>    <link:labelArc xlink:type="arc" xlink:arcrole="http://www.xbrl.org/2003/arcrole/concept-label" xlink:from="AgentReportableSegmentsMember" xlink:to="label_AgentReportableSegmentsMember" />    <link:label xlink:type="resource" xlink:label="label_AgentReportableSegmentsMember_2" xml:lang="en" xlink:role="http://www.xbrl.org/2003/role/verboseLabel" id="label_AgentReportableSegmentsMember_2">Agent, Reportable segments [member]</link:label>    <link:labelArc xlink:type="arc" xlink:arcrole="http://www.xbrl.org/2003/arcrole/concept-label" xlink:from="AgentReportableSegmentsMember" xlink:to="label_AgentReportableSegmentsMember_2" />    <link:label xlink:type="resource" xlink:label="label_RefundsNOI" xml:lang="en" xlink:role="http://www.xbrl.org/2003/role/label" id="label_RefundsNOI">Refunds</link:label>    <link:labelArc xlink:type="arc" xlink:arcrole="http://www.xbrl.org/2003/arcrole/concept-label" xlink:from="RefundsNOI" xlink:to="label_RefundsNOI" />    <link:label xlink:type="resource" xlink:label="label_RefundsNOI_2" xml:lang="en" xlink:role="http://www.xbrl.org/2003/role/verboseLabel" id="label_RefundsNOI_2">Refunds-NOI</link:label>    <link:labelArc xlink:type="arc" xlink:arcrole="http://www.xbrl.org/2003/arcrole/concept-label" xlink:from="RefundsNOI" xlink:to="label_RefundsNOI_2" />    <link:label xlink:type="resource" xlink:label="label_SettlementIncome_2" xml:lang="en" xlink:role="http://www.xbrl.org/2003/role/label" id="label_SettlementIncome_2">Settlement income</link:label>    <link:labelArc xlink:type="arc" xlink:arcrole="http://www.xbrl.org/2003/arcrole/concept-label" xlink:from="SettlementIncome" xlink:to="label_SettlementIncome_2" />    <link:label xlink:type="resource" xlink:label="label_SettlementIncome" xml:lang="en" xlink:role="http://www.xbrl.org/2003/role/verboseLabel" id="label_SettlementIncome">Settlement income</link:label>    <link:labelArc xlink:type="arc" xlink:arcrole="http://www.xbrl.org/2003/arcrole/concept-label" xlink:from="SettlementIncome" xlink:to="label_SettlementIncome" />    <link:label xlink:type="resource" xlink:label="label_GainOnReversalOfAmortizationOfLeaseholdDepositsNOI" xml:lang="en" xlink:role="http://www.xbrl.org/2003/role/label" id="label_GainOnReversalOfAmortizationOfLeaseholdDepositsNOI">Gain on reversal of amortization of leasehold deposits</link:label>    <link:labelArc xlink:type="arc" xlink:arcrole="http://www.xbrl.org/2003/arcrole/concept-label" xlink:from="GainOnReversalOfAmortizationOfLeaseholdDepositsNOI" xlink:to="label_GainOnReversalOfAmortizationOfLeaseholdDepositsNOI" />    <link:label xlink:type="resource" xlink:label="label_GainOnReversalOfAmortizationOfLeaseholdDepositsNOI_2" xml:lang="en" xlink:role="http://www.xbrl.org/2003/role/verboseLabel" id="label_GainOnReversalOfAmortizationOfLeaseholdDepositsNOI_2">Gain on reversal of amortization of leasehold deposits-NOI</link:label>    <link:labelArc xlink:type="arc" xlink:arcrole="http://www.xbrl.org/2003/arcrole/concept-label" xlink:from="GainOnReversalOfAmortizationOfLeaseholdDepositsNOI" xlink:to="label_GainOnReversalOfAmortizationOfLeaseholdDepositsNOI_2" />    <link:label xlink:type="resource" xlink:label="label_A" xml:lang="en" xlink:role="http://www.xbrl.org/2003/role/label" id="label_A">a</link:label>    <link:labelArc xlink:type="arc" xlink:arcrole="http://www.xbrl.org/2003/arcrole/concept-label" xlink:from="A" xlink:to="label_A" />    <link:label xlink:type="resource" xlink:label="label_A_2" xml:lang="en" xlink:role="http://www.xbrl.org/2003/role/verboseLabel" id="label_A_2">a</link:label>    <link:labelArc xlink:type="arc" xlink:arcrole="http://www.xbrl.org/2003/arcrole/concept-label" xlink:from="A" xlink:to="label_A_2" />    <link:loc xlink:type="locator" xlink:href="http://disclosure.edinet-fsa.go.jp/taxonomy/jppfs/2024-11-01/jppfs_cor_2024-11-01.xsd#jppfs_cor_OperatingIncome" xlink:label="OperatingIncome" />    <link:label xlink:type="resource" xlink:label="label_OperatingIncome" xml:lang="en" xlink:role="http://www.xbrl.org/2003/role/totalLabel" id="label_OperatingIncome">Operating profit (loss)</link:label>    <link:labelArc xlink:type="arc" xlink:arcrole="http://www.xbrl.org/2003/arcrole/concept-label" xlink:from="OperatingIncome" xlink:to="label_OperatingIncome" />    <link:loc xlink:type="locator" xlink:href="http://disclosure.edinet-fsa.go.jp/taxonomy/jppfs/2024-11-01/jppfs_cor_2024-11-01.xsd#jppfs_cor_OrdinaryIncome" xlink:label="OrdinaryIncome" />    <link:label xlink:type="resource" xlink:label="label_OrdinaryIncome" xml:lang="en" xlink:role="http://www.xbrl.org/2003/role/totalLabel" id="label_OrdinaryIncome">Ordinary profit (loss)</link:label>    <link:labelArc xlink:type="arc" xlink:arcrole="http://www.xbrl.org/2003/arcrole/concept-label" xlink:from="OrdinaryIncome" xlink:to="label_OrdinaryIncome" />  </link:labelLink></link:linkbase>