<?xml version="1.0" encoding="utf-8"?>
<!-- Generated by PRONEXUS WORKS --><link:linkbase xmlns:link="http://www.xbrl.org/2003/linkbase" xmlns:xsi="http://www.w3.org/2001/XMLSchema-instance" xmlns:xbrli="http://www.xbrl.org/2003/instance" xmlns:xlink="http://www.w3.org/1999/xlink">  <link:roleRef xlink:type="simple" roleURI="http://disclosure.edinet-fsa.go.jp/jpcrp/alt/Consolidated/role/label" xlink:href="http://disclosure.edinet-fsa.go.jp/taxonomy/jpcrp/2024-11-01/jpcrp_rt_2024-11-01.xsd#rol_altConsolidatedLabel" />  <link:roleRef xlink:type="simple" roleURI="http://disclosure.edinet-fsa.go.jp/jpcrp/alt/role/label" xlink:href="http://disclosure.edinet-fsa.go.jp/taxonomy/jpcrp/2024-11-01/jpcrp_rt_2024-11-01.xsd#rol_altLabel" />  <link:roleRef xlink:type="simple" roleURI="http://disclosure.edinet-fsa.go.jp/jpcrp/alt/role/totalLabel" xlink:href="http://disclosure.edinet-fsa.go.jp/taxonomy/jpcrp/2024-11-01/jpcrp_rt_2024-11-01.xsd#rol_altTotalLabel" />  <link:labelLink xlink:type="extended" xlink:role="http://www.xbrl.org/2003/role/link">    <link:loc xlink:type="locator" xlink:href="tse-acediffr-24710-2025-11-30-01-2026-01-14.xsd#tse-acediffr-24710_BusinessSolutionSegmentReportableSegmentMember" xlink:label="BusinessSolutionSegmentReportableSegmentMember" />    <link:loc xlink:type="locator" xlink:href="tse-acediffr-24710-2025-11-30-01-2026-01-14.xsd#tse-acediffr-24710_HumanSolutionSegmentReportableSegmentMember" xlink:label="HumanSolutionSegmentReportableSegmentMember" />    <link:loc xlink:type="locator" xlink:href="tse-acediffr-24710-2025-11-30-01-2026-01-14.xsd#tse-acediffr-24710_OtherItemsIFRSAbstract" xlink:label="OtherItemsIFRSAbstract" />    <link:loc xlink:type="locator" xlink:href="http://disclosure.edinet-fsa.go.jp/taxonomy/jpigp/2024-11-01/jpigp_cor_2024-11-01.xsd#jpigp_cor_ComprehensiveIncomeIFRS" xlink:label="ComprehensiveIncomeIFRS" />    <link:loc xlink:type="locator" xlink:href="http://disclosure.edinet-fsa.go.jp/taxonomy/jpigp/2024-11-01/jpigp_cor_2024-11-01.xsd#jpigp_cor_IncomeTaxesPayableCLIFRS" xlink:label="IncomeTaxesPayableCLIFRS" />    <link:label xlink:type="resource" xlink:label="label_IncomeTaxesPayableCLIFRS" xml:lang="ja" xlink:role="http://disclosure.edinet-fsa.go.jp/jpcrp/alt/role/label" id="label_IncomeTaxesPayableCLIFRS">未払法人所得税等</link:label>    <link:labelArc xlink:type="arc" xlink:arcrole="http://www.xbrl.org/2003/arcrole/concept-label" xlink:from="IncomeTaxesPayableCLIFRS" xlink:to="label_IncomeTaxesPayableCLIFRS" />    <link:loc xlink:type="locator" xlink:href="http://disclosure.edinet-fsa.go.jp/taxonomy/jpigp/2024-11-01/label/jpigp_2024-11-01_lab.xml#label_ComprehensiveIncomeIFRS_5" xlink:label="label_ComprehensiveIncomeIFRS" xlink:role="http://www.xbrl.org/2003/role/totalLabel" />    <link:labelArc xlink:type="arc" xlink:arcrole="http://www.xbrl.org/2003/arcrole/concept-label" xlink:from="ComprehensiveIncomeIFRS" xlink:to="label_ComprehensiveIncomeIFRS" use="prohibited" priority="1" />    <link:label xlink:type="resource" xlink:label="label_ComprehensiveIncomeIFRS_2" xml:lang="ja" xlink:role="http://www.xbrl.org/2003/role/totalLabel" id="label_ComprehensiveIncomeIFRS_2">当期包括利益合計</link:label>    <link:labelArc xlink:type="arc" xlink:arcrole="http://www.xbrl.org/2003/arcrole/concept-label" xlink:from="ComprehensiveIncomeIFRS" xlink:to="label_ComprehensiveIncomeIFRS_2" priority="2" />    <link:loc xlink:type="locator" xlink:href="http://disclosure.edinet-fsa.go.jp/taxonomy/jpigp/2024-11-01/jpigp_cor_2024-11-01.xsd#jpigp_cor_OtherChangesInWorkingCapitalOpeCFIFRS" xlink:label="OtherChangesInWorkingCapitalOpeCFIFRS" />    <link:label xlink:type="resource" xlink:label="label_OtherChangesInWorkingCapitalOpeCFIFRS" xml:lang="ja" xlink:role="http://disclosure.edinet-fsa.go.jp/jpcrp/alt/role/label" id="label_OtherChangesInWorkingCapitalOpeCFIFRS">その他の増減</link:label>    <link:labelArc xlink:type="arc" xlink:arcrole="http://www.xbrl.org/2003/arcrole/concept-label" xlink:from="OtherChangesInWorkingCapitalOpeCFIFRS" xlink:to="label_OtherChangesInWorkingCapitalOpeCFIFRS" />    <link:loc xlink:type="locator" xlink:href="http://disclosure.edinet-fsa.go.jp/taxonomy/jpigp/2024-11-01/jpigp_cor_2024-11-01.xsd#jpigp_cor_ProceedsFromLongTermBorrowingsFinCFIFRS" xlink:label="ProceedsFromLongTermBorrowingsFinCFIFRS" />    <link:label xlink:type="resource" xlink:label="label_ProceedsFromLongTermBorrowingsFinCFIFRS" xml:lang="ja" xlink:role="http://disclosure.edinet-fsa.go.jp/jpcrp/alt/role/label" id="label_ProceedsFromLongTermBorrowingsFinCFIFRS">長期借入による収入</link:label>    <link:labelArc xlink:type="arc" xlink:arcrole="http://www.xbrl.org/2003/arcrole/concept-label" xlink:from="ProceedsFromLongTermBorrowingsFinCFIFRS" xlink:to="label_ProceedsFromLongTermBorrowingsFinCFIFRS" />    <link:loc xlink:type="locator" xlink:href="http://disclosure.edinet-fsa.go.jp/taxonomy/jpcrp/2024-11-01/jpcrp_cor_2024-11-01.xsd#jpcrp_cor_EntityTotalMember" xlink:label="EntityTotalMember" />    <link:label xlink:type="resource" xlink:label="label_EntityTotalMember" xml:lang="ja" xlink:role="http://disclosure.edinet-fsa.go.jp/jpcrp/alt/Consolidated/role/label" id="label_EntityTotalMember">連結損益計算書計上額</link:label>    <link:labelArc xlink:type="arc" xlink:arcrole="http://www.xbrl.org/2003/arcrole/concept-label" xlink:from="EntityTotalMember" xlink:to="label_EntityTotalMember" />    <link:loc xlink:type="locator" xlink:href="http://disclosure.edinet-fsa.go.jp/taxonomy/jpigp/2024-11-01/jpigp_cor_2024-11-01.xsd#jpigp_cor_RevenueIFRS" xlink:label="RevenueIFRS" />    <link:label xlink:type="resource" xlink:label="label_RevenueIFRS" xml:lang="ja" xlink:role="http://disclosure.edinet-fsa.go.jp/jpcrp/alt/role/totalLabel" id="label_RevenueIFRS">合計</link:label>    <link:labelArc xlink:type="arc" xlink:arcrole="http://www.xbrl.org/2003/arcrole/concept-label" xlink:from="RevenueIFRS" xlink:to="label_RevenueIFRS" />    <link:loc xlink:type="locator" xlink:href="http://disclosure.edinet-fsa.go.jp/taxonomy/jpigp/2024-11-01/jpigp_cor_2024-11-01.xsd#jpigp_cor_IntersegmentRevenueIFRS" xlink:label="IntersegmentRevenueIFRS" />    <link:label xlink:type="resource" xlink:label="label_IntersegmentRevenueIFRS" xml:lang="ja" xlink:role="http://disclosure.edinet-fsa.go.jp/jpcrp/alt/role/label" id="label_IntersegmentRevenueIFRS">セグメント間の売上収益又は振替高</link:label>    <link:labelArc xlink:type="arc" xlink:arcrole="http://www.xbrl.org/2003/arcrole/concept-label" xlink:from="IntersegmentRevenueIFRS" xlink:to="label_IntersegmentRevenueIFRS" />    <link:label xlink:type="resource" xlink:label="label_BusinessSolutionSegmentReportableSegmentMember" xml:lang="ja" xlink:role="http://www.xbrl.org/2003/role/label" id="label_BusinessSolutionSegmentReportableSegmentMember">ビジネスソリューション事業</link:label>    <link:labelArc xlink:type="arc" xlink:arcrole="http://www.xbrl.org/2003/arcrole/concept-label" xlink:from="BusinessSolutionSegmentReportableSegmentMember" xlink:to="label_BusinessSolutionSegmentReportableSegmentMember" />    <link:label xlink:type="resource" xlink:label="label_BusinessSolutionSegmentReportableSegmentMember_2" xml:lang="ja" xlink:role="http://www.xbrl.org/2003/role/verboseLabel" id="label_BusinessSolutionSegmentReportableSegmentMember_2">ビジネスソリューション事業、報告セグメント [メンバー]</link:label>    <link:labelArc xlink:type="arc" xlink:arcrole="http://www.xbrl.org/2003/arcrole/concept-label" xlink:from="BusinessSolutionSegmentReportableSegmentMember" xlink:to="label_BusinessSolutionSegmentReportableSegmentMember_2" />    <link:label xlink:type="resource" xlink:label="label_HumanSolutionSegmentReportableSegmentMember" xml:lang="ja" xlink:role="http://www.xbrl.org/2003/role/label" id="label_HumanSolutionSegmentReportableSegmentMember">人材ソリューション事業</link:label>    <link:labelArc xlink:type="arc" xlink:arcrole="http://www.xbrl.org/2003/arcrole/concept-label" xlink:from="HumanSolutionSegmentReportableSegmentMember" xlink:to="label_HumanSolutionSegmentReportableSegmentMember" />    <link:label xlink:type="resource" xlink:label="label_HumanSolutionSegmentReportableSegmentMember_2" xml:lang="ja" xlink:role="http://www.xbrl.org/2003/role/verboseLabel" id="label_HumanSolutionSegmentReportableSegmentMember_2">人材ソリューション事業、報告セグメント [メンバー]</link:label>    <link:labelArc xlink:type="arc" xlink:arcrole="http://www.xbrl.org/2003/arcrole/concept-label" xlink:from="HumanSolutionSegmentReportableSegmentMember" xlink:to="label_HumanSolutionSegmentReportableSegmentMember_2" />    <link:label xlink:type="resource" xlink:label="label_OtherItemsIFRSAbstract" xml:lang="ja" xlink:role="http://www.xbrl.org/2003/role/label" id="label_OtherItemsIFRSAbstract">その他の項目</link:label>    <link:labelArc xlink:type="arc" xlink:arcrole="http://www.xbrl.org/2003/arcrole/concept-label" xlink:from="OtherItemsIFRSAbstract" xlink:to="label_OtherItemsIFRSAbstract" />    <link:label xlink:type="resource" xlink:label="label_OtherItemsIFRSAbstract_2" xml:lang="ja" xlink:role="http://www.xbrl.org/2003/role/verboseLabel" id="label_OtherItemsIFRSAbstract_2">その他の項目（IFRS） [タイトル項目]</link:label>    <link:labelArc xlink:type="arc" xlink:arcrole="http://www.xbrl.org/2003/arcrole/concept-label" xlink:from="OtherItemsIFRSAbstract" xlink:to="label_OtherItemsIFRSAbstract_2" />  </link:labelLink></link:linkbase>